insert into object VALUES ('49712Dra10m24p-1.0.0', '49712Dra10m24p'); 
insert into keyvalues VALUES ('49712Dra10m24p-1.0.0-Type', '49712Dra10m24p-1.0.0', 'Roaming-Offer-1.0.0-Type', 'ROAMING'); 
insert into keyvalues VALUES ('49712Dra10m24p-1.0.0-Active', '49712Dra10m24p-1.0.0', 'Roaming-Offer-1.0.0-Active', 'true'); 
insert into keyvalues VALUES ('49712Dra10m24p-1.0.0-Price', '49712Dra10m24p-1.0.0', 'Roaming-Offer-1.0.0-Price', '642'); 
insert into nestedkeyvalue VALUES ('49712Dra10m24p-1.0.0-Description-hun', '49712Dra10m24p-1.0.0-Description', '25 MB available for 24 hours as of the time of the first data connection - if this is not enough, launch another daily ticket before the expiry of the 24 hours.'); 
insert into nestedkeyvalue VALUES ('49712Dra10m24p-1.0.0-Description-eng', '49712Dra10m24p-1.0.0-Description', '25 MB áll rendelkezésedre, az első adatcsatlakozástól kezdve 24 órán keresztül - ha nem lenne elég, indíts egy újabb napijegyet a 24 óra lejárta előtt!'); 
insert into nestedkeyvalue VALUES ('49712Dra10m24p-1.0.0-Description-unLocalized', '49712Dra10m24p-1.0.0-Description', null); 
insert into nestedkeyvalue VALUES ('49712Dra10m24p-1.0.0-Description-def', '49712Dra10m24p-1.0.0-Description', '25 MB áll rendelkezésedre, az első adatcsatlakozástól kezdve 24 órán keresztül - ha nem lenne elég, indíts egy újabb napijegyet a 24 óra lejárta előtt!'); 
insert into keyvalues VALUES ('49712Dra10m24p-1.0.0-Description', '49712Dra10m24p-1.0.0', 'Roaming-Offer-1.0.0-Description', null); 
insert into objectrelation VALUES ('49712Dra10m24p-1.0.0-Upgrade_offer_ids-49712Dra10m24p', '49712Dra10m24p-1.0.0-Upgrade_offer_ids', '49712Dra10m24p-1.0.0'); 
insert into objectrelation VALUES ('49712Dra10m24p-1.0.0-Upgrade_offer_ids-51745Dra100m1w', '49712Dra10m24p-1.0.0-Upgrade_offer_ids', '51745Dra100m1w-1.0.0'); 
insert into objectrelation VALUES ('49712Dra10m24p-1.0.0-Upgrade_offer_ids-51746Dra100m24h', '49712Dra10m24p-1.0.0-Upgrade_offer_ids', '51746Dra100m24h-1.0.0'); 
insert into objectrelation VALUES ('49712Dra10m24p-1.0.0-Upgrade_offer_ids-53831Dra50m1d', '49712Dra10m24p-1.0.0-Upgrade_offer_ids', '53831Dra50m1d-1.0.0'); 
insert into keyvalues VALUES ('49712Dra10m24p-1.0.0-Upgrade_offer_ids', '49712Dra10m24p-1.0.0', 'Roaming-Offer-1.0.0-Upgrade_offer_ids', null); 
insert into keyvalues VALUES ('49712Dra10m24p-1.0.0-Throttling_limit_mb', '49712Dra10m24p-1.0.0', 'Roaming-Offer-1.0.0-Throttling_limit_mb', '25'); 
insert into keyvalues VALUES ('49712Dra10m24p-1.0.0-Discount_counter_direction', '49712Dra10m24p-1.0.0', 'Roaming-Offer-1.0.0-Discount_counter_direction', 'down'); 
insert into keyvalues VALUES ('49712Dra10m24p-1.0.0-VFPLAN', '49712Dra10m24p-1.0.0', 'Roaming-Offer-1.0.0-VFPLAN', 'BOTH'); 
insert into nestedkeyvalue VALUES ('49712Dra10m24p-1.0.0-Name-hun', '49712Dra10m24p-1.0.0-Name', 'MobilWeb Napijegy Külföldön (MobilWeb Daily Ticket Abroad)'); 
insert into nestedkeyvalue VALUES ('49712Dra10m24p-1.0.0-Name-eng', '49712Dra10m24p-1.0.0-Name', 'MobilWeb Napijegy Külföldön'); 
insert into nestedkeyvalue VALUES ('49712Dra10m24p-1.0.0-Name-unLocalized', '49712Dra10m24p-1.0.0-Name', null); 
insert into nestedkeyvalue VALUES ('49712Dra10m24p-1.0.0-Name-def', '49712Dra10m24p-1.0.0-Name', 'MobilWeb Napijegy Külföldön'); 
insert into keyvalues VALUES ('49712Dra10m24p-1.0.0-Name', '49712Dra10m24p-1.0.0', 'Roaming-Offer-1.0.0-Name', null); 
insert into nestedkeyvalue VALUES ('49712Dra10m24p-1.0.0-Warning_text-hun', '49712Dra10m24p-1.0.0-Warning_text', 'You have used up 80% of your MobilWeb Daily Abroad limit. Vodafone'); 
insert into nestedkeyvalue VALUES ('49712Dra10m24p-1.0.0-Warning_text-eng', '49712Dra10m24p-1.0.0-Warning_text', 'Felhasználtad a MobilWeb Napijegy Külföldön forgalmi keretének 80%-át. Vodafone'); 
insert into nestedkeyvalue VALUES ('49712Dra10m24p-1.0.0-Warning_text-unLocalized', '49712Dra10m24p-1.0.0-Warning_text', null); 
insert into nestedkeyvalue VALUES ('49712Dra10m24p-1.0.0-Warning_text-def', '49712Dra10m24p-1.0.0-Warning_text', 'Felhasználtad a MobilWeb Napijegy Külföldön forgalmi keretének 80%-át. Vodafone'); 
insert into keyvalues VALUES ('49712Dra10m24p-1.0.0-Warning_text', '49712Dra10m24p-1.0.0', 'Roaming-Offer-1.0.0-Warning_text', null); 
insert into nestedkeyvalue VALUES ('49712Dra10m24p-1.0.0-PSMCodes-Deactivation', '49712Dra10m24p-1.0.0-PSMCodes', 'XRNAPI'); 
insert into nestedkeyvalue VALUES ('49712Dra10m24p-1.0.0-PSMCodes-Repeat', '49712Dra10m24p-1.0.0-PSMCodes', 'UJRA'); 
insert into nestedkeyvalue VALUES ('49712Dra10m24p-1.0.0-PSMCodes-Status', '49712Dra10m24p-1.0.0-PSMCodes', 'SRNAPI'); 
insert into nestedkeyvalue VALUES ('49712Dra10m24p-1.0.0-PSMCodes-Activation', '49712Dra10m24p-1.0.0-PSMCodes', 'RNAPI'); 
insert into keyvalues VALUES ('49712Dra10m24p-1.0.0-PSMCodes', '49712Dra10m24p-1.0.0', 'Roaming-Offer-1.0.0-PSMCodes', null); 
insert into keyvalues VALUES ('49712Dra10m24p-1.0.0-Id', '49712Dra10m24p-1.0.0', 'Roaming-Offer-1.0.0-Id', '49712Dra10m24p'); 
insert into nestedkeyvalue VALUES ('49712Dra10m24p-1.0.0-Throttling_text-hun', '49712Dra10m24p-1.0.0-Throttling_text', 'You have used up your Daily ticket limit, you may use the net for 60 Ft/100kB up to the expiry of 24 hours, or you may launch a new ticket by texting UJRA to 1270.'); 
insert into nestedkeyvalue VALUES ('49712Dra10m24p-1.0.0-Throttling_text-eng', '49712Dra10m24p-1.0.0-Throttling_text', 'Felhasználtad a Napijegy forgalmi keretét, mostantól 60Ft/100kB-os ár érvényes a 24 óra leteltéig, vagy az UJRA kóddal (1270-re) egy új Napijegyet indíthatsz!'); 
insert into nestedkeyvalue VALUES ('49712Dra10m24p-1.0.0-Throttling_text-unLocalized', '49712Dra10m24p-1.0.0-Throttling_text', null); 
insert into nestedkeyvalue VALUES ('49712Dra10m24p-1.0.0-Throttling_text-def', '49712Dra10m24p-1.0.0-Throttling_text', 'Felhasználtad a Napijegy forgalmi keretét, mostantól 60Ft/100kB-os ár érvényes a 24 óra leteltéig, vagy az UJRA kóddal (1270-re) egy új Napijegyet indíthatsz!'); 
insert into keyvalues VALUES ('49712Dra10m24p-1.0.0-Throttling_text', '49712Dra10m24p-1.0.0', 'Roaming-Offer-1.0.0-Throttling_text', null); 
insert into keyvalues VALUES ('49712Dra10m24p-1.0.0-Warning_percent', '49712Dra10m24p-1.0.0', 'Roaming-Offer-1.0.0-Warning_percent', '80'); 
insert into keyvalues VALUES ('49712Dra10m24p-1.0.0-Repeatable', '49712Dra10m24p-1.0.0', 'Roaming-Offer-1.0.0-Repeatable', 'true'); 
insert into object VALUES ('51745Dra100m1w-1.0.0', '51745Dra100m1w'); 
insert into keyvalues VALUES ('51745Dra100m1w-1.0.0-Type', '51745Dra100m1w-1.0.0', 'Roaming-Offer-1.0.0-Type', 'ROAMING'); 
insert into keyvalues VALUES ('51745Dra100m1w-1.0.0-Active', '51745Dra100m1w-1.0.0', 'Roaming-Offer-1.0.0-Active', 'true'); 
insert into keyvalues VALUES ('51745Dra100m1w-1.0.0-Price', '51745Dra100m1w-1.0.0', 'Roaming-Offer-1.0.0-Price', '2779'); 
insert into nestedkeyvalue VALUES ('51745Dra100m1w-1.0.0-Description-hun', '51745Dra100m1w-1.0.0-Description', '100 MB available for 168 hours as of the time of the first data connection - if this is not enough, launch another weekly ticket before the expiry of the 168 hours.'); 
insert into nestedkeyvalue VALUES ('51745Dra100m1w-1.0.0-Description-eng', '51745Dra100m1w-1.0.0-Description', '100 MB áll rendelkezésedre, az első adatcsatlakozástól kezdve 168 órán keresztül - ha nem lenne elég, indíts egy újabb hetijegyet a 168 óra lejárta előtt!'); 
insert into nestedkeyvalue VALUES ('51745Dra100m1w-1.0.0-Description-unLocalized', '51745Dra100m1w-1.0.0-Description', null); 
insert into nestedkeyvalue VALUES ('51745Dra100m1w-1.0.0-Description-def', '51745Dra100m1w-1.0.0-Description', '100 MB áll rendelkezésedre, az első adatcsatlakozástól kezdve 168 órán keresztül - ha nem lenne elég, indíts egy újabb hetijegyet a 168 óra lejárta előtt!'); 
insert into keyvalues VALUES ('51745Dra100m1w-1.0.0-Description', '51745Dra100m1w-1.0.0', 'Roaming-Offer-1.0.0-Description', null); 
insert into objectrelation VALUES ('51745Dra100m1w-1.0.0-Upgrade_offer_ids-49712Dra10m24p', '51745Dra100m1w-1.0.0-Upgrade_offer_ids', '49712Dra10m24p-1.0.0'); 
insert into objectrelation VALUES ('51745Dra100m1w-1.0.0-Upgrade_offer_ids-51745Dra100m1w', '51745Dra100m1w-1.0.0-Upgrade_offer_ids', '51745Dra100m1w-1.0.0'); 
insert into objectrelation VALUES ('51745Dra100m1w-1.0.0-Upgrade_offer_ids-51746Dra100m24h', '51745Dra100m1w-1.0.0-Upgrade_offer_ids', '51746Dra100m24h-1.0.0'); 
insert into objectrelation VALUES ('51745Dra100m1w-1.0.0-Upgrade_offer_ids-53831Dra50m1d', '51745Dra100m1w-1.0.0-Upgrade_offer_ids', '53831Dra50m1d-1.0.0'); 
insert into keyvalues VALUES ('51745Dra100m1w-1.0.0-Upgrade_offer_ids', '51745Dra100m1w-1.0.0', 'Roaming-Offer-1.0.0-Upgrade_offer_ids', null); 
insert into keyvalues VALUES ('51745Dra100m1w-1.0.0-Throttling_limit_mb', '51745Dra100m1w-1.0.0', 'Roaming-Offer-1.0.0-Throttling_limit_mb', '100'); 
insert into keyvalues VALUES ('51745Dra100m1w-1.0.0-Discount_counter_direction', '51745Dra100m1w-1.0.0', 'Roaming-Offer-1.0.0-Discount_counter_direction', 'down'); 
insert into keyvalues VALUES ('51745Dra100m1w-1.0.0-VFPLAN', '51745Dra100m1w-1.0.0', 'Roaming-Offer-1.0.0-VFPLAN', 'BOTH'); 
insert into nestedkeyvalue VALUES ('51745Dra100m1w-1.0.0-Name-hun', '51745Dra100m1w-1.0.0-Name', 'MobilWeb Hetijegy Külföldön'); 
insert into nestedkeyvalue VALUES ('51745Dra100m1w-1.0.0-Name-eng', '51745Dra100m1w-1.0.0-Name', 'MobilWeb Hetijegy Külföldön'); 
insert into nestedkeyvalue VALUES ('51745Dra100m1w-1.0.0-Name-unLocalized', '51745Dra100m1w-1.0.0-Name', null); 
insert into nestedkeyvalue VALUES ('51745Dra100m1w-1.0.0-Name-def', '51745Dra100m1w-1.0.0-Name', 'MobilWeb Hetijegy Külföldön'); 
insert into keyvalues VALUES ('51745Dra100m1w-1.0.0-Name', '51745Dra100m1w-1.0.0', 'Roaming-Offer-1.0.0-Name', null); 
insert into nestedkeyvalue VALUES ('51745Dra100m1w-1.0.0-Warning_text-hun', '51745Dra100m1w-1.0.0-Warning_text', 'You have used up 80% of your MobilWeb Weekly Abroad limit. Vodafone'); 
insert into nestedkeyvalue VALUES ('51745Dra100m1w-1.0.0-Warning_text-eng', '51745Dra100m1w-1.0.0-Warning_text', 'Felhasználtad a MobilWeb Hetijegy Külföldön forgalmi keretének 80%-át. Vodafone'); 
insert into nestedkeyvalue VALUES ('51745Dra100m1w-1.0.0-Warning_text-unLocalized', '51745Dra100m1w-1.0.0-Warning_text', null); 
insert into nestedkeyvalue VALUES ('51745Dra100m1w-1.0.0-Warning_text-def', '51745Dra100m1w-1.0.0-Warning_text', 'Felhasználtad a MobilWeb Hetijegy Külföldön forgalmi keretének 80%-át. Vodafone'); 
insert into keyvalues VALUES ('51745Dra100m1w-1.0.0-Warning_text', '51745Dra100m1w-1.0.0', 'Roaming-Offer-1.0.0-Warning_text', null); 
insert into nestedkeyvalue VALUES ('51745Dra100m1w-1.0.0-PSMCodes-Deactivation', '51745Dra100m1w-1.0.0-PSMCodes', 'XRHETI'); 
insert into nestedkeyvalue VALUES ('51745Dra100m1w-1.0.0-PSMCodes-Repeat', '51745Dra100m1w-1.0.0-PSMCodes', 'UJRA'); 
insert into nestedkeyvalue VALUES ('51745Dra100m1w-1.0.0-PSMCodes-Status', '51745Dra100m1w-1.0.0-PSMCodes', 'SRHETI'); 
insert into nestedkeyvalue VALUES ('51745Dra100m1w-1.0.0-PSMCodes-Activation', '51745Dra100m1w-1.0.0-PSMCodes', 'RHETI'); 
insert into keyvalues VALUES ('51745Dra100m1w-1.0.0-PSMCodes', '51745Dra100m1w-1.0.0', 'Roaming-Offer-1.0.0-PSMCodes', null); 
insert into keyvalues VALUES ('51745Dra100m1w-1.0.0-Id', '51745Dra100m1w-1.0.0', 'Roaming-Offer-1.0.0-Id', '51745Dra100m1w'); 
insert into nestedkeyvalue VALUES ('51745Dra100m1w-1.0.0-Throttling_text-hun', '51745Dra100m1w-1.0.0-Throttling_text', 'You have used up your Daily ticket limit, you may use the net for 60 Ft/100kB up to the expiry of 7 days, or you may launch a new ticket by texting UJRA to 1270.'); 
insert into nestedkeyvalue VALUES ('51745Dra100m1w-1.0.0-Throttling_text-eng', '51745Dra100m1w-1.0.0-Throttling_text', 'Felhasználtad a Hetijegy forgalmi keretét, mostantól 60Ft/100kB-os ár érvényes a 7.nap végéig, vagy az UJRA kóddal (1270-re) egy új Hetijegyet indíthatsz!'); 
insert into nestedkeyvalue VALUES ('51745Dra100m1w-1.0.0-Throttling_text-unLocalized', '51745Dra100m1w-1.0.0-Throttling_text', null); 
insert into nestedkeyvalue VALUES ('51745Dra100m1w-1.0.0-Throttling_text-def', '51745Dra100m1w-1.0.0-Throttling_text', 'Felhasználtad a Hetijegy forgalmi keretét, mostantól 60Ft/100kB-os ár érvényes a 7.nap végéig, vagy az UJRA kóddal (1270-re) egy új Hetijegyet indíthatsz!'); 
insert into keyvalues VALUES ('51745Dra100m1w-1.0.0-Throttling_text', '51745Dra100m1w-1.0.0', 'Roaming-Offer-1.0.0-Throttling_text', null); 
insert into keyvalues VALUES ('51745Dra100m1w-1.0.0-Warning_percent', '51745Dra100m1w-1.0.0', 'Roaming-Offer-1.0.0-Warning_percent', '80'); 
insert into keyvalues VALUES ('51745Dra100m1w-1.0.0-Repeatable', '51745Dra100m1w-1.0.0', 'Roaming-Offer-1.0.0-Repeatable', 'true'); 
insert into object VALUES ('51746Dra100m24h-1.0.0', '51746Dra100m24h'); 
insert into keyvalues VALUES ('51746Dra100m24h-1.0.0-Type', '51746Dra100m24h-1.0.0', 'Roaming-Offer-1.0.0-Type', 'ROAMING'); 
insert into keyvalues VALUES ('51746Dra100m24h-1.0.0-Active', '51746Dra100m24h-1.0.0', 'Roaming-Offer-1.0.0-Active', 'true'); 
insert into keyvalues VALUES ('51746Dra100m24h-1.0.0-Price', '51746Dra100m24h-1.0.0', 'Roaming-Offer-1.0.0-Price', '2035'); 
insert into nestedkeyvalue VALUES ('51746Dra100m24h-1.0.0-Description-hun', '51746Dra100m24h-1.0.0-Description', '100 MB available for 24 hours as of the time of the first data connection - if this is not enough, launch another daily ticket before the expiry of the 24 hours.'); 
insert into nestedkeyvalue VALUES ('51746Dra100m24h-1.0.0-Description-eng', '51746Dra100m24h-1.0.0-Description', '100 MB áll rendelkezésedre, az első adatcsatlakozástól kezdve 24 órán keresztül - ha nem lenne elég, indíts egy újabb napijegyet a 24 óra lejárta előtt!'); 
insert into nestedkeyvalue VALUES ('51746Dra100m24h-1.0.0-Description-unLocalized', '51746Dra100m24h-1.0.0-Description', null); 
insert into nestedkeyvalue VALUES ('51746Dra100m24h-1.0.0-Description-def', '51746Dra100m24h-1.0.0-Description', '100 MB áll rendelkezésedre, az első adatcsatlakozástól kezdve 24 órán keresztül - ha nem lenne elég, indíts egy újabb napijegyet a 24 óra lejárta előtt!'); 
insert into keyvalues VALUES ('51746Dra100m24h-1.0.0-Description', '51746Dra100m24h-1.0.0', 'Roaming-Offer-1.0.0-Description', null); 
insert into objectrelation VALUES ('51746Dra100m24h-1.0.0-Upgrade_offer_ids-49712Dra10m24p', '51746Dra100m24h-1.0.0-Upgrade_offer_ids', '49712Dra10m24p-1.0.0'); 
insert into objectrelation VALUES ('51746Dra100m24h-1.0.0-Upgrade_offer_ids-51745Dra100m1w', '51746Dra100m24h-1.0.0-Upgrade_offer_ids', '51745Dra100m1w-1.0.0'); 
insert into objectrelation VALUES ('51746Dra100m24h-1.0.0-Upgrade_offer_ids-51746Dra100m24h', '51746Dra100m24h-1.0.0-Upgrade_offer_ids', '51746Dra100m24h-1.0.0'); 
insert into objectrelation VALUES ('51746Dra100m24h-1.0.0-Upgrade_offer_ids-53831Dra50m1d', '51746Dra100m24h-1.0.0-Upgrade_offer_ids', '53831Dra50m1d-1.0.0'); 
insert into keyvalues VALUES ('51746Dra100m24h-1.0.0-Upgrade_offer_ids', '51746Dra100m24h-1.0.0', 'Roaming-Offer-1.0.0-Upgrade_offer_ids', null); 
insert into keyvalues VALUES ('51746Dra100m24h-1.0.0-Throttling_limit_mb', '51746Dra100m24h-1.0.0', 'Roaming-Offer-1.0.0-Throttling_limit_mb', '100'); 
insert into keyvalues VALUES ('51746Dra100m24h-1.0.0-Discount_counter_direction', '51746Dra100m24h-1.0.0', 'Roaming-Offer-1.0.0-Discount_counter_direction', 'down'); 
insert into keyvalues VALUES ('51746Dra100m24h-1.0.0-VFPLAN', '51746Dra100m24h-1.0.0', 'Roaming-Offer-1.0.0-VFPLAN', 'BOTH'); 
insert into nestedkeyvalue VALUES ('51746Dra100m24h-1.0.0-Name-hun', '51746Dra100m24h-1.0.0-Name', 'Internet Napijegy Külföldön'); 
insert into nestedkeyvalue VALUES ('51746Dra100m24h-1.0.0-Name-eng', '51746Dra100m24h-1.0.0-Name', 'Internet Napijegy Külföldön'); 
insert into nestedkeyvalue VALUES ('51746Dra100m24h-1.0.0-Name-unLocalized', '51746Dra100m24h-1.0.0-Name', null); 
insert into nestedkeyvalue VALUES ('51746Dra100m24h-1.0.0-Name-def', '51746Dra100m24h-1.0.0-Name', 'Internet Napijegy Külföldön'); 
insert into keyvalues VALUES ('51746Dra100m24h-1.0.0-Name', '51746Dra100m24h-1.0.0', 'Roaming-Offer-1.0.0-Name', null); 
insert into nestedkeyvalue VALUES ('51746Dra100m24h-1.0.0-Warning_text-hun', '51746Dra100m24h-1.0.0-Warning_text', 'You have used up 80% of your Internet Daily Abroad limit. Vodafone'); 
insert into nestedkeyvalue VALUES ('51746Dra100m24h-1.0.0-Warning_text-eng', '51746Dra100m24h-1.0.0-Warning_text', 'Felhasználtad az Internet Napijegy Külföldön forgalmi keretének 80%-át. Vodafone'); 
insert into nestedkeyvalue VALUES ('51746Dra100m24h-1.0.0-Warning_text-unLocalized', '51746Dra100m24h-1.0.0-Warning_text', null); 
insert into nestedkeyvalue VALUES ('51746Dra100m24h-1.0.0-Warning_text-def', '51746Dra100m24h-1.0.0-Warning_text', 'Felhasználtad az Internet Napijegy Külföldön forgalmi keretének 80%-át. Vodafone'); 
insert into keyvalues VALUES ('51746Dra100m24h-1.0.0-Warning_text', '51746Dra100m24h-1.0.0', 'Roaming-Offer-1.0.0-Warning_text', null); 
insert into nestedkeyvalue VALUES ('51746Dra100m24h-1.0.0-PSMCodes-Deactivation', '51746Dra100m24h-1.0.0-PSMCodes', 'XRNAPI100'); 
insert into nestedkeyvalue VALUES ('51746Dra100m24h-1.0.0-PSMCodes-Repeat', '51746Dra100m24h-1.0.0-PSMCodes', 'UJRA'); 
insert into nestedkeyvalue VALUES ('51746Dra100m24h-1.0.0-PSMCodes-Status', '51746Dra100m24h-1.0.0-PSMCodes', 'SRNAPI100'); 
insert into nestedkeyvalue VALUES ('51746Dra100m24h-1.0.0-PSMCodes-Activation', '51746Dra100m24h-1.0.0-PSMCodes', 'RNAPI100'); 
insert into keyvalues VALUES ('51746Dra100m24h-1.0.0-PSMCodes', '51746Dra100m24h-1.0.0', 'Roaming-Offer-1.0.0-PSMCodes', null); 
insert into keyvalues VALUES ('51746Dra100m24h-1.0.0-Id', '51746Dra100m24h-1.0.0', 'Roaming-Offer-1.0.0-Id', '51746Dra100m24h'); 
insert into nestedkeyvalue VALUES ('51746Dra100m24h-1.0.0-Throttling_text-hun', '51746Dra100m24h-1.0.0-Throttling_text', 'You have used up your Daily ticket limit, you may use the net for 60 Ft/100kB up to the expiry of 24 hours, or you may launch a new ticket by texting UJRA to 1270.'); 
insert into nestedkeyvalue VALUES ('51746Dra100m24h-1.0.0-Throttling_text-eng', '51746Dra100m24h-1.0.0-Throttling_text', 'Felhasználtad a Napijegy forgalmi keretét, mostantól 60Ft/100kB-os ár érvényes a 24 óra leteltéig, vagy az UJRA kóddal (1270-re) egy új Napijegyet indíthatsz!'); 
insert into nestedkeyvalue VALUES ('51746Dra100m24h-1.0.0-Throttling_text-unLocalized', '51746Dra100m24h-1.0.0-Throttling_text', null); 
insert into nestedkeyvalue VALUES ('51746Dra100m24h-1.0.0-Throttling_text-def', '51746Dra100m24h-1.0.0-Throttling_text', 'Felhasználtad a Napijegy forgalmi keretét, mostantól 60Ft/100kB-os ár érvényes a 24 óra leteltéig, vagy az UJRA kóddal (1270-re) egy új Napijegyet indíthatsz!'); 
insert into keyvalues VALUES ('51746Dra100m24h-1.0.0-Throttling_text', '51746Dra100m24h-1.0.0', 'Roaming-Offer-1.0.0-Throttling_text', null); 
insert into keyvalues VALUES ('51746Dra100m24h-1.0.0-Warning_percent', '51746Dra100m24h-1.0.0', 'Roaming-Offer-1.0.0-Warning_percent', '80'); 
insert into keyvalues VALUES ('51746Dra100m24h-1.0.0-Repeatable', '51746Dra100m24h-1.0.0', 'Roaming-Offer-1.0.0-Repeatable', 'true'); 
insert into object VALUES ('53831Dra50m1d-1.0.0', '53831Dra50m1d'); 
insert into keyvalues VALUES ('53831Dra50m1d-1.0.0-Type', '53831Dra50m1d-1.0.0', 'Roaming-Offer-1.0.0-Type', 'ROAMING'); 
insert into keyvalues VALUES ('53831Dra50m1d-1.0.0-Active', '53831Dra50m1d-1.0.0', 'Roaming-Offer-1.0.0-Active', 'true'); 
insert into keyvalues VALUES ('53831Dra50m1d-1.0.0-Price', '53831Dra50m1d-1.0.0', 'Roaming-Offer-1.0.0-Price', '990'); 
insert into nestedkeyvalue VALUES ('53831Dra50m1d-1.0.0-Description-hun', '53831Dra50m1d-1.0.0-Description', 'Get the information you need with your smarthpone, even when you are abroad. You may use your domestic data allowance on a given day, until midnight.'); 
insert into nestedkeyvalue VALUES ('53831Dra50m1d-1.0.0-Description-eng', '53831Dra50m1d-1.0.0-Description', 'Szerezz bármikor info-kat külföldön is a mobiloddal, az Európa Napijeggyel hazai adat opciód keretét használhatod fel adott naptári napon éjfélig.'); 
insert into nestedkeyvalue VALUES ('53831Dra50m1d-1.0.0-Description-unLocalized', '53831Dra50m1d-1.0.0-Description', null); 
insert into nestedkeyvalue VALUES ('53831Dra50m1d-1.0.0-Description-def', '53831Dra50m1d-1.0.0-Description', 'Szerezz bármikor info-kat külföldön is a mobiloddal, az Európa Napijeggyel hazai adat opciód keretét használhatod fel adott naptári napon éjfélig.'); 
insert into keyvalues VALUES ('53831Dra50m1d-1.0.0-Description', '53831Dra50m1d-1.0.0', 'Roaming-Offer-1.0.0-Description', null); 
insert into objectrelation VALUES ('53831Dra50m1d-1.0.0-Upgrade_offer_ids-49712Dra10m24p', '53831Dra50m1d-1.0.0-Upgrade_offer_ids', '49712Dra10m24p-1.0.0'); 
insert into objectrelation VALUES ('53831Dra50m1d-1.0.0-Upgrade_offer_ids-51745Dra100m1w', '53831Dra50m1d-1.0.0-Upgrade_offer_ids', '51745Dra100m1w-1.0.0'); 
insert into objectrelation VALUES ('53831Dra50m1d-1.0.0-Upgrade_offer_ids-51746Dra100m24h', '53831Dra50m1d-1.0.0-Upgrade_offer_ids', '51746Dra100m24h-1.0.0'); 
insert into keyvalues VALUES ('53831Dra50m1d-1.0.0-Upgrade_offer_ids', '53831Dra50m1d-1.0.0', 'Roaming-Offer-1.0.0-Upgrade_offer_ids', null); 
insert into keyvalues VALUES ('53831Dra50m1d-1.0.0-Throttling_limit_mb', '53831Dra50m1d-1.0.0', 'Roaming-Offer-1.0.0-Throttling_limit_mb', '100'); 
insert into keyvalues VALUES ('53831Dra50m1d-1.0.0-Discount_counter_direction', '53831Dra50m1d-1.0.0', 'Roaming-Offer-1.0.0-Discount_counter_direction', 'down'); 
insert into keyvalues VALUES ('53831Dra50m1d-1.0.0-VFPLAN', '53831Dra50m1d-1.0.0', 'Roaming-Offer-1.0.0-VFPLAN', 'POST'); 
insert into nestedkeyvalue VALUES ('53831Dra50m1d-1.0.0-Name-hun', '53831Dra50m1d-1.0.0-Name', 'Európa Napijegy'); 
insert into nestedkeyvalue VALUES ('53831Dra50m1d-1.0.0-Name-eng', '53831Dra50m1d-1.0.0-Name', 'Európa Napijegy'); 
insert into nestedkeyvalue VALUES ('53831Dra50m1d-1.0.0-Name-unLocalized', '53831Dra50m1d-1.0.0-Name', null); 
insert into nestedkeyvalue VALUES ('53831Dra50m1d-1.0.0-Name-def', '53831Dra50m1d-1.0.0-Name', 'Európa Napijegy'); 
insert into keyvalues VALUES ('53831Dra50m1d-1.0.0-Name', '53831Dra50m1d-1.0.0', 'Roaming-Offer-1.0.0-Name', null); 
insert into nestedkeyvalue VALUES ('53831Dra50m1d-1.0.0-Warning_text-hun', '53831Dra50m1d-1.0.0-Warning_text', 'You have used up 80% of your domestic data allowance, available with Európa Napijegy. Vodafone'); 
insert into nestedkeyvalue VALUES ('53831Dra50m1d-1.0.0-Warning_text-eng', '53831Dra50m1d-1.0.0-Warning_text', 'Felhasználtad az Európa Napijegy opcióval elérhető hazai adatmennyiséged 80%-át. Vodafone'); 
insert into nestedkeyvalue VALUES ('53831Dra50m1d-1.0.0-Warning_text-unLocalized', '53831Dra50m1d-1.0.0-Warning_text', null); 
insert into nestedkeyvalue VALUES ('53831Dra50m1d-1.0.0-Warning_text-def', '53831Dra50m1d-1.0.0-Warning_text', 'Felhasználtad az Európa Napijegy opcióval elérhető hazai adatmennyiséged 80%-át. Vodafone'); 
insert into keyvalues VALUES ('53831Dra50m1d-1.0.0-Warning_text', '53831Dra50m1d-1.0.0', 'Roaming-Offer-1.0.0-Warning_text', null); 
insert into nestedkeyvalue VALUES ('53831Dra50m1d-1.0.0-PSMCodes-Deactivation', '53831Dra50m1d-1.0.0-PSMCodes', 'XEUNAPI'); 
insert into nestedkeyvalue VALUES ('53831Dra50m1d-1.0.0-PSMCodes-Status', '53831Dra50m1d-1.0.0-PSMCodes', 'SEUNAPI'); 
insert into nestedkeyvalue VALUES ('53831Dra50m1d-1.0.0-PSMCodes-Activation', '53831Dra50m1d-1.0.0-PSMCodes', 'EUNAPI'); 
insert into keyvalues VALUES ('53831Dra50m1d-1.0.0-PSMCodes', '53831Dra50m1d-1.0.0', 'Roaming-Offer-1.0.0-PSMCodes', null); 
insert into keyvalues VALUES ('53831Dra50m1d-1.0.0-Id', '53831Dra50m1d-1.0.0', 'Roaming-Offer-1.0.0-Id', '53831Dra50m1d'); 
insert into nestedkeyvalue VALUES ('53831Dra50m1d-1.0.0-Throttling_text-hun', '53831Dra50m1d-1.0.0-Throttling_text', 'You have used up your domestic data allowance, available with Európa Napijegy. If you wish to continue browsing the Web, please visit: <a href="http://netinfo.vodafone.hu">http://netinfo.vodafone.hu</a>. Vodafone'); 
insert into nestedkeyvalue VALUES ('53831Dra50m1d-1.0.0-Throttling_text-eng', '53831Dra50m1d-1.0.0-Throttling_text', 'Felhasználtad az Európa Napijegy opcióval elérhető hazai adatmennyiségedet. Ha tovább szeretnél netezni, látogass el a Netinfo oldalra (<a href="http://netinfo.vodafone.hu">http://netinfo.vodafone.hu)</a>! Vodafone'); 
insert into nestedkeyvalue VALUES ('53831Dra50m1d-1.0.0-Throttling_text-unLocalized', '53831Dra50m1d-1.0.0-Throttling_text', null); 
insert into nestedkeyvalue VALUES ('53831Dra50m1d-1.0.0-Throttling_text-def', '53831Dra50m1d-1.0.0-Throttling_text', 'Felhasználtad az Európa Napijegy opcióval elérhető hazai adatmennyiségedet. Ha tovább szeretnél netezni, látogass el a Netinfo oldalra (<a href="http://netinfo.vodafone.hu">http://netinfo.vodafone.hu)</a>! Vodafone'); 
insert into keyvalues VALUES ('53831Dra50m1d-1.0.0-Throttling_text', '53831Dra50m1d-1.0.0', 'Roaming-Offer-1.0.0-Throttling_text', null); 
insert into keyvalues VALUES ('53831Dra50m1d-1.0.0-Warning_percent', '53831Dra50m1d-1.0.0', 'Roaming-Offer-1.0.0-Warning_percent', '80'); 
insert into object VALUES ('10027DR4RPData-1.0.0', '10027DR4RPData'); 
insert into keyvalues VALUES ('10027DR4RPData-1.0.0-Type', '10027DR4RPData-1.0.0', 'Roaming-Offer-1.0.0-Type', 'ROAMING'); 
insert into keyvalues VALUES ('10027DR4RPData-1.0.0-Active', '10027DR4RPData-1.0.0', 'Roaming-Offer-1.0.0-Active', 'true'); 
insert into keyvalues VALUES ('10027DR4RPData-1.0.0-Price', '10027DR4RPData-1.0.0', 'Roaming-Offer-1.0.0-Price', '919'); 
insert into nestedkeyvalue VALUES ('10027DR4RPData-1.0.0-Description-hun', '10027DR4RPData-1.0.0-Description', 'As a pay as you go customer, you can enjoy 100 Megabytes of Data, when roaming anywhere in Europe, for only 919 Hungarian forints per day with EU Daily Data ticket. Please be aware that the EU Daily Data ticket cannot be used with Netjegy!'); 
insert into nestedkeyvalue VALUES ('10027DR4RPData-1.0.0-Description-eng', '10027DR4RPData-1.0.0-Description', 'Internetezz külföldön is! Rendelj Európa adat napijegyet 919Ft-ért! A napijegy 100 MB adatforgalmat tartalmaz, amit aznap magyarországi idő szerint éjfélig használhatsz fel! Felhívjuk figyelmedet, hogy az Európa adat napijegy Netjeggyel nem vehető igénybe!'); 
insert into nestedkeyvalue VALUES ('10027DR4RPData-1.0.0-Description-unLocalized', '10027DR4RPData-1.0.0-Description', null); 
insert into nestedkeyvalue VALUES ('10027DR4RPData-1.0.0-Description-def', '10027DR4RPData-1.0.0-Description', 'Internetezz külföldön is! Rendelj Európa adat napijegyet 919Ft-ért! A napijegy 100 MB adatforgalmat tartalmaz, amit aznap magyarországi idő szerint éjfélig használhatsz fel! Felhívjuk figyelmedet, hogy az Európa adat napijegy Netjeggyel nem vehető igénybe!'); 
insert into keyvalues VALUES ('10027DR4RPData-1.0.0-Description', '10027DR4RPData-1.0.0', 'Roaming-Offer-1.0.0-Description', null); 
insert into keyvalues VALUES ('10027DR4RPData-1.0.0-Upgrade_offer_ids', '10027DR4RPData-1.0.0', 'Roaming-Offer-1.0.0-Upgrade_offer_ids', null); 
insert into keyvalues VALUES ('10027DR4RPData-1.0.0-Throttling_limit_mb', '10027DR4RPData-1.0.0', 'Roaming-Offer-1.0.0-Throttling_limit_mb', '100'); 
insert into keyvalues VALUES ('10027DR4RPData-1.0.0-Discount_counter_direction', '10027DR4RPData-1.0.0', 'Roaming-Offer-1.0.0-Discount_counter_direction', 'down'); 
insert into keyvalues VALUES ('10027DR4RPData-1.0.0-VFPLAN', '10027DR4RPData-1.0.0', 'Roaming-Offer-1.0.0-VFPLAN', 'PRE'); 
insert into nestedkeyvalue VALUES ('10027DR4RPData-1.0.0-Name-hun', '10027DR4RPData-1.0.0-Name', 'EU Daily Data Ticket'); 
insert into nestedkeyvalue VALUES ('10027DR4RPData-1.0.0-Name-eng', '10027DR4RPData-1.0.0-Name', 'Európa Adat Napijegy'); 
insert into nestedkeyvalue VALUES ('10027DR4RPData-1.0.0-Name-unLocalized', '10027DR4RPData-1.0.0-Name', null); 
insert into nestedkeyvalue VALUES ('10027DR4RPData-1.0.0-Name-def', '10027DR4RPData-1.0.0-Name', 'Európa Adat Napijegy'); 
insert into keyvalues VALUES ('10027DR4RPData-1.0.0-Name', '10027DR4RPData-1.0.0', 'Roaming-Offer-1.0.0-Name', null); 
insert into nestedkeyvalue VALUES ('10027DR4RPData-1.0.0-Warning_text-hun', '10027DR4RPData-1.0.0-Warning_text', 'You have reached 80% of your Europe Daily Data ticket data allowance. Vodafone'); 
insert into nestedkeyvalue VALUES ('10027DR4RPData-1.0.0-Warning_text-eng', '10027DR4RPData-1.0.0-Warning_text', 'Felhasználtad az Európa Adat Napijegy opció forgalmi keretének 80%-át. Vodafone'); 
insert into nestedkeyvalue VALUES ('10027DR4RPData-1.0.0-Warning_text-unLocalized', '10027DR4RPData-1.0.0-Warning_text', null); 
insert into nestedkeyvalue VALUES ('10027DR4RPData-1.0.0-Warning_text-def', '10027DR4RPData-1.0.0-Warning_text', 'Felhasználtad az Európa Adat Napijegy opció forgalmi keretének 80%-át. Vodafone'); 
insert into keyvalues VALUES ('10027DR4RPData-1.0.0-Warning_text', '10027DR4RPData-1.0.0', 'Roaming-Offer-1.0.0-Warning_text', null); 
insert into nestedkeyvalue VALUES ('10027DR4RPData-1.0.0-PSMCodes-Status', '10027DR4RPData-1.0.0-PSMCodes', 'SADATNAPI'); 
insert into nestedkeyvalue VALUES ('10027DR4RPData-1.0.0-PSMCodes-Activation', '10027DR4RPData-1.0.0-PSMCodes', 'ADATNAPI'); 
insert into keyvalues VALUES ('10027DR4RPData-1.0.0-PSMCodes', '10027DR4RPData-1.0.0', 'Roaming-Offer-1.0.0-PSMCodes', null); 
insert into keyvalues VALUES ('10027DR4RPData-1.0.0-Id', '10027DR4RPData-1.0.0', 'Roaming-Offer-1.0.0-Id', '10027DR4RPData'); 
insert into nestedkeyvalue VALUES ('10027DR4RPData-1.0.0-Throttling_text-hun', '10027DR4RPData-1.0.0-Throttling_text', 'You have used all your Europe Daily Data ticket data allowance. For further data usage 60Ft/100kB rates applies. Vodafone'); 
insert into nestedkeyvalue VALUES ('10027DR4RPData-1.0.0-Throttling_text-eng', '10027DR4RPData-1.0.0-Throttling_text', 'Felhasználtad az Európa Adat Napijegy opció adatforgalmi keretét. A felhasználást követően a forgalmi díjas árazás (60Ft/100kB) érvényes. Vodafone'); 
insert into nestedkeyvalue VALUES ('10027DR4RPData-1.0.0-Throttling_text-unLocalized', '10027DR4RPData-1.0.0-Throttling_text', null); 
insert into nestedkeyvalue VALUES ('10027DR4RPData-1.0.0-Throttling_text-def', '10027DR4RPData-1.0.0-Throttling_text', 'Felhasználtad az Európa Adat Napijegy opció adatforgalmi keretét. A felhasználást követően a forgalmi díjas árazás (60Ft/100kB) érvényes. Vodafone'); 
insert into keyvalues VALUES ('10027DR4RPData-1.0.0-Throttling_text', '10027DR4RPData-1.0.0', 'Roaming-Offer-1.0.0-Throttling_text', null); 
insert into keyvalues VALUES ('10027DR4RPData-1.0.0-Warning_percent', '10027DR4RPData-1.0.0', 'Roaming-Offer-1.0.0-Warning_percent', '80'); 
insert into object VALUES ('49869Dra50m-1.0.0', '49869Dra50m'); 
insert into keyvalues VALUES ('49869Dra50m-1.0.0-Type', '49869Dra50m-1.0.0', 'Roaming-Offer-1.0.0-Type', 'ROAMING'); 
insert into keyvalues VALUES ('49869Dra50m-1.0.0-Active', '49869Dra50m-1.0.0', 'Roaming-Offer-1.0.0-Active', 'false'); 
insert into keyvalues VALUES ('49869Dra50m-1.0.0-Price', '49869Dra50m-1.0.0', 'Roaming-Offer-1.0.0-Price', '1849'); 
insert into nestedkeyvalue VALUES ('49869Dra50m-1.0.0-Description-hun', '49869Dra50m-1.0.0-Description', 'The MobilWeb Külföldön Option offers you 50 MB data traffic limit every day.'); 
insert into nestedkeyvalue VALUES ('49869Dra50m-1.0.0-Description-eng', '49869Dra50m-1.0.0-Description', 'Minden nap 50 MB adatmennyiség áll rendelkezésedre a MobilWeb Külföldön Opcióval!'); 
insert into nestedkeyvalue VALUES ('49869Dra50m-1.0.0-Description-unLocalized', '49869Dra50m-1.0.0-Description', null); 
insert into nestedkeyvalue VALUES ('49869Dra50m-1.0.0-Description-def', '49869Dra50m-1.0.0-Description', 'Minden nap 50 MB adatmennyiség áll rendelkezésedre a MobilWeb Külföldön Opcióval!'); 
insert into keyvalues VALUES ('49869Dra50m-1.0.0-Description', '49869Dra50m-1.0.0', 'Roaming-Offer-1.0.0-Description', null); 
insert into keyvalues VALUES ('49869Dra50m-1.0.0-Throttling_limit_mb', '49869Dra50m-1.0.0', 'Roaming-Offer-1.0.0-Throttling_limit_mb', '50'); 
insert into keyvalues VALUES ('49869Dra50m-1.0.0-Discount_counter_direction', '49869Dra50m-1.0.0', 'Roaming-Offer-1.0.0-Discount_counter_direction', 'down'); 
insert into keyvalues VALUES ('49869Dra50m-1.0.0-VFPLAN', '49869Dra50m-1.0.0', 'Roaming-Offer-1.0.0-VFPLAN', 'BOTH'); 
insert into nestedkeyvalue VALUES ('49869Dra50m-1.0.0-Name-hun', '49869Dra50m-1.0.0-Name', 'MobilWeb Külföldön option'); 
insert into nestedkeyvalue VALUES ('49869Dra50m-1.0.0-Name-eng', '49869Dra50m-1.0.0-Name', 'MobilWeb Külföldön Opció'); 
insert into nestedkeyvalue VALUES ('49869Dra50m-1.0.0-Name-unLocalized', '49869Dra50m-1.0.0-Name', null); 
insert into nestedkeyvalue VALUES ('49869Dra50m-1.0.0-Name-def', '49869Dra50m-1.0.0-Name', 'MobilWeb Külföldön Opció'); 
insert into keyvalues VALUES ('49869Dra50m-1.0.0-Name', '49869Dra50m-1.0.0', 'Roaming-Offer-1.0.0-Name', null); 
insert into nestedkeyvalue VALUES ('49869Dra50m-1.0.0-Warning_text-hun', '49869Dra50m-1.0.0-Warning_text', 'You have used up 80% of your discounted daily MobilWeb Külföldön option (50 MB). Vodafone'); 
insert into nestedkeyvalue VALUES ('49869Dra50m-1.0.0-Warning_text-eng', '49869Dra50m-1.0.0-Warning_text', 'Felhasználtad a MobilWeb Külföldön opció napi kedvezményes forgalmi keretének (50MB) 80%-át. Vodafone'); 
insert into nestedkeyvalue VALUES ('49869Dra50m-1.0.0-Warning_text-unLocalized', '49869Dra50m-1.0.0-Warning_text', null); 
insert into nestedkeyvalue VALUES ('49869Dra50m-1.0.0-Warning_text-def', '49869Dra50m-1.0.0-Warning_text', 'Felhasználtad a MobilWeb Külföldön opció napi kedvezményes forgalmi keretének (50MB) 80%-át. Vodafone'); 
insert into keyvalues VALUES ('49869Dra50m-1.0.0-Warning_text', '49869Dra50m-1.0.0', 'Roaming-Offer-1.0.0-Warning_text', null); 
insert into keyvalues VALUES ('49869Dra50m-1.0.0-Id', '49869Dra50m-1.0.0', 'Roaming-Offer-1.0.0-Id', '49869Dra50m'); 
insert into nestedkeyvalue VALUES ('49869Dra50m-1.0.0-Throttling_text-hun', '49869Dra50m-1.0.0-Throttling_text', 'You have used up your discounted daily MobilWeb Külföldön option (50 MB). Once you exceed your limit charges of 60 Ft/100Kb apply until 00:00 a.m. Hungarian time. Vodafone'); 
insert into nestedkeyvalue VALUES ('49869Dra50m-1.0.0-Throttling_text-eng', '49869Dra50m-1.0.0-Throttling_text', 'Felhasználtad a MobilWeb Külföldön opció napi forgalmi keretét (50MB). Ezt követően 60Ft/100kB-os ár érvényes a magyar idő szerinti 24:00-ig. Vodafone'); 
insert into nestedkeyvalue VALUES ('49869Dra50m-1.0.0-Throttling_text-unLocalized', '49869Dra50m-1.0.0-Throttling_text', null); 
insert into nestedkeyvalue VALUES ('49869Dra50m-1.0.0-Throttling_text-def', '49869Dra50m-1.0.0-Throttling_text', 'Felhasználtad a MobilWeb Külföldön opció napi forgalmi keretét (50MB). Ezt követően 60Ft/100kB-os ár érvényes a magyar idő szerinti 24:00-ig. Vodafone'); 
insert into keyvalues VALUES ('49869Dra50m-1.0.0-Throttling_text', '49869Dra50m-1.0.0', 'Roaming-Offer-1.0.0-Throttling_text', null); 
insert into keyvalues VALUES ('49869Dra50m-1.0.0-Warning_percent', '49869Dra50m-1.0.0', 'Roaming-Offer-1.0.0-Warning_percent', '80'); 
insert into object VALUES ('51747Dra500m1m-1.0.0', '51747Dra500m1m'); 
insert into keyvalues VALUES ('51747Dra500m1m-1.0.0-Type', '51747Dra500m1m-1.0.0', 'Roaming-Offer-1.0.0-Type', 'ROAMING'); 
insert into keyvalues VALUES ('51747Dra500m1m-1.0.0-Active', '51747Dra500m1m-1.0.0', 'Roaming-Offer-1.0.0-Active', 'false'); 
insert into keyvalues VALUES ('51747Dra500m1m-1.0.0-Price', '51747Dra500m1m-1.0.0', 'Roaming-Offer-1.0.0-Price', '5101'); 
insert into nestedkeyvalue VALUES ('51747Dra500m1m-1.0.0-Description-hun', '51747Dra500m1m-1.0.0-Description', 'The Internet Külföldön Option offers you 1 GB data traffic limit every month.'); 
insert into nestedkeyvalue VALUES ('51747Dra500m1m-1.0.0-Description-eng', '51747Dra500m1m-1.0.0-Description', 'Minden hónapban 1 GB adatmennyiség áll rendelkezésedre az Internet Külföldön Opcióval!'); 
insert into nestedkeyvalue VALUES ('51747Dra500m1m-1.0.0-Description-unLocalized', '51747Dra500m1m-1.0.0-Description', null); 
insert into nestedkeyvalue VALUES ('51747Dra500m1m-1.0.0-Description-def', '51747Dra500m1m-1.0.0-Description', 'Minden hónapban 1 GB adatmennyiség áll rendelkezésedre az Internet Külföldön Opcióval!'); 
insert into keyvalues VALUES ('51747Dra500m1m-1.0.0-Description', '51747Dra500m1m-1.0.0', 'Roaming-Offer-1.0.0-Description', null); 
insert into keyvalues VALUES ('51747Dra500m1m-1.0.0-Throttling_limit_mb', '51747Dra500m1m-1.0.0', 'Roaming-Offer-1.0.0-Throttling_limit_mb', '500'); 
insert into keyvalues VALUES ('51747Dra500m1m-1.0.0-Discount_counter_direction', '51747Dra500m1m-1.0.0', 'Roaming-Offer-1.0.0-Discount_counter_direction', 'down'); 
insert into keyvalues VALUES ('51747Dra500m1m-1.0.0-VFPLAN', '51747Dra500m1m-1.0.0', 'Roaming-Offer-1.0.0-VFPLAN', 'BOTH'); 
insert into nestedkeyvalue VALUES ('51747Dra500m1m-1.0.0-Name-hun', '51747Dra500m1m-1.0.0-Name', 'Internet Külföldön option'); 
insert into nestedkeyvalue VALUES ('51747Dra500m1m-1.0.0-Name-eng', '51747Dra500m1m-1.0.0-Name', 'Internet Külföldön Opció'); 
insert into nestedkeyvalue VALUES ('51747Dra500m1m-1.0.0-Name-unLocalized', '51747Dra500m1m-1.0.0-Name', null); 
insert into nestedkeyvalue VALUES ('51747Dra500m1m-1.0.0-Name-def', '51747Dra500m1m-1.0.0-Name', 'Internet Külföldön Opció'); 
insert into keyvalues VALUES ('51747Dra500m1m-1.0.0-Name', '51747Dra500m1m-1.0.0', 'Roaming-Offer-1.0.0-Name', null); 
insert into nestedkeyvalue VALUES ('51747Dra500m1m-1.0.0-Warning_text-hun', '51747Dra500m1m-1.0.0-Warning_text', 'You have used up 80% of your discounted monthly Internet Abroad option (500 MB). Vodafone'); 
insert into nestedkeyvalue VALUES ('51747Dra500m1m-1.0.0-Warning_text-eng', '51747Dra500m1m-1.0.0-Warning_text', 'Felhasználtad az Internet Külföldön opció havi kedvezményes forgalmi keretének (500MB) 80%-át. Vodafone'); 
insert into nestedkeyvalue VALUES ('51747Dra500m1m-1.0.0-Warning_text-unLocalized', '51747Dra500m1m-1.0.0-Warning_text', null); 
insert into nestedkeyvalue VALUES ('51747Dra500m1m-1.0.0-Warning_text-def', '51747Dra500m1m-1.0.0-Warning_text', 'Felhasználtad az Internet Külföldön opció havi kedvezményes forgalmi keretének (500MB) 80%-át. Vodafone'); 
insert into keyvalues VALUES ('51747Dra500m1m-1.0.0-Warning_text', '51747Dra500m1m-1.0.0', 'Roaming-Offer-1.0.0-Warning_text', null); 
insert into keyvalues VALUES ('51747Dra500m1m-1.0.0-Id', '51747Dra500m1m-1.0.0', 'Roaming-Offer-1.0.0-Id', '51747Dra500m1m'); 
insert into nestedkeyvalue VALUES ('51747Dra500m1m-1.0.0-Throttling_text-hun', '51747Dra500m1m-1.0.0-Throttling_text', 'You have used up your discounted monthly Internet Abroad option (500 MB). Normal charges of 60 Ft/100kB apply to the end of the month. Vodafone'); 
insert into nestedkeyvalue VALUES ('51747Dra500m1m-1.0.0-Throttling_text-eng', '51747Dra500m1m-1.0.0-Throttling_text', 'Felhasználtad az Internet Külföldön opció havi forgalmi keretét (500MB). Hó végéig 60Ft/100kB-os forgalmi díjas árazás érvényes. Vodafone'); 
insert into nestedkeyvalue VALUES ('51747Dra500m1m-1.0.0-Throttling_text-unLocalized', '51747Dra500m1m-1.0.0-Throttling_text', null); 
insert into nestedkeyvalue VALUES ('51747Dra500m1m-1.0.0-Throttling_text-def', '51747Dra500m1m-1.0.0-Throttling_text', 'Felhasználtad az Internet Külföldön opció havi forgalmi keretét (500MB). Hó végéig 60Ft/100kB-os forgalmi díjas árazás érvényes. Vodafone'); 
insert into keyvalues VALUES ('51747Dra500m1m-1.0.0-Throttling_text', '51747Dra500m1m-1.0.0', 'Roaming-Offer-1.0.0-Throttling_text', null); 
insert into keyvalues VALUES ('51747Dra500m1m-1.0.0-Warning_percent', '51747Dra500m1m-1.0.0', 'Roaming-Offer-1.0.0-Warning_percent', '80'); 
insert into object VALUES ('54327Dra50m1d-1.0.0', '54327Dra50m1d'); 
insert into keyvalues VALUES ('54327Dra50m1d-1.0.0-Type', '54327Dra50m1d-1.0.0', 'Roaming-Offer-1.0.0-Type', 'ROAMING'); 
insert into keyvalues VALUES ('54327Dra50m1d-1.0.0-Active', '54327Dra50m1d-1.0.0', 'Roaming-Offer-1.0.0-Active', 'true'); 
insert into keyvalues VALUES ('54327Dra50m1d-1.0.0-Price', '54327Dra50m1d-1.0.0', 'Roaming-Offer-1.0.0-Price', '0'); 
insert into nestedkeyvalue VALUES ('54327Dra50m1d-1.0.0-Description-hun', '54327Dra50m1d-1.0.0-Description', 'Use the RED Roaming weekly ticket available with your RED Super plan, talk for domestic rates when abroad, and don''t forget about the daily 50 MB data allowance.'); 
insert into nestedkeyvalue VALUES ('54327Dra50m1d-1.0.0-Description-eng', '54327Dra50m1d-1.0.0-Description', 'Használd a RED Super csomagoddal elérhető díjmentes RED Roaming hetijegyet, beszélj otthoni percdíjakkal külföldön is, és használd a rendelkezésedre álló napi 50MB adatot.'); 
insert into nestedkeyvalue VALUES ('54327Dra50m1d-1.0.0-Description-unLocalized', '54327Dra50m1d-1.0.0-Description', null); 
insert into nestedkeyvalue VALUES ('54327Dra50m1d-1.0.0-Description-def', '54327Dra50m1d-1.0.0-Description', 'Használd a RED Super csomagoddal elérhető díjmentes RED Roaming hetijegyet, beszélj otthoni percdíjakkal külföldön is, és használd a rendelkezésedre álló napi 50MB adatot.'); 
insert into keyvalues VALUES ('54327Dra50m1d-1.0.0-Description', '54327Dra50m1d-1.0.0', 'Roaming-Offer-1.0.0-Description', null); 
insert into objectrelation VALUES ('54327Dra50m1d-1.0.0-Upgrade_offer_ids-53831Dra50m1d', '54327Dra50m1d-1.0.0-Upgrade_offer_ids', '53831Dra50m1d-1.0.0'); 
insert into keyvalues VALUES ('54327Dra50m1d-1.0.0-Upgrade_offer_ids', '54327Dra50m1d-1.0.0', 'Roaming-Offer-1.0.0-Upgrade_offer_ids', null); 
insert into keyvalues VALUES ('54327Dra50m1d-1.0.0-Throttling_limit_mb', '54327Dra50m1d-1.0.0', 'Roaming-Offer-1.0.0-Throttling_limit_mb', '50'); 
insert into keyvalues VALUES ('54327Dra50m1d-1.0.0-Discount_counter_direction', '54327Dra50m1d-1.0.0', 'Roaming-Offer-1.0.0-Discount_counter_direction', 'down'); 
insert into keyvalues VALUES ('54327Dra50m1d-1.0.0-VFPLAN', '54327Dra50m1d-1.0.0', 'Roaming-Offer-1.0.0-VFPLAN', 'POST'); 
insert into nestedkeyvalue VALUES ('54327Dra50m1d-1.0.0-Name-hun', '54327Dra50m1d-1.0.0-Name', 'RED Roaming weekly ticket'); 
insert into nestedkeyvalue VALUES ('54327Dra50m1d-1.0.0-Name-eng', '54327Dra50m1d-1.0.0-Name', 'RED Roaming hetijegy'); 
insert into nestedkeyvalue VALUES ('54327Dra50m1d-1.0.0-Name-unLocalized', '54327Dra50m1d-1.0.0-Name', null); 
insert into nestedkeyvalue VALUES ('54327Dra50m1d-1.0.0-Name-def', '54327Dra50m1d-1.0.0-Name', 'RED Roaming hetijegy'); 
insert into keyvalues VALUES ('54327Dra50m1d-1.0.0-Name', '54327Dra50m1d-1.0.0', 'Roaming-Offer-1.0.0-Name', null); 
insert into nestedkeyvalue VALUES ('54327Dra50m1d-1.0.0-Warning_text-hun', '54327Dra50m1d-1.0.0-Warning_text', 'You have used up 80% of your RED Roaming data option. Vodafone'); 
insert into nestedkeyvalue VALUES ('54327Dra50m1d-1.0.0-Warning_text-eng', '54327Dra50m1d-1.0.0-Warning_text', 'Felhasználtad RED Roaming opciód adatforgalmi keretének 80%-át. Vodafone'); 
insert into nestedkeyvalue VALUES ('54327Dra50m1d-1.0.0-Warning_text-unLocalized', '54327Dra50m1d-1.0.0-Warning_text', null); 
insert into nestedkeyvalue VALUES ('54327Dra50m1d-1.0.0-Warning_text-def', '54327Dra50m1d-1.0.0-Warning_text', 'Felhasználtad RED Roaming opciód adatforgalmi keretének 80%-át. Vodafone'); 
insert into keyvalues VALUES ('54327Dra50m1d-1.0.0-Warning_text', '54327Dra50m1d-1.0.0', 'Roaming-Offer-1.0.0-Warning_text', null); 
insert into nestedkeyvalue VALUES ('54327Dra50m1d-1.0.0-PSMCodes-Deactivation', '54327Dra50m1d-1.0.0-PSMCodes', 'XREDROAMING'); 
insert into nestedkeyvalue VALUES ('54327Dra50m1d-1.0.0-PSMCodes-Status', '54327Dra50m1d-1.0.0-PSMCodes', 'SREDROAMING'); 
insert into nestedkeyvalue VALUES ('54327Dra50m1d-1.0.0-PSMCodes-Activation', '54327Dra50m1d-1.0.0-PSMCodes', 'REDROAMING'); 
insert into keyvalues VALUES ('54327Dra50m1d-1.0.0-PSMCodes', '54327Dra50m1d-1.0.0', 'Roaming-Offer-1.0.0-PSMCodes', null); 
insert into keyvalues VALUES ('54327Dra50m1d-1.0.0-Id', '54327Dra50m1d-1.0.0', 'Roaming-Offer-1.0.0-Id', '54327Dra50m1d'); 
insert into nestedkeyvalue VALUES ('54327Dra50m1d-1.0.0-Throttling_text-hun', '54327Dra50m1d-1.0.0-Throttling_text', 'You have used up your RED Roaming data option. Once your limit expires normal data traffic fees (60 Ft/100kB) will be charged. Vodafone'); 
insert into nestedkeyvalue VALUES ('54327Dra50m1d-1.0.0-Throttling_text-eng', '54327Dra50m1d-1.0.0-Throttling_text', 'Felhasználtad RED Roaming opciód adatforgalmi keretét. A felhasználását követően a forgalmi díjas árazás (60Ft/100kB) érvényes. Vodafone'); 
insert into nestedkeyvalue VALUES ('54327Dra50m1d-1.0.0-Throttling_text-unLocalized', '54327Dra50m1d-1.0.0-Throttling_text', null); 
insert into nestedkeyvalue VALUES ('54327Dra50m1d-1.0.0-Throttling_text-def', '54327Dra50m1d-1.0.0-Throttling_text', 'Felhasználtad RED Roaming opciód adatforgalmi keretét. A felhasználását követően a forgalmi díjas árazás (60Ft/100kB) érvényes. Vodafone'); 
insert into keyvalues VALUES ('54327Dra50m1d-1.0.0-Throttling_text', '54327Dra50m1d-1.0.0', 'Roaming-Offer-1.0.0-Throttling_text', null); 
insert into keyvalues VALUES ('54327Dra50m1d-1.0.0-Warning_percent', '54327Dra50m1d-1.0.0', 'Roaming-Offer-1.0.0-Warning_percent', '80'); 
