insert into object VALUES ('59023-1.0.0', '59023'); 
insert into nestedkeyvalue VALUES ('59023-1.0.0-PSMCodes-Activation', '59023-1.0.0-PSMCodes', null); 
insert into keyvalue VALUES ('59023-1.0.0-PSMCodes', '59023-1.0.0', 'Post-Pool-1.0.0-PSMCodes', null); 
insert into objectrelation VALUES ('59023-1.0.0-Addon_ids_master-57598', '59023-1.0.0-Addon_ids_master', '57598-1.0.0'); 
insert into objectrelation VALUES ('59023-1.0.0-Addon_ids_master-51863', '59023-1.0.0-Addon_ids_master', '51863-1.0.0'); 
insert into objectrelation VALUES ('59023-1.0.0-Addon_ids_master-51857', '59023-1.0.0-Addon_ids_master', '51857-1.0.0'); 
insert into keyvalue VALUES ('59023-1.0.0-Addon_ids_master', '59023-1.0.0', 'Post-Pool-1.0.0-Addon_ids_master', null); 
insert into objectrelation VALUES ('59023-1.0.0-Refill_ids-O_REFIL_590c6', '59023-1.0.0-Refill_ids', 'O_REFIL_590c6-1.0.0'); 
insert into objectrelation VALUES ('59023-1.0.0-Refill_ids-O_REFIL_1574c8', '59023-1.0.0-Refill_ids', 'O_REFIL_1574c8-1.0.0'); 
insert into objectrelation VALUES ('59023-1.0.0-Refill_ids-O_REFIL_2354c33', '59023-1.0.0-Refill_ids', 'O_REFIL_2354c33-1.0.0'); 
insert into keyvalue VALUES ('59023-1.0.0-Refill_ids', '59023-1.0.0', 'Post-Pool-1.0.0-Refill_ids', null); 
insert into keyvalue VALUES ('59023-1.0.0-Featured', '59023-1.0.0', 'Post-Pool-1.0.0-Featured', 'false'); 
insert into keyvalue VALUES ('59023-1.0.0-BaseOfferIncluded', '59023-1.0.0', 'Post-Pool-1.0.0-BaseOfferIncluded', 'true'); 
insert into objectrelation VALUES ('59023-1.0.0-Addon_ids_member-57598', '59023-1.0.0-Addon_ids_member', '57598-1.0.0'); 
insert into objectrelation VALUES ('59023-1.0.0-Addon_ids_member-51863', '59023-1.0.0-Addon_ids_member', '51863-1.0.0'); 
insert into objectrelation VALUES ('59023-1.0.0-Addon_ids_member-51857', '59023-1.0.0-Addon_ids_member', '51857-1.0.0'); 
insert into keyvalue VALUES ('59023-1.0.0-Addon_ids_member', '59023-1.0.0', 'Post-Pool-1.0.0-Addon_ids_member', null); 
insert into keyvalue VALUES ('59023-1.0.0-Id', '59023-1.0.0', 'Post-Pool-1.0.0-Id', '59023'); 
insert into keyvalue VALUES ('59023-1.0.0-Offer_ids_master', '59023-1.0.0', 'Post-Pool-1.0.0-Offer_ids_master', null); 
insert into keyvalue VALUES ('59023-1.0.0-Offer_ids_member', '59023-1.0.0', 'Post-Pool-1.0.0-Offer_ids_member', null); 
insert into keyvalue VALUES ('59023-1.0.0-Data_usage_mb', '59023-1.0.0', 'Post-Pool-1.0.0-Data_usage_mb', '8192'); 
insert into keyvalue VALUES ('59023-1.0.0-Price', '59023-1.0.0', 'Post-Pool-1.0.0-Price', '0'); 
insert into keyvalue VALUES ('59023-1.0.0-Active', '59023-1.0.0', 'Post-Pool-1.0.0-Active', 'false'); 
insert into nestedkeyvalue VALUES ('59023-1.0.0-Name-def', '59023-1.0.0-Name', 'Business RED Prémium'); 
insert into nestedkeyvalue VALUES ('59023-1.0.0-Name-eng', '59023-1.0.0-Name', 'Business RED Prémium'); 
insert into nestedkeyvalue VALUES ('59023-1.0.0-Name-hun', '59023-1.0.0-Name', 'Business RED Premium'); 
insert into nestedkeyvalue VALUES ('59023-1.0.0-Name-unLocalized', '59023-1.0.0-Name', null); 
insert into keyvalue VALUES ('59023-1.0.0-Name', '59023-1.0.0', 'Post-Pool-1.0.0-Name', null); 
insert into nestedkeyvalue VALUES ('59023-1.0.0-Description-def', '59023-1.0.0-Description', 'Ezzel a csomaggal 8 GB osztható adat áll rendelkezésedre minden számlázási ciklusban. Ha többre van szükséged, válassz kiegészítő adat opcióink közül.'); 
insert into nestedkeyvalue VALUES ('59023-1.0.0-Description-eng', '59023-1.0.0-Description', 'Ezzel a csomaggal 8 GB osztható adat áll rendelkezésedre minden számlázási ciklusban. Ha többre van szükséged, válassz kiegészítő adat opcióink közül.'); 
insert into nestedkeyvalue VALUES ('59023-1.0.0-Description-hun', '59023-1.0.0-Description', 'This tariff has 8 GB of shared mobile internet included in each monthly billing period. If you need more, you can choose a great value extra data pack from below.'); 
insert into nestedkeyvalue VALUES ('59023-1.0.0-Description-unLocalized', '59023-1.0.0-Description', null); 
insert into keyvalue VALUES ('59023-1.0.0-Description', '59023-1.0.0', 'Post-Pool-1.0.0-Description', null); 
insert into keyvalue VALUES ('59023-1.0.0-Upgrade_pool_ids', '59023-1.0.0', 'Post-Pool-1.0.0-Upgrade_pool_ids', null); 
insert into keyvalue VALUES ('59023-1.0.0-MaxMember', '59023-1.0.0', 'Post-Pool-1.0.0-MaxMember', '2'); 
insert into keyvalue VALUES ('59023-1.0.0-Type', '59023-1.0.0', 'Post-Pool-1.0.0-Type', 'IOYM'); 
insert into keyvalue VALUES ('59023-1.0.0-UnlimitedContentPackages', '59023-1.0.0', 'Post-Pool-1.0.0-UnlimitedContentPackages', null); 
insert into object VALUES ('59020-1.0.0', '59020'); 
insert into nestedkeyvalue VALUES ('59020-1.0.0-PSMCodes-Activation', '59020-1.0.0-PSMCodes', null); 
insert into keyvalue VALUES ('59020-1.0.0-PSMCodes', '59020-1.0.0', 'Post-Pool-1.0.0-PSMCodes', null); 
insert into objectrelation VALUES ('59020-1.0.0-Addon_ids_master-51857', '59020-1.0.0-Addon_ids_master', '51857-1.0.0'); 
insert into objectrelation VALUES ('59020-1.0.0-Addon_ids_master-51860', '59020-1.0.0-Addon_ids_master', '51860-1.0.0'); 
insert into objectrelation VALUES ('59020-1.0.0-Addon_ids_master-51863', '59020-1.0.0-Addon_ids_master', '51863-1.0.0'); 
insert into objectrelation VALUES ('59020-1.0.0-Addon_ids_master-60295', '59020-1.0.0-Addon_ids_master', '60295-1.0.0'); 
insert into objectrelation VALUES ('59020-1.0.0-Addon_ids_master-60223', '59020-1.0.0-Addon_ids_master', '60223-1.0.0'); 
insert into keyvalue VALUES ('59020-1.0.0-Addon_ids_master', '59020-1.0.0', 'Post-Pool-1.0.0-Addon_ids_master', null); 
insert into objectrelation VALUES ('59020-1.0.0-Refill_ids-O_REFIL_590c55', '59020-1.0.0-Refill_ids', 'O_REFIL_590c55-1.0.0'); 
insert into objectrelation VALUES ('59020-1.0.0-Refill_ids-O_REFIL_1574c8', '59020-1.0.0-Refill_ids', 'O_REFIL_1574c8-1.0.0'); 
insert into objectrelation VALUES ('59020-1.0.0-Refill_ids-60217', '59020-1.0.0-Refill_ids', '60217-1.0.0'); 
insert into keyvalue VALUES ('59020-1.0.0-Refill_ids', '59020-1.0.0', 'Post-Pool-1.0.0-Refill_ids', null); 
insert into keyvalue VALUES ('59020-1.0.0-Featured', '59020-1.0.0', 'Post-Pool-1.0.0-Featured', 'false'); 
insert into keyvalue VALUES ('59020-1.0.0-BaseOfferIncluded', '59020-1.0.0', 'Post-Pool-1.0.0-BaseOfferIncluded', 'true'); 
insert into keyvalue VALUES ('59020-1.0.0-Addon_ids_member', '59020-1.0.0', 'Post-Pool-1.0.0-Addon_ids_member', null); 
insert into keyvalue VALUES ('59020-1.0.0-Id', '59020-1.0.0', 'Post-Pool-1.0.0-Id', '59020'); 
insert into keyvalue VALUES ('59020-1.0.0-Offer_ids_master', '59020-1.0.0', 'Post-Pool-1.0.0-Offer_ids_master', null); 
insert into keyvalue VALUES ('59020-1.0.0-Offer_ids_member', '59020-1.0.0', 'Post-Pool-1.0.0-Offer_ids_member', null); 
insert into keyvalue VALUES ('59020-1.0.0-Data_usage_mb', '59020-1.0.0', 'Post-Pool-1.0.0-Data_usage_mb', '2048'); 
insert into keyvalue VALUES ('59020-1.0.0-Price', '59020-1.0.0', 'Post-Pool-1.0.0-Price', '0'); 
insert into keyvalue VALUES ('59020-1.0.0-Active', '59020-1.0.0', 'Post-Pool-1.0.0-Active', 'false'); 
insert into nestedkeyvalue VALUES ('59020-1.0.0-Name-def', '59020-1.0.0-Name', 'Osztható adat 2 GB'); 
insert into nestedkeyvalue VALUES ('59020-1.0.0-Name-eng', '59020-1.0.0-Name', 'Osztható adat 2 GB'); 
insert into nestedkeyvalue VALUES ('59020-1.0.0-Name-hun', '59020-1.0.0-Name', 'Shared data 2 GB'); 
insert into nestedkeyvalue VALUES ('59020-1.0.0-Name-unLocalized', '59020-1.0.0-Name', null); 
insert into keyvalue VALUES ('59020-1.0.0-Name', '59020-1.0.0', 'Post-Pool-1.0.0-Name', null); 
insert into nestedkeyvalue VALUES ('59020-1.0.0-Description-def', '59020-1.0.0-Description', 'Jelenlegi tarifáddal 2 GB osztható adat áll rendelkezésedre minden számlázási ciklusban. Ha többre van szükséged válassz Plusz Osztható Adat opcióink közül a Plusz Adat vásárlás menüpontban.'); 
insert into nestedkeyvalue VALUES ('59020-1.0.0-Description-eng', '59020-1.0.0-Description', 'Jelenlegi tarifáddal 2 GB osztható adat áll rendelkezésedre minden számlázási ciklusban. Ha többre van szükséged válassz Plusz Osztható Adat opcióink közül a Plusz Adat vásárlás menüpontban.'); 
insert into nestedkeyvalue VALUES ('59020-1.0.0-Description-hun', '59020-1.0.0-Description', 'This tariff has 2 GB of shared mobile internet included in each monthly billing period. If you need more or use all of your 2 GB, you can choose a great value extra data pack from below.'); 
insert into nestedkeyvalue VALUES ('59020-1.0.0-Description-unLocalized', '59020-1.0.0-Description', null); 
insert into keyvalue VALUES ('59020-1.0.0-Description', '59020-1.0.0', 'Post-Pool-1.0.0-Description', null); 
insert into keyvalue VALUES ('59020-1.0.0-Upgrade_pool_ids', '59020-1.0.0', 'Post-Pool-1.0.0-Upgrade_pool_ids', null); 
insert into keyvalue VALUES ('59020-1.0.0-MaxMember', '59020-1.0.0', 'Post-Pool-1.0.0-MaxMember', '2'); 
insert into keyvalue VALUES ('59020-1.0.0-Type', '59020-1.0.0', 'Post-Pool-1.0.0-Type', 'IOYM'); 
insert into objectrelation VALUES ('59020-1.0.0-UnlimitedContentPackages-UCP67695', '59020-1.0.0-UnlimitedContentPackages', 'UCP67695-1.0.0'); 
insert into objectrelation VALUES ('59020-1.0.0-UnlimitedContentPackages-UCP67694', '59020-1.0.0-UnlimitedContentPackages', 'UCP67694-1.0.0'); 
insert into objectrelation VALUES ('59020-1.0.0-UnlimitedContentPackages-UCP67693', '59020-1.0.0-UnlimitedContentPackages', 'UCP67693-1.0.0'); 
insert into objectrelation VALUES ('59020-1.0.0-UnlimitedContentPackages-UCP67696', '59020-1.0.0-UnlimitedContentPackages', 'UCP67696-1.0.0'); 
insert into keyvalue VALUES ('59020-1.0.0-UnlimitedContentPackages', '59020-1.0.0', 'Post-Pool-1.0.0-UnlimitedContentPackages', null); 
insert into object VALUES ('58983-1.0.0', '58983'); 
insert into nestedkeyvalue VALUES ('58983-1.0.0-PSMCodes-Activation', '58983-1.0.0-PSMCodes', null); 
insert into keyvalue VALUES ('58983-1.0.0-PSMCodes', '58983-1.0.0', 'Post-Pool-1.0.0-PSMCodes', null); 
insert into objectrelation VALUES ('58983-1.0.0-Addon_ids_master-57598', '58983-1.0.0-Addon_ids_master', '57598-1.0.0'); 
insert into objectrelation VALUES ('58983-1.0.0-Addon_ids_master-51863', '58983-1.0.0-Addon_ids_master', '51863-1.0.0'); 
insert into objectrelation VALUES ('58983-1.0.0-Addon_ids_master-51857', '58983-1.0.0-Addon_ids_master', '51857-1.0.0'); 
insert into keyvalue VALUES ('58983-1.0.0-Addon_ids_master', '58983-1.0.0', 'Post-Pool-1.0.0-Addon_ids_master', null); 
insert into objectrelation VALUES ('58983-1.0.0-Refill_ids-O_REFIL_590c6', '58983-1.0.0-Refill_ids', 'O_REFIL_590c6-1.0.0'); 
insert into objectrelation VALUES ('58983-1.0.0-Refill_ids-O_REFIL_1574c8', '58983-1.0.0-Refill_ids', 'O_REFIL_1574c8-1.0.0'); 
insert into objectrelation VALUES ('58983-1.0.0-Refill_ids-O_REFIL_2354c33', '58983-1.0.0-Refill_ids', 'O_REFIL_2354c33-1.0.0'); 
insert into keyvalue VALUES ('58983-1.0.0-Refill_ids', '58983-1.0.0', 'Post-Pool-1.0.0-Refill_ids', null); 
insert into keyvalue VALUES ('58983-1.0.0-Featured', '58983-1.0.0', 'Post-Pool-1.0.0-Featured', 'true'); 
insert into keyvalue VALUES ('58983-1.0.0-BaseOfferIncluded', '58983-1.0.0', 'Post-Pool-1.0.0-BaseOfferIncluded', 'true'); 
insert into keyvalue VALUES ('58983-1.0.0-Addon_ids_member', '58983-1.0.0', 'Post-Pool-1.0.0-Addon_ids_member', null); 
insert into keyvalue VALUES ('58983-1.0.0-Id', '58983-1.0.0', 'Post-Pool-1.0.0-Id', '58983'); 
insert into keyvalue VALUES ('58983-1.0.0-Offer_ids_master', '58983-1.0.0', 'Post-Pool-1.0.0-Offer_ids_master', null); 
insert into keyvalue VALUES ('58983-1.0.0-Offer_ids_member', '58983-1.0.0', 'Post-Pool-1.0.0-Offer_ids_member', null); 
insert into keyvalue VALUES ('58983-1.0.0-Data_usage_mb', '58983-1.0.0', 'Post-Pool-1.0.0-Data_usage_mb', '3072'); 
insert into keyvalue VALUES ('58983-1.0.0-Price', '58983-1.0.0', 'Post-Pool-1.0.0-Price', '2779'); 
insert into keyvalue VALUES ('58983-1.0.0-Active', '58983-1.0.0', 'Post-Pool-1.0.0-Active', 'false'); 
insert into nestedkeyvalue VALUES ('58983-1.0.0-Name-def', '58983-1.0.0-Name', 'Osztható adat 3GB (2 SIM, 2év)'); 
insert into nestedkeyvalue VALUES ('58983-1.0.0-Name-eng', '58983-1.0.0-Name', 'Osztható adat 3GB (2 SIM, 2év)'); 
insert into nestedkeyvalue VALUES ('58983-1.0.0-Name-hun', '58983-1.0.0-Name', 'Pool Quota 3GB (2 SIM, 2years)'); 
insert into nestedkeyvalue VALUES ('58983-1.0.0-Name-unLocalized', '58983-1.0.0-Name', null); 
insert into keyvalue VALUES ('58983-1.0.0-Name', '58983-1.0.0', 'Post-Pool-1.0.0-Name', null); 
insert into nestedkeyvalue VALUES ('58983-1.0.0-Description-def', '58983-1.0.0-Description', 'Ezzel a csomaggal 3 GB áll rendelkezésedre számlazárásig. Ha többre van szükséged, válassz kiegészítő adat opcióink közül.'); 
insert into nestedkeyvalue VALUES ('58983-1.0.0-Description-eng', '58983-1.0.0-Description', 'Ezzel a csomaggal 3 GB áll rendelkezésedre számlazárásig. Ha többre van szükséged, válassz kiegészítő adat opcióink közül.'); 
insert into nestedkeyvalue VALUES ('58983-1.0.0-Description-hun', '58983-1.0.0-Description', 'Your tariff has 3GB of mobile internet included in each monthly billing period. If you need more, you can choose an extra data pack from above. Vodafone'); 
insert into nestedkeyvalue VALUES ('58983-1.0.0-Description-unLocalized', '58983-1.0.0-Description', null); 
insert into keyvalue VALUES ('58983-1.0.0-Description', '58983-1.0.0', 'Post-Pool-1.0.0-Description', null); 
insert into keyvalue VALUES ('58983-1.0.0-Upgrade_pool_ids', '58983-1.0.0', 'Post-Pool-1.0.0-Upgrade_pool_ids', null); 
insert into keyvalue VALUES ('58983-1.0.0-MaxMember', '58983-1.0.0', 'Post-Pool-1.0.0-MaxMember', '2'); 
insert into keyvalue VALUES ('58983-1.0.0-Type', '58983-1.0.0', 'Post-Pool-1.0.0-Type', 'IOYM'); 
insert into keyvalue VALUES ('58983-1.0.0-UnlimitedContentPackages', '58983-1.0.0', 'Post-Pool-1.0.0-UnlimitedContentPackages', null); 
insert into object VALUES ('58986-1.0.0', '58986'); 
insert into nestedkeyvalue VALUES ('58986-1.0.0-PSMCodes-Activation', '58986-1.0.0-PSMCodes', null); 
insert into keyvalue VALUES ('58986-1.0.0-PSMCodes', '58986-1.0.0', 'Post-Pool-1.0.0-PSMCodes', null); 
insert into objectrelation VALUES ('58986-1.0.0-Addon_ids_master-57598', '58986-1.0.0-Addon_ids_master', '57598-1.0.0'); 
insert into objectrelation VALUES ('58986-1.0.0-Addon_ids_master-51863', '58986-1.0.0-Addon_ids_master', '51863-1.0.0'); 
insert into objectrelation VALUES ('58986-1.0.0-Addon_ids_master-51857', '58986-1.0.0-Addon_ids_master', '51857-1.0.0'); 
insert into keyvalue VALUES ('58986-1.0.0-Addon_ids_master', '58986-1.0.0', 'Post-Pool-1.0.0-Addon_ids_master', null); 
insert into objectrelation VALUES ('58986-1.0.0-Refill_ids-O_REFIL_590c6', '58986-1.0.0-Refill_ids', 'O_REFIL_590c6-1.0.0'); 
insert into objectrelation VALUES ('58986-1.0.0-Refill_ids-O_REFIL_1574c8', '58986-1.0.0-Refill_ids', 'O_REFIL_1574c8-1.0.0'); 
insert into objectrelation VALUES ('58986-1.0.0-Refill_ids-O_REFIL_2354c33', '58986-1.0.0-Refill_ids', 'O_REFIL_2354c33-1.0.0'); 
insert into keyvalue VALUES ('58986-1.0.0-Refill_ids', '58986-1.0.0', 'Post-Pool-1.0.0-Refill_ids', null); 
insert into keyvalue VALUES ('58986-1.0.0-Featured', '58986-1.0.0', 'Post-Pool-1.0.0-Featured', 'true'); 
insert into keyvalue VALUES ('58986-1.0.0-BaseOfferIncluded', '58986-1.0.0', 'Post-Pool-1.0.0-BaseOfferIncluded', 'true'); 
insert into keyvalue VALUES ('58986-1.0.0-Addon_ids_member', '58986-1.0.0', 'Post-Pool-1.0.0-Addon_ids_member', null); 
insert into keyvalue VALUES ('58986-1.0.0-Id', '58986-1.0.0', 'Post-Pool-1.0.0-Id', '58986'); 
insert into keyvalue VALUES ('58986-1.0.0-Offer_ids_master', '58986-1.0.0', 'Post-Pool-1.0.0-Offer_ids_master', null); 
insert into keyvalue VALUES ('58986-1.0.0-Offer_ids_member', '58986-1.0.0', 'Post-Pool-1.0.0-Offer_ids_member', null); 
insert into keyvalue VALUES ('58986-1.0.0-Data_usage_mb', '58986-1.0.0', 'Post-Pool-1.0.0-Data_usage_mb', '8192'); 
insert into keyvalue VALUES ('58986-1.0.0-Price', '58986-1.0.0', 'Post-Pool-1.0.0-Price', '3708'); 
insert into keyvalue VALUES ('58986-1.0.0-Active', '58986-1.0.0', 'Post-Pool-1.0.0-Active', 'false'); 
insert into nestedkeyvalue VALUES ('58986-1.0.0-Name-def', '58986-1.0.0-Name', 'Osztható adat 8GB (2 SIM, 2év)'); 
insert into nestedkeyvalue VALUES ('58986-1.0.0-Name-eng', '58986-1.0.0-Name', 'Osztható adat 8GB (2 SIM, 2év)'); 
insert into nestedkeyvalue VALUES ('58986-1.0.0-Name-hun', '58986-1.0.0-Name', 'Pool Quota 8GB (2 SIM, 2years)'); 
insert into nestedkeyvalue VALUES ('58986-1.0.0-Name-unLocalized', '58986-1.0.0-Name', null); 
insert into keyvalue VALUES ('58986-1.0.0-Name', '58986-1.0.0', 'Post-Pool-1.0.0-Name', null); 
insert into nestedkeyvalue VALUES ('58986-1.0.0-Description-def', '58986-1.0.0-Description', 'Ezzel a csomaggal 8 GB áll rendelkezésedre számlazárásig. Ha többre van szükséged, válassz kiegészítő adat opcióink közül.'); 
insert into nestedkeyvalue VALUES ('58986-1.0.0-Description-eng', '58986-1.0.0-Description', 'Ezzel a csomaggal 8 GB áll rendelkezésedre számlazárásig. Ha többre van szükséged, válassz kiegészítő adat opcióink közül.'); 
insert into nestedkeyvalue VALUES ('58986-1.0.0-Description-hun', '58986-1.0.0-Description', 'Your tariff has 8GB of mobile internet included in each monthly billing period. If you need more, you can choose an extra data pack from above. Vodafone'); 
insert into nestedkeyvalue VALUES ('58986-1.0.0-Description-unLocalized', '58986-1.0.0-Description', null); 
insert into keyvalue VALUES ('58986-1.0.0-Description', '58986-1.0.0', 'Post-Pool-1.0.0-Description', null); 
insert into keyvalue VALUES ('58986-1.0.0-Upgrade_pool_ids', '58986-1.0.0', 'Post-Pool-1.0.0-Upgrade_pool_ids', null); 
insert into keyvalue VALUES ('58986-1.0.0-MaxMember', '58986-1.0.0', 'Post-Pool-1.0.0-MaxMember', '2'); 
insert into keyvalue VALUES ('58986-1.0.0-Type', '58986-1.0.0', 'Post-Pool-1.0.0-Type', 'IOYM'); 
insert into keyvalue VALUES ('58986-1.0.0-UnlimitedContentPackages', '58986-1.0.0', 'Post-Pool-1.0.0-UnlimitedContentPackages', null); 
insert into object VALUES ('58989-1.0.0', '58989'); 
insert into nestedkeyvalue VALUES ('58989-1.0.0-PSMCodes-Activation', '58989-1.0.0-PSMCodes', null); 
insert into keyvalue VALUES ('58989-1.0.0-PSMCodes', '58989-1.0.0', 'Post-Pool-1.0.0-PSMCodes', null); 
insert into objectrelation VALUES ('58989-1.0.0-Addon_ids_master-57598', '58989-1.0.0-Addon_ids_master', '57598-1.0.0'); 
insert into objectrelation VALUES ('58989-1.0.0-Addon_ids_master-51863', '58989-1.0.0-Addon_ids_master', '51863-1.0.0'); 
insert into objectrelation VALUES ('58989-1.0.0-Addon_ids_master-51857', '58989-1.0.0-Addon_ids_master', '51857-1.0.0'); 
insert into keyvalue VALUES ('58989-1.0.0-Addon_ids_master', '58989-1.0.0', 'Post-Pool-1.0.0-Addon_ids_master', null); 
insert into objectrelation VALUES ('58989-1.0.0-Refill_ids-O_REFIL_590c6', '58989-1.0.0-Refill_ids', 'O_REFIL_590c6-1.0.0'); 
insert into objectrelation VALUES ('58989-1.0.0-Refill_ids-O_REFIL_1574c8', '58989-1.0.0-Refill_ids', 'O_REFIL_1574c8-1.0.0'); 
insert into objectrelation VALUES ('58989-1.0.0-Refill_ids-O_REFIL_2354c33', '58989-1.0.0-Refill_ids', 'O_REFIL_2354c33-1.0.0'); 
insert into keyvalue VALUES ('58989-1.0.0-Refill_ids', '58989-1.0.0', 'Post-Pool-1.0.0-Refill_ids', null); 
insert into keyvalue VALUES ('58989-1.0.0-Featured', '58989-1.0.0', 'Post-Pool-1.0.0-Featured', 'true'); 
insert into keyvalue VALUES ('58989-1.0.0-BaseOfferIncluded', '58989-1.0.0', 'Post-Pool-1.0.0-BaseOfferIncluded', 'true'); 
insert into keyvalue VALUES ('58989-1.0.0-Addon_ids_member', '58989-1.0.0', 'Post-Pool-1.0.0-Addon_ids_member', null); 
insert into keyvalue VALUES ('58989-1.0.0-Id', '58989-1.0.0', 'Post-Pool-1.0.0-Id', '58989'); 
insert into keyvalue VALUES ('58989-1.0.0-Offer_ids_master', '58989-1.0.0', 'Post-Pool-1.0.0-Offer_ids_master', null); 
insert into keyvalue VALUES ('58989-1.0.0-Offer_ids_member', '58989-1.0.0', 'Post-Pool-1.0.0-Offer_ids_member', null); 
insert into keyvalue VALUES ('58989-1.0.0-Data_usage_mb', '58989-1.0.0', 'Post-Pool-1.0.0-Data_usage_mb', '12288'); 
insert into keyvalue VALUES ('58989-1.0.0-Price', '58989-1.0.0', 'Post-Pool-1.0.0-Price', '5101'); 
insert into keyvalue VALUES ('58989-1.0.0-Active', '58989-1.0.0', 'Post-Pool-1.0.0-Active', 'false'); 
insert into nestedkeyvalue VALUES ('58989-1.0.0-Name-def', '58989-1.0.0-Name', 'Osztható adat 12GB (2 SIM, 2év)'); 
insert into nestedkeyvalue VALUES ('58989-1.0.0-Name-eng', '58989-1.0.0-Name', 'Osztható adat 12GB (2 SIM, 2év)'); 
insert into nestedkeyvalue VALUES ('58989-1.0.0-Name-hun', '58989-1.0.0-Name', 'Pool Quota 12GB (2 SIM, 2years)'); 
insert into nestedkeyvalue VALUES ('58989-1.0.0-Name-unLocalized', '58989-1.0.0-Name', null); 
insert into keyvalue VALUES ('58989-1.0.0-Name', '58989-1.0.0', 'Post-Pool-1.0.0-Name', null); 
insert into nestedkeyvalue VALUES ('58989-1.0.0-Description-def', '58989-1.0.0-Description', 'Ezzel a csomaggal 12 GB áll rendelkezésedre számlazárásig. Ha többre van szükséged, válassz kiegészítő adat opcióink közül.'); 
insert into nestedkeyvalue VALUES ('58989-1.0.0-Description-eng', '58989-1.0.0-Description', 'Ezzel a csomaggal 12 GB áll rendelkezésedre számlazárásig. Ha többre van szükséged, válassz kiegészítő adat opcióink közül.'); 
insert into nestedkeyvalue VALUES ('58989-1.0.0-Description-hun', '58989-1.0.0-Description', 'Your tariff has 12GB of mobile internet included in each monthly billing period. If you need more, you can choose an extra data pack from above. Vodafone'); 
insert into nestedkeyvalue VALUES ('58989-1.0.0-Description-unLocalized', '58989-1.0.0-Description', null); 
insert into keyvalue VALUES ('58989-1.0.0-Description', '58989-1.0.0', 'Post-Pool-1.0.0-Description', null); 
insert into keyvalue VALUES ('58989-1.0.0-Upgrade_pool_ids', '58989-1.0.0', 'Post-Pool-1.0.0-Upgrade_pool_ids', null); 
insert into keyvalue VALUES ('58989-1.0.0-MaxMember', '58989-1.0.0', 'Post-Pool-1.0.0-MaxMember', '2'); 
insert into keyvalue VALUES ('58989-1.0.0-Type', '58989-1.0.0', 'Post-Pool-1.0.0-Type', 'IOYM'); 
insert into keyvalue VALUES ('58989-1.0.0-UnlimitedContentPackages', '58989-1.0.0', 'Post-Pool-1.0.0-UnlimitedContentPackages', null); 
insert into object VALUES ('58992-1.0.0', '58992'); 
insert into nestedkeyvalue VALUES ('58992-1.0.0-PSMCodes-Activation', '58992-1.0.0-PSMCodes', null); 
insert into keyvalue VALUES ('58992-1.0.0-PSMCodes', '58992-1.0.0', 'Post-Pool-1.0.0-PSMCodes', null); 
insert into objectrelation VALUES ('58992-1.0.0-Addon_ids_master-57598', '58992-1.0.0-Addon_ids_master', '57598-1.0.0'); 
insert into objectrelation VALUES ('58992-1.0.0-Addon_ids_master-51863', '58992-1.0.0-Addon_ids_master', '51863-1.0.0'); 
insert into objectrelation VALUES ('58992-1.0.0-Addon_ids_master-51857', '58992-1.0.0-Addon_ids_master', '51857-1.0.0'); 
insert into keyvalue VALUES ('58992-1.0.0-Addon_ids_master', '58992-1.0.0', 'Post-Pool-1.0.0-Addon_ids_master', null); 
insert into objectrelation VALUES ('58992-1.0.0-Refill_ids-O_REFIL_590c6', '58992-1.0.0-Refill_ids', 'O_REFIL_590c6-1.0.0'); 
insert into objectrelation VALUES ('58992-1.0.0-Refill_ids-O_REFIL_1574c8', '58992-1.0.0-Refill_ids', 'O_REFIL_1574c8-1.0.0'); 
insert into objectrelation VALUES ('58992-1.0.0-Refill_ids-O_REFIL_2354c33', '58992-1.0.0-Refill_ids', 'O_REFIL_2354c33-1.0.0'); 
insert into keyvalue VALUES ('58992-1.0.0-Refill_ids', '58992-1.0.0', 'Post-Pool-1.0.0-Refill_ids', null); 
insert into keyvalue VALUES ('58992-1.0.0-Featured', '58992-1.0.0', 'Post-Pool-1.0.0-Featured', 'true'); 
insert into keyvalue VALUES ('58992-1.0.0-BaseOfferIncluded', '58992-1.0.0', 'Post-Pool-1.0.0-BaseOfferIncluded', 'true'); 
insert into keyvalue VALUES ('58992-1.0.0-Addon_ids_member', '58992-1.0.0', 'Post-Pool-1.0.0-Addon_ids_member', null); 
insert into keyvalue VALUES ('58992-1.0.0-Id', '58992-1.0.0', 'Post-Pool-1.0.0-Id', '58992'); 
insert into keyvalue VALUES ('58992-1.0.0-Offer_ids_master', '58992-1.0.0', 'Post-Pool-1.0.0-Offer_ids_master', null); 
insert into keyvalue VALUES ('58992-1.0.0-Offer_ids_member', '58992-1.0.0', 'Post-Pool-1.0.0-Offer_ids_member', null); 
insert into keyvalue VALUES ('58992-1.0.0-Data_usage_mb', '58992-1.0.0', 'Post-Pool-1.0.0-Data_usage_mb', '20480'); 
insert into keyvalue VALUES ('58992-1.0.0-Price', '58992-1.0.0', 'Post-Pool-1.0.0-Price', '6960'); 
insert into keyvalue VALUES ('58992-1.0.0-Active', '58992-1.0.0', 'Post-Pool-1.0.0-Active', 'false'); 
insert into nestedkeyvalue VALUES ('58992-1.0.0-Name-def', '58992-1.0.0-Name', 'Osztható adat 20GB (2 SIM, 2év)'); 
insert into nestedkeyvalue VALUES ('58992-1.0.0-Name-eng', '58992-1.0.0-Name', 'Osztható adat 20GB (2 SIM, 2év)'); 
insert into nestedkeyvalue VALUES ('58992-1.0.0-Name-hun', '58992-1.0.0-Name', 'Pool Quota 20GB (2 SIM, 2years)'); 
insert into nestedkeyvalue VALUES ('58992-1.0.0-Name-unLocalized', '58992-1.0.0-Name', null); 
insert into keyvalue VALUES ('58992-1.0.0-Name', '58992-1.0.0', 'Post-Pool-1.0.0-Name', null); 
insert into nestedkeyvalue VALUES ('58992-1.0.0-Description-def', '58992-1.0.0-Description', 'Ezzel a csomaggal 20 GB áll rendelkezésedre számlazárásig. Ha többre van szükséged, válassz kiegészítő adat opcióink közül.'); 
insert into nestedkeyvalue VALUES ('58992-1.0.0-Description-eng', '58992-1.0.0-Description', 'Ezzel a csomaggal 20 GB áll rendelkezésedre számlazárásig. Ha többre van szükséged, válassz kiegészítő adat opcióink közül.'); 
insert into nestedkeyvalue VALUES ('58992-1.0.0-Description-hun', '58992-1.0.0-Description', 'Your tariff has 20GB of mobile internet included in each monthly billing period. If you need more, you can choose an extra data pack from above. Vodafone'); 
insert into nestedkeyvalue VALUES ('58992-1.0.0-Description-unLocalized', '58992-1.0.0-Description', null); 
insert into keyvalue VALUES ('58992-1.0.0-Description', '58992-1.0.0', 'Post-Pool-1.0.0-Description', null); 
insert into keyvalue VALUES ('58992-1.0.0-Upgrade_pool_ids', '58992-1.0.0', 'Post-Pool-1.0.0-Upgrade_pool_ids', null); 
insert into keyvalue VALUES ('58992-1.0.0-MaxMember', '58992-1.0.0', 'Post-Pool-1.0.0-MaxMember', '2'); 
insert into keyvalue VALUES ('58992-1.0.0-Type', '58992-1.0.0', 'Post-Pool-1.0.0-Type', 'IOYM'); 
insert into keyvalue VALUES ('58992-1.0.0-UnlimitedContentPackages', '58992-1.0.0', 'Post-Pool-1.0.0-UnlimitedContentPackages', null); 
insert into object VALUES ('58995-1.0.0', '58995'); 
insert into nestedkeyvalue VALUES ('58995-1.0.0-PSMCodes-Activation', '58995-1.0.0-PSMCodes', null); 
insert into keyvalue VALUES ('58995-1.0.0-PSMCodes', '58995-1.0.0', 'Post-Pool-1.0.0-PSMCodes', null); 
insert into objectrelation VALUES ('58995-1.0.0-Addon_ids_master-57598', '58995-1.0.0-Addon_ids_master', '57598-1.0.0'); 
insert into objectrelation VALUES ('58995-1.0.0-Addon_ids_master-51863', '58995-1.0.0-Addon_ids_master', '51863-1.0.0'); 
insert into objectrelation VALUES ('58995-1.0.0-Addon_ids_master-51857', '58995-1.0.0-Addon_ids_master', '51857-1.0.0'); 
insert into keyvalue VALUES ('58995-1.0.0-Addon_ids_master', '58995-1.0.0', 'Post-Pool-1.0.0-Addon_ids_master', null); 
insert into objectrelation VALUES ('58995-1.0.0-Refill_ids-O_REFIL_590c6', '58995-1.0.0-Refill_ids', 'O_REFIL_590c6-1.0.0'); 
insert into objectrelation VALUES ('58995-1.0.0-Refill_ids-O_REFIL_1574c8', '58995-1.0.0-Refill_ids', 'O_REFIL_1574c8-1.0.0'); 
insert into objectrelation VALUES ('58995-1.0.0-Refill_ids-O_REFIL_2354c33', '58995-1.0.0-Refill_ids', 'O_REFIL_2354c33-1.0.0'); 
insert into keyvalue VALUES ('58995-1.0.0-Refill_ids', '58995-1.0.0', 'Post-Pool-1.0.0-Refill_ids', null); 
insert into keyvalue VALUES ('58995-1.0.0-Featured', '58995-1.0.0', 'Post-Pool-1.0.0-Featured', 'true'); 
insert into keyvalue VALUES ('58995-1.0.0-BaseOfferIncluded', '58995-1.0.0', 'Post-Pool-1.0.0-BaseOfferIncluded', 'true'); 
insert into keyvalue VALUES ('58995-1.0.0-Addon_ids_member', '58995-1.0.0', 'Post-Pool-1.0.0-Addon_ids_member', null); 
insert into keyvalue VALUES ('58995-1.0.0-Id', '58995-1.0.0', 'Post-Pool-1.0.0-Id', '58995'); 
insert into keyvalue VALUES ('58995-1.0.0-Offer_ids_master', '58995-1.0.0', 'Post-Pool-1.0.0-Offer_ids_master', null); 
insert into keyvalue VALUES ('58995-1.0.0-Offer_ids_member', '58995-1.0.0', 'Post-Pool-1.0.0-Offer_ids_member', null); 
insert into keyvalue VALUES ('58995-1.0.0-Data_usage_mb', '58995-1.0.0', 'Post-Pool-1.0.0-Data_usage_mb', '5120'); 
insert into keyvalue VALUES ('58995-1.0.0-Price', '58995-1.0.0', 'Post-Pool-1.0.0-Price', '2779'); 
insert into keyvalue VALUES ('58995-1.0.0-Active', '58995-1.0.0', 'Post-Pool-1.0.0-Active', 'false'); 
insert into nestedkeyvalue VALUES ('58995-1.0.0-Name-def', '58995-1.0.0-Name', 'Osztható adat 5GB (2 SIM, 2év)'); 
insert into nestedkeyvalue VALUES ('58995-1.0.0-Name-eng', '58995-1.0.0-Name', 'Osztható adat 5GB (2 SIM, 2év)'); 
insert into nestedkeyvalue VALUES ('58995-1.0.0-Name-hun', '58995-1.0.0-Name', 'Pool Quota 5GB (2 SIM, 2years)'); 
insert into nestedkeyvalue VALUES ('58995-1.0.0-Name-unLocalized', '58995-1.0.0-Name', null); 
insert into keyvalue VALUES ('58995-1.0.0-Name', '58995-1.0.0', 'Post-Pool-1.0.0-Name', null); 
insert into nestedkeyvalue VALUES ('58995-1.0.0-Description-def', '58995-1.0.0-Description', 'Ezzel a csomaggal 5 GB áll rendelkezésedre számlazárásig. Ha többre van szükséged, válassz kiegészítő adat opcióink közül.'); 
insert into nestedkeyvalue VALUES ('58995-1.0.0-Description-eng', '58995-1.0.0-Description', 'Ezzel a csomaggal 5 GB áll rendelkezésedre számlazárásig. Ha többre van szükséged, válassz kiegészítő adat opcióink közül.'); 
insert into nestedkeyvalue VALUES ('58995-1.0.0-Description-hun', '58995-1.0.0-Description', 'Your tariff has 5GB of mobile internet included in each monthly billing period. If you need more, you can choose an extra data pack from above. Vodafone'); 
insert into nestedkeyvalue VALUES ('58995-1.0.0-Description-unLocalized', '58995-1.0.0-Description', null); 
insert into keyvalue VALUES ('58995-1.0.0-Description', '58995-1.0.0', 'Post-Pool-1.0.0-Description', null); 
insert into keyvalue VALUES ('58995-1.0.0-Upgrade_pool_ids', '58995-1.0.0', 'Post-Pool-1.0.0-Upgrade_pool_ids', null); 
insert into keyvalue VALUES ('58995-1.0.0-MaxMember', '58995-1.0.0', 'Post-Pool-1.0.0-MaxMember', '2'); 
insert into keyvalue VALUES ('58995-1.0.0-Type', '58995-1.0.0', 'Post-Pool-1.0.0-Type', 'IOYM'); 
insert into keyvalue VALUES ('58995-1.0.0-UnlimitedContentPackages', '58995-1.0.0', 'Post-Pool-1.0.0-UnlimitedContentPackages', null); 
insert into object VALUES ('58998-1.0.0', '58998'); 
insert into nestedkeyvalue VALUES ('58998-1.0.0-PSMCodes-Activation', '58998-1.0.0-PSMCodes', null); 
insert into keyvalue VALUES ('58998-1.0.0-PSMCodes', '58998-1.0.0', 'Post-Pool-1.0.0-PSMCodes', null); 
insert into objectrelation VALUES ('58998-1.0.0-Addon_ids_master-57598', '58998-1.0.0-Addon_ids_master', '57598-1.0.0'); 
insert into objectrelation VALUES ('58998-1.0.0-Addon_ids_master-51863', '58998-1.0.0-Addon_ids_master', '51863-1.0.0'); 
insert into objectrelation VALUES ('58998-1.0.0-Addon_ids_master-51857', '58998-1.0.0-Addon_ids_master', '51857-1.0.0'); 
insert into keyvalue VALUES ('58998-1.0.0-Addon_ids_master', '58998-1.0.0', 'Post-Pool-1.0.0-Addon_ids_master', null); 
insert into objectrelation VALUES ('58998-1.0.0-Refill_ids-O_REFIL_590c6', '58998-1.0.0-Refill_ids', 'O_REFIL_590c6-1.0.0'); 
insert into objectrelation VALUES ('58998-1.0.0-Refill_ids-O_REFIL_1574c8', '58998-1.0.0-Refill_ids', 'O_REFIL_1574c8-1.0.0'); 
insert into objectrelation VALUES ('58998-1.0.0-Refill_ids-O_REFIL_2354c33', '58998-1.0.0-Refill_ids', 'O_REFIL_2354c33-1.0.0'); 
insert into keyvalue VALUES ('58998-1.0.0-Refill_ids', '58998-1.0.0', 'Post-Pool-1.0.0-Refill_ids', null); 
insert into keyvalue VALUES ('58998-1.0.0-Featured', '58998-1.0.0', 'Post-Pool-1.0.0-Featured', 'true'); 
insert into keyvalue VALUES ('58998-1.0.0-BaseOfferIncluded', '58998-1.0.0', 'Post-Pool-1.0.0-BaseOfferIncluded', 'true'); 
insert into keyvalue VALUES ('58998-1.0.0-Addon_ids_member', '58998-1.0.0', 'Post-Pool-1.0.0-Addon_ids_member', null); 
insert into keyvalue VALUES ('58998-1.0.0-Id', '58998-1.0.0', 'Post-Pool-1.0.0-Id', '58998'); 
insert into keyvalue VALUES ('58998-1.0.0-Offer_ids_master', '58998-1.0.0', 'Post-Pool-1.0.0-Offer_ids_master', null); 
insert into keyvalue VALUES ('58998-1.0.0-Offer_ids_member', '58998-1.0.0', 'Post-Pool-1.0.0-Offer_ids_member', null); 
insert into keyvalue VALUES ('58998-1.0.0-Data_usage_mb', '58998-1.0.0', 'Post-Pool-1.0.0-Data_usage_mb', '10240'); 
insert into keyvalue VALUES ('58998-1.0.0-Price', '58998-1.0.0', 'Post-Pool-1.0.0-Price', '3708'); 
insert into keyvalue VALUES ('58998-1.0.0-Active', '58998-1.0.0', 'Post-Pool-1.0.0-Active', 'false'); 
insert into nestedkeyvalue VALUES ('58998-1.0.0-Name-def', '58998-1.0.0-Name', 'Osztható adat 10GB (2 SIM, 2év)'); 
insert into nestedkeyvalue VALUES ('58998-1.0.0-Name-eng', '58998-1.0.0-Name', 'Osztható adat 10GB (2 SIM, 2év)'); 
insert into nestedkeyvalue VALUES ('58998-1.0.0-Name-hun', '58998-1.0.0-Name', 'Pool Quota 10GB (2 SIM, 2years)'); 
insert into nestedkeyvalue VALUES ('58998-1.0.0-Name-unLocalized', '58998-1.0.0-Name', null); 
insert into keyvalue VALUES ('58998-1.0.0-Name', '58998-1.0.0', 'Post-Pool-1.0.0-Name', null); 
insert into nestedkeyvalue VALUES ('58998-1.0.0-Description-def', '58998-1.0.0-Description', 'Ezzel a csomaggal 10 GB áll rendelkezésedre számlazárásig. Ha többre van szükséged, válassz kiegészítő adat opcióink közül.'); 
insert into nestedkeyvalue VALUES ('58998-1.0.0-Description-eng', '58998-1.0.0-Description', 'Ezzel a csomaggal 10 GB áll rendelkezésedre számlazárásig. Ha többre van szükséged, válassz kiegészítő adat opcióink közül.'); 
insert into nestedkeyvalue VALUES ('58998-1.0.0-Description-hun', '58998-1.0.0-Description', 'Your tariff has 10GB of mobile internet included in each monthly billing period. If you need more, you can choose an extra data pack from above. Vodafone'); 
insert into nestedkeyvalue VALUES ('58998-1.0.0-Description-unLocalized', '58998-1.0.0-Description', null); 
insert into keyvalue VALUES ('58998-1.0.0-Description', '58998-1.0.0', 'Post-Pool-1.0.0-Description', null); 
insert into keyvalue VALUES ('58998-1.0.0-Upgrade_pool_ids', '58998-1.0.0', 'Post-Pool-1.0.0-Upgrade_pool_ids', null); 
insert into keyvalue VALUES ('58998-1.0.0-MaxMember', '58998-1.0.0', 'Post-Pool-1.0.0-MaxMember', '2'); 
insert into keyvalue VALUES ('58998-1.0.0-Type', '58998-1.0.0', 'Post-Pool-1.0.0-Type', 'IOYM'); 
insert into keyvalue VALUES ('58998-1.0.0-UnlimitedContentPackages', '58998-1.0.0', 'Post-Pool-1.0.0-UnlimitedContentPackages', null); 
insert into object VALUES ('59001-1.0.0', '59001'); 
insert into nestedkeyvalue VALUES ('59001-1.0.0-PSMCodes-Activation', '59001-1.0.0-PSMCodes', null); 
insert into keyvalue VALUES ('59001-1.0.0-PSMCodes', '59001-1.0.0', 'Post-Pool-1.0.0-PSMCodes', null); 
insert into objectrelation VALUES ('59001-1.0.0-Addon_ids_master-57598', '59001-1.0.0-Addon_ids_master', '57598-1.0.0'); 
insert into objectrelation VALUES ('59001-1.0.0-Addon_ids_master-51863', '59001-1.0.0-Addon_ids_master', '51863-1.0.0'); 
insert into objectrelation VALUES ('59001-1.0.0-Addon_ids_master-51857', '59001-1.0.0-Addon_ids_master', '51857-1.0.0'); 
insert into keyvalue VALUES ('59001-1.0.0-Addon_ids_master', '59001-1.0.0', 'Post-Pool-1.0.0-Addon_ids_master', null); 
insert into objectrelation VALUES ('59001-1.0.0-Refill_ids-O_REFIL_590c6', '59001-1.0.0-Refill_ids', 'O_REFIL_590c6-1.0.0'); 
insert into objectrelation VALUES ('59001-1.0.0-Refill_ids-O_REFIL_1574c8', '59001-1.0.0-Refill_ids', 'O_REFIL_1574c8-1.0.0'); 
insert into objectrelation VALUES ('59001-1.0.0-Refill_ids-O_REFIL_2354c33', '59001-1.0.0-Refill_ids', 'O_REFIL_2354c33-1.0.0'); 
insert into keyvalue VALUES ('59001-1.0.0-Refill_ids', '59001-1.0.0', 'Post-Pool-1.0.0-Refill_ids', null); 
insert into keyvalue VALUES ('59001-1.0.0-Featured', '59001-1.0.0', 'Post-Pool-1.0.0-Featured', 'true'); 
insert into keyvalue VALUES ('59001-1.0.0-BaseOfferIncluded', '59001-1.0.0', 'Post-Pool-1.0.0-BaseOfferIncluded', 'true'); 
insert into keyvalue VALUES ('59001-1.0.0-Addon_ids_member', '59001-1.0.0', 'Post-Pool-1.0.0-Addon_ids_member', null); 
insert into keyvalue VALUES ('59001-1.0.0-Id', '59001-1.0.0', 'Post-Pool-1.0.0-Id', '59001'); 
insert into keyvalue VALUES ('59001-1.0.0-Offer_ids_master', '59001-1.0.0', 'Post-Pool-1.0.0-Offer_ids_master', null); 
insert into keyvalue VALUES ('59001-1.0.0-Offer_ids_member', '59001-1.0.0', 'Post-Pool-1.0.0-Offer_ids_member', null); 
insert into keyvalue VALUES ('59001-1.0.0-Data_usage_mb', '59001-1.0.0', 'Post-Pool-1.0.0-Data_usage_mb', '14336'); 
insert into keyvalue VALUES ('59001-1.0.0-Price', '59001-1.0.0', 'Post-Pool-1.0.0-Price', '5101'); 
insert into keyvalue VALUES ('59001-1.0.0-Active', '59001-1.0.0', 'Post-Pool-1.0.0-Active', 'false'); 
insert into nestedkeyvalue VALUES ('59001-1.0.0-Name-def', '59001-1.0.0-Name', 'Osztható adat 14GB (2 SIM, 2év)'); 
insert into nestedkeyvalue VALUES ('59001-1.0.0-Name-eng', '59001-1.0.0-Name', 'Osztható adat 14GB (2 SIM, 2év)'); 
insert into nestedkeyvalue VALUES ('59001-1.0.0-Name-hun', '59001-1.0.0-Name', 'Pool Quota 14GB (2 SIM, 2years)'); 
insert into nestedkeyvalue VALUES ('59001-1.0.0-Name-unLocalized', '59001-1.0.0-Name', null); 
insert into keyvalue VALUES ('59001-1.0.0-Name', '59001-1.0.0', 'Post-Pool-1.0.0-Name', null); 
insert into nestedkeyvalue VALUES ('59001-1.0.0-Description-def', '59001-1.0.0-Description', 'Ezzel a csomaggal 14 GB áll rendelkezésedre számlazárásig. Ha többre van szükséged, válassz kiegészítő adat opcióink közül.'); 
insert into nestedkeyvalue VALUES ('59001-1.0.0-Description-eng', '59001-1.0.0-Description', 'Ezzel a csomaggal 14 GB áll rendelkezésedre számlazárásig. Ha többre van szükséged, válassz kiegészítő adat opcióink közül.'); 
insert into nestedkeyvalue VALUES ('59001-1.0.0-Description-hun', '59001-1.0.0-Description', 'Your tariff has 14GB of mobile internet included in each monthly billing period. If you need more, you can choose an extra data pack from above. Vodafone'); 
insert into nestedkeyvalue VALUES ('59001-1.0.0-Description-unLocalized', '59001-1.0.0-Description', null); 
insert into keyvalue VALUES ('59001-1.0.0-Description', '59001-1.0.0', 'Post-Pool-1.0.0-Description', null); 
insert into keyvalue VALUES ('59001-1.0.0-Upgrade_pool_ids', '59001-1.0.0', 'Post-Pool-1.0.0-Upgrade_pool_ids', null); 
insert into keyvalue VALUES ('59001-1.0.0-MaxMember', '59001-1.0.0', 'Post-Pool-1.0.0-MaxMember', '2'); 
insert into keyvalue VALUES ('59001-1.0.0-Type', '59001-1.0.0', 'Post-Pool-1.0.0-Type', 'IOYM'); 
insert into keyvalue VALUES ('59001-1.0.0-UnlimitedContentPackages', '59001-1.0.0', 'Post-Pool-1.0.0-UnlimitedContentPackages', null); 
insert into object VALUES ('59004-1.0.0', '59004'); 
insert into nestedkeyvalue VALUES ('59004-1.0.0-PSMCodes-Activation', '59004-1.0.0-PSMCodes', null); 
insert into keyvalue VALUES ('59004-1.0.0-PSMCodes', '59004-1.0.0', 'Post-Pool-1.0.0-PSMCodes', null); 
insert into objectrelation VALUES ('59004-1.0.0-Addon_ids_master-57598', '59004-1.0.0-Addon_ids_master', '57598-1.0.0'); 
insert into objectrelation VALUES ('59004-1.0.0-Addon_ids_master-51863', '59004-1.0.0-Addon_ids_master', '51863-1.0.0'); 
insert into objectrelation VALUES ('59004-1.0.0-Addon_ids_master-51857', '59004-1.0.0-Addon_ids_master', '51857-1.0.0'); 
insert into keyvalue VALUES ('59004-1.0.0-Addon_ids_master', '59004-1.0.0', 'Post-Pool-1.0.0-Addon_ids_master', null); 
insert into objectrelation VALUES ('59004-1.0.0-Refill_ids-O_REFIL_590c6', '59004-1.0.0-Refill_ids', 'O_REFIL_590c6-1.0.0'); 
insert into objectrelation VALUES ('59004-1.0.0-Refill_ids-O_REFIL_1574c8', '59004-1.0.0-Refill_ids', 'O_REFIL_1574c8-1.0.0'); 
insert into objectrelation VALUES ('59004-1.0.0-Refill_ids-O_REFIL_2354c33', '59004-1.0.0-Refill_ids', 'O_REFIL_2354c33-1.0.0'); 
insert into keyvalue VALUES ('59004-1.0.0-Refill_ids', '59004-1.0.0', 'Post-Pool-1.0.0-Refill_ids', null); 
insert into keyvalue VALUES ('59004-1.0.0-Featured', '59004-1.0.0', 'Post-Pool-1.0.0-Featured', 'true'); 
insert into keyvalue VALUES ('59004-1.0.0-BaseOfferIncluded', '59004-1.0.0', 'Post-Pool-1.0.0-BaseOfferIncluded', 'true'); 
insert into keyvalue VALUES ('59004-1.0.0-Addon_ids_member', '59004-1.0.0', 'Post-Pool-1.0.0-Addon_ids_member', null); 
insert into keyvalue VALUES ('59004-1.0.0-Id', '59004-1.0.0', 'Post-Pool-1.0.0-Id', '59004'); 
insert into keyvalue VALUES ('59004-1.0.0-Offer_ids_master', '59004-1.0.0', 'Post-Pool-1.0.0-Offer_ids_master', null); 
insert into keyvalue VALUES ('59004-1.0.0-Offer_ids_member', '59004-1.0.0', 'Post-Pool-1.0.0-Offer_ids_member', null); 
insert into keyvalue VALUES ('59004-1.0.0-Data_usage_mb', '59004-1.0.0', 'Post-Pool-1.0.0-Data_usage_mb', '22528'); 
insert into keyvalue VALUES ('59004-1.0.0-Price', '59004-1.0.0', 'Post-Pool-1.0.0-Price', '6960'); 
insert into keyvalue VALUES ('59004-1.0.0-Active', '59004-1.0.0', 'Post-Pool-1.0.0-Active', 'false'); 
insert into nestedkeyvalue VALUES ('59004-1.0.0-Name-def', '59004-1.0.0-Name', 'Osztható adat 22GB (2 SIM, 2év)'); 
insert into nestedkeyvalue VALUES ('59004-1.0.0-Name-eng', '59004-1.0.0-Name', 'Osztható adat 22GB (2 SIM, 2év)'); 
insert into nestedkeyvalue VALUES ('59004-1.0.0-Name-hun', '59004-1.0.0-Name', 'Pool Quota 22GB (2 SIM, 2years)'); 
insert into nestedkeyvalue VALUES ('59004-1.0.0-Name-unLocalized', '59004-1.0.0-Name', null); 
insert into keyvalue VALUES ('59004-1.0.0-Name', '59004-1.0.0', 'Post-Pool-1.0.0-Name', null); 
insert into nestedkeyvalue VALUES ('59004-1.0.0-Description-def', '59004-1.0.0-Description', 'Ezzel a csomaggal 22 GB áll rendelkezésedre számlazárásig. Ha többre van szükséged, válassz kiegészítő adat opcióink közül.'); 
insert into nestedkeyvalue VALUES ('59004-1.0.0-Description-eng', '59004-1.0.0-Description', 'Ezzel a csomaggal 22 GB áll rendelkezésedre számlazárásig. Ha többre van szükséged, válassz kiegészítő adat opcióink közül.'); 
insert into nestedkeyvalue VALUES ('59004-1.0.0-Description-hun', '59004-1.0.0-Description', 'Your tariff has 22GB of mobile internet included in each monthly billing period. If you need more, you can choose an extra data pack from above. Vodafone'); 
insert into nestedkeyvalue VALUES ('59004-1.0.0-Description-unLocalized', '59004-1.0.0-Description', null); 
insert into keyvalue VALUES ('59004-1.0.0-Description', '59004-1.0.0', 'Post-Pool-1.0.0-Description', null); 
insert into keyvalue VALUES ('59004-1.0.0-Upgrade_pool_ids', '59004-1.0.0', 'Post-Pool-1.0.0-Upgrade_pool_ids', null); 
insert into keyvalue VALUES ('59004-1.0.0-MaxMember', '59004-1.0.0', 'Post-Pool-1.0.0-MaxMember', '2'); 
insert into keyvalue VALUES ('59004-1.0.0-Type', '59004-1.0.0', 'Post-Pool-1.0.0-Type', 'IOYM'); 
insert into keyvalue VALUES ('59004-1.0.0-UnlimitedContentPackages', '59004-1.0.0', 'Post-Pool-1.0.0-UnlimitedContentPackages', null); 
insert into object VALUES ('59008-1.0.0', '59008'); 
insert into nestedkeyvalue VALUES ('59008-1.0.0-PSMCodes-Activation', '59008-1.0.0-PSMCodes', null); 
insert into keyvalue VALUES ('59008-1.0.0-PSMCodes', '59008-1.0.0', 'Post-Pool-1.0.0-PSMCodes', null); 
insert into objectrelation VALUES ('59008-1.0.0-Addon_ids_master-57598', '59008-1.0.0-Addon_ids_master', '57598-1.0.0'); 
insert into objectrelation VALUES ('59008-1.0.0-Addon_ids_master-51863', '59008-1.0.0-Addon_ids_master', '51863-1.0.0'); 
insert into objectrelation VALUES ('59008-1.0.0-Addon_ids_master-51857', '59008-1.0.0-Addon_ids_master', '51857-1.0.0'); 
insert into keyvalue VALUES ('59008-1.0.0-Addon_ids_master', '59008-1.0.0', 'Post-Pool-1.0.0-Addon_ids_master', null); 
insert into objectrelation VALUES ('59008-1.0.0-Refill_ids-O_REFIL_590c6', '59008-1.0.0-Refill_ids', 'O_REFIL_590c6-1.0.0'); 
insert into objectrelation VALUES ('59008-1.0.0-Refill_ids-O_REFIL_1574c8', '59008-1.0.0-Refill_ids', 'O_REFIL_1574c8-1.0.0'); 
insert into objectrelation VALUES ('59008-1.0.0-Refill_ids-O_REFIL_2354c33', '59008-1.0.0-Refill_ids', 'O_REFIL_2354c33-1.0.0'); 
insert into keyvalue VALUES ('59008-1.0.0-Refill_ids', '59008-1.0.0', 'Post-Pool-1.0.0-Refill_ids', null); 
insert into keyvalue VALUES ('59008-1.0.0-Featured', '59008-1.0.0', 'Post-Pool-1.0.0-Featured', 'true'); 
insert into keyvalue VALUES ('59008-1.0.0-BaseOfferIncluded', '59008-1.0.0', 'Post-Pool-1.0.0-BaseOfferIncluded', 'true'); 
insert into keyvalue VALUES ('59008-1.0.0-Addon_ids_member', '59008-1.0.0', 'Post-Pool-1.0.0-Addon_ids_member', null); 
insert into keyvalue VALUES ('59008-1.0.0-Id', '59008-1.0.0', 'Post-Pool-1.0.0-Id', '59008'); 
insert into keyvalue VALUES ('59008-1.0.0-Offer_ids_master', '59008-1.0.0', 'Post-Pool-1.0.0-Offer_ids_master', null); 
insert into keyvalue VALUES ('59008-1.0.0-Offer_ids_member', '59008-1.0.0', 'Post-Pool-1.0.0-Offer_ids_member', null); 
insert into keyvalue VALUES ('59008-1.0.0-Data_usage_mb', '59008-1.0.0', 'Post-Pool-1.0.0-Data_usage_mb', '11264'); 
insert into keyvalue VALUES ('59008-1.0.0-Price', '59008-1.0.0', 'Post-Pool-1.0.0-Price', '2779'); 
insert into keyvalue VALUES ('59008-1.0.0-Active', '59008-1.0.0', 'Post-Pool-1.0.0-Active', 'false'); 
insert into nestedkeyvalue VALUES ('59008-1.0.0-Name-def', '59008-1.0.0-Name', 'Osztható adat 11GB (2 SIM, 2év)'); 
insert into nestedkeyvalue VALUES ('59008-1.0.0-Name-eng', '59008-1.0.0-Name', 'Osztható adat 11GB (2 SIM, 2év)'); 
insert into nestedkeyvalue VALUES ('59008-1.0.0-Name-hun', '59008-1.0.0-Name', 'Pool Quota 11GB (2 SIM, 2years)'); 
insert into nestedkeyvalue VALUES ('59008-1.0.0-Name-unLocalized', '59008-1.0.0-Name', null); 
insert into keyvalue VALUES ('59008-1.0.0-Name', '59008-1.0.0', 'Post-Pool-1.0.0-Name', null); 
insert into nestedkeyvalue VALUES ('59008-1.0.0-Description-def', '59008-1.0.0-Description', 'Ezzel a csomaggal 11 GB áll rendelkezésedre számlazárásig. Ha többre van szükséged, válassz kiegészítő adat opcióink közül.'); 
insert into nestedkeyvalue VALUES ('59008-1.0.0-Description-eng', '59008-1.0.0-Description', 'Ezzel a csomaggal 11 GB áll rendelkezésedre számlazárásig. Ha többre van szükséged, válassz kiegészítő adat opcióink közül.'); 
insert into nestedkeyvalue VALUES ('59008-1.0.0-Description-hun', '59008-1.0.0-Description', 'Your tariff has 11GB of mobile internet included in each monthly billing period. If you need more, you can choose an extra data pack from above. Vodafone'); 
insert into nestedkeyvalue VALUES ('59008-1.0.0-Description-unLocalized', '59008-1.0.0-Description', null); 
insert into keyvalue VALUES ('59008-1.0.0-Description', '59008-1.0.0', 'Post-Pool-1.0.0-Description', null); 
insert into keyvalue VALUES ('59008-1.0.0-Upgrade_pool_ids', '59008-1.0.0', 'Post-Pool-1.0.0-Upgrade_pool_ids', null); 
insert into keyvalue VALUES ('59008-1.0.0-MaxMember', '59008-1.0.0', 'Post-Pool-1.0.0-MaxMember', '2'); 
insert into keyvalue VALUES ('59008-1.0.0-Type', '59008-1.0.0', 'Post-Pool-1.0.0-Type', 'IOYM'); 
insert into keyvalue VALUES ('59008-1.0.0-UnlimitedContentPackages', '59008-1.0.0', 'Post-Pool-1.0.0-UnlimitedContentPackages', null); 
insert into object VALUES ('59011-1.0.0', '59011'); 
insert into nestedkeyvalue VALUES ('59011-1.0.0-PSMCodes-Activation', '59011-1.0.0-PSMCodes', null); 
insert into keyvalue VALUES ('59011-1.0.0-PSMCodes', '59011-1.0.0', 'Post-Pool-1.0.0-PSMCodes', null); 
insert into objectrelation VALUES ('59011-1.0.0-Addon_ids_master-57598', '59011-1.0.0-Addon_ids_master', '57598-1.0.0'); 
insert into objectrelation VALUES ('59011-1.0.0-Addon_ids_master-51863', '59011-1.0.0-Addon_ids_master', '51863-1.0.0'); 
insert into objectrelation VALUES ('59011-1.0.0-Addon_ids_master-51857', '59011-1.0.0-Addon_ids_master', '51857-1.0.0'); 
insert into keyvalue VALUES ('59011-1.0.0-Addon_ids_master', '59011-1.0.0', 'Post-Pool-1.0.0-Addon_ids_master', null); 
insert into objectrelation VALUES ('59011-1.0.0-Refill_ids-O_REFIL_590c6', '59011-1.0.0-Refill_ids', 'O_REFIL_590c6-1.0.0'); 
insert into objectrelation VALUES ('59011-1.0.0-Refill_ids-O_REFIL_1574c8', '59011-1.0.0-Refill_ids', 'O_REFIL_1574c8-1.0.0'); 
insert into objectrelation VALUES ('59011-1.0.0-Refill_ids-O_REFIL_2354c33', '59011-1.0.0-Refill_ids', 'O_REFIL_2354c33-1.0.0'); 
insert into keyvalue VALUES ('59011-1.0.0-Refill_ids', '59011-1.0.0', 'Post-Pool-1.0.0-Refill_ids', null); 
insert into keyvalue VALUES ('59011-1.0.0-Featured', '59011-1.0.0', 'Post-Pool-1.0.0-Featured', 'true'); 
insert into keyvalue VALUES ('59011-1.0.0-BaseOfferIncluded', '59011-1.0.0', 'Post-Pool-1.0.0-BaseOfferIncluded', 'true'); 
insert into keyvalue VALUES ('59011-1.0.0-Addon_ids_member', '59011-1.0.0', 'Post-Pool-1.0.0-Addon_ids_member', null); 
insert into keyvalue VALUES ('59011-1.0.0-Id', '59011-1.0.0', 'Post-Pool-1.0.0-Id', '59011'); 
insert into keyvalue VALUES ('59011-1.0.0-Offer_ids_master', '59011-1.0.0', 'Post-Pool-1.0.0-Offer_ids_master', null); 
insert into keyvalue VALUES ('59011-1.0.0-Offer_ids_member', '59011-1.0.0', 'Post-Pool-1.0.0-Offer_ids_member', null); 
insert into keyvalue VALUES ('59011-1.0.0-Data_usage_mb', '59011-1.0.0', 'Post-Pool-1.0.0-Data_usage_mb', '16384'); 
insert into keyvalue VALUES ('59011-1.0.0-Price', '59011-1.0.0', 'Post-Pool-1.0.0-Price', '3708'); 
insert into keyvalue VALUES ('59011-1.0.0-Active', '59011-1.0.0', 'Post-Pool-1.0.0-Active', 'false'); 
insert into nestedkeyvalue VALUES ('59011-1.0.0-Name-def', '59011-1.0.0-Name', 'Osztható adat 16GB (2 SIM, 2év)'); 
insert into nestedkeyvalue VALUES ('59011-1.0.0-Name-eng', '59011-1.0.0-Name', 'Osztható adat 16GB (2 SIM, 2év)'); 
insert into nestedkeyvalue VALUES ('59011-1.0.0-Name-hun', '59011-1.0.0-Name', 'Pool Quota 16GB (2 SIM, 2years)'); 
insert into nestedkeyvalue VALUES ('59011-1.0.0-Name-unLocalized', '59011-1.0.0-Name', null); 
insert into keyvalue VALUES ('59011-1.0.0-Name', '59011-1.0.0', 'Post-Pool-1.0.0-Name', null); 
insert into nestedkeyvalue VALUES ('59011-1.0.0-Description-def', '59011-1.0.0-Description', 'Ezzel a csomaggal 16 GB áll rendelkezésedre számlazárásig. Ha többre van szükséged, válassz kiegészítő adat opcióink közül.'); 
insert into nestedkeyvalue VALUES ('59011-1.0.0-Description-eng', '59011-1.0.0-Description', 'Ezzel a csomaggal 16 GB áll rendelkezésedre számlazárásig. Ha többre van szükséged, válassz kiegészítő adat opcióink közül.'); 
insert into nestedkeyvalue VALUES ('59011-1.0.0-Description-hun', '59011-1.0.0-Description', 'Your tariff has 16GB of mobile internet included in each monthly billing period. If you need more, you can choose an extra data pack from above. Vodafone'); 
insert into nestedkeyvalue VALUES ('59011-1.0.0-Description-unLocalized', '59011-1.0.0-Description', null); 
insert into keyvalue VALUES ('59011-1.0.0-Description', '59011-1.0.0', 'Post-Pool-1.0.0-Description', null); 
insert into keyvalue VALUES ('59011-1.0.0-Upgrade_pool_ids', '59011-1.0.0', 'Post-Pool-1.0.0-Upgrade_pool_ids', null); 
insert into keyvalue VALUES ('59011-1.0.0-MaxMember', '59011-1.0.0', 'Post-Pool-1.0.0-MaxMember', '2'); 
insert into keyvalue VALUES ('59011-1.0.0-Type', '59011-1.0.0', 'Post-Pool-1.0.0-Type', 'IOYM'); 
insert into keyvalue VALUES ('59011-1.0.0-UnlimitedContentPackages', '59011-1.0.0', 'Post-Pool-1.0.0-UnlimitedContentPackages', null); 
insert into object VALUES ('59014-1.0.0', '59014'); 
insert into nestedkeyvalue VALUES ('59014-1.0.0-PSMCodes-Activation', '59014-1.0.0-PSMCodes', null); 
insert into keyvalue VALUES ('59014-1.0.0-PSMCodes', '59014-1.0.0', 'Post-Pool-1.0.0-PSMCodes', null); 
insert into objectrelation VALUES ('59014-1.0.0-Addon_ids_master-57598', '59014-1.0.0-Addon_ids_master', '57598-1.0.0'); 
insert into objectrelation VALUES ('59014-1.0.0-Addon_ids_master-51863', '59014-1.0.0-Addon_ids_master', '51863-1.0.0'); 
insert into objectrelation VALUES ('59014-1.0.0-Addon_ids_master-51857', '59014-1.0.0-Addon_ids_master', '51857-1.0.0'); 
insert into keyvalue VALUES ('59014-1.0.0-Addon_ids_master', '59014-1.0.0', 'Post-Pool-1.0.0-Addon_ids_master', null); 
insert into objectrelation VALUES ('59014-1.0.0-Refill_ids-O_REFIL_590c6', '59014-1.0.0-Refill_ids', 'O_REFIL_590c6-1.0.0'); 
insert into objectrelation VALUES ('59014-1.0.0-Refill_ids-O_REFIL_1574c8', '59014-1.0.0-Refill_ids', 'O_REFIL_1574c8-1.0.0'); 
insert into objectrelation VALUES ('59014-1.0.0-Refill_ids-O_REFIL_2354c33', '59014-1.0.0-Refill_ids', 'O_REFIL_2354c33-1.0.0'); 
insert into keyvalue VALUES ('59014-1.0.0-Refill_ids', '59014-1.0.0', 'Post-Pool-1.0.0-Refill_ids', null); 
insert into keyvalue VALUES ('59014-1.0.0-Featured', '59014-1.0.0', 'Post-Pool-1.0.0-Featured', 'true'); 
insert into keyvalue VALUES ('59014-1.0.0-BaseOfferIncluded', '59014-1.0.0', 'Post-Pool-1.0.0-BaseOfferIncluded', 'true'); 
insert into keyvalue VALUES ('59014-1.0.0-Addon_ids_member', '59014-1.0.0', 'Post-Pool-1.0.0-Addon_ids_member', null); 
insert into keyvalue VALUES ('59014-1.0.0-Id', '59014-1.0.0', 'Post-Pool-1.0.0-Id', '59014'); 
insert into keyvalue VALUES ('59014-1.0.0-Offer_ids_master', '59014-1.0.0', 'Post-Pool-1.0.0-Offer_ids_master', null); 
insert into keyvalue VALUES ('59014-1.0.0-Offer_ids_member', '59014-1.0.0', 'Post-Pool-1.0.0-Offer_ids_member', null); 
insert into keyvalue VALUES ('59014-1.0.0-Data_usage_mb', '59014-1.0.0', 'Post-Pool-1.0.0-Data_usage_mb', '20480'); 
insert into keyvalue VALUES ('59014-1.0.0-Price', '59014-1.0.0', 'Post-Pool-1.0.0-Price', '5101'); 
insert into keyvalue VALUES ('59014-1.0.0-Active', '59014-1.0.0', 'Post-Pool-1.0.0-Active', 'false'); 
insert into nestedkeyvalue VALUES ('59014-1.0.0-Name-def', '59014-1.0.0-Name', 'Osztható adat 20GB (2 SIM, 2év)'); 
insert into nestedkeyvalue VALUES ('59014-1.0.0-Name-eng', '59014-1.0.0-Name', 'Osztható adat 20GB (2 SIM, 2év)'); 
insert into nestedkeyvalue VALUES ('59014-1.0.0-Name-hun', '59014-1.0.0-Name', 'Pool Quota 20GB (2 SIM, 2years)'); 
insert into nestedkeyvalue VALUES ('59014-1.0.0-Name-unLocalized', '59014-1.0.0-Name', null); 
insert into keyvalue VALUES ('59014-1.0.0-Name', '59014-1.0.0', 'Post-Pool-1.0.0-Name', null); 
insert into nestedkeyvalue VALUES ('59014-1.0.0-Description-def', '59014-1.0.0-Description', 'Ezzel a csomaggal 20 GB áll rendelkezésedre számlazárásig. Ha többre van szükséged, válassz kiegészítő adat opcióink közül.'); 
insert into nestedkeyvalue VALUES ('59014-1.0.0-Description-eng', '59014-1.0.0-Description', 'Ezzel a csomaggal 20 GB áll rendelkezésedre számlazárásig. Ha többre van szükséged, válassz kiegészítő adat opcióink közül.'); 
insert into nestedkeyvalue VALUES ('59014-1.0.0-Description-hun', '59014-1.0.0-Description', 'Your tariff has 20GB of mobile internet included in each monthly billing period. If you need more, you can choose an extra data pack from above. Vodafone'); 
insert into nestedkeyvalue VALUES ('59014-1.0.0-Description-unLocalized', '59014-1.0.0-Description', null); 
insert into keyvalue VALUES ('59014-1.0.0-Description', '59014-1.0.0', 'Post-Pool-1.0.0-Description', null); 
insert into keyvalue VALUES ('59014-1.0.0-Upgrade_pool_ids', '59014-1.0.0', 'Post-Pool-1.0.0-Upgrade_pool_ids', null); 
insert into keyvalue VALUES ('59014-1.0.0-MaxMember', '59014-1.0.0', 'Post-Pool-1.0.0-MaxMember', '2'); 
insert into keyvalue VALUES ('59014-1.0.0-Type', '59014-1.0.0', 'Post-Pool-1.0.0-Type', 'IOYM'); 
insert into keyvalue VALUES ('59014-1.0.0-UnlimitedContentPackages', '59014-1.0.0', 'Post-Pool-1.0.0-UnlimitedContentPackages', null); 
insert into object VALUES ('59017-1.0.0', '59017'); 
insert into nestedkeyvalue VALUES ('59017-1.0.0-PSMCodes-Activation', '59017-1.0.0-PSMCodes', null); 
insert into keyvalue VALUES ('59017-1.0.0-PSMCodes', '59017-1.0.0', 'Post-Pool-1.0.0-PSMCodes', null); 
insert into objectrelation VALUES ('59017-1.0.0-Addon_ids_master-57598', '59017-1.0.0-Addon_ids_master', '57598-1.0.0'); 
insert into objectrelation VALUES ('59017-1.0.0-Addon_ids_master-51863', '59017-1.0.0-Addon_ids_master', '51863-1.0.0'); 
insert into objectrelation VALUES ('59017-1.0.0-Addon_ids_master-51857', '59017-1.0.0-Addon_ids_master', '51857-1.0.0'); 
insert into keyvalue VALUES ('59017-1.0.0-Addon_ids_master', '59017-1.0.0', 'Post-Pool-1.0.0-Addon_ids_master', null); 
insert into objectrelation VALUES ('59017-1.0.0-Refill_ids-O_REFIL_590c6', '59017-1.0.0-Refill_ids', 'O_REFIL_590c6-1.0.0'); 
insert into objectrelation VALUES ('59017-1.0.0-Refill_ids-O_REFIL_1574c8', '59017-1.0.0-Refill_ids', 'O_REFIL_1574c8-1.0.0'); 
insert into objectrelation VALUES ('59017-1.0.0-Refill_ids-O_REFIL_2354c33', '59017-1.0.0-Refill_ids', 'O_REFIL_2354c33-1.0.0'); 
insert into keyvalue VALUES ('59017-1.0.0-Refill_ids', '59017-1.0.0', 'Post-Pool-1.0.0-Refill_ids', null); 
insert into keyvalue VALUES ('59017-1.0.0-Featured', '59017-1.0.0', 'Post-Pool-1.0.0-Featured', 'true'); 
insert into keyvalue VALUES ('59017-1.0.0-BaseOfferIncluded', '59017-1.0.0', 'Post-Pool-1.0.0-BaseOfferIncluded', 'true'); 
insert into keyvalue VALUES ('59017-1.0.0-Addon_ids_member', '59017-1.0.0', 'Post-Pool-1.0.0-Addon_ids_member', null); 
insert into keyvalue VALUES ('59017-1.0.0-Id', '59017-1.0.0', 'Post-Pool-1.0.0-Id', '59017'); 
insert into keyvalue VALUES ('59017-1.0.0-Offer_ids_master', '59017-1.0.0', 'Post-Pool-1.0.0-Offer_ids_master', null); 
insert into keyvalue VALUES ('59017-1.0.0-Offer_ids_member', '59017-1.0.0', 'Post-Pool-1.0.0-Offer_ids_member', null); 
insert into keyvalue VALUES ('59017-1.0.0-Data_usage_mb', '59017-1.0.0', 'Post-Pool-1.0.0-Data_usage_mb', '28672'); 
insert into keyvalue VALUES ('59017-1.0.0-Price', '59017-1.0.0', 'Post-Pool-1.0.0-Price', '6960'); 
insert into keyvalue VALUES ('59017-1.0.0-Active', '59017-1.0.0', 'Post-Pool-1.0.0-Active', 'false'); 
insert into nestedkeyvalue VALUES ('59017-1.0.0-Name-def', '59017-1.0.0-Name', 'Osztható adat 28GB (2 SIM, 2év)'); 
insert into nestedkeyvalue VALUES ('59017-1.0.0-Name-eng', '59017-1.0.0-Name', 'Osztható adat 28GB (2 SIM, 2év)'); 
insert into nestedkeyvalue VALUES ('59017-1.0.0-Name-hun', '59017-1.0.0-Name', 'Pool Quota 28GB (2 SIM, 2years)'); 
insert into nestedkeyvalue VALUES ('59017-1.0.0-Name-unLocalized', '59017-1.0.0-Name', null); 
insert into keyvalue VALUES ('59017-1.0.0-Name', '59017-1.0.0', 'Post-Pool-1.0.0-Name', null); 
insert into nestedkeyvalue VALUES ('59017-1.0.0-Description-def', '59017-1.0.0-Description', 'Ezzel a csomaggal 28 GB áll rendelkezésedre számlazárásig. Ha többre van szükséged, válassz kiegészítő adat opcióink közül.'); 
insert into nestedkeyvalue VALUES ('59017-1.0.0-Description-eng', '59017-1.0.0-Description', 'Ezzel a csomaggal 28 GB áll rendelkezésedre számlazárásig. Ha többre van szükséged, válassz kiegészítő adat opcióink közül.'); 
insert into nestedkeyvalue VALUES ('59017-1.0.0-Description-hun', '59017-1.0.0-Description', 'Your tariff has 28GB of mobile internet included in each monthly billing period. If you need more, you can choose an extra data pack from above. Vodafone'); 
insert into nestedkeyvalue VALUES ('59017-1.0.0-Description-unLocalized', '59017-1.0.0-Description', null); 
insert into keyvalue VALUES ('59017-1.0.0-Description', '59017-1.0.0', 'Post-Pool-1.0.0-Description', null); 
insert into keyvalue VALUES ('59017-1.0.0-Upgrade_pool_ids', '59017-1.0.0', 'Post-Pool-1.0.0-Upgrade_pool_ids', null); 
insert into keyvalue VALUES ('59017-1.0.0-MaxMember', '59017-1.0.0', 'Post-Pool-1.0.0-MaxMember', '2'); 
insert into keyvalue VALUES ('59017-1.0.0-Type', '59017-1.0.0', 'Post-Pool-1.0.0-Type', 'IOYM'); 
insert into keyvalue VALUES ('59017-1.0.0-UnlimitedContentPackages', '59017-1.0.0', 'Post-Pool-1.0.0-UnlimitedContentPackages', null); 
insert into object VALUES ('57559-1.0.0', '57559'); 
insert into nestedkeyvalue VALUES ('57559-1.0.0-PSMCodes-Activation', '57559-1.0.0-PSMCodes', null); 
insert into keyvalue VALUES ('57559-1.0.0-PSMCodes', '57559-1.0.0', 'Post-Pool-1.0.0-PSMCodes', null); 
insert into objectrelation VALUES ('57559-1.0.0-Addon_ids_master-57598', '57559-1.0.0-Addon_ids_master', '57598-1.0.0'); 
insert into objectrelation VALUES ('57559-1.0.0-Addon_ids_master-51863', '57559-1.0.0-Addon_ids_master', '51863-1.0.0'); 
insert into objectrelation VALUES ('57559-1.0.0-Addon_ids_master-51857', '57559-1.0.0-Addon_ids_master', '51857-1.0.0'); 
insert into keyvalue VALUES ('57559-1.0.0-Addon_ids_master', '57559-1.0.0', 'Post-Pool-1.0.0-Addon_ids_master', null); 
insert into objectrelation VALUES ('57559-1.0.0-Refill_ids-O_REFIL_590c6', '57559-1.0.0-Refill_ids', 'O_REFIL_590c6-1.0.0'); 
insert into objectrelation VALUES ('57559-1.0.0-Refill_ids-O_REFIL_1574c8', '57559-1.0.0-Refill_ids', 'O_REFIL_1574c8-1.0.0'); 
insert into objectrelation VALUES ('57559-1.0.0-Refill_ids-O_REFIL_2354c33', '57559-1.0.0-Refill_ids', 'O_REFIL_2354c33-1.0.0'); 
insert into keyvalue VALUES ('57559-1.0.0-Refill_ids', '57559-1.0.0', 'Post-Pool-1.0.0-Refill_ids', null); 
insert into keyvalue VALUES ('57559-1.0.0-Featured', '57559-1.0.0', 'Post-Pool-1.0.0-Featured', 'true'); 
insert into keyvalue VALUES ('57559-1.0.0-BaseOfferIncluded', '57559-1.0.0', 'Post-Pool-1.0.0-BaseOfferIncluded', 'true'); 
insert into keyvalue VALUES ('57559-1.0.0-Addon_ids_member', '57559-1.0.0', 'Post-Pool-1.0.0-Addon_ids_member', null); 
insert into keyvalue VALUES ('57559-1.0.0-Id', '57559-1.0.0', 'Post-Pool-1.0.0-Id', '57559'); 
insert into keyvalue VALUES ('57559-1.0.0-Offer_ids_master', '57559-1.0.0', 'Post-Pool-1.0.0-Offer_ids_master', null); 
insert into keyvalue VALUES ('57559-1.0.0-Offer_ids_member', '57559-1.0.0', 'Post-Pool-1.0.0-Offer_ids_member', null); 
insert into keyvalue VALUES ('57559-1.0.0-Data_usage_mb', '57559-1.0.0', 'Post-Pool-1.0.0-Data_usage_mb', '10240'); 
insert into keyvalue VALUES ('57559-1.0.0-Price', '57559-1.0.0', 'Post-Pool-1.0.0-Price', '11789'); 
insert into keyvalue VALUES ('57559-1.0.0-Active', '57559-1.0.0', 'Post-Pool-1.0.0-Active', 'false'); 
insert into nestedkeyvalue VALUES ('57559-1.0.0-Name-def', '57559-1.0.0-Name', 'Osztható adat 10GB (5 SIM, 2év)'); 
insert into nestedkeyvalue VALUES ('57559-1.0.0-Name-eng', '57559-1.0.0-Name', 'Osztható adat 10GB (5 SIM, 2év)'); 
insert into nestedkeyvalue VALUES ('57559-1.0.0-Name-hun', '57559-1.0.0-Name', 'DoAD Pool Quota 10GB (5 SIM, 2years)'); 
insert into nestedkeyvalue VALUES ('57559-1.0.0-Name-unLocalized', '57559-1.0.0-Name', null); 
insert into keyvalue VALUES ('57559-1.0.0-Name', '57559-1.0.0', 'Post-Pool-1.0.0-Name', null); 
insert into nestedkeyvalue VALUES ('57559-1.0.0-Description-def', '57559-1.0.0-Description', 'Ezzel a csomaggal 10 GB áll rendelkezésedre számlazárásig. Ha többre van szükséged, válassz kiegészítő adat opcióink közül.'); 
insert into nestedkeyvalue VALUES ('57559-1.0.0-Description-eng', '57559-1.0.0-Description', 'Ezzel a csomaggal 10 GB áll rendelkezésedre számlazárásig. Ha többre van szükséged, válassz kiegészítő adat opcióink közül.'); 
insert into nestedkeyvalue VALUES ('57559-1.0.0-Description-hun', '57559-1.0.0-Description', 'Your tariff has 10GB of mobile internet included in each monthly billing period. If you need more, you can choose an extra data pack from above. Vodafone'); 
insert into nestedkeyvalue VALUES ('57559-1.0.0-Description-unLocalized', '57559-1.0.0-Description', null); 
insert into keyvalue VALUES ('57559-1.0.0-Description', '57559-1.0.0', 'Post-Pool-1.0.0-Description', null); 
insert into keyvalue VALUES ('57559-1.0.0-Upgrade_pool_ids', '57559-1.0.0', 'Post-Pool-1.0.0-Upgrade_pool_ids', null); 
insert into keyvalue VALUES ('57559-1.0.0-MaxMember', '57559-1.0.0', 'Post-Pool-1.0.0-MaxMember', '5'); 
insert into keyvalue VALUES ('57559-1.0.0-Type', '57559-1.0.0', 'Post-Pool-1.0.0-Type', 'IOYM'); 
insert into keyvalue VALUES ('57559-1.0.0-UnlimitedContentPackages', '57559-1.0.0', 'Post-Pool-1.0.0-UnlimitedContentPackages', null); 
insert into object VALUES ('57562-1.0.0', '57562'); 
insert into nestedkeyvalue VALUES ('57562-1.0.0-PSMCodes-Activation', '57562-1.0.0-PSMCodes', null); 
insert into keyvalue VALUES ('57562-1.0.0-PSMCodes', '57562-1.0.0', 'Post-Pool-1.0.0-PSMCodes', null); 
insert into objectrelation VALUES ('57562-1.0.0-Addon_ids_master-57598', '57562-1.0.0-Addon_ids_master', '57598-1.0.0'); 
insert into objectrelation VALUES ('57562-1.0.0-Addon_ids_master-51863', '57562-1.0.0-Addon_ids_master', '51863-1.0.0'); 
insert into objectrelation VALUES ('57562-1.0.0-Addon_ids_master-66962', '57562-1.0.0-Addon_ids_master', '66962-1.0.0'); 
insert into objectrelation VALUES ('57562-1.0.0-Addon_ids_master-66963', '57562-1.0.0-Addon_ids_master', '66963-1.0.0'); 
insert into objectrelation VALUES ('57562-1.0.0-Addon_ids_master-66959', '57562-1.0.0-Addon_ids_master', '66959-1.0.0'); 
insert into objectrelation VALUES ('57562-1.0.0-Addon_ids_master-66960', '57562-1.0.0-Addon_ids_master', '66960-1.0.0'); 
insert into objectrelation VALUES ('57562-1.0.0-Addon_ids_master-66964', '57562-1.0.0-Addon_ids_master', '66964-1.0.0'); 
insert into objectrelation VALUES ('57562-1.0.0-Addon_ids_master-66965', '57562-1.0.0-Addon_ids_master', '66965-1.0.0'); 
insert into objectrelation VALUES ('57562-1.0.0-Addon_ids_master-67103', '57562-1.0.0-Addon_ids_master', '67103-1.0.0'); 
insert into objectrelation VALUES ('57562-1.0.0-Addon_ids_master-67100', '57562-1.0.0-Addon_ids_master', '67100-1.0.0'); 
insert into objectrelation VALUES ('57562-1.0.0-Addon_ids_master-67880', '57562-1.0.0-Addon_ids_master', '67880-1.0.0'); 
insert into objectrelation VALUES ('57562-1.0.0-Addon_ids_master-68308', '57562-1.0.0-Addon_ids_master', '68308-1.0.0'); 
insert into keyvalue VALUES ('57562-1.0.0-Addon_ids_master', '57562-1.0.0', 'Post-Pool-1.0.0-Addon_ids_master', null); 
insert into objectrelation VALUES ('57562-1.0.0-Refill_ids-O_REFIL_590c6', '57562-1.0.0-Refill_ids', 'O_REFIL_590c6-1.0.0'); 
insert into objectrelation VALUES ('57562-1.0.0-Refill_ids-O_REFIL_1574c8', '57562-1.0.0-Refill_ids', 'O_REFIL_1574c8-1.0.0'); 
insert into objectrelation VALUES ('57562-1.0.0-Refill_ids-O_REFIL_2354c33', '57562-1.0.0-Refill_ids', 'O_REFIL_2354c33-1.0.0'); 
insert into keyvalue VALUES ('57562-1.0.0-Refill_ids', '57562-1.0.0', 'Post-Pool-1.0.0-Refill_ids', null); 
insert into keyvalue VALUES ('57562-1.0.0-Featured', '57562-1.0.0', 'Post-Pool-1.0.0-Featured', 'true'); 
insert into keyvalue VALUES ('57562-1.0.0-BaseOfferIncluded', '57562-1.0.0', 'Post-Pool-1.0.0-BaseOfferIncluded', 'true'); 
insert into keyvalue VALUES ('57562-1.0.0-Addon_ids_member', '57562-1.0.0', 'Post-Pool-1.0.0-Addon_ids_member', null); 
insert into keyvalue VALUES ('57562-1.0.0-Id', '57562-1.0.0', 'Post-Pool-1.0.0-Id', '57562'); 
insert into keyvalue VALUES ('57562-1.0.0-Offer_ids_master', '57562-1.0.0', 'Post-Pool-1.0.0-Offer_ids_master', null); 
insert into keyvalue VALUES ('57562-1.0.0-Offer_ids_member', '57562-1.0.0', 'Post-Pool-1.0.0-Offer_ids_member', null); 
insert into keyvalue VALUES ('57562-1.0.0-Data_usage_mb', '57562-1.0.0', 'Post-Pool-1.0.0-Data_usage_mb', '3072'); 
insert into keyvalue VALUES ('57562-1.0.0-Price', '57562-1.0.0', 'Post-Pool-1.0.0-Price', '4646'); 
insert into keyvalue VALUES ('57562-1.0.0-Active', '57562-1.0.0', 'Post-Pool-1.0.0-Active', 'false'); 
insert into nestedkeyvalue VALUES ('57562-1.0.0-Name-def', '57562-1.0.0-Name', 'Osztható adat 3GB (5 SIM, 2év)'); 
insert into nestedkeyvalue VALUES ('57562-1.0.0-Name-eng', '57562-1.0.0-Name', 'Osztható adat 3GB (5 SIM, 2év)'); 
insert into nestedkeyvalue VALUES ('57562-1.0.0-Name-hun', '57562-1.0.0-Name', 'DoAD Pool Quota 3GB (5 SIM, 2years)'); 
insert into nestedkeyvalue VALUES ('57562-1.0.0-Name-unLocalized', '57562-1.0.0-Name', null); 
insert into keyvalue VALUES ('57562-1.0.0-Name', '57562-1.0.0', 'Post-Pool-1.0.0-Name', null); 
insert into nestedkeyvalue VALUES ('57562-1.0.0-Description-def', '57562-1.0.0-Description', 'Ezzel a csomaggal 3 GB áll rendelkezésedre számlazárásig. Ha többre van szükséged, válassz kiegészítő adat opcióink közül.'); 
insert into nestedkeyvalue VALUES ('57562-1.0.0-Description-eng', '57562-1.0.0-Description', 'Ezzel a csomaggal 3 GB áll rendelkezésedre számlazárásig. Ha többre van szükséged, válassz kiegészítő adat opcióink közül.'); 
insert into nestedkeyvalue VALUES ('57562-1.0.0-Description-hun', '57562-1.0.0-Description', 'Your tariff has 3GB of mobile internet included in each monthly billing period. If you need more, you can choose an extra data pack from above. Vodafone'); 
insert into nestedkeyvalue VALUES ('57562-1.0.0-Description-unLocalized', '57562-1.0.0-Description', null); 
insert into keyvalue VALUES ('57562-1.0.0-Description', '57562-1.0.0', 'Post-Pool-1.0.0-Description', null); 
insert into keyvalue VALUES ('57562-1.0.0-Upgrade_pool_ids', '57562-1.0.0', 'Post-Pool-1.0.0-Upgrade_pool_ids', null); 
insert into keyvalue VALUES ('57562-1.0.0-MaxMember', '57562-1.0.0', 'Post-Pool-1.0.0-MaxMember', '3'); 
insert into keyvalue VALUES ('57562-1.0.0-Type', '57562-1.0.0', 'Post-Pool-1.0.0-Type', 'IOYM'); 
insert into objectrelation VALUES ('57562-1.0.0-UnlimitedContentPackages-UCP67695', '57562-1.0.0-UnlimitedContentPackages', 'UCP67695-1.0.0'); 
insert into objectrelation VALUES ('57562-1.0.0-UnlimitedContentPackages-UCP67694', '57562-1.0.0-UnlimitedContentPackages', 'UCP67694-1.0.0'); 
insert into objectrelation VALUES ('57562-1.0.0-UnlimitedContentPackages-UCP67693', '57562-1.0.0-UnlimitedContentPackages', 'UCP67693-1.0.0'); 
insert into objectrelation VALUES ('57562-1.0.0-UnlimitedContentPackages-UCP67696', '57562-1.0.0-UnlimitedContentPackages', 'UCP67696-1.0.0'); 
insert into keyvalue VALUES ('57562-1.0.0-UnlimitedContentPackages', '57562-1.0.0', 'Post-Pool-1.0.0-UnlimitedContentPackages', null); 
insert into object VALUES ('57565-1.0.0', '57565'); 
insert into nestedkeyvalue VALUES ('57565-1.0.0-PSMCodes-Activation', '57565-1.0.0-PSMCodes', null); 
insert into keyvalue VALUES ('57565-1.0.0-PSMCodes', '57565-1.0.0', 'Post-Pool-1.0.0-PSMCodes', null); 
insert into objectrelation VALUES ('57565-1.0.0-Addon_ids_master-57598', '57565-1.0.0-Addon_ids_master', '57598-1.0.0'); 
insert into objectrelation VALUES ('57565-1.0.0-Addon_ids_master-51863', '57565-1.0.0-Addon_ids_master', '51863-1.0.0'); 
insert into objectrelation VALUES ('57565-1.0.0-Addon_ids_master-66962', '57565-1.0.0-Addon_ids_master', '66962-1.0.0'); 
insert into objectrelation VALUES ('57565-1.0.0-Addon_ids_master-66963', '57565-1.0.0-Addon_ids_master', '66963-1.0.0'); 
insert into objectrelation VALUES ('57565-1.0.0-Addon_ids_master-66959', '57565-1.0.0-Addon_ids_master', '66959-1.0.0'); 
insert into objectrelation VALUES ('57565-1.0.0-Addon_ids_master-66960', '57565-1.0.0-Addon_ids_master', '66960-1.0.0'); 
insert into objectrelation VALUES ('57565-1.0.0-Addon_ids_master-66964', '57565-1.0.0-Addon_ids_master', '66964-1.0.0'); 
insert into objectrelation VALUES ('57565-1.0.0-Addon_ids_master-66965', '57565-1.0.0-Addon_ids_master', '66965-1.0.0'); 
insert into objectrelation VALUES ('57565-1.0.0-Addon_ids_master-67103', '57565-1.0.0-Addon_ids_master', '67103-1.0.0'); 
insert into objectrelation VALUES ('57565-1.0.0-Addon_ids_master-67100', '57565-1.0.0-Addon_ids_master', '67100-1.0.0'); 
insert into objectrelation VALUES ('57565-1.0.0-Addon_ids_master-67880', '57565-1.0.0-Addon_ids_master', '67880-1.0.0'); 
insert into objectrelation VALUES ('57565-1.0.0-Addon_ids_master-68308', '57565-1.0.0-Addon_ids_master', '68308-1.0.0'); 
insert into keyvalue VALUES ('57565-1.0.0-Addon_ids_master', '57565-1.0.0', 'Post-Pool-1.0.0-Addon_ids_master', null); 
insert into objectrelation VALUES ('57565-1.0.0-Refill_ids-O_REFIL_590c6', '57565-1.0.0-Refill_ids', 'O_REFIL_590c6-1.0.0'); 
insert into objectrelation VALUES ('57565-1.0.0-Refill_ids-O_REFIL_1574c8', '57565-1.0.0-Refill_ids', 'O_REFIL_1574c8-1.0.0'); 
insert into objectrelation VALUES ('57565-1.0.0-Refill_ids-O_REFIL_2354c33', '57565-1.0.0-Refill_ids', 'O_REFIL_2354c33-1.0.0'); 
insert into keyvalue VALUES ('57565-1.0.0-Refill_ids', '57565-1.0.0', 'Post-Pool-1.0.0-Refill_ids', null); 
insert into keyvalue VALUES ('57565-1.0.0-Featured', '57565-1.0.0', 'Post-Pool-1.0.0-Featured', 'true'); 
insert into keyvalue VALUES ('57565-1.0.0-BaseOfferIncluded', '57565-1.0.0', 'Post-Pool-1.0.0-BaseOfferIncluded', 'true'); 
insert into keyvalue VALUES ('57565-1.0.0-Addon_ids_member', '57565-1.0.0', 'Post-Pool-1.0.0-Addon_ids_member', null); 
insert into keyvalue VALUES ('57565-1.0.0-Id', '57565-1.0.0', 'Post-Pool-1.0.0-Id', '57565'); 
insert into keyvalue VALUES ('57565-1.0.0-Offer_ids_master', '57565-1.0.0', 'Post-Pool-1.0.0-Offer_ids_master', null); 
insert into keyvalue VALUES ('57565-1.0.0-Offer_ids_member', '57565-1.0.0', 'Post-Pool-1.0.0-Offer_ids_member', null); 
insert into keyvalue VALUES ('57565-1.0.0-Data_usage_mb', '57565-1.0.0', 'Post-Pool-1.0.0-Data_usage_mb', '5120'); 
insert into keyvalue VALUES ('57565-1.0.0-Price', '57565-1.0.0', 'Post-Pool-1.0.0-Price', '7434'); 
insert into keyvalue VALUES ('57565-1.0.0-Active', '57565-1.0.0', 'Post-Pool-1.0.0-Active', 'false'); 
insert into nestedkeyvalue VALUES ('57565-1.0.0-Name-def', '57565-1.0.0-Name', 'Osztható adat 5GB (5 SIM, 2év)'); 
insert into nestedkeyvalue VALUES ('57565-1.0.0-Name-eng', '57565-1.0.0-Name', 'Osztható adat 5GB (5 SIM, 2év)'); 
insert into nestedkeyvalue VALUES ('57565-1.0.0-Name-hun', '57565-1.0.0-Name', 'DoAD Pool Quota 5GB (5 SIM, 2years)'); 
insert into nestedkeyvalue VALUES ('57565-1.0.0-Name-unLocalized', '57565-1.0.0-Name', null); 
insert into keyvalue VALUES ('57565-1.0.0-Name', '57565-1.0.0', 'Post-Pool-1.0.0-Name', null); 
insert into nestedkeyvalue VALUES ('57565-1.0.0-Description-def', '57565-1.0.0-Description', 'Ezzel a csomaggal 5 GB áll rendelkezésedre számlazárásig. Ha többre van szükséged, válassz kiegészítő adat opcióink közül.'); 
insert into nestedkeyvalue VALUES ('57565-1.0.0-Description-eng', '57565-1.0.0-Description', 'Ezzel a csomaggal 5 GB áll rendelkezésedre számlazárásig. Ha többre van szükséged, válassz kiegészítő adat opcióink közül.'); 
insert into nestedkeyvalue VALUES ('57565-1.0.0-Description-hun', '57565-1.0.0-Description', 'Your tariff has 5GB of mobile internet included in each monthly billing period. If you need more, you can choose an extra data pack from above. Vodafone'); 
insert into nestedkeyvalue VALUES ('57565-1.0.0-Description-unLocalized', '57565-1.0.0-Description', null); 
insert into keyvalue VALUES ('57565-1.0.0-Description', '57565-1.0.0', 'Post-Pool-1.0.0-Description', null); 
insert into keyvalue VALUES ('57565-1.0.0-Upgrade_pool_ids', '57565-1.0.0', 'Post-Pool-1.0.0-Upgrade_pool_ids', null); 
insert into keyvalue VALUES ('57565-1.0.0-MaxMember', '57565-1.0.0', 'Post-Pool-1.0.0-MaxMember', '5'); 
insert into keyvalue VALUES ('57565-1.0.0-Type', '57565-1.0.0', 'Post-Pool-1.0.0-Type', 'IOYM'); 
insert into objectrelation VALUES ('57565-1.0.0-UnlimitedContentPackages-UCP67695', '57565-1.0.0-UnlimitedContentPackages', 'UCP67695-1.0.0'); 
insert into objectrelation VALUES ('57565-1.0.0-UnlimitedContentPackages-UCP67694', '57565-1.0.0-UnlimitedContentPackages', 'UCP67694-1.0.0'); 
insert into objectrelation VALUES ('57565-1.0.0-UnlimitedContentPackages-UCP67693', '57565-1.0.0-UnlimitedContentPackages', 'UCP67693-1.0.0'); 
insert into objectrelation VALUES ('57565-1.0.0-UnlimitedContentPackages-UCP67696', '57565-1.0.0-UnlimitedContentPackages', 'UCP67696-1.0.0'); 
insert into keyvalue VALUES ('57565-1.0.0-UnlimitedContentPackages', '57565-1.0.0', 'Post-Pool-1.0.0-UnlimitedContentPackages', null); 
insert into object VALUES ('57568-1.0.0', '57568'); 
insert into nestedkeyvalue VALUES ('57568-1.0.0-PSMCodes-Activation', '57568-1.0.0-PSMCodes', null); 
insert into keyvalue VALUES ('57568-1.0.0-PSMCodes', '57568-1.0.0', 'Post-Pool-1.0.0-PSMCodes', null); 
insert into objectrelation VALUES ('57568-1.0.0-Addon_ids_master-57598', '57568-1.0.0-Addon_ids_master', '57598-1.0.0'); 
insert into objectrelation VALUES ('57568-1.0.0-Addon_ids_master-51863', '57568-1.0.0-Addon_ids_master', '51863-1.0.0'); 
insert into objectrelation VALUES ('57568-1.0.0-Addon_ids_master-51857', '57568-1.0.0-Addon_ids_master', '51857-1.0.0'); 
insert into keyvalue VALUES ('57568-1.0.0-Addon_ids_master', '57568-1.0.0', 'Post-Pool-1.0.0-Addon_ids_master', null); 
insert into objectrelation VALUES ('57568-1.0.0-Refill_ids-O_REFIL_590c6', '57568-1.0.0-Refill_ids', 'O_REFIL_590c6-1.0.0'); 
insert into objectrelation VALUES ('57568-1.0.0-Refill_ids-O_REFIL_1574c8', '57568-1.0.0-Refill_ids', 'O_REFIL_1574c8-1.0.0'); 
insert into objectrelation VALUES ('57568-1.0.0-Refill_ids-O_REFIL_2354c33', '57568-1.0.0-Refill_ids', 'O_REFIL_2354c33-1.0.0'); 
insert into keyvalue VALUES ('57568-1.0.0-Refill_ids', '57568-1.0.0', 'Post-Pool-1.0.0-Refill_ids', null); 
insert into keyvalue VALUES ('57568-1.0.0-Featured', '57568-1.0.0', 'Post-Pool-1.0.0-Featured', 'true'); 
insert into keyvalue VALUES ('57568-1.0.0-BaseOfferIncluded', '57568-1.0.0', 'Post-Pool-1.0.0-BaseOfferIncluded', 'true'); 
insert into keyvalue VALUES ('57568-1.0.0-Addon_ids_member', '57568-1.0.0', 'Post-Pool-1.0.0-Addon_ids_member', null); 
insert into keyvalue VALUES ('57568-1.0.0-Id', '57568-1.0.0', 'Post-Pool-1.0.0-Id', '57568'); 
insert into keyvalue VALUES ('57568-1.0.0-Offer_ids_master', '57568-1.0.0', 'Post-Pool-1.0.0-Offer_ids_master', null); 
insert into keyvalue VALUES ('57568-1.0.0-Offer_ids_member', '57568-1.0.0', 'Post-Pool-1.0.0-Offer_ids_member', null); 
insert into keyvalue VALUES ('57568-1.0.0-Data_usage_mb', '57568-1.0.0', 'Post-Pool-1.0.0-Data_usage_mb', '3072'); 
insert into keyvalue VALUES ('57568-1.0.0-Price', '57568-1.0.0', 'Post-Pool-1.0.0-Price', '3252'); 
insert into keyvalue VALUES ('57568-1.0.0-Active', '57568-1.0.0', 'Post-Pool-1.0.0-Active', 'false'); 
insert into nestedkeyvalue VALUES ('57568-1.0.0-Name-def', '57568-1.0.0-Name', 'Osztható adat 3GB (5 SIM, 2755,9 HUF, 2év)'); 
insert into nestedkeyvalue VALUES ('57568-1.0.0-Name-eng', '57568-1.0.0-Name', 'Osztható adat 3GB (5 SIM, 2755,9 HUF, 2év)'); 
insert into nestedkeyvalue VALUES ('57568-1.0.0-Name-hun', '57568-1.0.0-Name', 'DoAD Pool Quota 3GB (5 SIM, 2755,9 HUF, 2years)'); 
insert into nestedkeyvalue VALUES ('57568-1.0.0-Name-unLocalized', '57568-1.0.0-Name', null); 
insert into keyvalue VALUES ('57568-1.0.0-Name', '57568-1.0.0', 'Post-Pool-1.0.0-Name', null); 
insert into nestedkeyvalue VALUES ('57568-1.0.0-Description-def', '57568-1.0.0-Description', 'Ezzel a csomaggal 3 GB áll rendelkezésedre számlazárásig. Ha többre van szükséged, válassz kiegészítő adat opcióink közül.'); 
insert into nestedkeyvalue VALUES ('57568-1.0.0-Description-eng', '57568-1.0.0-Description', 'Ezzel a csomaggal 3 GB áll rendelkezésedre számlazárásig. Ha többre van szükséged, válassz kiegészítő adat opcióink közül.'); 
insert into nestedkeyvalue VALUES ('57568-1.0.0-Description-hun', '57568-1.0.0-Description', 'Your tariff has 3GB of mobile internet included in each monthly billing period. If you need more, you can choose an extra data pack from above. Vodafone'); 
insert into nestedkeyvalue VALUES ('57568-1.0.0-Description-unLocalized', '57568-1.0.0-Description', null); 
insert into keyvalue VALUES ('57568-1.0.0-Description', '57568-1.0.0', 'Post-Pool-1.0.0-Description', null); 
insert into keyvalue VALUES ('57568-1.0.0-Upgrade_pool_ids', '57568-1.0.0', 'Post-Pool-1.0.0-Upgrade_pool_ids', null); 
insert into keyvalue VALUES ('57568-1.0.0-MaxMember', '57568-1.0.0', 'Post-Pool-1.0.0-MaxMember', '5'); 
insert into keyvalue VALUES ('57568-1.0.0-Type', '57568-1.0.0', 'Post-Pool-1.0.0-Type', 'IOYM'); 
insert into keyvalue VALUES ('57568-1.0.0-UnlimitedContentPackages', '57568-1.0.0', 'Post-Pool-1.0.0-UnlimitedContentPackages', null); 
insert into object VALUES ('57571-1.0.0', '57571'); 
insert into nestedkeyvalue VALUES ('57571-1.0.0-PSMCodes-Activation', '57571-1.0.0-PSMCodes', null); 
insert into keyvalue VALUES ('57571-1.0.0-PSMCodes', '57571-1.0.0', 'Post-Pool-1.0.0-PSMCodes', null); 
insert into objectrelation VALUES ('57571-1.0.0-Addon_ids_master-57598', '57571-1.0.0-Addon_ids_master', '57598-1.0.0'); 
insert into objectrelation VALUES ('57571-1.0.0-Addon_ids_master-51863', '57571-1.0.0-Addon_ids_master', '51863-1.0.0'); 
insert into objectrelation VALUES ('57571-1.0.0-Addon_ids_master-51857', '57571-1.0.0-Addon_ids_master', '51857-1.0.0'); 
insert into keyvalue VALUES ('57571-1.0.0-Addon_ids_master', '57571-1.0.0', 'Post-Pool-1.0.0-Addon_ids_master', null); 
insert into objectrelation VALUES ('57571-1.0.0-Refill_ids-O_REFIL_590c6', '57571-1.0.0-Refill_ids', 'O_REFIL_590c6-1.0.0'); 
insert into objectrelation VALUES ('57571-1.0.0-Refill_ids-O_REFIL_1574c8', '57571-1.0.0-Refill_ids', 'O_REFIL_1574c8-1.0.0'); 
insert into objectrelation VALUES ('57571-1.0.0-Refill_ids-O_REFIL_2354c33', '57571-1.0.0-Refill_ids', 'O_REFIL_2354c33-1.0.0'); 
insert into keyvalue VALUES ('57571-1.0.0-Refill_ids', '57571-1.0.0', 'Post-Pool-1.0.0-Refill_ids', null); 
insert into keyvalue VALUES ('57571-1.0.0-Featured', '57571-1.0.0', 'Post-Pool-1.0.0-Featured', 'true'); 
insert into keyvalue VALUES ('57571-1.0.0-BaseOfferIncluded', '57571-1.0.0', 'Post-Pool-1.0.0-BaseOfferIncluded', 'true'); 
insert into keyvalue VALUES ('57571-1.0.0-Addon_ids_member', '57571-1.0.0', 'Post-Pool-1.0.0-Addon_ids_member', null); 
insert into keyvalue VALUES ('57571-1.0.0-Id', '57571-1.0.0', 'Post-Pool-1.0.0-Id', '57571'); 
insert into keyvalue VALUES ('57571-1.0.0-Offer_ids_master', '57571-1.0.0', 'Post-Pool-1.0.0-Offer_ids_master', null); 
insert into keyvalue VALUES ('57571-1.0.0-Offer_ids_member', '57571-1.0.0', 'Post-Pool-1.0.0-Offer_ids_member', null); 
insert into keyvalue VALUES ('57571-1.0.0-Data_usage_mb', '57571-1.0.0', 'Post-Pool-1.0.0-Data_usage_mb', '5120'); 
insert into keyvalue VALUES ('57571-1.0.0-Price', '57571-1.0.0', 'Post-Pool-1.0.0-Price', '5111'); 
insert into keyvalue VALUES ('57571-1.0.0-Active', '57571-1.0.0', 'Post-Pool-1.0.0-Active', 'false'); 
insert into nestedkeyvalue VALUES ('57571-1.0.0-Name-def', '57571-1.0.0-Name', 'Osztható adat 5GB (5 SIM, 4330,71 HUF, 2év)'); 
insert into nestedkeyvalue VALUES ('57571-1.0.0-Name-eng', '57571-1.0.0-Name', 'Osztható adat 5GB (5 SIM, 4330,71 HUF, 2év)'); 
insert into nestedkeyvalue VALUES ('57571-1.0.0-Name-hun', '57571-1.0.0-Name', 'DoAD Pool Quota 5GB (5 SIM, 4330,71 HUF, 2years)'); 
insert into nestedkeyvalue VALUES ('57571-1.0.0-Name-unLocalized', '57571-1.0.0-Name', null); 
insert into keyvalue VALUES ('57571-1.0.0-Name', '57571-1.0.0', 'Post-Pool-1.0.0-Name', null); 
insert into nestedkeyvalue VALUES ('57571-1.0.0-Description-def', '57571-1.0.0-Description', 'Ezzel a csomaggal 5 GB áll rendelkezésedre számlazárásig. Ha többre van szükséged, válassz kiegészítő adat opcióink közül.'); 
insert into nestedkeyvalue VALUES ('57571-1.0.0-Description-eng', '57571-1.0.0-Description', 'Ezzel a csomaggal 5 GB áll rendelkezésedre számlazárásig. Ha többre van szükséged, válassz kiegészítő adat opcióink közül.'); 
insert into nestedkeyvalue VALUES ('57571-1.0.0-Description-hun', '57571-1.0.0-Description', 'Your tariff has 5GB of mobile internet included in each monthly billing period. If you need more, you can choose an extra data pack from above. Vodafone'); 
insert into nestedkeyvalue VALUES ('57571-1.0.0-Description-unLocalized', '57571-1.0.0-Description', null); 
insert into keyvalue VALUES ('57571-1.0.0-Description', '57571-1.0.0', 'Post-Pool-1.0.0-Description', null); 
insert into keyvalue VALUES ('57571-1.0.0-Upgrade_pool_ids', '57571-1.0.0', 'Post-Pool-1.0.0-Upgrade_pool_ids', null); 
insert into keyvalue VALUES ('57571-1.0.0-MaxMember', '57571-1.0.0', 'Post-Pool-1.0.0-MaxMember', '5'); 
insert into keyvalue VALUES ('57571-1.0.0-Type', '57571-1.0.0', 'Post-Pool-1.0.0-Type', 'IOYM'); 
insert into keyvalue VALUES ('57571-1.0.0-UnlimitedContentPackages', '57571-1.0.0', 'Post-Pool-1.0.0-UnlimitedContentPackages', null); 
insert into object VALUES ('57574-1.0.0', '57574'); 
insert into nestedkeyvalue VALUES ('57574-1.0.0-PSMCodes-Activation', '57574-1.0.0-PSMCodes', null); 
insert into keyvalue VALUES ('57574-1.0.0-PSMCodes', '57574-1.0.0', 'Post-Pool-1.0.0-PSMCodes', null); 
insert into objectrelation VALUES ('57574-1.0.0-Addon_ids_master-57598', '57574-1.0.0-Addon_ids_master', '57598-1.0.0'); 
insert into objectrelation VALUES ('57574-1.0.0-Addon_ids_master-51863', '57574-1.0.0-Addon_ids_master', '51863-1.0.0'); 
insert into objectrelation VALUES ('57574-1.0.0-Addon_ids_master-51857', '57574-1.0.0-Addon_ids_master', '51857-1.0.0'); 
insert into keyvalue VALUES ('57574-1.0.0-Addon_ids_master', '57574-1.0.0', 'Post-Pool-1.0.0-Addon_ids_master', null); 
insert into objectrelation VALUES ('57574-1.0.0-Refill_ids-O_REFIL_590c6', '57574-1.0.0-Refill_ids', 'O_REFIL_590c6-1.0.0'); 
insert into objectrelation VALUES ('57574-1.0.0-Refill_ids-O_REFIL_1574c8', '57574-1.0.0-Refill_ids', 'O_REFIL_1574c8-1.0.0'); 
insert into objectrelation VALUES ('57574-1.0.0-Refill_ids-O_REFIL_2354c33', '57574-1.0.0-Refill_ids', 'O_REFIL_2354c33-1.0.0'); 
insert into keyvalue VALUES ('57574-1.0.0-Refill_ids', '57574-1.0.0', 'Post-Pool-1.0.0-Refill_ids', null); 
insert into keyvalue VALUES ('57574-1.0.0-Featured', '57574-1.0.0', 'Post-Pool-1.0.0-Featured', 'true'); 
insert into keyvalue VALUES ('57574-1.0.0-BaseOfferIncluded', '57574-1.0.0', 'Post-Pool-1.0.0-BaseOfferIncluded', 'true'); 
insert into keyvalue VALUES ('57574-1.0.0-Addon_ids_member', '57574-1.0.0', 'Post-Pool-1.0.0-Addon_ids_member', null); 
insert into keyvalue VALUES ('57574-1.0.0-Id', '57574-1.0.0', 'Post-Pool-1.0.0-Id', '57574'); 
insert into keyvalue VALUES ('57574-1.0.0-Offer_ids_master', '57574-1.0.0', 'Post-Pool-1.0.0-Offer_ids_master', null); 
insert into keyvalue VALUES ('57574-1.0.0-Offer_ids_member', '57574-1.0.0', 'Post-Pool-1.0.0-Offer_ids_member', null); 
insert into keyvalue VALUES ('57574-1.0.0-Data_usage_mb', '57574-1.0.0', 'Post-Pool-1.0.0-Data_usage_mb', '3072'); 
insert into keyvalue VALUES ('57574-1.0.0-Price', '57574-1.0.0', 'Post-Pool-1.0.0-Price', '6504'); 
insert into keyvalue VALUES ('57574-1.0.0-Active', '57574-1.0.0', 'Post-Pool-1.0.0-Active', 'false'); 
insert into nestedkeyvalue VALUES ('57574-1.0.0-Name-def', '57574-1.0.0-Name', 'Osztható adat 3GB (5 SIM)'); 
insert into nestedkeyvalue VALUES ('57574-1.0.0-Name-eng', '57574-1.0.0-Name', 'Osztható adat 3GB (5 SIM)'); 
insert into nestedkeyvalue VALUES ('57574-1.0.0-Name-hun', '57574-1.0.0-Name', 'DoAD Pool Quota 3GB (5 SIM)'); 
insert into nestedkeyvalue VALUES ('57574-1.0.0-Name-unLocalized', '57574-1.0.0-Name', null); 
insert into keyvalue VALUES ('57574-1.0.0-Name', '57574-1.0.0', 'Post-Pool-1.0.0-Name', null); 
insert into nestedkeyvalue VALUES ('57574-1.0.0-Description-def', '57574-1.0.0-Description', 'Ezzel a csomaggal 3 GB áll rendelkezésedre számlazárásig. Ha többre van szükséged, válassz kiegészítő adat opcióink közül.'); 
insert into nestedkeyvalue VALUES ('57574-1.0.0-Description-eng', '57574-1.0.0-Description', 'Ezzel a csomaggal 3 GB áll rendelkezésedre számlazárásig. Ha többre van szükséged, válassz kiegészítő adat opcióink közül.'); 
insert into nestedkeyvalue VALUES ('57574-1.0.0-Description-hun', '57574-1.0.0-Description', 'Your tariff has 3GB of mobile internet included in each monthly billing period. If you need more, you can choose an extra data pack from above. Vodafone'); 
insert into nestedkeyvalue VALUES ('57574-1.0.0-Description-unLocalized', '57574-1.0.0-Description', null); 
insert into keyvalue VALUES ('57574-1.0.0-Description', '57574-1.0.0', 'Post-Pool-1.0.0-Description', null); 
insert into keyvalue VALUES ('57574-1.0.0-Upgrade_pool_ids', '57574-1.0.0', 'Post-Pool-1.0.0-Upgrade_pool_ids', null); 
insert into keyvalue VALUES ('57574-1.0.0-MaxMember', '57574-1.0.0', 'Post-Pool-1.0.0-MaxMember', '5'); 
insert into keyvalue VALUES ('57574-1.0.0-Type', '57574-1.0.0', 'Post-Pool-1.0.0-Type', 'IOYM'); 
insert into keyvalue VALUES ('57574-1.0.0-UnlimitedContentPackages', '57574-1.0.0', 'Post-Pool-1.0.0-UnlimitedContentPackages', null); 
insert into object VALUES ('57577-1.0.0', '57577'); 
insert into nestedkeyvalue VALUES ('57577-1.0.0-PSMCodes-Activation', '57577-1.0.0-PSMCodes', null); 
insert into keyvalue VALUES ('57577-1.0.0-PSMCodes', '57577-1.0.0', 'Post-Pool-1.0.0-PSMCodes', null); 
insert into objectrelation VALUES ('57577-1.0.0-Addon_ids_master-57598', '57577-1.0.0-Addon_ids_master', '57598-1.0.0'); 
insert into objectrelation VALUES ('57577-1.0.0-Addon_ids_master-51863', '57577-1.0.0-Addon_ids_master', '51863-1.0.0'); 
insert into objectrelation VALUES ('57577-1.0.0-Addon_ids_master-51857', '57577-1.0.0-Addon_ids_master', '51857-1.0.0'); 
insert into keyvalue VALUES ('57577-1.0.0-Addon_ids_master', '57577-1.0.0', 'Post-Pool-1.0.0-Addon_ids_master', null); 
insert into objectrelation VALUES ('57577-1.0.0-Refill_ids-O_REFIL_590c6', '57577-1.0.0-Refill_ids', 'O_REFIL_590c6-1.0.0'); 
insert into objectrelation VALUES ('57577-1.0.0-Refill_ids-O_REFIL_1574c8', '57577-1.0.0-Refill_ids', 'O_REFIL_1574c8-1.0.0'); 
insert into objectrelation VALUES ('57577-1.0.0-Refill_ids-O_REFIL_2354c33', '57577-1.0.0-Refill_ids', 'O_REFIL_2354c33-1.0.0'); 
insert into keyvalue VALUES ('57577-1.0.0-Refill_ids', '57577-1.0.0', 'Post-Pool-1.0.0-Refill_ids', null); 
insert into keyvalue VALUES ('57577-1.0.0-Featured', '57577-1.0.0', 'Post-Pool-1.0.0-Featured', 'true'); 
insert into keyvalue VALUES ('57577-1.0.0-BaseOfferIncluded', '57577-1.0.0', 'Post-Pool-1.0.0-BaseOfferIncluded', 'true'); 
insert into keyvalue VALUES ('57577-1.0.0-Addon_ids_member', '57577-1.0.0', 'Post-Pool-1.0.0-Addon_ids_member', null); 
insert into keyvalue VALUES ('57577-1.0.0-Id', '57577-1.0.0', 'Post-Pool-1.0.0-Id', '57577'); 
insert into keyvalue VALUES ('57577-1.0.0-Offer_ids_master', '57577-1.0.0', 'Post-Pool-1.0.0-Offer_ids_master', null); 
insert into keyvalue VALUES ('57577-1.0.0-Offer_ids_member', '57577-1.0.0', 'Post-Pool-1.0.0-Offer_ids_member', null); 
insert into keyvalue VALUES ('57577-1.0.0-Data_usage_mb', '57577-1.0.0', 'Post-Pool-1.0.0-Data_usage_mb', '5120'); 
insert into keyvalue VALUES ('57577-1.0.0-Price', '57577-1.0.0', 'Post-Pool-1.0.0-Price', '9292'); 
insert into keyvalue VALUES ('57577-1.0.0-Active', '57577-1.0.0', 'Post-Pool-1.0.0-Active', 'false'); 
insert into nestedkeyvalue VALUES ('57577-1.0.0-Name-def', '57577-1.0.0-Name', 'Osztható adat 5GB (5 SIM)'); 
insert into nestedkeyvalue VALUES ('57577-1.0.0-Name-eng', '57577-1.0.0-Name', 'Osztható adat 5GB (5 SIM)'); 
insert into nestedkeyvalue VALUES ('57577-1.0.0-Name-hun', '57577-1.0.0-Name', 'DoAD Pool Quota 5GB (5 SIM)'); 
insert into nestedkeyvalue VALUES ('57577-1.0.0-Name-unLocalized', '57577-1.0.0-Name', null); 
insert into keyvalue VALUES ('57577-1.0.0-Name', '57577-1.0.0', 'Post-Pool-1.0.0-Name', null); 
insert into nestedkeyvalue VALUES ('57577-1.0.0-Description-def', '57577-1.0.0-Description', 'Ezzel a csomaggal 5 GB áll rendelkezésedre számlazárásig. Ha többre van szükséged, válassz kiegészítő adat opcióink közül.'); 
insert into nestedkeyvalue VALUES ('57577-1.0.0-Description-eng', '57577-1.0.0-Description', 'Ezzel a csomaggal 5 GB áll rendelkezésedre számlazárásig. Ha többre van szükséged, válassz kiegészítő adat opcióink közül.'); 
insert into nestedkeyvalue VALUES ('57577-1.0.0-Description-hun', '57577-1.0.0-Description', 'Your tariff has 5GB of mobile internet included in each monthly billing period. If you need more, you can choose an extra data pack from above. Vodafone'); 
insert into nestedkeyvalue VALUES ('57577-1.0.0-Description-unLocalized', '57577-1.0.0-Description', null); 
insert into keyvalue VALUES ('57577-1.0.0-Description', '57577-1.0.0', 'Post-Pool-1.0.0-Description', null); 
insert into keyvalue VALUES ('57577-1.0.0-Upgrade_pool_ids', '57577-1.0.0', 'Post-Pool-1.0.0-Upgrade_pool_ids', null); 
insert into keyvalue VALUES ('57577-1.0.0-MaxMember', '57577-1.0.0', 'Post-Pool-1.0.0-MaxMember', '5'); 
insert into keyvalue VALUES ('57577-1.0.0-Type', '57577-1.0.0', 'Post-Pool-1.0.0-Type', 'IOYM'); 
insert into keyvalue VALUES ('57577-1.0.0-UnlimitedContentPackages', '57577-1.0.0', 'Post-Pool-1.0.0-UnlimitedContentPackages', null); 
insert into object VALUES ('57580-1.0.0', '57580'); 
insert into nestedkeyvalue VALUES ('57580-1.0.0-PSMCodes-Activation', '57580-1.0.0-PSMCodes', null); 
insert into keyvalue VALUES ('57580-1.0.0-PSMCodes', '57580-1.0.0', 'Post-Pool-1.0.0-PSMCodes', null); 
insert into objectrelation VALUES ('57580-1.0.0-Addon_ids_master-57598', '57580-1.0.0-Addon_ids_master', '57598-1.0.0'); 
insert into objectrelation VALUES ('57580-1.0.0-Addon_ids_master-51863', '57580-1.0.0-Addon_ids_master', '51863-1.0.0'); 
insert into objectrelation VALUES ('57580-1.0.0-Addon_ids_master-51857', '57580-1.0.0-Addon_ids_master', '51857-1.0.0'); 
insert into keyvalue VALUES ('57580-1.0.0-Addon_ids_master', '57580-1.0.0', 'Post-Pool-1.0.0-Addon_ids_master', null); 
insert into objectrelation VALUES ('57580-1.0.0-Refill_ids-O_REFIL_590c6', '57580-1.0.0-Refill_ids', 'O_REFIL_590c6-1.0.0'); 
insert into objectrelation VALUES ('57580-1.0.0-Refill_ids-O_REFIL_1574c8', '57580-1.0.0-Refill_ids', 'O_REFIL_1574c8-1.0.0'); 
insert into objectrelation VALUES ('57580-1.0.0-Refill_ids-O_REFIL_2354c33', '57580-1.0.0-Refill_ids', 'O_REFIL_2354c33-1.0.0'); 
insert into keyvalue VALUES ('57580-1.0.0-Refill_ids', '57580-1.0.0', 'Post-Pool-1.0.0-Refill_ids', null); 
insert into keyvalue VALUES ('57580-1.0.0-Featured', '57580-1.0.0', 'Post-Pool-1.0.0-Featured', 'true'); 
insert into keyvalue VALUES ('57580-1.0.0-BaseOfferIncluded', '57580-1.0.0', 'Post-Pool-1.0.0-BaseOfferIncluded', 'true'); 
insert into keyvalue VALUES ('57580-1.0.0-Addon_ids_member', '57580-1.0.0', 'Post-Pool-1.0.0-Addon_ids_member', null); 
insert into keyvalue VALUES ('57580-1.0.0-Id', '57580-1.0.0', 'Post-Pool-1.0.0-Id', '57580'); 
insert into keyvalue VALUES ('57580-1.0.0-Offer_ids_master', '57580-1.0.0', 'Post-Pool-1.0.0-Offer_ids_master', null); 
insert into keyvalue VALUES ('57580-1.0.0-Offer_ids_member', '57580-1.0.0', 'Post-Pool-1.0.0-Offer_ids_member', null); 
insert into keyvalue VALUES ('57580-1.0.0-Data_usage_mb', '57580-1.0.0', 'Post-Pool-1.0.0-Data_usage_mb', '10240'); 
insert into keyvalue VALUES ('57580-1.0.0-Price', '57580-1.0.0', 'Post-Pool-1.0.0-Price', '11789'); 
insert into keyvalue VALUES ('57580-1.0.0-Active', '57580-1.0.0', 'Post-Pool-1.0.0-Active', 'false'); 
insert into nestedkeyvalue VALUES ('57580-1.0.0-Name-def', '57580-1.0.0-Name', 'Osztható adat 10GB (5 SIM)'); 
insert into nestedkeyvalue VALUES ('57580-1.0.0-Name-eng', '57580-1.0.0-Name', 'Osztható adat 10GB (5 SIM)'); 
insert into nestedkeyvalue VALUES ('57580-1.0.0-Name-hun', '57580-1.0.0-Name', 'DoAD Pool Quota 10GB (5 SIM)'); 
insert into nestedkeyvalue VALUES ('57580-1.0.0-Name-unLocalized', '57580-1.0.0-Name', null); 
insert into keyvalue VALUES ('57580-1.0.0-Name', '57580-1.0.0', 'Post-Pool-1.0.0-Name', null); 
insert into nestedkeyvalue VALUES ('57580-1.0.0-Description-def', '57580-1.0.0-Description', 'Ezzel a csomaggal 10 GB áll rendelkezésedre számlazárásig. Ha többre van szükséged, válassz kiegészítő adat opcióink közül.'); 
insert into nestedkeyvalue VALUES ('57580-1.0.0-Description-eng', '57580-1.0.0-Description', 'Ezzel a csomaggal 10 GB áll rendelkezésedre számlazárásig. Ha többre van szükséged, válassz kiegészítő adat opcióink közül.'); 
insert into nestedkeyvalue VALUES ('57580-1.0.0-Description-hun', '57580-1.0.0-Description', 'Your tariff has 10GB of mobile internet included in each monthly billing period. If you need more, you can choose an extra data pack from above. Vodafone'); 
insert into nestedkeyvalue VALUES ('57580-1.0.0-Description-unLocalized', '57580-1.0.0-Description', null); 
insert into keyvalue VALUES ('57580-1.0.0-Description', '57580-1.0.0', 'Post-Pool-1.0.0-Description', null); 
insert into keyvalue VALUES ('57580-1.0.0-Upgrade_pool_ids', '57580-1.0.0', 'Post-Pool-1.0.0-Upgrade_pool_ids', null); 
insert into keyvalue VALUES ('57580-1.0.0-MaxMember', '57580-1.0.0', 'Post-Pool-1.0.0-MaxMember', '5'); 
insert into keyvalue VALUES ('57580-1.0.0-Type', '57580-1.0.0', 'Post-Pool-1.0.0-Type', 'IOYM'); 
insert into objectrelation VALUES ('57580-1.0.0-UnlimitedContentPackages-UCP67695', '57580-1.0.0-UnlimitedContentPackages', 'UCP67695-1.0.0'); 
insert into objectrelation VALUES ('57580-1.0.0-UnlimitedContentPackages-UCP67694', '57580-1.0.0-UnlimitedContentPackages', 'UCP67694-1.0.0'); 
insert into objectrelation VALUES ('57580-1.0.0-UnlimitedContentPackages-UCP67693', '57580-1.0.0-UnlimitedContentPackages', 'UCP67693-1.0.0'); 
insert into objectrelation VALUES ('57580-1.0.0-UnlimitedContentPackages-UCP67696', '57580-1.0.0-UnlimitedContentPackages', 'UCP67696-1.0.0'); 
insert into keyvalue VALUES ('57580-1.0.0-UnlimitedContentPackages', '57580-1.0.0', 'Post-Pool-1.0.0-UnlimitedContentPackages', null); 
insert into object VALUES ('57528-1.0.0', '57528'); 
insert into nestedkeyvalue VALUES ('57528-1.0.0-PSMCodes-Activation', '57528-1.0.0-PSMCodes', null); 
insert into keyvalue VALUES ('57528-1.0.0-PSMCodes', '57528-1.0.0', 'Post-Pool-1.0.0-PSMCodes', null); 
insert into objectrelation VALUES ('57528-1.0.0-Addon_ids_master-57598', '57528-1.0.0-Addon_ids_master', '57598-1.0.0'); 
insert into objectrelation VALUES ('57528-1.0.0-Addon_ids_master-51863', '57528-1.0.0-Addon_ids_master', '51863-1.0.0'); 
insert into objectrelation VALUES ('57528-1.0.0-Addon_ids_master-51857', '57528-1.0.0-Addon_ids_master', '51857-1.0.0'); 
insert into keyvalue VALUES ('57528-1.0.0-Addon_ids_master', '57528-1.0.0', 'Post-Pool-1.0.0-Addon_ids_master', null); 
insert into objectrelation VALUES ('57528-1.0.0-Refill_ids-O_REFIL_590c6', '57528-1.0.0-Refill_ids', 'O_REFIL_590c6-1.0.0'); 
insert into objectrelation VALUES ('57528-1.0.0-Refill_ids-O_REFIL_1574c8', '57528-1.0.0-Refill_ids', 'O_REFIL_1574c8-1.0.0'); 
insert into objectrelation VALUES ('57528-1.0.0-Refill_ids-60217', '57528-1.0.0-Refill_ids', '60217-1.0.0'); 
insert into keyvalue VALUES ('57528-1.0.0-Refill_ids', '57528-1.0.0', 'Post-Pool-1.0.0-Refill_ids', null); 
insert into keyvalue VALUES ('57528-1.0.0-Featured', '57528-1.0.0', 'Post-Pool-1.0.0-Featured', 'false'); 
insert into keyvalue VALUES ('57528-1.0.0-BaseOfferIncluded', '57528-1.0.0', 'Post-Pool-1.0.0-BaseOfferIncluded', 'true'); 
insert into keyvalue VALUES ('57528-1.0.0-Addon_ids_member', '57528-1.0.0', 'Post-Pool-1.0.0-Addon_ids_member', null); 
insert into keyvalue VALUES ('57528-1.0.0-Id', '57528-1.0.0', 'Post-Pool-1.0.0-Id', '57528'); 
insert into keyvalue VALUES ('57528-1.0.0-Offer_ids_master', '57528-1.0.0', 'Post-Pool-1.0.0-Offer_ids_master', null); 
insert into keyvalue VALUES ('57528-1.0.0-Offer_ids_member', '57528-1.0.0', 'Post-Pool-1.0.0-Offer_ids_member', null); 
insert into keyvalue VALUES ('57528-1.0.0-Data_usage_mb', '57528-1.0.0', 'Post-Pool-1.0.0-Data_usage_mb', '4096'); 
insert into keyvalue VALUES ('57528-1.0.0-Price', '57528-1.0.0', 'Post-Pool-1.0.0-Price', '0'); 
insert into keyvalue VALUES ('57528-1.0.0-Active', '57528-1.0.0', 'Post-Pool-1.0.0-Active', 'false'); 
insert into nestedkeyvalue VALUES ('57528-1.0.0-Name-def', '57528-1.0.0-Name', 'Osztható adat 4 GB'); 
insert into nestedkeyvalue VALUES ('57528-1.0.0-Name-eng', '57528-1.0.0-Name', 'Osztható adat 4 GB'); 
insert into nestedkeyvalue VALUES ('57528-1.0.0-Name-hun', '57528-1.0.0-Name', 'Pool Quota 4GB'); 
insert into nestedkeyvalue VALUES ('57528-1.0.0-Name-unLocalized', '57528-1.0.0-Name', null); 
insert into keyvalue VALUES ('57528-1.0.0-Name', '57528-1.0.0', 'Post-Pool-1.0.0-Name', null); 
insert into nestedkeyvalue VALUES ('57528-1.0.0-Description-def', '57528-1.0.0-Description', 'Ezzel a csomaggal 4 GB osztható adat áll rendelkezésedre minden számlázási ciklusban. Ha többre van szükséged, válassz kiegészítő adat opcióink közül.'); 
insert into nestedkeyvalue VALUES ('57528-1.0.0-Description-eng', '57528-1.0.0-Description', 'Ezzel a csomaggal 4 GB osztható adat áll rendelkezésedre minden számlázási ciklusban. Ha többre van szükséged, válassz kiegészítő adat opcióink közül.'); 
insert into nestedkeyvalue VALUES ('57528-1.0.0-Description-hun', '57528-1.0.0-Description', 'This tariff has 4 GB of shared mobile internet included in each monthly billing period. If you need more or use all of oyur 4 GB, you can choose a great value extra data pack from below.'); 
insert into nestedkeyvalue VALUES ('57528-1.0.0-Description-unLocalized', '57528-1.0.0-Description', null); 
insert into keyvalue VALUES ('57528-1.0.0-Description', '57528-1.0.0', 'Post-Pool-1.0.0-Description', null); 
insert into keyvalue VALUES ('57528-1.0.0-Upgrade_pool_ids', '57528-1.0.0', 'Post-Pool-1.0.0-Upgrade_pool_ids', null); 
insert into keyvalue VALUES ('57528-1.0.0-MaxMember', '57528-1.0.0', 'Post-Pool-1.0.0-MaxMember', '2'); 
insert into keyvalue VALUES ('57528-1.0.0-Type', '57528-1.0.0', 'Post-Pool-1.0.0-Type', 'IOYM'); 
insert into objectrelation VALUES ('57528-1.0.0-UnlimitedContentPackages-UCP67695', '57528-1.0.0-UnlimitedContentPackages', 'UCP67695-1.0.0'); 
insert into objectrelation VALUES ('57528-1.0.0-UnlimitedContentPackages-UCP67694', '57528-1.0.0-UnlimitedContentPackages', 'UCP67694-1.0.0'); 
insert into objectrelation VALUES ('57528-1.0.0-UnlimitedContentPackages-UCP67693', '57528-1.0.0-UnlimitedContentPackages', 'UCP67693-1.0.0'); 
insert into objectrelation VALUES ('57528-1.0.0-UnlimitedContentPackages-UCP67696', '57528-1.0.0-UnlimitedContentPackages', 'UCP67696-1.0.0'); 
insert into keyvalue VALUES ('57528-1.0.0-UnlimitedContentPackages', '57528-1.0.0', 'Post-Pool-1.0.0-UnlimitedContentPackages', null); 
insert into object VALUES ('57582-1.0.0', '57582'); 
insert into nestedkeyvalue VALUES ('57582-1.0.0-PSMCodes-Activation', '57582-1.0.0-PSMCodes', null); 
insert into keyvalue VALUES ('57582-1.0.0-PSMCodes', '57582-1.0.0', 'Post-Pool-1.0.0-PSMCodes', null); 
insert into objectrelation VALUES ('57582-1.0.0-Addon_ids_master-57598', '57582-1.0.0-Addon_ids_master', '57598-1.0.0'); 
insert into objectrelation VALUES ('57582-1.0.0-Addon_ids_master-51863', '57582-1.0.0-Addon_ids_master', '51863-1.0.0'); 
insert into objectrelation VALUES ('57582-1.0.0-Addon_ids_master-51857', '57582-1.0.0-Addon_ids_master', '51857-1.0.0'); 
insert into keyvalue VALUES ('57582-1.0.0-Addon_ids_master', '57582-1.0.0', 'Post-Pool-1.0.0-Addon_ids_master', null); 
insert into objectrelation VALUES ('57582-1.0.0-Refill_ids-O_REFIL_590c6', '57582-1.0.0-Refill_ids', 'O_REFIL_590c6-1.0.0'); 
insert into objectrelation VALUES ('57582-1.0.0-Refill_ids-O_REFIL_1574c8', '57582-1.0.0-Refill_ids', 'O_REFIL_1574c8-1.0.0'); 
insert into keyvalue VALUES ('57582-1.0.0-Refill_ids', '57582-1.0.0', 'Post-Pool-1.0.0-Refill_ids', null); 
insert into keyvalue VALUES ('57582-1.0.0-Featured', '57582-1.0.0', 'Post-Pool-1.0.0-Featured', 'false'); 
insert into keyvalue VALUES ('57582-1.0.0-BaseOfferIncluded', '57582-1.0.0', 'Post-Pool-1.0.0-BaseOfferIncluded', 'true'); 
insert into keyvalue VALUES ('57582-1.0.0-Addon_ids_member', '57582-1.0.0', 'Post-Pool-1.0.0-Addon_ids_member', null); 
insert into keyvalue VALUES ('57582-1.0.0-Id', '57582-1.0.0', 'Post-Pool-1.0.0-Id', '57582'); 
insert into keyvalue VALUES ('57582-1.0.0-Offer_ids_master', '57582-1.0.0', 'Post-Pool-1.0.0-Offer_ids_master', null); 
insert into keyvalue VALUES ('57582-1.0.0-Offer_ids_member', '57582-1.0.0', 'Post-Pool-1.0.0-Offer_ids_member', null); 
insert into keyvalue VALUES ('57582-1.0.0-Data_usage_mb', '57582-1.0.0', 'Post-Pool-1.0.0-Data_usage_mb', '4096'); 
insert into keyvalue VALUES ('57582-1.0.0-Price', '57582-1.0.0', 'Post-Pool-1.0.0-Price', '0'); 
insert into keyvalue VALUES ('57582-1.0.0-Active', '57582-1.0.0', 'Post-Pool-1.0.0-Active', 'false'); 
insert into nestedkeyvalue VALUES ('57582-1.0.0-Name-def', '57582-1.0.0-Name', 'RED Plus'); 
insert into nestedkeyvalue VALUES ('57582-1.0.0-Name-eng', '57582-1.0.0-Name', 'RED Plus'); 
insert into nestedkeyvalue VALUES ('57582-1.0.0-Name-hun', '57582-1.0.0-Name', 'RED Plus'); 
insert into nestedkeyvalue VALUES ('57582-1.0.0-Name-unLocalized', '57582-1.0.0-Name', null); 
insert into keyvalue VALUES ('57582-1.0.0-Name', '57582-1.0.0', 'Post-Pool-1.0.0-Name', null); 
insert into nestedkeyvalue VALUES ('57582-1.0.0-Description-def', '57582-1.0.0-Description', 'Ezzel a csomaggal 4 GB osztható adat áll rendelkezésedre minden számlázási ciklusban. Ha többre van szükséged, válassz kiegészítő adat opcióink közül.'); 
insert into nestedkeyvalue VALUES ('57582-1.0.0-Description-eng', '57582-1.0.0-Description', 'Ezzel a csomaggal 4 GB osztható adat áll rendelkezésedre minden számlázási ciklusban. Ha többre van szükséged, válassz kiegészítő adat opcióink közül.'); 
insert into nestedkeyvalue VALUES ('57582-1.0.0-Description-hun', '57582-1.0.0-Description', 'Ezzel a csomaggal 4 GB osztható adat áll rendelkezésedre minden számlázási ciklusban. Ha többre van szükséged, válassz kiegészítő adat opcióink közül.'); 
insert into nestedkeyvalue VALUES ('57582-1.0.0-Description-unLocalized', '57582-1.0.0-Description', null); 
insert into keyvalue VALUES ('57582-1.0.0-Description', '57582-1.0.0', 'Post-Pool-1.0.0-Description', null); 
insert into keyvalue VALUES ('57582-1.0.0-Upgrade_pool_ids', '57582-1.0.0', 'Post-Pool-1.0.0-Upgrade_pool_ids', null); 
insert into keyvalue VALUES ('57582-1.0.0-MaxMember', '57582-1.0.0', 'Post-Pool-1.0.0-MaxMember', '2'); 
insert into keyvalue VALUES ('57582-1.0.0-Type', '57582-1.0.0', 'Post-Pool-1.0.0-Type', 'IOYM'); 
insert into objectrelation VALUES ('57582-1.0.0-UnlimitedContentPackages-UCP67695', '57582-1.0.0-UnlimitedContentPackages', 'UCP67695-1.0.0'); 
insert into objectrelation VALUES ('57582-1.0.0-UnlimitedContentPackages-UCP67694', '57582-1.0.0-UnlimitedContentPackages', 'UCP67694-1.0.0'); 
insert into objectrelation VALUES ('57582-1.0.0-UnlimitedContentPackages-UCP67693', '57582-1.0.0-UnlimitedContentPackages', 'UCP67693-1.0.0'); 
insert into objectrelation VALUES ('57582-1.0.0-UnlimitedContentPackages-UCP67696', '57582-1.0.0-UnlimitedContentPackages', 'UCP67696-1.0.0'); 
insert into keyvalue VALUES ('57582-1.0.0-UnlimitedContentPackages', '57582-1.0.0', 'Post-Pool-1.0.0-UnlimitedContentPackages', null); 
insert into object VALUES ('57545-1.0.0', '57545'); 
insert into nestedkeyvalue VALUES ('57545-1.0.0-PSMCodes-Activation', '57545-1.0.0-PSMCodes', null); 
insert into keyvalue VALUES ('57545-1.0.0-PSMCodes', '57545-1.0.0', 'Post-Pool-1.0.0-PSMCodes', null); 
insert into keyvalue VALUES ('57545-1.0.0-Addon_ids_master', '57545-1.0.0', 'Post-Pool-1.0.0-Addon_ids_master', null); 
insert into objectrelation VALUES ('57545-1.0.0-Refill_ids-O_REFIL_590c6', '57545-1.0.0-Refill_ids', 'O_REFIL_590c6-1.0.0'); 
insert into objectrelation VALUES ('57545-1.0.0-Refill_ids-O_REFIL_1574c8', '57545-1.0.0-Refill_ids', 'O_REFIL_1574c8-1.0.0'); 
insert into keyvalue VALUES ('57545-1.0.0-Refill_ids', '57545-1.0.0', 'Post-Pool-1.0.0-Refill_ids', null); 
insert into keyvalue VALUES ('57545-1.0.0-Featured', '57545-1.0.0', 'Post-Pool-1.0.0-Featured', 'false'); 
insert into keyvalue VALUES ('57545-1.0.0-BaseOfferIncluded', '57545-1.0.0', 'Post-Pool-1.0.0-BaseOfferIncluded', 'true'); 
insert into keyvalue VALUES ('57545-1.0.0-Addon_ids_member', '57545-1.0.0', 'Post-Pool-1.0.0-Addon_ids_member', null); 
insert into keyvalue VALUES ('57545-1.0.0-Id', '57545-1.0.0', 'Post-Pool-1.0.0-Id', '57545'); 
insert into keyvalue VALUES ('57545-1.0.0-Offer_ids_master', '57545-1.0.0', 'Post-Pool-1.0.0-Offer_ids_master', null); 
insert into keyvalue VALUES ('57545-1.0.0-Offer_ids_member', '57545-1.0.0', 'Post-Pool-1.0.0-Offer_ids_member', null); 
insert into keyvalue VALUES ('57545-1.0.0-Data_usage_mb', '57545-1.0.0', 'Post-Pool-1.0.0-Data_usage_mb', '1024'); 
insert into keyvalue VALUES ('57545-1.0.0-Price', '57545-1.0.0', 'Post-Pool-1.0.0-Price', '0'); 
insert into keyvalue VALUES ('57545-1.0.0-Active', '57545-1.0.0', 'Post-Pool-1.0.0-Active', 'false'); 
insert into nestedkeyvalue VALUES ('57545-1.0.0-Name-def', '57545-1.0.0-Name', 'Red Basic'); 
insert into nestedkeyvalue VALUES ('57545-1.0.0-Name-eng', '57545-1.0.0-Name', 'Red Basic'); 
insert into nestedkeyvalue VALUES ('57545-1.0.0-Name-hun', '57545-1.0.0-Name', 'Red Basic'); 
insert into nestedkeyvalue VALUES ('57545-1.0.0-Name-unLocalized', '57545-1.0.0-Name', null); 
insert into keyvalue VALUES ('57545-1.0.0-Name', '57545-1.0.0', 'Post-Pool-1.0.0-Name', null); 
insert into nestedkeyvalue VALUES ('57545-1.0.0-Description-def', '57545-1.0.0-Description', 'Ezzel a csomaggal 1 GB osztható adat áll rendelkezésedre minden számlázási ciklusban. Ha többre van szükséged, válassz kiegészítő adat opcióink közül.'); 
insert into nestedkeyvalue VALUES ('57545-1.0.0-Description-eng', '57545-1.0.0-Description', 'Ezzel a csomaggal 1 GB osztható adat áll rendelkezésedre minden számlázási ciklusban. Ha többre van szükséged, válassz kiegészítő adat opcióink közül.'); 
insert into nestedkeyvalue VALUES ('57545-1.0.0-Description-hun', '57545-1.0.0-Description', 'This tariff has 1 GB of shared mobile internet included in each monthly billing period. If you need more or use all of your 1 GB, you can choose a great value extra data pack from below.'); 
insert into nestedkeyvalue VALUES ('57545-1.0.0-Description-unLocalized', '57545-1.0.0-Description', null); 
insert into keyvalue VALUES ('57545-1.0.0-Description', '57545-1.0.0', 'Post-Pool-1.0.0-Description', null); 
insert into keyvalue VALUES ('57545-1.0.0-Upgrade_pool_ids', '57545-1.0.0', 'Post-Pool-1.0.0-Upgrade_pool_ids', null); 
insert into keyvalue VALUES ('57545-1.0.0-MaxMember', '57545-1.0.0', 'Post-Pool-1.0.0-MaxMember', '2'); 
insert into keyvalue VALUES ('57545-1.0.0-Type', '57545-1.0.0', 'Post-Pool-1.0.0-Type', 'IOYM'); 
insert into objectrelation VALUES ('57545-1.0.0-UnlimitedContentPackages-UCP67695', '57545-1.0.0-UnlimitedContentPackages', 'UCP67695-1.0.0'); 
insert into objectrelation VALUES ('57545-1.0.0-UnlimitedContentPackages-UCP67694', '57545-1.0.0-UnlimitedContentPackages', 'UCP67694-1.0.0'); 
insert into objectrelation VALUES ('57545-1.0.0-UnlimitedContentPackages-UCP67693', '57545-1.0.0-UnlimitedContentPackages', 'UCP67693-1.0.0'); 
insert into objectrelation VALUES ('57545-1.0.0-UnlimitedContentPackages-UCP67696', '57545-1.0.0-UnlimitedContentPackages', 'UCP67696-1.0.0'); 
insert into keyvalue VALUES ('57545-1.0.0-UnlimitedContentPackages', '57545-1.0.0', 'Post-Pool-1.0.0-UnlimitedContentPackages', null); 
insert into object VALUES ('59434-1.0.0', '59434'); 
insert into nestedkeyvalue VALUES ('59434-1.0.0-PSMCodes-Activation', '59434-1.0.0-PSMCodes', null); 
insert into keyvalue VALUES ('59434-1.0.0-PSMCodes', '59434-1.0.0', 'Post-Pool-1.0.0-PSMCodes', null); 
insert into objectrelation VALUES ('59434-1.0.0-Addon_ids_master-57598', '59434-1.0.0-Addon_ids_master', '57598-1.0.0'); 
insert into objectrelation VALUES ('59434-1.0.0-Addon_ids_master-51863', '59434-1.0.0-Addon_ids_master', '51863-1.0.0'); 
insert into objectrelation VALUES ('59434-1.0.0-Addon_ids_master-51857', '59434-1.0.0-Addon_ids_master', '51857-1.0.0'); 
insert into objectrelation VALUES ('59434-1.0.0-Addon_ids_master-51860', '59434-1.0.0-Addon_ids_master', '51860-1.0.0'); 
insert into keyvalue VALUES ('59434-1.0.0-Addon_ids_master', '59434-1.0.0', 'Post-Pool-1.0.0-Addon_ids_master', null); 
insert into objectrelation VALUES ('59434-1.0.0-Refill_ids-O_REFIL_590c6', '59434-1.0.0-Refill_ids', 'O_REFIL_590c6-1.0.0'); 
insert into objectrelation VALUES ('59434-1.0.0-Refill_ids-O_REFIL_1574c8', '59434-1.0.0-Refill_ids', 'O_REFIL_1574c8-1.0.0'); 
insert into objectrelation VALUES ('59434-1.0.0-Refill_ids-O_REFIL_2354c33', '59434-1.0.0-Refill_ids', 'O_REFIL_2354c33-1.0.0'); 
insert into keyvalue VALUES ('59434-1.0.0-Refill_ids', '59434-1.0.0', 'Post-Pool-1.0.0-Refill_ids', null); 
insert into keyvalue VALUES ('59434-1.0.0-Featured', '59434-1.0.0', 'Post-Pool-1.0.0-Featured', 'false'); 
insert into keyvalue VALUES ('59434-1.0.0-BaseOfferIncluded', '59434-1.0.0', 'Post-Pool-1.0.0-BaseOfferIncluded', 'true'); 
insert into keyvalue VALUES ('59434-1.0.0-Addon_ids_member', '59434-1.0.0', 'Post-Pool-1.0.0-Addon_ids_member', null); 
insert into keyvalue VALUES ('59434-1.0.0-Id', '59434-1.0.0', 'Post-Pool-1.0.0-Id', '59434'); 
insert into keyvalue VALUES ('59434-1.0.0-Offer_ids_master', '59434-1.0.0', 'Post-Pool-1.0.0-Offer_ids_master', null); 
insert into keyvalue VALUES ('59434-1.0.0-Offer_ids_member', '59434-1.0.0', 'Post-Pool-1.0.0-Offer_ids_member', null); 
insert into keyvalue VALUES ('59434-1.0.0-Data_usage_mb', '59434-1.0.0', 'Post-Pool-1.0.0-Data_usage_mb', '10240'); 
insert into keyvalue VALUES ('59434-1.0.0-Price', '59434-1.0.0', 'Post-Pool-1.0.0-Price', '0'); 
insert into keyvalue VALUES ('59434-1.0.0-Active', '59434-1.0.0', 'Post-Pool-1.0.0-Active', 'false'); 
insert into nestedkeyvalue VALUES ('59434-1.0.0-Name-def', '59434-1.0.0-Name', 'Business RED Europe'); 
insert into nestedkeyvalue VALUES ('59434-1.0.0-Name-eng', '59434-1.0.0-Name', 'Business RED Europe'); 
insert into nestedkeyvalue VALUES ('59434-1.0.0-Name-hun', '59434-1.0.0-Name', 'Business RED Europe'); 
insert into nestedkeyvalue VALUES ('59434-1.0.0-Name-unLocalized', '59434-1.0.0-Name', null); 
insert into keyvalue VALUES ('59434-1.0.0-Name', '59434-1.0.0', 'Post-Pool-1.0.0-Name', null); 
insert into nestedkeyvalue VALUES ('59434-1.0.0-Description-def', '59434-1.0.0-Description', 'Ezzel a csomaggal 10 GB osztható adat áll rendelkezésedre számlazárásig. Ha többre van szükséged, válassz kiegészítő adat opcióink közül.'); 
insert into nestedkeyvalue VALUES ('59434-1.0.0-Description-eng', '59434-1.0.0-Description', 'Ezzel a csomaggal 10 GB osztható adat áll rendelkezésedre számlazárásig. Ha többre van szükséged, válassz kiegészítő adat opcióink közül.'); 
insert into nestedkeyvalue VALUES ('59434-1.0.0-Description-hun', '59434-1.0.0-Description', 'Your tariff has 10GB of mobile internet included in each monthly billing period. If you need more, you can choose an extra data pack from above.'); 
insert into nestedkeyvalue VALUES ('59434-1.0.0-Description-unLocalized', '59434-1.0.0-Description', null); 
insert into keyvalue VALUES ('59434-1.0.0-Description', '59434-1.0.0', 'Post-Pool-1.0.0-Description', null); 
insert into keyvalue VALUES ('59434-1.0.0-Upgrade_pool_ids', '59434-1.0.0', 'Post-Pool-1.0.0-Upgrade_pool_ids', null); 
insert into keyvalue VALUES ('59434-1.0.0-MaxMember', '59434-1.0.0', 'Post-Pool-1.0.0-MaxMember', '2'); 
insert into keyvalue VALUES ('59434-1.0.0-Type', '59434-1.0.0', 'Post-Pool-1.0.0-Type', 'IOYM'); 
insert into objectrelation VALUES ('59434-1.0.0-UnlimitedContentPackages-UCP67695', '59434-1.0.0-UnlimitedContentPackages', 'UCP67695-1.0.0'); 
insert into objectrelation VALUES ('59434-1.0.0-UnlimitedContentPackages-UCP67694', '59434-1.0.0-UnlimitedContentPackages', 'UCP67694-1.0.0'); 
insert into objectrelation VALUES ('59434-1.0.0-UnlimitedContentPackages-UCP67693', '59434-1.0.0-UnlimitedContentPackages', 'UCP67693-1.0.0'); 
insert into objectrelation VALUES ('59434-1.0.0-UnlimitedContentPackages-UCP67696', '59434-1.0.0-UnlimitedContentPackages', 'UCP67696-1.0.0'); 
insert into keyvalue VALUES ('59434-1.0.0-UnlimitedContentPackages', '59434-1.0.0', 'Post-Pool-1.0.0-UnlimitedContentPackages', null); 
insert into object VALUES ('59433-1.0.0', '59433'); 
insert into nestedkeyvalue VALUES ('59433-1.0.0-PSMCodes-Activation', '59433-1.0.0-PSMCodes', null); 
insert into keyvalue VALUES ('59433-1.0.0-PSMCodes', '59433-1.0.0', 'Post-Pool-1.0.0-PSMCodes', null); 
insert into objectrelation VALUES ('59433-1.0.0-Addon_ids_master-57598', '59433-1.0.0-Addon_ids_master', '57598-1.0.0'); 
insert into objectrelation VALUES ('59433-1.0.0-Addon_ids_master-51863', '59433-1.0.0-Addon_ids_master', '51863-1.0.0'); 
insert into objectrelation VALUES ('59433-1.0.0-Addon_ids_master-51857', '59433-1.0.0-Addon_ids_master', '51857-1.0.0'); 
insert into keyvalue VALUES ('59433-1.0.0-Addon_ids_master', '59433-1.0.0', 'Post-Pool-1.0.0-Addon_ids_master', null); 
insert into objectrelation VALUES ('59433-1.0.0-Refill_ids-O_REFIL_590c6', '59433-1.0.0-Refill_ids', 'O_REFIL_590c6-1.0.0'); 
insert into objectrelation VALUES ('59433-1.0.0-Refill_ids-O_REFIL_1574c8', '59433-1.0.0-Refill_ids', 'O_REFIL_1574c8-1.0.0'); 
insert into objectrelation VALUES ('59433-1.0.0-Refill_ids-O_REFIL_2354c33', '59433-1.0.0-Refill_ids', 'O_REFIL_2354c33-1.0.0'); 
insert into keyvalue VALUES ('59433-1.0.0-Refill_ids', '59433-1.0.0', 'Post-Pool-1.0.0-Refill_ids', null); 
insert into keyvalue VALUES ('59433-1.0.0-Featured', '59433-1.0.0', 'Post-Pool-1.0.0-Featured', 'false'); 
insert into keyvalue VALUES ('59433-1.0.0-BaseOfferIncluded', '59433-1.0.0', 'Post-Pool-1.0.0-BaseOfferIncluded', 'true'); 
insert into keyvalue VALUES ('59433-1.0.0-Addon_ids_member', '59433-1.0.0', 'Post-Pool-1.0.0-Addon_ids_member', null); 
insert into keyvalue VALUES ('59433-1.0.0-Id', '59433-1.0.0', 'Post-Pool-1.0.0-Id', '59433'); 
insert into keyvalue VALUES ('59433-1.0.0-Offer_ids_master', '59433-1.0.0', 'Post-Pool-1.0.0-Offer_ids_master', null); 
insert into keyvalue VALUES ('59433-1.0.0-Offer_ids_member', '59433-1.0.0', 'Post-Pool-1.0.0-Offer_ids_member', null); 
insert into keyvalue VALUES ('59433-1.0.0-Data_usage_mb', '59433-1.0.0', 'Post-Pool-1.0.0-Data_usage_mb', '30720'); 
insert into keyvalue VALUES ('59433-1.0.0-Price', '59433-1.0.0', 'Post-Pool-1.0.0-Price', '6960'); 
insert into keyvalue VALUES ('59433-1.0.0-Active', '59433-1.0.0', 'Post-Pool-1.0.0-Active', 'false'); 
insert into nestedkeyvalue VALUES ('59433-1.0.0-Name-def', '59433-1.0.0-Name', 'Osztható adat 30GB (2SIM)'); 
insert into nestedkeyvalue VALUES ('59433-1.0.0-Name-eng', '59433-1.0.0-Name', 'Osztható adat 30GB (2SIM)'); 
insert into nestedkeyvalue VALUES ('59433-1.0.0-Name-hun', '59433-1.0.0-Name', 'Shared data 30GB (2SIM)'); 
insert into nestedkeyvalue VALUES ('59433-1.0.0-Name-unLocalized', '59433-1.0.0-Name', null); 
insert into keyvalue VALUES ('59433-1.0.0-Name', '59433-1.0.0', 'Post-Pool-1.0.0-Name', null); 
insert into nestedkeyvalue VALUES ('59433-1.0.0-Description-def', '59433-1.0.0-Description', 'Ezzel a csomaggal 30 GB osztható adat áll rendelkezésedre számlazárásig. Ha többre van szükséged, válassz kiegészítő adat opcióink közül.'); 
insert into nestedkeyvalue VALUES ('59433-1.0.0-Description-eng', '59433-1.0.0-Description', 'Ezzel a csomaggal 30 GB osztható adat áll rendelkezésedre számlazárásig. Ha többre van szükséged, válassz kiegészítő adat opcióink közül.'); 
insert into nestedkeyvalue VALUES ('59433-1.0.0-Description-hun', '59433-1.0.0-Description', 'Your tariff has 30GB of mobile internet included in each monthly billing period. If you need more, you can choose an extra data pack from above.'); 
insert into nestedkeyvalue VALUES ('59433-1.0.0-Description-unLocalized', '59433-1.0.0-Description', null); 
insert into keyvalue VALUES ('59433-1.0.0-Description', '59433-1.0.0', 'Post-Pool-1.0.0-Description', null); 
insert into keyvalue VALUES ('59433-1.0.0-Upgrade_pool_ids', '59433-1.0.0', 'Post-Pool-1.0.0-Upgrade_pool_ids', null); 
insert into keyvalue VALUES ('59433-1.0.0-MaxMember', '59433-1.0.0', 'Post-Pool-1.0.0-MaxMember', '2'); 
insert into keyvalue VALUES ('59433-1.0.0-Type', '59433-1.0.0', 'Post-Pool-1.0.0-Type', 'IOYM'); 
insert into keyvalue VALUES ('59433-1.0.0-UnlimitedContentPackages', '59433-1.0.0', 'Post-Pool-1.0.0-UnlimitedContentPackages', null); 
insert into object VALUES ('59432-1.0.0', '59432'); 
insert into nestedkeyvalue VALUES ('59432-1.0.0-PSMCodes-Activation', '59432-1.0.0-PSMCodes', null); 
insert into keyvalue VALUES ('59432-1.0.0-PSMCodes', '59432-1.0.0', 'Post-Pool-1.0.0-PSMCodes', null); 
insert into objectrelation VALUES ('59432-1.0.0-Addon_ids_master-57598', '59432-1.0.0-Addon_ids_master', '57598-1.0.0'); 
insert into objectrelation VALUES ('59432-1.0.0-Addon_ids_master-51863', '59432-1.0.0-Addon_ids_master', '51863-1.0.0'); 
insert into objectrelation VALUES ('59432-1.0.0-Addon_ids_master-51857', '59432-1.0.0-Addon_ids_master', '51857-1.0.0'); 
insert into keyvalue VALUES ('59432-1.0.0-Addon_ids_master', '59432-1.0.0', 'Post-Pool-1.0.0-Addon_ids_master', null); 
insert into objectrelation VALUES ('59432-1.0.0-Refill_ids-O_REFIL_590c6', '59432-1.0.0-Refill_ids', 'O_REFIL_590c6-1.0.0'); 
insert into objectrelation VALUES ('59432-1.0.0-Refill_ids-O_REFIL_1574c8', '59432-1.0.0-Refill_ids', 'O_REFIL_1574c8-1.0.0'); 
insert into objectrelation VALUES ('59432-1.0.0-Refill_ids-O_REFIL_2354c33', '59432-1.0.0-Refill_ids', 'O_REFIL_2354c33-1.0.0'); 
insert into keyvalue VALUES ('59432-1.0.0-Refill_ids', '59432-1.0.0', 'Post-Pool-1.0.0-Refill_ids', null); 
insert into keyvalue VALUES ('59432-1.0.0-Featured', '59432-1.0.0', 'Post-Pool-1.0.0-Featured', 'false'); 
insert into keyvalue VALUES ('59432-1.0.0-BaseOfferIncluded', '59432-1.0.0', 'Post-Pool-1.0.0-BaseOfferIncluded', 'true'); 
insert into keyvalue VALUES ('59432-1.0.0-Addon_ids_member', '59432-1.0.0', 'Post-Pool-1.0.0-Addon_ids_member', null); 
insert into keyvalue VALUES ('59432-1.0.0-Id', '59432-1.0.0', 'Post-Pool-1.0.0-Id', '59432'); 
insert into keyvalue VALUES ('59432-1.0.0-Offer_ids_master', '59432-1.0.0', 'Post-Pool-1.0.0-Offer_ids_master', null); 
insert into keyvalue VALUES ('59432-1.0.0-Offer_ids_member', '59432-1.0.0', 'Post-Pool-1.0.0-Offer_ids_member', null); 
insert into keyvalue VALUES ('59432-1.0.0-Data_usage_mb', '59432-1.0.0', 'Post-Pool-1.0.0-Data_usage_mb', '22528'); 
insert into keyvalue VALUES ('59432-1.0.0-Price', '59432-1.0.0', 'Post-Pool-1.0.0-Price', '5101'); 
insert into keyvalue VALUES ('59432-1.0.0-Active', '59432-1.0.0', 'Post-Pool-1.0.0-Active', 'false'); 
insert into nestedkeyvalue VALUES ('59432-1.0.0-Name-def', '59432-1.0.0-Name', 'Osztható adat 22GB (2SIM)'); 
insert into nestedkeyvalue VALUES ('59432-1.0.0-Name-eng', '59432-1.0.0-Name', 'Osztható adat 22GB (2SIM)'); 
insert into nestedkeyvalue VALUES ('59432-1.0.0-Name-hun', '59432-1.0.0-Name', 'Shared data 22GB (2SIM)'); 
insert into nestedkeyvalue VALUES ('59432-1.0.0-Name-unLocalized', '59432-1.0.0-Name', null); 
insert into keyvalue VALUES ('59432-1.0.0-Name', '59432-1.0.0', 'Post-Pool-1.0.0-Name', null); 
insert into nestedkeyvalue VALUES ('59432-1.0.0-Description-def', '59432-1.0.0-Description', 'Ezzel a csomaggal 22 GB osztható adat áll rendelkezésedre számlazárásig. Ha többre van szükséged, válassz kiegészítő adat opcióink közül.'); 
insert into nestedkeyvalue VALUES ('59432-1.0.0-Description-eng', '59432-1.0.0-Description', 'Ezzel a csomaggal 22 GB osztható adat áll rendelkezésedre számlazárásig. Ha többre van szükséged, válassz kiegészítő adat opcióink közül.'); 
insert into nestedkeyvalue VALUES ('59432-1.0.0-Description-hun', '59432-1.0.0-Description', 'Your tariff has 22GB of mobile internet included in each monthly billing period. If you need more, you can choose an extra data pack from above.'); 
insert into nestedkeyvalue VALUES ('59432-1.0.0-Description-unLocalized', '59432-1.0.0-Description', null); 
insert into keyvalue VALUES ('59432-1.0.0-Description', '59432-1.0.0', 'Post-Pool-1.0.0-Description', null); 
insert into keyvalue VALUES ('59432-1.0.0-Upgrade_pool_ids', '59432-1.0.0', 'Post-Pool-1.0.0-Upgrade_pool_ids', null); 
insert into keyvalue VALUES ('59432-1.0.0-MaxMember', '59432-1.0.0', 'Post-Pool-1.0.0-MaxMember', '2'); 
insert into keyvalue VALUES ('59432-1.0.0-Type', '59432-1.0.0', 'Post-Pool-1.0.0-Type', 'IOYM'); 
insert into keyvalue VALUES ('59432-1.0.0-UnlimitedContentPackages', '59432-1.0.0', 'Post-Pool-1.0.0-UnlimitedContentPackages', null); 
insert into object VALUES ('59431-1.0.0', '59431'); 
insert into nestedkeyvalue VALUES ('59431-1.0.0-PSMCodes-Activation', '59431-1.0.0-PSMCodes', null); 
insert into keyvalue VALUES ('59431-1.0.0-PSMCodes', '59431-1.0.0', 'Post-Pool-1.0.0-PSMCodes', null); 
insert into objectrelation VALUES ('59431-1.0.0-Addon_ids_master-57598', '59431-1.0.0-Addon_ids_master', '57598-1.0.0'); 
insert into objectrelation VALUES ('59431-1.0.0-Addon_ids_master-51863', '59431-1.0.0-Addon_ids_master', '51863-1.0.0'); 
insert into objectrelation VALUES ('59431-1.0.0-Addon_ids_master-51857', '59431-1.0.0-Addon_ids_master', '51857-1.0.0'); 
insert into keyvalue VALUES ('59431-1.0.0-Addon_ids_master', '59431-1.0.0', 'Post-Pool-1.0.0-Addon_ids_master', null); 
insert into objectrelation VALUES ('59431-1.0.0-Refill_ids-O_REFIL_590c6', '59431-1.0.0-Refill_ids', 'O_REFIL_590c6-1.0.0'); 
insert into objectrelation VALUES ('59431-1.0.0-Refill_ids-O_REFIL_1574c8', '59431-1.0.0-Refill_ids', 'O_REFIL_1574c8-1.0.0'); 
insert into objectrelation VALUES ('59431-1.0.0-Refill_ids-O_REFIL_2354c33', '59431-1.0.0-Refill_ids', 'O_REFIL_2354c33-1.0.0'); 
insert into keyvalue VALUES ('59431-1.0.0-Refill_ids', '59431-1.0.0', 'Post-Pool-1.0.0-Refill_ids', null); 
insert into keyvalue VALUES ('59431-1.0.0-Featured', '59431-1.0.0', 'Post-Pool-1.0.0-Featured', 'false'); 
insert into keyvalue VALUES ('59431-1.0.0-BaseOfferIncluded', '59431-1.0.0', 'Post-Pool-1.0.0-BaseOfferIncluded', 'true'); 
insert into keyvalue VALUES ('59431-1.0.0-Addon_ids_member', '59431-1.0.0', 'Post-Pool-1.0.0-Addon_ids_member', null); 
insert into keyvalue VALUES ('59431-1.0.0-Id', '59431-1.0.0', 'Post-Pool-1.0.0-Id', '59431'); 
insert into keyvalue VALUES ('59431-1.0.0-Offer_ids_master', '59431-1.0.0', 'Post-Pool-1.0.0-Offer_ids_master', null); 
insert into keyvalue VALUES ('59431-1.0.0-Offer_ids_member', '59431-1.0.0', 'Post-Pool-1.0.0-Offer_ids_member', null); 
insert into keyvalue VALUES ('59431-1.0.0-Data_usage_mb', '59431-1.0.0', 'Post-Pool-1.0.0-Data_usage_mb', '18432'); 
insert into keyvalue VALUES ('59431-1.0.0-Price', '59431-1.0.0', 'Post-Pool-1.0.0-Price', '3708'); 
insert into keyvalue VALUES ('59431-1.0.0-Active', '59431-1.0.0', 'Post-Pool-1.0.0-Active', 'false'); 
insert into nestedkeyvalue VALUES ('59431-1.0.0-Name-def', '59431-1.0.0-Name', 'Osztható adat 18GB (2SIM)'); 
insert into nestedkeyvalue VALUES ('59431-1.0.0-Name-eng', '59431-1.0.0-Name', 'Osztható adat 18GB (2SIM)'); 
insert into nestedkeyvalue VALUES ('59431-1.0.0-Name-hun', '59431-1.0.0-Name', 'Shared data 18GB (2SIM)'); 
insert into nestedkeyvalue VALUES ('59431-1.0.0-Name-unLocalized', '59431-1.0.0-Name', null); 
insert into keyvalue VALUES ('59431-1.0.0-Name', '59431-1.0.0', 'Post-Pool-1.0.0-Name', null); 
insert into nestedkeyvalue VALUES ('59431-1.0.0-Description-def', '59431-1.0.0-Description', 'Ezzel a csomaggal 18 GB osztható adat áll rendelkezésedre számlazárásig. Ha többre van szükséged, válassz kiegészítő adat opcióink közül.'); 
insert into nestedkeyvalue VALUES ('59431-1.0.0-Description-eng', '59431-1.0.0-Description', 'Ezzel a csomaggal 18 GB osztható adat áll rendelkezésedre számlazárásig. Ha többre van szükséged, válassz kiegészítő adat opcióink közül.'); 
insert into nestedkeyvalue VALUES ('59431-1.0.0-Description-hun', '59431-1.0.0-Description', 'Your tariff has 18GB of mobile internet included in each monthly billing period. If you need more, you can choose an extra data pack from above.'); 
insert into nestedkeyvalue VALUES ('59431-1.0.0-Description-unLocalized', '59431-1.0.0-Description', null); 
insert into keyvalue VALUES ('59431-1.0.0-Description', '59431-1.0.0', 'Post-Pool-1.0.0-Description', null); 
insert into keyvalue VALUES ('59431-1.0.0-Upgrade_pool_ids', '59431-1.0.0', 'Post-Pool-1.0.0-Upgrade_pool_ids', null); 
insert into keyvalue VALUES ('59431-1.0.0-MaxMember', '59431-1.0.0', 'Post-Pool-1.0.0-MaxMember', '2'); 
insert into keyvalue VALUES ('59431-1.0.0-Type', '59431-1.0.0', 'Post-Pool-1.0.0-Type', 'IOYM'); 
insert into keyvalue VALUES ('59431-1.0.0-UnlimitedContentPackages', '59431-1.0.0', 'Post-Pool-1.0.0-UnlimitedContentPackages', null); 
insert into object VALUES ('59430-1.0.0', '59430'); 
insert into nestedkeyvalue VALUES ('59430-1.0.0-PSMCodes-Activation', '59430-1.0.0-PSMCodes', null); 
insert into keyvalue VALUES ('59430-1.0.0-PSMCodes', '59430-1.0.0', 'Post-Pool-1.0.0-PSMCodes', null); 
insert into objectrelation VALUES ('59430-1.0.0-Addon_ids_master-57598', '59430-1.0.0-Addon_ids_master', '57598-1.0.0'); 
insert into objectrelation VALUES ('59430-1.0.0-Addon_ids_master-51863', '59430-1.0.0-Addon_ids_master', '51863-1.0.0'); 
insert into objectrelation VALUES ('59430-1.0.0-Addon_ids_master-51857', '59430-1.0.0-Addon_ids_master', '51857-1.0.0'); 
insert into keyvalue VALUES ('59430-1.0.0-Addon_ids_master', '59430-1.0.0', 'Post-Pool-1.0.0-Addon_ids_master', null); 
insert into objectrelation VALUES ('59430-1.0.0-Refill_ids-O_REFIL_590c6', '59430-1.0.0-Refill_ids', 'O_REFIL_590c6-1.0.0'); 
insert into objectrelation VALUES ('59430-1.0.0-Refill_ids-O_REFIL_1574c8', '59430-1.0.0-Refill_ids', 'O_REFIL_1574c8-1.0.0'); 
insert into objectrelation VALUES ('59430-1.0.0-Refill_ids-O_REFIL_2354c33', '59430-1.0.0-Refill_ids', 'O_REFIL_2354c33-1.0.0'); 
insert into keyvalue VALUES ('59430-1.0.0-Refill_ids', '59430-1.0.0', 'Post-Pool-1.0.0-Refill_ids', null); 
insert into keyvalue VALUES ('59430-1.0.0-Featured', '59430-1.0.0', 'Post-Pool-1.0.0-Featured', 'false'); 
insert into keyvalue VALUES ('59430-1.0.0-BaseOfferIncluded', '59430-1.0.0', 'Post-Pool-1.0.0-BaseOfferIncluded', 'true'); 
insert into keyvalue VALUES ('59430-1.0.0-Addon_ids_member', '59430-1.0.0', 'Post-Pool-1.0.0-Addon_ids_member', null); 
insert into keyvalue VALUES ('59430-1.0.0-Id', '59430-1.0.0', 'Post-Pool-1.0.0-Id', '59430'); 
insert into keyvalue VALUES ('59430-1.0.0-Offer_ids_master', '59430-1.0.0', 'Post-Pool-1.0.0-Offer_ids_master', null); 
insert into keyvalue VALUES ('59430-1.0.0-Offer_ids_member', '59430-1.0.0', 'Post-Pool-1.0.0-Offer_ids_member', null); 
insert into keyvalue VALUES ('59430-1.0.0-Data_usage_mb', '59430-1.0.0', 'Post-Pool-1.0.0-Data_usage_mb', '13312'); 
insert into keyvalue VALUES ('59430-1.0.0-Price', '59430-1.0.0', 'Post-Pool-1.0.0-Price', '2779'); 
insert into keyvalue VALUES ('59430-1.0.0-Active', '59430-1.0.0', 'Post-Pool-1.0.0-Active', 'false'); 
insert into nestedkeyvalue VALUES ('59430-1.0.0-Name-def', '59430-1.0.0-Name', 'Osztható adat 13GB (2SIM)'); 
insert into nestedkeyvalue VALUES ('59430-1.0.0-Name-eng', '59430-1.0.0-Name', 'Osztható adat 13GB (2SIM)'); 
insert into nestedkeyvalue VALUES ('59430-1.0.0-Name-hun', '59430-1.0.0-Name', 'Shared data 13GB (2SIM)'); 
insert into nestedkeyvalue VALUES ('59430-1.0.0-Name-unLocalized', '59430-1.0.0-Name', null); 
insert into keyvalue VALUES ('59430-1.0.0-Name', '59430-1.0.0', 'Post-Pool-1.0.0-Name', null); 
insert into nestedkeyvalue VALUES ('59430-1.0.0-Description-def', '59430-1.0.0-Description', 'Ezzel a csomaggal 13 GB osztható adat áll rendelkezésedre számlazárásig. Ha többre van szükséged, válassz kiegészítő adat opcióink közül.'); 
insert into nestedkeyvalue VALUES ('59430-1.0.0-Description-eng', '59430-1.0.0-Description', 'Ezzel a csomaggal 13 GB osztható adat áll rendelkezésedre számlazárásig. Ha többre van szükséged, válassz kiegészítő adat opcióink közül.'); 
insert into nestedkeyvalue VALUES ('59430-1.0.0-Description-hun', '59430-1.0.0-Description', 'Your tariff has 13GB of mobile internet included in each monthly billing period. If you need more, you can choose an extra data pack from above.'); 
insert into nestedkeyvalue VALUES ('59430-1.0.0-Description-unLocalized', '59430-1.0.0-Description', null); 
insert into keyvalue VALUES ('59430-1.0.0-Description', '59430-1.0.0', 'Post-Pool-1.0.0-Description', null); 
insert into keyvalue VALUES ('59430-1.0.0-Upgrade_pool_ids', '59430-1.0.0', 'Post-Pool-1.0.0-Upgrade_pool_ids', null); 
insert into keyvalue VALUES ('59430-1.0.0-MaxMember', '59430-1.0.0', 'Post-Pool-1.0.0-MaxMember', '2'); 
insert into keyvalue VALUES ('59430-1.0.0-Type', '59430-1.0.0', 'Post-Pool-1.0.0-Type', 'IOYM'); 
insert into keyvalue VALUES ('59430-1.0.0-UnlimitedContentPackages', '59430-1.0.0', 'Post-Pool-1.0.0-UnlimitedContentPackages', null); 
insert into object VALUES ('59427-1.0.0', '59427'); 
insert into nestedkeyvalue VALUES ('59427-1.0.0-PSMCodes-Activation', '59427-1.0.0-PSMCodes', null); 
insert into keyvalue VALUES ('59427-1.0.0-PSMCodes', '59427-1.0.0', 'Post-Pool-1.0.0-PSMCodes', null); 
insert into objectrelation VALUES ('59427-1.0.0-Addon_ids_master-57598', '59427-1.0.0-Addon_ids_master', '57598-1.0.0'); 
insert into objectrelation VALUES ('59427-1.0.0-Addon_ids_master-51863', '59427-1.0.0-Addon_ids_master', '51863-1.0.0'); 
insert into objectrelation VALUES ('59427-1.0.0-Addon_ids_master-51857', '59427-1.0.0-Addon_ids_master', '51857-1.0.0'); 
insert into keyvalue VALUES ('59427-1.0.0-Addon_ids_master', '59427-1.0.0', 'Post-Pool-1.0.0-Addon_ids_master', null); 
insert into objectrelation VALUES ('59427-1.0.0-Refill_ids-O_REFIL_590c6', '59427-1.0.0-Refill_ids', 'O_REFIL_590c6-1.0.0'); 
insert into objectrelation VALUES ('59427-1.0.0-Refill_ids-O_REFIL_1574c8', '59427-1.0.0-Refill_ids', 'O_REFIL_1574c8-1.0.0'); 
insert into objectrelation VALUES ('59427-1.0.0-Refill_ids-O_REFIL_2354c33', '59427-1.0.0-Refill_ids', 'O_REFIL_2354c33-1.0.0'); 
insert into keyvalue VALUES ('59427-1.0.0-Refill_ids', '59427-1.0.0', 'Post-Pool-1.0.0-Refill_ids', null); 
insert into keyvalue VALUES ('59427-1.0.0-Featured', '59427-1.0.0', 'Post-Pool-1.0.0-Featured', 'false'); 
insert into keyvalue VALUES ('59427-1.0.0-BaseOfferIncluded', '59427-1.0.0', 'Post-Pool-1.0.0-BaseOfferIncluded', 'true'); 
insert into keyvalue VALUES ('59427-1.0.0-Addon_ids_member', '59427-1.0.0', 'Post-Pool-1.0.0-Addon_ids_member', null); 
insert into keyvalue VALUES ('59427-1.0.0-Id', '59427-1.0.0', 'Post-Pool-1.0.0-Id', '59427'); 
insert into keyvalue VALUES ('59427-1.0.0-Offer_ids_master', '59427-1.0.0', 'Post-Pool-1.0.0-Offer_ids_master', null); 
insert into keyvalue VALUES ('59427-1.0.0-Offer_ids_member', '59427-1.0.0', 'Post-Pool-1.0.0-Offer_ids_member', null); 
insert into keyvalue VALUES ('59427-1.0.0-Data_usage_mb', '59427-1.0.0', 'Post-Pool-1.0.0-Data_usage_mb', '24576'); 
insert into keyvalue VALUES ('59427-1.0.0-Price', '59427-1.0.0', 'Post-Pool-1.0.0-Price', '6960'); 
insert into keyvalue VALUES ('59427-1.0.0-Active', '59427-1.0.0', 'Post-Pool-1.0.0-Active', 'false'); 
insert into nestedkeyvalue VALUES ('59427-1.0.0-Name-def', '59427-1.0.0-Name', 'Osztható adat 24GB (2SIM)'); 
insert into nestedkeyvalue VALUES ('59427-1.0.0-Name-eng', '59427-1.0.0-Name', 'Osztható adat 24GB (2SIM)'); 
insert into nestedkeyvalue VALUES ('59427-1.0.0-Name-hun', '59427-1.0.0-Name', 'Shared data 24GB (2SIM)'); 
insert into nestedkeyvalue VALUES ('59427-1.0.0-Name-unLocalized', '59427-1.0.0-Name', null); 
insert into keyvalue VALUES ('59427-1.0.0-Name', '59427-1.0.0', 'Post-Pool-1.0.0-Name', null); 
insert into nestedkeyvalue VALUES ('59427-1.0.0-Description-def', '59427-1.0.0-Description', 'Ezzel a csomaggal 24 GB osztható adat áll rendelkezésedre számlazárásig. Ha többre van szükséged, válassz kiegészítő adat opcióink közül.'); 
insert into nestedkeyvalue VALUES ('59427-1.0.0-Description-eng', '59427-1.0.0-Description', 'Ezzel a csomaggal 24 GB osztható adat áll rendelkezésedre számlazárásig. Ha többre van szükséged, válassz kiegészítő adat opcióink közül.'); 
insert into nestedkeyvalue VALUES ('59427-1.0.0-Description-hun', '59427-1.0.0-Description', 'Your tariff has 24GB of mobile internet included in each monthly billing period. If you need more, you can choose an extra data pack from above.'); 
insert into nestedkeyvalue VALUES ('59427-1.0.0-Description-unLocalized', '59427-1.0.0-Description', null); 
insert into keyvalue VALUES ('59427-1.0.0-Description', '59427-1.0.0', 'Post-Pool-1.0.0-Description', null); 
insert into keyvalue VALUES ('59427-1.0.0-Upgrade_pool_ids', '59427-1.0.0', 'Post-Pool-1.0.0-Upgrade_pool_ids', null); 
insert into keyvalue VALUES ('59427-1.0.0-MaxMember', '59427-1.0.0', 'Post-Pool-1.0.0-MaxMember', '2'); 
insert into keyvalue VALUES ('59427-1.0.0-Type', '59427-1.0.0', 'Post-Pool-1.0.0-Type', 'IOYM'); 
insert into keyvalue VALUES ('59427-1.0.0-UnlimitedContentPackages', '59427-1.0.0', 'Post-Pool-1.0.0-UnlimitedContentPackages', null); 
insert into object VALUES ('59426-1.0.0', '59426'); 
insert into nestedkeyvalue VALUES ('59426-1.0.0-PSMCodes-Activation', '59426-1.0.0-PSMCodes', null); 
insert into keyvalue VALUES ('59426-1.0.0-PSMCodes', '59426-1.0.0', 'Post-Pool-1.0.0-PSMCodes', null); 
insert into objectrelation VALUES ('59426-1.0.0-Addon_ids_master-57598', '59426-1.0.0-Addon_ids_master', '57598-1.0.0'); 
insert into objectrelation VALUES ('59426-1.0.0-Addon_ids_master-51863', '59426-1.0.0-Addon_ids_master', '51863-1.0.0'); 
insert into objectrelation VALUES ('59426-1.0.0-Addon_ids_master-51857', '59426-1.0.0-Addon_ids_master', '51857-1.0.0'); 
insert into keyvalue VALUES ('59426-1.0.0-Addon_ids_master', '59426-1.0.0', 'Post-Pool-1.0.0-Addon_ids_master', null); 
insert into objectrelation VALUES ('59426-1.0.0-Refill_ids-O_REFIL_590c6', '59426-1.0.0-Refill_ids', 'O_REFIL_590c6-1.0.0'); 
insert into objectrelation VALUES ('59426-1.0.0-Refill_ids-O_REFIL_1574c8', '59426-1.0.0-Refill_ids', 'O_REFIL_1574c8-1.0.0'); 
insert into objectrelation VALUES ('59426-1.0.0-Refill_ids-O_REFIL_2354c33', '59426-1.0.0-Refill_ids', 'O_REFIL_2354c33-1.0.0'); 
insert into keyvalue VALUES ('59426-1.0.0-Refill_ids', '59426-1.0.0', 'Post-Pool-1.0.0-Refill_ids', null); 
insert into keyvalue VALUES ('59426-1.0.0-Featured', '59426-1.0.0', 'Post-Pool-1.0.0-Featured', 'false'); 
insert into keyvalue VALUES ('59426-1.0.0-BaseOfferIncluded', '59426-1.0.0', 'Post-Pool-1.0.0-BaseOfferIncluded', 'true'); 
insert into keyvalue VALUES ('59426-1.0.0-Addon_ids_member', '59426-1.0.0', 'Post-Pool-1.0.0-Addon_ids_member', null); 
insert into keyvalue VALUES ('59426-1.0.0-Id', '59426-1.0.0', 'Post-Pool-1.0.0-Id', '59426'); 
insert into keyvalue VALUES ('59426-1.0.0-Offer_ids_master', '59426-1.0.0', 'Post-Pool-1.0.0-Offer_ids_master', null); 
insert into keyvalue VALUES ('59426-1.0.0-Offer_ids_member', '59426-1.0.0', 'Post-Pool-1.0.0-Offer_ids_member', null); 
insert into keyvalue VALUES ('59426-1.0.0-Data_usage_mb', '59426-1.0.0', 'Post-Pool-1.0.0-Data_usage_mb', '16384'); 
insert into keyvalue VALUES ('59426-1.0.0-Price', '59426-1.0.0', 'Post-Pool-1.0.0-Price', '5101'); 
insert into keyvalue VALUES ('59426-1.0.0-Active', '59426-1.0.0', 'Post-Pool-1.0.0-Active', 'false'); 
insert into nestedkeyvalue VALUES ('59426-1.0.0-Name-def', '59426-1.0.0-Name', 'Osztható adat 16GB (2SIM)'); 
insert into nestedkeyvalue VALUES ('59426-1.0.0-Name-eng', '59426-1.0.0-Name', 'Osztható adat 16GB (2SIM)'); 
insert into nestedkeyvalue VALUES ('59426-1.0.0-Name-hun', '59426-1.0.0-Name', 'Shared data 16GB (2SIM)'); 
insert into nestedkeyvalue VALUES ('59426-1.0.0-Name-unLocalized', '59426-1.0.0-Name', null); 
insert into keyvalue VALUES ('59426-1.0.0-Name', '59426-1.0.0', 'Post-Pool-1.0.0-Name', null); 
insert into nestedkeyvalue VALUES ('59426-1.0.0-Description-def', '59426-1.0.0-Description', 'Ezzel a csomaggal 16 GB osztható adat áll rendelkezésedre számlazárásig. Ha többre van szükséged, válassz kiegészítő adat opcióink közül.'); 
insert into nestedkeyvalue VALUES ('59426-1.0.0-Description-eng', '59426-1.0.0-Description', 'Ezzel a csomaggal 16 GB osztható adat áll rendelkezésedre számlazárásig. Ha többre van szükséged, válassz kiegészítő adat opcióink közül.'); 
insert into nestedkeyvalue VALUES ('59426-1.0.0-Description-hun', '59426-1.0.0-Description', 'Your tariff has 16GB of mobile internet included in each monthly billing period. If you need more, you can choose an extra data pack from above.'); 
insert into nestedkeyvalue VALUES ('59426-1.0.0-Description-unLocalized', '59426-1.0.0-Description', null); 
insert into keyvalue VALUES ('59426-1.0.0-Description', '59426-1.0.0', 'Post-Pool-1.0.0-Description', null); 
insert into keyvalue VALUES ('59426-1.0.0-Upgrade_pool_ids', '59426-1.0.0', 'Post-Pool-1.0.0-Upgrade_pool_ids', null); 
insert into keyvalue VALUES ('59426-1.0.0-MaxMember', '59426-1.0.0', 'Post-Pool-1.0.0-MaxMember', '2'); 
insert into keyvalue VALUES ('59426-1.0.0-Type', '59426-1.0.0', 'Post-Pool-1.0.0-Type', 'IOYM'); 
insert into keyvalue VALUES ('59426-1.0.0-UnlimitedContentPackages', '59426-1.0.0', 'Post-Pool-1.0.0-UnlimitedContentPackages', null); 
insert into object VALUES ('59425-1.0.0', '59425'); 
insert into nestedkeyvalue VALUES ('59425-1.0.0-PSMCodes-Activation', '59425-1.0.0-PSMCodes', null); 
insert into keyvalue VALUES ('59425-1.0.0-PSMCodes', '59425-1.0.0', 'Post-Pool-1.0.0-PSMCodes', null); 
insert into objectrelation VALUES ('59425-1.0.0-Addon_ids_master-57598', '59425-1.0.0-Addon_ids_master', '57598-1.0.0'); 
insert into objectrelation VALUES ('59425-1.0.0-Addon_ids_master-51863', '59425-1.0.0-Addon_ids_master', '51863-1.0.0'); 
insert into objectrelation VALUES ('59425-1.0.0-Addon_ids_master-51857', '59425-1.0.0-Addon_ids_master', '51857-1.0.0'); 
insert into keyvalue VALUES ('59425-1.0.0-Addon_ids_master', '59425-1.0.0', 'Post-Pool-1.0.0-Addon_ids_master', null); 
insert into objectrelation VALUES ('59425-1.0.0-Refill_ids-O_REFIL_590c6', '59425-1.0.0-Refill_ids', 'O_REFIL_590c6-1.0.0'); 
insert into objectrelation VALUES ('59425-1.0.0-Refill_ids-O_REFIL_1574c8', '59425-1.0.0-Refill_ids', 'O_REFIL_1574c8-1.0.0'); 
insert into objectrelation VALUES ('59425-1.0.0-Refill_ids-O_REFIL_2354c33', '59425-1.0.0-Refill_ids', 'O_REFIL_2354c33-1.0.0'); 
insert into keyvalue VALUES ('59425-1.0.0-Refill_ids', '59425-1.0.0', 'Post-Pool-1.0.0-Refill_ids', null); 
insert into keyvalue VALUES ('59425-1.0.0-Featured', '59425-1.0.0', 'Post-Pool-1.0.0-Featured', 'false'); 
insert into keyvalue VALUES ('59425-1.0.0-BaseOfferIncluded', '59425-1.0.0', 'Post-Pool-1.0.0-BaseOfferIncluded', 'true'); 
insert into keyvalue VALUES ('59425-1.0.0-Addon_ids_member', '59425-1.0.0', 'Post-Pool-1.0.0-Addon_ids_member', null); 
insert into keyvalue VALUES ('59425-1.0.0-Id', '59425-1.0.0', 'Post-Pool-1.0.0-Id', '59425'); 
insert into keyvalue VALUES ('59425-1.0.0-Offer_ids_master', '59425-1.0.0', 'Post-Pool-1.0.0-Offer_ids_master', null); 
insert into keyvalue VALUES ('59425-1.0.0-Offer_ids_member', '59425-1.0.0', 'Post-Pool-1.0.0-Offer_ids_member', null); 
insert into keyvalue VALUES ('59425-1.0.0-Data_usage_mb', '59425-1.0.0', 'Post-Pool-1.0.0-Data_usage_mb', '12288'); 
insert into keyvalue VALUES ('59425-1.0.0-Price', '59425-1.0.0', 'Post-Pool-1.0.0-Price', '3708'); 
insert into keyvalue VALUES ('59425-1.0.0-Active', '59425-1.0.0', 'Post-Pool-1.0.0-Active', 'false'); 
insert into nestedkeyvalue VALUES ('59425-1.0.0-Name-def', '59425-1.0.0-Name', 'Osztható adat 12GB (2SIM)'); 
insert into nestedkeyvalue VALUES ('59425-1.0.0-Name-eng', '59425-1.0.0-Name', 'Osztható adat 12GB (2SIM)'); 
insert into nestedkeyvalue VALUES ('59425-1.0.0-Name-hun', '59425-1.0.0-Name', 'Shared data 12GB (2SIM)'); 
insert into nestedkeyvalue VALUES ('59425-1.0.0-Name-unLocalized', '59425-1.0.0-Name', null); 
insert into keyvalue VALUES ('59425-1.0.0-Name', '59425-1.0.0', 'Post-Pool-1.0.0-Name', null); 
insert into nestedkeyvalue VALUES ('59425-1.0.0-Description-def', '59425-1.0.0-Description', 'Ezzel a csomaggal 12 GB osztható adat áll rendelkezésedre számlazárásig. Ha többre van szükséged, válassz kiegészítő adat opcióink közül.'); 
insert into nestedkeyvalue VALUES ('59425-1.0.0-Description-eng', '59425-1.0.0-Description', 'Ezzel a csomaggal 12 GB osztható adat áll rendelkezésedre számlazárásig. Ha többre van szükséged, válassz kiegészítő adat opcióink közül.'); 
insert into nestedkeyvalue VALUES ('59425-1.0.0-Description-hun', '59425-1.0.0-Description', 'Your tariff has 12GB of mobile internet included in each monthly billing period. If you need more, you can choose an extra data pack from above.'); 
insert into nestedkeyvalue VALUES ('59425-1.0.0-Description-unLocalized', '59425-1.0.0-Description', null); 
insert into keyvalue VALUES ('59425-1.0.0-Description', '59425-1.0.0', 'Post-Pool-1.0.0-Description', null); 
insert into keyvalue VALUES ('59425-1.0.0-Upgrade_pool_ids', '59425-1.0.0', 'Post-Pool-1.0.0-Upgrade_pool_ids', null); 
insert into keyvalue VALUES ('59425-1.0.0-MaxMember', '59425-1.0.0', 'Post-Pool-1.0.0-MaxMember', '2'); 
insert into keyvalue VALUES ('59425-1.0.0-Type', '59425-1.0.0', 'Post-Pool-1.0.0-Type', 'IOYM'); 
insert into keyvalue VALUES ('59425-1.0.0-UnlimitedContentPackages', '59425-1.0.0', 'Post-Pool-1.0.0-UnlimitedContentPackages', null); 
insert into object VALUES ('59393-1.0.0', '59393'); 
insert into nestedkeyvalue VALUES ('59393-1.0.0-PSMCodes-Activation', '59393-1.0.0-PSMCodes', null); 
insert into keyvalue VALUES ('59393-1.0.0-PSMCodes', '59393-1.0.0', 'Post-Pool-1.0.0-PSMCodes', null); 
insert into objectrelation VALUES ('59393-1.0.0-Addon_ids_master-57598', '59393-1.0.0-Addon_ids_master', '57598-1.0.0'); 
insert into objectrelation VALUES ('59393-1.0.0-Addon_ids_master-51863', '59393-1.0.0-Addon_ids_master', '51863-1.0.0'); 
insert into objectrelation VALUES ('59393-1.0.0-Addon_ids_master-51857', '59393-1.0.0-Addon_ids_master', '51857-1.0.0'); 
insert into keyvalue VALUES ('59393-1.0.0-Addon_ids_master', '59393-1.0.0', 'Post-Pool-1.0.0-Addon_ids_master', null); 
insert into objectrelation VALUES ('59393-1.0.0-Refill_ids-O_REFIL_590c6', '59393-1.0.0-Refill_ids', 'O_REFIL_590c6-1.0.0'); 
insert into objectrelation VALUES ('59393-1.0.0-Refill_ids-O_REFIL_1574c8', '59393-1.0.0-Refill_ids', 'O_REFIL_1574c8-1.0.0'); 
insert into objectrelation VALUES ('59393-1.0.0-Refill_ids-O_REFIL_2354c33', '59393-1.0.0-Refill_ids', 'O_REFIL_2354c33-1.0.0'); 
insert into keyvalue VALUES ('59393-1.0.0-Refill_ids', '59393-1.0.0', 'Post-Pool-1.0.0-Refill_ids', null); 
insert into keyvalue VALUES ('59393-1.0.0-Featured', '59393-1.0.0', 'Post-Pool-1.0.0-Featured', 'false'); 
insert into keyvalue VALUES ('59393-1.0.0-BaseOfferIncluded', '59393-1.0.0', 'Post-Pool-1.0.0-BaseOfferIncluded', 'true'); 
insert into keyvalue VALUES ('59393-1.0.0-Addon_ids_member', '59393-1.0.0', 'Post-Pool-1.0.0-Addon_ids_member', null); 
insert into keyvalue VALUES ('59393-1.0.0-Id', '59393-1.0.0', 'Post-Pool-1.0.0-Id', '59393'); 
insert into keyvalue VALUES ('59393-1.0.0-Offer_ids_master', '59393-1.0.0', 'Post-Pool-1.0.0-Offer_ids_master', null); 
insert into keyvalue VALUES ('59393-1.0.0-Offer_ids_member', '59393-1.0.0', 'Post-Pool-1.0.0-Offer_ids_member', null); 
insert into keyvalue VALUES ('59393-1.0.0-Data_usage_mb', '59393-1.0.0', 'Post-Pool-1.0.0-Data_usage_mb', '7168'); 
insert into keyvalue VALUES ('59393-1.0.0-Price', '59393-1.0.0', 'Post-Pool-1.0.0-Price', '2779'); 
insert into keyvalue VALUES ('59393-1.0.0-Active', '59393-1.0.0', 'Post-Pool-1.0.0-Active', 'false'); 
insert into nestedkeyvalue VALUES ('59393-1.0.0-Name-def', '59393-1.0.0-Name', 'Osztható adat 7GB (2SIM)'); 
insert into nestedkeyvalue VALUES ('59393-1.0.0-Name-eng', '59393-1.0.0-Name', 'Osztható adat 7GB (2SIM)'); 
insert into nestedkeyvalue VALUES ('59393-1.0.0-Name-hun', '59393-1.0.0-Name', 'Shared data 7GB (2SIM)'); 
insert into nestedkeyvalue VALUES ('59393-1.0.0-Name-unLocalized', '59393-1.0.0-Name', null); 
insert into keyvalue VALUES ('59393-1.0.0-Name', '59393-1.0.0', 'Post-Pool-1.0.0-Name', null); 
insert into nestedkeyvalue VALUES ('59393-1.0.0-Description-def', '59393-1.0.0-Description', 'Ezzel a csomaggal 7 GB osztható adat áll rendelkezésedre számlazárásig. Ha többre van szükséged, válassz kiegészítő adat opcióink közül.'); 
insert into nestedkeyvalue VALUES ('59393-1.0.0-Description-eng', '59393-1.0.0-Description', 'Ezzel a csomaggal 7 GB osztható adat áll rendelkezésedre számlazárásig. Ha többre van szükséged, válassz kiegészítő adat opcióink közül.'); 
insert into nestedkeyvalue VALUES ('59393-1.0.0-Description-hun', '59393-1.0.0-Description', 'Your tariff has 7GB of mobile internet included in each monthly billing period. If you need more, you can choose an extra data pack from above.'); 
insert into nestedkeyvalue VALUES ('59393-1.0.0-Description-unLocalized', '59393-1.0.0-Description', null); 
insert into keyvalue VALUES ('59393-1.0.0-Description', '59393-1.0.0', 'Post-Pool-1.0.0-Description', null); 
insert into keyvalue VALUES ('59393-1.0.0-Upgrade_pool_ids', '59393-1.0.0', 'Post-Pool-1.0.0-Upgrade_pool_ids', null); 
insert into keyvalue VALUES ('59393-1.0.0-MaxMember', '59393-1.0.0', 'Post-Pool-1.0.0-MaxMember', '2'); 
insert into keyvalue VALUES ('59393-1.0.0-Type', '59393-1.0.0', 'Post-Pool-1.0.0-Type', 'IOYM'); 
insert into keyvalue VALUES ('59393-1.0.0-UnlimitedContentPackages', '59393-1.0.0', 'Post-Pool-1.0.0-UnlimitedContentPackages', null); 
insert into object VALUES ('59921-1.0.0', '59921'); 
insert into nestedkeyvalue VALUES ('59921-1.0.0-PSMCodes-Activation', '59921-1.0.0-PSMCodes', null); 
insert into keyvalue VALUES ('59921-1.0.0-PSMCodes', '59921-1.0.0', 'Post-Pool-1.0.0-PSMCodes', null); 
insert into objectrelation VALUES ('59921-1.0.0-Addon_ids_master-60290', '59921-1.0.0-Addon_ids_master', '60290-1.0.0'); 
insert into objectrelation VALUES ('59921-1.0.0-Addon_ids_master-60298', '59921-1.0.0-Addon_ids_master', '60298-1.0.0'); 
insert into objectrelation VALUES ('59921-1.0.0-Addon_ids_master-57598', '59921-1.0.0-Addon_ids_master', '57598-1.0.0'); 
insert into objectrelation VALUES ('59921-1.0.0-Addon_ids_master-60295', '59921-1.0.0-Addon_ids_master', '60295-1.0.0'); 
insert into objectrelation VALUES ('59921-1.0.0-Addon_ids_master-60223', '59921-1.0.0-Addon_ids_master', '60223-1.0.0'); 
insert into keyvalue VALUES ('59921-1.0.0-Addon_ids_master', '59921-1.0.0', 'Post-Pool-1.0.0-Addon_ids_master', null); 
insert into objectrelation VALUES ('59921-1.0.0-Refill_ids-O_REFIL_590c55', '59921-1.0.0-Refill_ids', 'O_REFIL_590c55-1.0.0'); 
insert into objectrelation VALUES ('59921-1.0.0-Refill_ids-O_REFIL_1574c8', '59921-1.0.0-Refill_ids', 'O_REFIL_1574c8-1.0.0'); 
insert into objectrelation VALUES ('59921-1.0.0-Refill_ids-O_REFIL_3141c73', '59921-1.0.0-Refill_ids', 'O_REFIL_3141c73-1.0.0'); 
insert into objectrelation VALUES ('59921-1.0.0-Refill_ids-60217', '59921-1.0.0-Refill_ids', '60217-1.0.0'); 
insert into objectrelation VALUES ('59921-1.0.0-Refill_ids-60219', '59921-1.0.0-Refill_ids', '60219-1.0.0'); 
insert into keyvalue VALUES ('59921-1.0.0-Refill_ids', '59921-1.0.0', 'Post-Pool-1.0.0-Refill_ids', null); 
insert into keyvalue VALUES ('59921-1.0.0-Featured', '59921-1.0.0', 'Post-Pool-1.0.0-Featured', 'false'); 
insert into keyvalue VALUES ('59921-1.0.0-BaseOfferIncluded', '59921-1.0.0', 'Post-Pool-1.0.0-BaseOfferIncluded', 'true'); 
insert into keyvalue VALUES ('59921-1.0.0-Addon_ids_member', '59921-1.0.0', 'Post-Pool-1.0.0-Addon_ids_member', null); 
insert into keyvalue VALUES ('59921-1.0.0-Id', '59921-1.0.0', 'Post-Pool-1.0.0-Id', '59921'); 
insert into keyvalue VALUES ('59921-1.0.0-Offer_ids_master', '59921-1.0.0', 'Post-Pool-1.0.0-Offer_ids_master', null); 
insert into keyvalue VALUES ('59921-1.0.0-Offer_ids_member', '59921-1.0.0', 'Post-Pool-1.0.0-Offer_ids_member', null); 
insert into keyvalue VALUES ('59921-1.0.0-Data_usage_mb', '59921-1.0.0', 'Post-Pool-1.0.0-Data_usage_mb', '4096'); 
insert into keyvalue VALUES ('59921-1.0.0-Price', '59921-1.0.0', 'Post-Pool-1.0.0-Price', '0'); 
insert into keyvalue VALUES ('59921-1.0.0-Active', '59921-1.0.0', 'Post-Pool-1.0.0-Active', 'false'); 
insert into nestedkeyvalue VALUES ('59921-1.0.0-Name-def', '59921-1.0.0-Name', 'Osztható adat 4 GB'); 
insert into nestedkeyvalue VALUES ('59921-1.0.0-Name-eng', '59921-1.0.0-Name', 'Osztható adat 4 GB'); 
insert into nestedkeyvalue VALUES ('59921-1.0.0-Name-hun', '59921-1.0.0-Name', 'Shared data 4 GB'); 
insert into nestedkeyvalue VALUES ('59921-1.0.0-Name-unLocalized', '59921-1.0.0-Name', null); 
insert into keyvalue VALUES ('59921-1.0.0-Name', '59921-1.0.0', 'Post-Pool-1.0.0-Name', null); 
insert into nestedkeyvalue VALUES ('59921-1.0.0-Description-def', '59921-1.0.0-Description', 'Jelenlegi tarifáddal 4 GB osztható adat áll rendelkezésedre minden számlázási ciklusban. Ha többre van szükséged válassz Plusz Osztható Adat opcióink közül a Plusz Adat vásárlás menüpontban.'); 
insert into nestedkeyvalue VALUES ('59921-1.0.0-Description-eng', '59921-1.0.0-Description', 'Jelenlegi tarifáddal 4 GB osztható adat áll rendelkezésedre minden számlázási ciklusban. Ha többre van szükséged válassz Plusz Osztható Adat opcióink közül a Plusz Adat vásárlás menüpontban.'); 
insert into nestedkeyvalue VALUES ('59921-1.0.0-Description-hun', '59921-1.0.0-Description', 'This tariff has 4 GB of shared mobile internet included in each monthly billing period. If you need more or use all of your 4 GB, you can choose a great value extra data pack from below.'); 
insert into nestedkeyvalue VALUES ('59921-1.0.0-Description-unLocalized', '59921-1.0.0-Description', null); 
insert into keyvalue VALUES ('59921-1.0.0-Description', '59921-1.0.0', 'Post-Pool-1.0.0-Description', null); 
insert into keyvalue VALUES ('59921-1.0.0-Upgrade_pool_ids', '59921-1.0.0', 'Post-Pool-1.0.0-Upgrade_pool_ids', null); 
insert into keyvalue VALUES ('59921-1.0.0-MaxMember', '59921-1.0.0', 'Post-Pool-1.0.0-MaxMember', '2'); 
insert into keyvalue VALUES ('59921-1.0.0-Type', '59921-1.0.0', 'Post-Pool-1.0.0-Type', 'IOYM'); 
insert into objectrelation VALUES ('59921-1.0.0-UnlimitedContentPackages-UCP67695', '59921-1.0.0-UnlimitedContentPackages', 'UCP67695-1.0.0'); 
insert into objectrelation VALUES ('59921-1.0.0-UnlimitedContentPackages-UCP67694', '59921-1.0.0-UnlimitedContentPackages', 'UCP67694-1.0.0'); 
insert into objectrelation VALUES ('59921-1.0.0-UnlimitedContentPackages-UCP67693', '59921-1.0.0-UnlimitedContentPackages', 'UCP67693-1.0.0'); 
insert into objectrelation VALUES ('59921-1.0.0-UnlimitedContentPackages-UCP67696', '59921-1.0.0-UnlimitedContentPackages', 'UCP67696-1.0.0'); 
insert into keyvalue VALUES ('59921-1.0.0-UnlimitedContentPackages', '59921-1.0.0', 'Post-Pool-1.0.0-UnlimitedContentPackages', null); 
insert into object VALUES ('59920-1.0.0', '59920'); 
insert into nestedkeyvalue VALUES ('59920-1.0.0-PSMCodes-Activation', '59920-1.0.0-PSMCodes', null); 
insert into keyvalue VALUES ('59920-1.0.0-PSMCodes', '59920-1.0.0', 'Post-Pool-1.0.0-PSMCodes', null); 
insert into objectrelation VALUES ('59920-1.0.0-Addon_ids_master-60290', '59920-1.0.0-Addon_ids_master', '60290-1.0.0'); 
insert into objectrelation VALUES ('59920-1.0.0-Addon_ids_master-60298', '59920-1.0.0-Addon_ids_master', '60298-1.0.0'); 
insert into objectrelation VALUES ('59920-1.0.0-Addon_ids_master-57598', '59920-1.0.0-Addon_ids_master', '57598-1.0.0'); 
insert into keyvalue VALUES ('59920-1.0.0-Addon_ids_master', '59920-1.0.0', 'Post-Pool-1.0.0-Addon_ids_master', null); 
insert into objectrelation VALUES ('59920-1.0.0-Refill_ids-O_REFIL_1574c8', '59920-1.0.0-Refill_ids', 'O_REFIL_1574c8-1.0.0'); 
insert into objectrelation VALUES ('59920-1.0.0-Refill_ids-O_REFIL_2354c33', '59920-1.0.0-Refill_ids', 'O_REFIL_2354c33-1.0.0'); 
insert into objectrelation VALUES ('59920-1.0.0-Refill_ids-O_REFIL_3141c73', '59920-1.0.0-Refill_ids', 'O_REFIL_3141c73-1.0.0'); 
insert into objectrelation VALUES ('59920-1.0.0-Refill_ids-60217', '59920-1.0.0-Refill_ids', '60217-1.0.0'); 
insert into objectrelation VALUES ('59920-1.0.0-Refill_ids-60219', '59920-1.0.0-Refill_ids', '60219-1.0.0'); 
insert into keyvalue VALUES ('59920-1.0.0-Refill_ids', '59920-1.0.0', 'Post-Pool-1.0.0-Refill_ids', null); 
insert into keyvalue VALUES ('59920-1.0.0-Featured', '59920-1.0.0', 'Post-Pool-1.0.0-Featured', 'false'); 
insert into keyvalue VALUES ('59920-1.0.0-BaseOfferIncluded', '59920-1.0.0', 'Post-Pool-1.0.0-BaseOfferIncluded', 'true'); 
insert into keyvalue VALUES ('59920-1.0.0-Addon_ids_member', '59920-1.0.0', 'Post-Pool-1.0.0-Addon_ids_member', null); 
insert into keyvalue VALUES ('59920-1.0.0-Id', '59920-1.0.0', 'Post-Pool-1.0.0-Id', '59920'); 
insert into keyvalue VALUES ('59920-1.0.0-Offer_ids_master', '59920-1.0.0', 'Post-Pool-1.0.0-Offer_ids_master', null); 
insert into keyvalue VALUES ('59920-1.0.0-Offer_ids_member', '59920-1.0.0', 'Post-Pool-1.0.0-Offer_ids_member', null); 
insert into keyvalue VALUES ('59920-1.0.0-Data_usage_mb', '59920-1.0.0', 'Post-Pool-1.0.0-Data_usage_mb', '10240'); 
insert into keyvalue VALUES ('59920-1.0.0-Price', '59920-1.0.0', 'Post-Pool-1.0.0-Price', '0'); 
insert into keyvalue VALUES ('59920-1.0.0-Active', '59920-1.0.0', 'Post-Pool-1.0.0-Active', 'false'); 
insert into nestedkeyvalue VALUES ('59920-1.0.0-Name-def', '59920-1.0.0-Name', 'Osztható adat 10 GB'); 
insert into nestedkeyvalue VALUES ('59920-1.0.0-Name-eng', '59920-1.0.0-Name', 'Osztható adat 10 GB'); 
insert into nestedkeyvalue VALUES ('59920-1.0.0-Name-hun', '59920-1.0.0-Name', 'Shared data 10 GB'); 
insert into nestedkeyvalue VALUES ('59920-1.0.0-Name-unLocalized', '59920-1.0.0-Name', null); 
insert into keyvalue VALUES ('59920-1.0.0-Name', '59920-1.0.0', 'Post-Pool-1.0.0-Name', null); 
insert into nestedkeyvalue VALUES ('59920-1.0.0-Description-def', '59920-1.0.0-Description', 'Jelenlegi tarifáddal 10 GB osztható adat áll rendelkezésedre minden számlázási ciklusban. Ha többre van szükséged válassz Plusz Osztható Adat opcióink közül a Plusz Adat vásárlás menüpontban.'); 
insert into nestedkeyvalue VALUES ('59920-1.0.0-Description-eng', '59920-1.0.0-Description', 'Jelenlegi tarifáddal 10 GB osztható adat áll rendelkezésedre minden számlázási ciklusban. Ha többre van szükséged válassz Plusz Osztható Adat opcióink közül a Plusz Adat vásárlás menüpontban.'); 
insert into nestedkeyvalue VALUES ('59920-1.0.0-Description-hun', '59920-1.0.0-Description', 'This tariff has 10 GB of shared mobile internet included in each monthly billing period. If you need more or use all of your 10 GB, you can choose a great value extra data pack from below.'); 
insert into nestedkeyvalue VALUES ('59920-1.0.0-Description-unLocalized', '59920-1.0.0-Description', null); 
insert into keyvalue VALUES ('59920-1.0.0-Description', '59920-1.0.0', 'Post-Pool-1.0.0-Description', null); 
insert into keyvalue VALUES ('59920-1.0.0-Upgrade_pool_ids', '59920-1.0.0', 'Post-Pool-1.0.0-Upgrade_pool_ids', null); 
insert into keyvalue VALUES ('59920-1.0.0-MaxMember', '59920-1.0.0', 'Post-Pool-1.0.0-MaxMember', '2'); 
insert into keyvalue VALUES ('59920-1.0.0-Type', '59920-1.0.0', 'Post-Pool-1.0.0-Type', 'IOYM'); 
insert into objectrelation VALUES ('59920-1.0.0-UnlimitedContentPackages-UCP67695', '59920-1.0.0-UnlimitedContentPackages', 'UCP67695-1.0.0'); 
insert into objectrelation VALUES ('59920-1.0.0-UnlimitedContentPackages-UCP67694', '59920-1.0.0-UnlimitedContentPackages', 'UCP67694-1.0.0'); 
insert into objectrelation VALUES ('59920-1.0.0-UnlimitedContentPackages-UCP67693', '59920-1.0.0-UnlimitedContentPackages', 'UCP67693-1.0.0'); 
insert into objectrelation VALUES ('59920-1.0.0-UnlimitedContentPackages-UCP67696', '59920-1.0.0-UnlimitedContentPackages', 'UCP67696-1.0.0'); 
insert into keyvalue VALUES ('59920-1.0.0-UnlimitedContentPackages', '59920-1.0.0', 'Post-Pool-1.0.0-UnlimitedContentPackages', null); 
insert into object VALUES ('60573-1.0.0', '60573'); 
insert into nestedkeyvalue VALUES ('60573-1.0.0-PSMCodes-Activation', '60573-1.0.0-PSMCodes', null); 
insert into keyvalue VALUES ('60573-1.0.0-PSMCodes', '60573-1.0.0', 'Post-Pool-1.0.0-PSMCodes', null); 
insert into objectrelation VALUES ('60573-1.0.0-Addon_ids_master-60290', '60573-1.0.0-Addon_ids_master', '60290-1.0.0'); 
insert into objectrelation VALUES ('60573-1.0.0-Addon_ids_master-60298', '60573-1.0.0-Addon_ids_master', '60298-1.0.0'); 
insert into objectrelation VALUES ('60573-1.0.0-Addon_ids_master-57598', '60573-1.0.0-Addon_ids_master', '57598-1.0.0'); 
insert into keyvalue VALUES ('60573-1.0.0-Addon_ids_master', '60573-1.0.0', 'Post-Pool-1.0.0-Addon_ids_master', null); 
insert into objectrelation VALUES ('60573-1.0.0-Refill_ids-O_REFIL_590c6', '60573-1.0.0-Refill_ids', 'O_REFIL_590c6-1.0.0'); 
insert into objectrelation VALUES ('60573-1.0.0-Refill_ids-O_REFIL_1574c8', '60573-1.0.0-Refill_ids', 'O_REFIL_1574c8-1.0.0'); 
insert into objectrelation VALUES ('60573-1.0.0-Refill_ids-60217', '60573-1.0.0-Refill_ids', '60217-1.0.0'); 
insert into keyvalue VALUES ('60573-1.0.0-Refill_ids', '60573-1.0.0', 'Post-Pool-1.0.0-Refill_ids', null); 
insert into keyvalue VALUES ('60573-1.0.0-Featured', '60573-1.0.0', 'Post-Pool-1.0.0-Featured', 'false'); 
insert into keyvalue VALUES ('60573-1.0.0-BaseOfferIncluded', '60573-1.0.0', 'Post-Pool-1.0.0-BaseOfferIncluded', 'true'); 
insert into keyvalue VALUES ('60573-1.0.0-Addon_ids_member', '60573-1.0.0', 'Post-Pool-1.0.0-Addon_ids_member', null); 
insert into keyvalue VALUES ('60573-1.0.0-Id', '60573-1.0.0', 'Post-Pool-1.0.0-Id', '60573'); 
insert into keyvalue VALUES ('60573-1.0.0-Offer_ids_master', '60573-1.0.0', 'Post-Pool-1.0.0-Offer_ids_master', null); 
insert into keyvalue VALUES ('60573-1.0.0-Offer_ids_member', '60573-1.0.0', 'Post-Pool-1.0.0-Offer_ids_member', null); 
insert into keyvalue VALUES ('60573-1.0.0-Data_usage_mb', '60573-1.0.0', 'Post-Pool-1.0.0-Data_usage_mb', '2048'); 
insert into keyvalue VALUES ('60573-1.0.0-Price', '60573-1.0.0', 'Post-Pool-1.0.0-Price', '0'); 
insert into keyvalue VALUES ('60573-1.0.0-Active', '60573-1.0.0', 'Post-Pool-1.0.0-Active', 'false'); 
insert into nestedkeyvalue VALUES ('60573-1.0.0-Name-def', '60573-1.0.0-Name', 'Osztható adat 2 GB'); 
insert into nestedkeyvalue VALUES ('60573-1.0.0-Name-eng', '60573-1.0.0-Name', 'Osztható adat 2 GB'); 
insert into nestedkeyvalue VALUES ('60573-1.0.0-Name-hun', '60573-1.0.0-Name', 'Shared data 2 GB'); 
insert into nestedkeyvalue VALUES ('60573-1.0.0-Name-unLocalized', '60573-1.0.0-Name', null); 
insert into keyvalue VALUES ('60573-1.0.0-Name', '60573-1.0.0', 'Post-Pool-1.0.0-Name', null); 
insert into nestedkeyvalue VALUES ('60573-1.0.0-Description-def', '60573-1.0.0-Description', 'Jelenlegi tarifáddal 2 GB osztható adat áll rendelkezésedre minden számlázási ciklusban. Ha többre van szükséged válassz Plusz Osztható Adat opcióink közül az Adatvásárlás menüpontban.'); 
insert into nestedkeyvalue VALUES ('60573-1.0.0-Description-eng', '60573-1.0.0-Description', 'Jelenlegi tarifáddal 2 GB osztható adat áll rendelkezésedre minden számlázási ciklusban. Ha többre van szükséged válassz Plusz Osztható Adat opcióink közül az Adatvásárlás menüpontban.'); 
insert into nestedkeyvalue VALUES ('60573-1.0.0-Description-hun', '60573-1.0.0-Description', 'This tariff has 2 GB of shared mobile internet included in each monthly billing period. If you need more or use all of your 2 GB, you can choose a great value extra data pack from below.'); 
insert into nestedkeyvalue VALUES ('60573-1.0.0-Description-unLocalized', '60573-1.0.0-Description', null); 
insert into keyvalue VALUES ('60573-1.0.0-Description', '60573-1.0.0', 'Post-Pool-1.0.0-Description', null); 
insert into keyvalue VALUES ('60573-1.0.0-Upgrade_pool_ids', '60573-1.0.0', 'Post-Pool-1.0.0-Upgrade_pool_ids', null); 
insert into keyvalue VALUES ('60573-1.0.0-MaxMember', '60573-1.0.0', 'Post-Pool-1.0.0-MaxMember', '2'); 
insert into keyvalue VALUES ('60573-1.0.0-Type', '60573-1.0.0', 'Post-Pool-1.0.0-Type', 'IOYM'); 
insert into keyvalue VALUES ('60573-1.0.0-UnlimitedContentPackages', '60573-1.0.0', 'Post-Pool-1.0.0-UnlimitedContentPackages', null); 
insert into object VALUES ('60575-1.0.0', '60575'); 
insert into nestedkeyvalue VALUES ('60575-1.0.0-PSMCodes-Activation', '60575-1.0.0-PSMCodes', null); 
insert into keyvalue VALUES ('60575-1.0.0-PSMCodes', '60575-1.0.0', 'Post-Pool-1.0.0-PSMCodes', null); 
insert into objectrelation VALUES ('60575-1.0.0-Addon_ids_master-51860', '60575-1.0.0-Addon_ids_master', '51860-1.0.0'); 
insert into objectrelation VALUES ('60575-1.0.0-Addon_ids_master-60298', '60575-1.0.0-Addon_ids_master', '60298-1.0.0'); 
insert into objectrelation VALUES ('60575-1.0.0-Addon_ids_master-51857', '60575-1.0.0-Addon_ids_master', '51857-1.0.0'); 
insert into keyvalue VALUES ('60575-1.0.0-Addon_ids_master', '60575-1.0.0', 'Post-Pool-1.0.0-Addon_ids_master', null); 
insert into objectrelation VALUES ('60575-1.0.0-Refill_ids-O_REFIL_590c6', '60575-1.0.0-Refill_ids', 'O_REFIL_590c6-1.0.0'); 
insert into objectrelation VALUES ('60575-1.0.0-Refill_ids-O_REFIL_1574c8', '60575-1.0.0-Refill_ids', 'O_REFIL_1574c8-1.0.0'); 
insert into objectrelation VALUES ('60575-1.0.0-Refill_ids-O_REFIL_3141c73', '60575-1.0.0-Refill_ids', 'O_REFIL_3141c73-1.0.0'); 
insert into keyvalue VALUES ('60575-1.0.0-Refill_ids', '60575-1.0.0', 'Post-Pool-1.0.0-Refill_ids', null); 
insert into keyvalue VALUES ('60575-1.0.0-Featured', '60575-1.0.0', 'Post-Pool-1.0.0-Featured', 'false'); 
insert into keyvalue VALUES ('60575-1.0.0-BaseOfferIncluded', '60575-1.0.0', 'Post-Pool-1.0.0-BaseOfferIncluded', 'true'); 
insert into keyvalue VALUES ('60575-1.0.0-Addon_ids_member', '60575-1.0.0', 'Post-Pool-1.0.0-Addon_ids_member', null); 
insert into keyvalue VALUES ('60575-1.0.0-Id', '60575-1.0.0', 'Post-Pool-1.0.0-Id', '60575'); 
insert into keyvalue VALUES ('60575-1.0.0-Offer_ids_master', '60575-1.0.0', 'Post-Pool-1.0.0-Offer_ids_master', null); 
insert into keyvalue VALUES ('60575-1.0.0-Offer_ids_member', '60575-1.0.0', 'Post-Pool-1.0.0-Offer_ids_member', null); 
insert into keyvalue VALUES ('60575-1.0.0-Data_usage_mb', '60575-1.0.0', 'Post-Pool-1.0.0-Data_usage_mb', '10240'); 
insert into keyvalue VALUES ('60575-1.0.0-Price', '60575-1.0.0', 'Post-Pool-1.0.0-Price', '0'); 
insert into keyvalue VALUES ('60575-1.0.0-Active', '60575-1.0.0', 'Post-Pool-1.0.0-Active', 'false'); 
insert into nestedkeyvalue VALUES ('60575-1.0.0-Name-def', '60575-1.0.0-Name', 'Ready Business Everything'); 
insert into nestedkeyvalue VALUES ('60575-1.0.0-Name-eng', '60575-1.0.0-Name', 'Ready Business Everything'); 
insert into nestedkeyvalue VALUES ('60575-1.0.0-Name-hun', '60575-1.0.0-Name', 'Ready Business Everything'); 
insert into nestedkeyvalue VALUES ('60575-1.0.0-Name-unLocalized', '60575-1.0.0-Name', null); 
insert into keyvalue VALUES ('60575-1.0.0-Name', '60575-1.0.0', 'Post-Pool-1.0.0-Name', null); 
insert into nestedkeyvalue VALUES ('60575-1.0.0-Description-def', '60575-1.0.0-Description', 'Ezzel a csomaggal 10 GB osztható adat áll rendelkezésedre minden számlázási ciklusban. Ha többre van szükséged, válassz kiegészítő adat opcióink közül.'); 
insert into nestedkeyvalue VALUES ('60575-1.0.0-Description-eng', '60575-1.0.0-Description', 'Ezzel a csomaggal 10 GB osztható adat áll rendelkezésedre minden számlázási ciklusban. Ha többre van szükséged, válassz kiegészítő adat opcióink közül.'); 
insert into nestedkeyvalue VALUES ('60575-1.0.0-Description-hun', '60575-1.0.0-Description', 'This tariff has 10 GB of shared mobile internet included in each monthly billing period. If you need more or use all of your 10 GB, you can choose a great value extra data pack from below.'); 
insert into nestedkeyvalue VALUES ('60575-1.0.0-Description-unLocalized', '60575-1.0.0-Description', null); 
insert into keyvalue VALUES ('60575-1.0.0-Description', '60575-1.0.0', 'Post-Pool-1.0.0-Description', null); 
insert into keyvalue VALUES ('60575-1.0.0-Online_selfcare_id', '60575-1.0.0', 'Post-Pool-1.0.0-Online_selfcare_id', null); 
insert into keyvalue VALUES ('60575-1.0.0-Upgrade_pool_ids', '60575-1.0.0', 'Post-Pool-1.0.0-Upgrade_pool_ids', null); 
insert into keyvalue VALUES ('60575-1.0.0-MaxMember', '60575-1.0.0', 'Post-Pool-1.0.0-MaxMember', '2'); 
insert into keyvalue VALUES ('60575-1.0.0-Type', '60575-1.0.0', 'Post-Pool-1.0.0-Type', 'IOYM'); 
insert into objectrelation VALUES ('60575-1.0.0-UnlimitedContentPackages-UCP67695', '60575-1.0.0-UnlimitedContentPackages', 'UCP67695-1.0.0'); 
insert into objectrelation VALUES ('60575-1.0.0-UnlimitedContentPackages-UCP67694', '60575-1.0.0-UnlimitedContentPackages', 'UCP67694-1.0.0'); 
insert into objectrelation VALUES ('60575-1.0.0-UnlimitedContentPackages-UCP67693', '60575-1.0.0-UnlimitedContentPackages', 'UCP67693-1.0.0'); 
insert into objectrelation VALUES ('60575-1.0.0-UnlimitedContentPackages-UCP67696', '60575-1.0.0-UnlimitedContentPackages', 'UCP67696-1.0.0'); 
insert into keyvalue VALUES ('60575-1.0.0-UnlimitedContentPackages', '60575-1.0.0', 'Post-Pool-1.0.0-UnlimitedContentPackages', null); 
insert into object VALUES ('60574-1.0.0', '60574'); 
insert into nestedkeyvalue VALUES ('60574-1.0.0-PSMCodes-Activation', '60574-1.0.0-PSMCodes', null); 
insert into keyvalue VALUES ('60574-1.0.0-PSMCodes', '60574-1.0.0', 'Post-Pool-1.0.0-PSMCodes', null); 
insert into objectrelation VALUES ('60574-1.0.0-Addon_ids_master-51860', '60574-1.0.0-Addon_ids_master', '51860-1.0.0'); 
insert into objectrelation VALUES ('60574-1.0.0-Addon_ids_master-60298', '60574-1.0.0-Addon_ids_master', '60298-1.0.0'); 
insert into objectrelation VALUES ('60574-1.0.0-Addon_ids_master-51857', '60574-1.0.0-Addon_ids_master', '51857-1.0.0'); 
insert into keyvalue VALUES ('60574-1.0.0-Addon_ids_master', '60574-1.0.0', 'Post-Pool-1.0.0-Addon_ids_master', null); 
insert into objectrelation VALUES ('60574-1.0.0-Refill_ids-O_REFIL_590c6', '60574-1.0.0-Refill_ids', 'O_REFIL_590c6-1.0.0'); 
insert into objectrelation VALUES ('60574-1.0.0-Refill_ids-O_REFIL_1574c8', '60574-1.0.0-Refill_ids', 'O_REFIL_1574c8-1.0.0'); 
insert into objectrelation VALUES ('60574-1.0.0-Refill_ids-O_REFIL_3141c73', '60574-1.0.0-Refill_ids', 'O_REFIL_3141c73-1.0.0'); 
insert into keyvalue VALUES ('60574-1.0.0-Refill_ids', '60574-1.0.0', 'Post-Pool-1.0.0-Refill_ids', null); 
insert into keyvalue VALUES ('60574-1.0.0-Featured', '60574-1.0.0', 'Post-Pool-1.0.0-Featured', 'false'); 
insert into keyvalue VALUES ('60574-1.0.0-BaseOfferIncluded', '60574-1.0.0', 'Post-Pool-1.0.0-BaseOfferIncluded', 'true'); 
insert into keyvalue VALUES ('60574-1.0.0-Addon_ids_member', '60574-1.0.0', 'Post-Pool-1.0.0-Addon_ids_member', null); 
insert into keyvalue VALUES ('60574-1.0.0-Id', '60574-1.0.0', 'Post-Pool-1.0.0-Id', '60574'); 
insert into keyvalue VALUES ('60574-1.0.0-Offer_ids_master', '60574-1.0.0', 'Post-Pool-1.0.0-Offer_ids_master', null); 
insert into keyvalue VALUES ('60574-1.0.0-Offer_ids_member', '60574-1.0.0', 'Post-Pool-1.0.0-Offer_ids_member', null); 
insert into keyvalue VALUES ('60574-1.0.0-Data_usage_mb', '60574-1.0.0', 'Post-Pool-1.0.0-Data_usage_mb', '4096'); 
insert into keyvalue VALUES ('60574-1.0.0-Price', '60574-1.0.0', 'Post-Pool-1.0.0-Price', '0'); 
insert into keyvalue VALUES ('60574-1.0.0-Active', '60574-1.0.0', 'Post-Pool-1.0.0-Active', 'false'); 
insert into nestedkeyvalue VALUES ('60574-1.0.0-Name-def', '60574-1.0.0-Name', 'Ready Business Most'); 
insert into nestedkeyvalue VALUES ('60574-1.0.0-Name-eng', '60574-1.0.0-Name', 'Ready Business Most'); 
insert into nestedkeyvalue VALUES ('60574-1.0.0-Name-hun', '60574-1.0.0-Name', 'Ready Business Most'); 
insert into nestedkeyvalue VALUES ('60574-1.0.0-Name-unLocalized', '60574-1.0.0-Name', null); 
insert into keyvalue VALUES ('60574-1.0.0-Name', '60574-1.0.0', 'Post-Pool-1.0.0-Name', null); 
insert into nestedkeyvalue VALUES ('60574-1.0.0-Description-def', '60574-1.0.0-Description', 'Ezzel a csomaggal 4 GB osztható adat áll rendelkezésedre minden számlázási ciklusban. Ha többre van szükséged, válassz kiegészítő adat opcióink közül.'); 
insert into nestedkeyvalue VALUES ('60574-1.0.0-Description-eng', '60574-1.0.0-Description', 'Ezzel a csomaggal 4 GB osztható adat áll rendelkezésedre minden számlázási ciklusban. Ha többre van szükséged, válassz kiegészítő adat opcióink közül.'); 
insert into nestedkeyvalue VALUES ('60574-1.0.0-Description-hun', '60574-1.0.0-Description', 'This tariff has 4 GB of shared mobile internet included in each monthly billing period. If you need more or use all of your 4 GB, you can choose a great value extra data pack from below.'); 
insert into nestedkeyvalue VALUES ('60574-1.0.0-Description-unLocalized', '60574-1.0.0-Description', null); 
insert into keyvalue VALUES ('60574-1.0.0-Description', '60574-1.0.0', 'Post-Pool-1.0.0-Description', null); 
insert into keyvalue VALUES ('60574-1.0.0-Online_selfcare_id', '60574-1.0.0', 'Post-Pool-1.0.0-Online_selfcare_id', null); 
insert into keyvalue VALUES ('60574-1.0.0-Upgrade_pool_ids', '60574-1.0.0', 'Post-Pool-1.0.0-Upgrade_pool_ids', null); 
insert into keyvalue VALUES ('60574-1.0.0-MaxMember', '60574-1.0.0', 'Post-Pool-1.0.0-MaxMember', '2'); 
insert into keyvalue VALUES ('60574-1.0.0-Type', '60574-1.0.0', 'Post-Pool-1.0.0-Type', 'IOYM'); 
insert into objectrelation VALUES ('60574-1.0.0-UnlimitedContentPackages-UCP67695', '60574-1.0.0-UnlimitedContentPackages', 'UCP67695-1.0.0'); 
insert into objectrelation VALUES ('60574-1.0.0-UnlimitedContentPackages-UCP67694', '60574-1.0.0-UnlimitedContentPackages', 'UCP67694-1.0.0'); 
insert into objectrelation VALUES ('60574-1.0.0-UnlimitedContentPackages-UCP67693', '60574-1.0.0-UnlimitedContentPackages', 'UCP67693-1.0.0'); 
insert into objectrelation VALUES ('60574-1.0.0-UnlimitedContentPackages-UCP67696', '60574-1.0.0-UnlimitedContentPackages', 'UCP67696-1.0.0'); 
insert into keyvalue VALUES ('60574-1.0.0-UnlimitedContentPackages', '60574-1.0.0', 'Post-Pool-1.0.0-UnlimitedContentPackages', null); 
insert into object VALUES ('61600-1.0.0', '61600'); 
insert into nestedkeyvalue VALUES ('61600-1.0.0-PSMCodes-Activation', '61600-1.0.0-PSMCodes', null); 
insert into keyvalue VALUES ('61600-1.0.0-PSMCodes', '61600-1.0.0', 'Post-Pool-1.0.0-PSMCodes', null); 
insert into keyvalue VALUES ('61600-1.0.0-Addon_ids_master', '61600-1.0.0', 'Post-Pool-1.0.0-Addon_ids_master', null); 
insert into objectrelation VALUES ('61600-1.0.0-Refill_ids-O_REFIL_1574c8', '61600-1.0.0-Refill_ids', 'O_REFIL_1574c8-1.0.0'); 
insert into objectrelation VALUES ('61600-1.0.0-Refill_ids-O_REFIL_2354c33', '61600-1.0.0-Refill_ids', 'O_REFIL_2354c33-1.0.0'); 
insert into objectrelation VALUES ('61600-1.0.0-Refill_ids-O_REFIL_3141c73', '61600-1.0.0-Refill_ids', 'O_REFIL_3141c73-1.0.0'); 
insert into keyvalue VALUES ('61600-1.0.0-Refill_ids', '61600-1.0.0', 'Post-Pool-1.0.0-Refill_ids', null); 
insert into keyvalue VALUES ('61600-1.0.0-Featured', '61600-1.0.0', 'Post-Pool-1.0.0-Featured', 'false'); 
insert into keyvalue VALUES ('61600-1.0.0-BaseOfferIncluded', '61600-1.0.0', 'Post-Pool-1.0.0-BaseOfferIncluded', 'false'); 
insert into keyvalue VALUES ('61600-1.0.0-Addon_ids_member', '61600-1.0.0', 'Post-Pool-1.0.0-Addon_ids_member', null); 
insert into keyvalue VALUES ('61600-1.0.0-Id', '61600-1.0.0', 'Post-Pool-1.0.0-Id', '61600'); 
insert into keyvalue VALUES ('61600-1.0.0-Offer_ids_master', '61600-1.0.0', 'Post-Pool-1.0.0-Offer_ids_master', null); 
insert into keyvalue VALUES ('61600-1.0.0-Offer_ids_member', '61600-1.0.0', 'Post-Pool-1.0.0-Offer_ids_member', null); 
insert into keyvalue VALUES ('61600-1.0.0-Data_usage_mb', '61600-1.0.0', 'Post-Pool-1.0.0-Data_usage_mb', '40960'); 
insert into keyvalue VALUES ('61600-1.0.0-Price', '61600-1.0.0', 'Post-Pool-1.0.0-Price', '14393'); 
insert into keyvalue VALUES ('61600-1.0.0-Active', '61600-1.0.0', 'Post-Pool-1.0.0-Active', 'false'); 
insert into nestedkeyvalue VALUES ('61600-1.0.0-Name-def', '61600-1.0.0-Name', 'Üzleti Osztható MobilNet Premium 40GB'); 
insert into nestedkeyvalue VALUES ('61600-1.0.0-Name-eng', '61600-1.0.0-Name', 'Üzleti Osztható MobilNet Premium 40GB'); 
insert into nestedkeyvalue VALUES ('61600-1.0.0-Name-hun', '61600-1.0.0-Name', 'Business MobilNet Shared 40GB'); 
insert into nestedkeyvalue VALUES ('61600-1.0.0-Name-unLocalized', '61600-1.0.0-Name', null); 
insert into keyvalue VALUES ('61600-1.0.0-Name', '61600-1.0.0', 'Post-Pool-1.0.0-Name', null); 
insert into keyvalue VALUES ('61600-1.0.0-MemberManagementProhibited', '61600-1.0.0', 'Post-Pool-1.0.0-MemberManagementProhibited', 'true'); 
insert into nestedkeyvalue VALUES ('61600-1.0.0-Description-def', '61600-1.0.0-Description', 'Ezzel a csomaggal 40 GB osztató adat áll rendelkezésedre minden számlázási ciklusban. Ha többre van szükséged, válassz kiegészítő adat opcióink közül.'); 
insert into nestedkeyvalue VALUES ('61600-1.0.0-Description-eng', '61600-1.0.0-Description', 'Ezzel a csomaggal 40 GB osztató adat áll rendelkezésedre minden számlázási ciklusban. Ha többre van szükséged, válassz kiegészítő adat opcióink közül.'); 
insert into nestedkeyvalue VALUES ('61600-1.0.0-Description-hun', '61600-1.0.0-Description', 'This tariff has 40GB of shared mobile internet included in each monthly billing period. If you need more, you can choose a great value extra data pack from below to stay connected at full speed.'); 
insert into nestedkeyvalue VALUES ('61600-1.0.0-Description-unLocalized', '61600-1.0.0-Description', null); 
insert into keyvalue VALUES ('61600-1.0.0-Description', '61600-1.0.0', 'Post-Pool-1.0.0-Description', null); 
insert into keyvalue VALUES ('61600-1.0.0-Online_selfcare_id', '61600-1.0.0', 'Post-Pool-1.0.0-Online_selfcare_id', null); 
insert into keyvalue VALUES ('61600-1.0.0-Upgrade_pool_ids', '61600-1.0.0', 'Post-Pool-1.0.0-Upgrade_pool_ids', null); 
insert into keyvalue VALUES ('61600-1.0.0-MaxMember', '61600-1.0.0', 'Post-Pool-1.0.0-MaxMember', '5'); 
insert into keyvalue VALUES ('61600-1.0.0-Type', '61600-1.0.0', 'Post-Pool-1.0.0-Type', 'IOYM'); 
insert into keyvalue VALUES ('61600-1.0.0-UnlimitedContentPackages', '61600-1.0.0', 'Post-Pool-1.0.0-UnlimitedContentPackages', null); 
insert into object VALUES ('61599-1.0.0', '61599'); 
insert into nestedkeyvalue VALUES ('61599-1.0.0-PSMCodes-Activation', '61599-1.0.0-PSMCodes', null); 
insert into keyvalue VALUES ('61599-1.0.0-PSMCodes', '61599-1.0.0', 'Post-Pool-1.0.0-PSMCodes', null); 
insert into keyvalue VALUES ('61599-1.0.0-Addon_ids_master', '61599-1.0.0', 'Post-Pool-1.0.0-Addon_ids_master', null); 
insert into objectrelation VALUES ('61599-1.0.0-Refill_ids-O_REFIL_1574c8', '61599-1.0.0-Refill_ids', 'O_REFIL_1574c8-1.0.0'); 
insert into objectrelation VALUES ('61599-1.0.0-Refill_ids-O_REFIL_2354c33', '61599-1.0.0-Refill_ids', 'O_REFIL_2354c33-1.0.0'); 
insert into objectrelation VALUES ('61599-1.0.0-Refill_ids-O_REFIL_3141c73', '61599-1.0.0-Refill_ids', 'O_REFIL_3141c73-1.0.0'); 
insert into keyvalue VALUES ('61599-1.0.0-Refill_ids', '61599-1.0.0', 'Post-Pool-1.0.0-Refill_ids', null); 
insert into keyvalue VALUES ('61599-1.0.0-Featured', '61599-1.0.0', 'Post-Pool-1.0.0-Featured', 'false'); 
insert into keyvalue VALUES ('61599-1.0.0-BaseOfferIncluded', '61599-1.0.0', 'Post-Pool-1.0.0-BaseOfferIncluded', 'false'); 
insert into keyvalue VALUES ('61599-1.0.0-Addon_ids_member', '61599-1.0.0', 'Post-Pool-1.0.0-Addon_ids_member', null); 
insert into keyvalue VALUES ('61599-1.0.0-Id', '61599-1.0.0', 'Post-Pool-1.0.0-Id', '61599'); 
insert into keyvalue VALUES ('61599-1.0.0-Offer_ids_master', '61599-1.0.0', 'Post-Pool-1.0.0-Offer_ids_master', null); 
insert into keyvalue VALUES ('61599-1.0.0-Offer_ids_member', '61599-1.0.0', 'Post-Pool-1.0.0-Offer_ids_member', null); 
insert into keyvalue VALUES ('61599-1.0.0-Data_usage_mb', '61599-1.0.0', 'Post-Pool-1.0.0-Data_usage_mb', '40960'); 
insert into keyvalue VALUES ('61599-1.0.0-Price', '61599-1.0.0', 'Post-Pool-1.0.0-Price', '13928'); 
insert into keyvalue VALUES ('61599-1.0.0-Active', '61599-1.0.0', 'Post-Pool-1.0.0-Active', 'false'); 
insert into nestedkeyvalue VALUES ('61599-1.0.0-Name-def', '61599-1.0.0-Name', 'Üzleti Osztható MobilNet Premium 40GB'); 
insert into nestedkeyvalue VALUES ('61599-1.0.0-Name-eng', '61599-1.0.0-Name', 'Üzleti Osztható MobilNet Premium 40GB'); 
insert into nestedkeyvalue VALUES ('61599-1.0.0-Name-hun', '61599-1.0.0-Name', 'Business MobilNet Shared 40GB'); 
insert into nestedkeyvalue VALUES ('61599-1.0.0-Name-unLocalized', '61599-1.0.0-Name', null); 
insert into keyvalue VALUES ('61599-1.0.0-Name', '61599-1.0.0', 'Post-Pool-1.0.0-Name', null); 
insert into keyvalue VALUES ('61599-1.0.0-MemberManagementProhibited', '61599-1.0.0', 'Post-Pool-1.0.0-MemberManagementProhibited', 'true'); 
insert into nestedkeyvalue VALUES ('61599-1.0.0-Description-def', '61599-1.0.0-Description', 'Ezzel a csomaggal 40 GB osztató adat áll rendelkezésedre minden számlázási ciklusban. Ha többre van szükséged, válassz kiegészítő adat opcióink közül.'); 
insert into nestedkeyvalue VALUES ('61599-1.0.0-Description-eng', '61599-1.0.0-Description', 'Ezzel a csomaggal 40 GB osztató adat áll rendelkezésedre minden számlázási ciklusban. Ha többre van szükséged, válassz kiegészítő adat opcióink közül.'); 
insert into nestedkeyvalue VALUES ('61599-1.0.0-Description-hun', '61599-1.0.0-Description', 'This tariff has 40GB of shared mobile internet included in each monthly billing period. If you need more, you can choose a great value extra data pack from below to stay connected at full speed.'); 
insert into nestedkeyvalue VALUES ('61599-1.0.0-Description-unLocalized', '61599-1.0.0-Description', null); 
insert into keyvalue VALUES ('61599-1.0.0-Description', '61599-1.0.0', 'Post-Pool-1.0.0-Description', null); 
insert into keyvalue VALUES ('61599-1.0.0-Online_selfcare_id', '61599-1.0.0', 'Post-Pool-1.0.0-Online_selfcare_id', null); 
insert into keyvalue VALUES ('61599-1.0.0-Upgrade_pool_ids', '61599-1.0.0', 'Post-Pool-1.0.0-Upgrade_pool_ids', null); 
insert into keyvalue VALUES ('61599-1.0.0-MaxMember', '61599-1.0.0', 'Post-Pool-1.0.0-MaxMember', '5'); 
insert into keyvalue VALUES ('61599-1.0.0-Type', '61599-1.0.0', 'Post-Pool-1.0.0-Type', 'IOYM'); 
insert into keyvalue VALUES ('61599-1.0.0-UnlimitedContentPackages', '61599-1.0.0', 'Post-Pool-1.0.0-UnlimitedContentPackages', null); 
insert into object VALUES ('61598-1.0.0', '61598'); 
insert into nestedkeyvalue VALUES ('61598-1.0.0-PSMCodes-Activation', '61598-1.0.0-PSMCodes', null); 
insert into keyvalue VALUES ('61598-1.0.0-PSMCodes', '61598-1.0.0', 'Post-Pool-1.0.0-PSMCodes', null); 
insert into keyvalue VALUES ('61598-1.0.0-Addon_ids_master', '61598-1.0.0', 'Post-Pool-1.0.0-Addon_ids_master', null); 
insert into objectrelation VALUES ('61598-1.0.0-Refill_ids-O_REFIL_1574c8', '61598-1.0.0-Refill_ids', 'O_REFIL_1574c8-1.0.0'); 
insert into objectrelation VALUES ('61598-1.0.0-Refill_ids-O_REFIL_2354c33', '61598-1.0.0-Refill_ids', 'O_REFIL_2354c33-1.0.0'); 
insert into objectrelation VALUES ('61598-1.0.0-Refill_ids-O_REFIL_3141c73', '61598-1.0.0-Refill_ids', 'O_REFIL_3141c73-1.0.0'); 
insert into keyvalue VALUES ('61598-1.0.0-Refill_ids', '61598-1.0.0', 'Post-Pool-1.0.0-Refill_ids', null); 
insert into keyvalue VALUES ('61598-1.0.0-Featured', '61598-1.0.0', 'Post-Pool-1.0.0-Featured', 'false'); 
insert into keyvalue VALUES ('61598-1.0.0-BaseOfferIncluded', '61598-1.0.0', 'Post-Pool-1.0.0-BaseOfferIncluded', 'false'); 
insert into keyvalue VALUES ('61598-1.0.0-Addon_ids_member', '61598-1.0.0', 'Post-Pool-1.0.0-Addon_ids_member', null); 
insert into keyvalue VALUES ('61598-1.0.0-Id', '61598-1.0.0', 'Post-Pool-1.0.0-Id', '61598'); 
insert into keyvalue VALUES ('61598-1.0.0-Offer_ids_master', '61598-1.0.0', 'Post-Pool-1.0.0-Offer_ids_master', null); 
insert into keyvalue VALUES ('61598-1.0.0-Offer_ids_member', '61598-1.0.0', 'Post-Pool-1.0.0-Offer_ids_member', null); 
insert into keyvalue VALUES ('61598-1.0.0-Data_usage_mb', '61598-1.0.0', 'Post-Pool-1.0.0-Data_usage_mb', '40960'); 
insert into keyvalue VALUES ('61598-1.0.0-Price', '61598-1.0.0', 'Post-Pool-1.0.0-Price', '32975'); 
insert into keyvalue VALUES ('61598-1.0.0-Active', '61598-1.0.0', 'Post-Pool-1.0.0-Active', 'false'); 
insert into nestedkeyvalue VALUES ('61598-1.0.0-Name-def', '61598-1.0.0-Name', 'Üzleti Osztható MobilNet Premium 40GB'); 
insert into nestedkeyvalue VALUES ('61598-1.0.0-Name-eng', '61598-1.0.0-Name', 'Üzleti Osztható MobilNet Premium 40GB'); 
insert into nestedkeyvalue VALUES ('61598-1.0.0-Name-hun', '61598-1.0.0-Name', 'Business MobilNet Shared 40GB'); 
insert into nestedkeyvalue VALUES ('61598-1.0.0-Name-unLocalized', '61598-1.0.0-Name', null); 
insert into keyvalue VALUES ('61598-1.0.0-Name', '61598-1.0.0', 'Post-Pool-1.0.0-Name', null); 
insert into keyvalue VALUES ('61598-1.0.0-MemberManagementProhibited', '61598-1.0.0', 'Post-Pool-1.0.0-MemberManagementProhibited', 'true'); 
insert into nestedkeyvalue VALUES ('61598-1.0.0-Description-def', '61598-1.0.0-Description', 'Ezzel a csomaggal 40 GB osztató adat áll rendelkezésedre minden számlázási ciklusban. Ha többre van szükséged, válassz kiegészítő adat opcióink közül.'); 
insert into nestedkeyvalue VALUES ('61598-1.0.0-Description-eng', '61598-1.0.0-Description', 'Ezzel a csomaggal 40 GB osztató adat áll rendelkezésedre minden számlázási ciklusban. Ha többre van szükséged, válassz kiegészítő adat opcióink közül.'); 
insert into nestedkeyvalue VALUES ('61598-1.0.0-Description-hun', '61598-1.0.0-Description', 'This tariff has 40GB of shared mobile internet included in each monthly billing period. If you need more, you can choose a great value extra data pack from below to stay connected at full speed.'); 
insert into nestedkeyvalue VALUES ('61598-1.0.0-Description-unLocalized', '61598-1.0.0-Description', null); 
insert into keyvalue VALUES ('61598-1.0.0-Description', '61598-1.0.0', 'Post-Pool-1.0.0-Description', null); 
insert into keyvalue VALUES ('61598-1.0.0-Online_selfcare_id', '61598-1.0.0', 'Post-Pool-1.0.0-Online_selfcare_id', null); 
insert into keyvalue VALUES ('61598-1.0.0-Upgrade_pool_ids', '61598-1.0.0', 'Post-Pool-1.0.0-Upgrade_pool_ids', null); 
insert into keyvalue VALUES ('61598-1.0.0-MaxMember', '61598-1.0.0', 'Post-Pool-1.0.0-MaxMember', '5'); 
insert into keyvalue VALUES ('61598-1.0.0-Type', '61598-1.0.0', 'Post-Pool-1.0.0-Type', 'IOYM'); 
insert into keyvalue VALUES ('61598-1.0.0-UnlimitedContentPackages', '61598-1.0.0', 'Post-Pool-1.0.0-UnlimitedContentPackages', null); 
insert into object VALUES ('61597-1.0.0', '61597'); 
insert into nestedkeyvalue VALUES ('61597-1.0.0-PSMCodes-Activation', '61597-1.0.0-PSMCodes', null); 
insert into keyvalue VALUES ('61597-1.0.0-PSMCodes', '61597-1.0.0', 'Post-Pool-1.0.0-PSMCodes', null); 
insert into keyvalue VALUES ('61597-1.0.0-Addon_ids_master', '61597-1.0.0', 'Post-Pool-1.0.0-Addon_ids_master', null); 
insert into objectrelation VALUES ('61597-1.0.0-Refill_ids-O_REFIL_1574c8', '61597-1.0.0-Refill_ids', 'O_REFIL_1574c8-1.0.0'); 
insert into objectrelation VALUES ('61597-1.0.0-Refill_ids-O_REFIL_2354c33', '61597-1.0.0-Refill_ids', 'O_REFIL_2354c33-1.0.0'); 
insert into objectrelation VALUES ('61597-1.0.0-Refill_ids-O_REFIL_3141c73', '61597-1.0.0-Refill_ids', 'O_REFIL_3141c73-1.0.0'); 
insert into keyvalue VALUES ('61597-1.0.0-Refill_ids', '61597-1.0.0', 'Post-Pool-1.0.0-Refill_ids', null); 
insert into keyvalue VALUES ('61597-1.0.0-Featured', '61597-1.0.0', 'Post-Pool-1.0.0-Featured', 'false'); 
insert into keyvalue VALUES ('61597-1.0.0-BaseOfferIncluded', '61597-1.0.0', 'Post-Pool-1.0.0-BaseOfferIncluded', 'false'); 
insert into keyvalue VALUES ('61597-1.0.0-Addon_ids_member', '61597-1.0.0', 'Post-Pool-1.0.0-Addon_ids_member', null); 
insert into keyvalue VALUES ('61597-1.0.0-Id', '61597-1.0.0', 'Post-Pool-1.0.0-Id', '61597'); 
insert into keyvalue VALUES ('61597-1.0.0-Offer_ids_master', '61597-1.0.0', 'Post-Pool-1.0.0-Offer_ids_master', null); 
insert into keyvalue VALUES ('61597-1.0.0-Offer_ids_member', '61597-1.0.0', 'Post-Pool-1.0.0-Offer_ids_member', null); 
insert into keyvalue VALUES ('61597-1.0.0-Data_usage_mb', '61597-1.0.0', 'Post-Pool-1.0.0-Data_usage_mb', '20480'); 
insert into keyvalue VALUES ('61597-1.0.0-Price', '61597-1.0.0', 'Post-Pool-1.0.0-Price', '7424'); 
insert into keyvalue VALUES ('61597-1.0.0-Active', '61597-1.0.0', 'Post-Pool-1.0.0-Active', 'false'); 
insert into nestedkeyvalue VALUES ('61597-1.0.0-Name-def', '61597-1.0.0-Name', 'Üzleti Osztható MobilNet Standard 20GB'); 
insert into nestedkeyvalue VALUES ('61597-1.0.0-Name-eng', '61597-1.0.0-Name', 'Üzleti Osztható MobilNet Standard 20GB'); 
insert into nestedkeyvalue VALUES ('61597-1.0.0-Name-hun', '61597-1.0.0-Name', 'Business MobilNet Shared 20GB'); 
insert into nestedkeyvalue VALUES ('61597-1.0.0-Name-unLocalized', '61597-1.0.0-Name', null); 
insert into keyvalue VALUES ('61597-1.0.0-Name', '61597-1.0.0', 'Post-Pool-1.0.0-Name', null); 
insert into keyvalue VALUES ('61597-1.0.0-MemberManagementProhibited', '61597-1.0.0', 'Post-Pool-1.0.0-MemberManagementProhibited', 'true'); 
insert into nestedkeyvalue VALUES ('61597-1.0.0-Description-def', '61597-1.0.0-Description', 'Ezzel a csomaggal 20 GB osztató adat áll rendelkezésedre minden számlázási ciklusban. Ha többre van szükséged, válassz kiegészítő adat opcióink közül.'); 
insert into nestedkeyvalue VALUES ('61597-1.0.0-Description-eng', '61597-1.0.0-Description', 'Ezzel a csomaggal 20 GB osztató adat áll rendelkezésedre minden számlázási ciklusban. Ha többre van szükséged, válassz kiegészítő adat opcióink közül.'); 
insert into nestedkeyvalue VALUES ('61597-1.0.0-Description-hun', '61597-1.0.0-Description', 'This tariff has 20GB of shared mobile internet included in each monthly billing period. If you need more, you can choose a great value extra data pack from below to stay connected at full speed.'); 
insert into nestedkeyvalue VALUES ('61597-1.0.0-Description-unLocalized', '61597-1.0.0-Description', null); 
insert into keyvalue VALUES ('61597-1.0.0-Description', '61597-1.0.0', 'Post-Pool-1.0.0-Description', null); 
insert into keyvalue VALUES ('61597-1.0.0-Online_selfcare_id', '61597-1.0.0', 'Post-Pool-1.0.0-Online_selfcare_id', null); 
insert into keyvalue VALUES ('61597-1.0.0-Upgrade_pool_ids', '61597-1.0.0', 'Post-Pool-1.0.0-Upgrade_pool_ids', null); 
insert into keyvalue VALUES ('61597-1.0.0-MaxMember', '61597-1.0.0', 'Post-Pool-1.0.0-MaxMember', '3'); 
insert into keyvalue VALUES ('61597-1.0.0-Type', '61597-1.0.0', 'Post-Pool-1.0.0-Type', 'IOYM'); 
insert into keyvalue VALUES ('61597-1.0.0-UnlimitedContentPackages', '61597-1.0.0', 'Post-Pool-1.0.0-UnlimitedContentPackages', null); 
insert into object VALUES ('61596-1.0.0', '61596'); 
insert into nestedkeyvalue VALUES ('61596-1.0.0-PSMCodes-Activation', '61596-1.0.0-PSMCodes', null); 
insert into keyvalue VALUES ('61596-1.0.0-PSMCodes', '61596-1.0.0', 'Post-Pool-1.0.0-PSMCodes', null); 
insert into keyvalue VALUES ('61596-1.0.0-Addon_ids_master', '61596-1.0.0', 'Post-Pool-1.0.0-Addon_ids_master', null); 
insert into objectrelation VALUES ('61596-1.0.0-Refill_ids-O_REFIL_1574c8', '61596-1.0.0-Refill_ids', 'O_REFIL_1574c8-1.0.0'); 
insert into objectrelation VALUES ('61596-1.0.0-Refill_ids-O_REFIL_2354c33', '61596-1.0.0-Refill_ids', 'O_REFIL_2354c33-1.0.0'); 
insert into objectrelation VALUES ('61596-1.0.0-Refill_ids-O_REFIL_3141c73', '61596-1.0.0-Refill_ids', 'O_REFIL_3141c73-1.0.0'); 
insert into keyvalue VALUES ('61596-1.0.0-Refill_ids', '61596-1.0.0', 'Post-Pool-1.0.0-Refill_ids', null); 
insert into keyvalue VALUES ('61596-1.0.0-Featured', '61596-1.0.0', 'Post-Pool-1.0.0-Featured', 'false'); 
insert into keyvalue VALUES ('61596-1.0.0-BaseOfferIncluded', '61596-1.0.0', 'Post-Pool-1.0.0-BaseOfferIncluded', 'false'); 
insert into keyvalue VALUES ('61596-1.0.0-Addon_ids_member', '61596-1.0.0', 'Post-Pool-1.0.0-Addon_ids_member', null); 
insert into keyvalue VALUES ('61596-1.0.0-Id', '61596-1.0.0', 'Post-Pool-1.0.0-Id', '61596'); 
insert into keyvalue VALUES ('61596-1.0.0-Offer_ids_master', '61596-1.0.0', 'Post-Pool-1.0.0-Offer_ids_master', null); 
insert into keyvalue VALUES ('61596-1.0.0-Offer_ids_member', '61596-1.0.0', 'Post-Pool-1.0.0-Offer_ids_member', null); 
insert into keyvalue VALUES ('61596-1.0.0-Data_usage_mb', '61596-1.0.0', 'Post-Pool-1.0.0-Data_usage_mb', '20480'); 
insert into keyvalue VALUES ('61596-1.0.0-Price', '61596-1.0.0', 'Post-Pool-1.0.0-Price', '6960'); 
insert into keyvalue VALUES ('61596-1.0.0-Active', '61596-1.0.0', 'Post-Pool-1.0.0-Active', 'false'); 
insert into nestedkeyvalue VALUES ('61596-1.0.0-Name-def', '61596-1.0.0-Name', 'Üzleti Osztható MobilNet Standard 20GB'); 
insert into nestedkeyvalue VALUES ('61596-1.0.0-Name-eng', '61596-1.0.0-Name', 'Üzleti Osztható MobilNet Standard 20GB'); 
insert into nestedkeyvalue VALUES ('61596-1.0.0-Name-hun', '61596-1.0.0-Name', 'Business MobilNet Shared 20GB'); 
insert into nestedkeyvalue VALUES ('61596-1.0.0-Name-unLocalized', '61596-1.0.0-Name', null); 
insert into keyvalue VALUES ('61596-1.0.0-Name', '61596-1.0.0', 'Post-Pool-1.0.0-Name', null); 
insert into keyvalue VALUES ('61596-1.0.0-MemberManagementProhibited', '61596-1.0.0', 'Post-Pool-1.0.0-MemberManagementProhibited', 'true'); 
insert into nestedkeyvalue VALUES ('61596-1.0.0-Description-def', '61596-1.0.0-Description', 'Ezzel a csomaggal 20 GB osztató adat áll rendelkezésedre minden számlázási ciklusban. Ha többre van szükséged, válassz kiegészítő adat opcióink közül.'); 
insert into nestedkeyvalue VALUES ('61596-1.0.0-Description-eng', '61596-1.0.0-Description', 'Ezzel a csomaggal 20 GB osztató adat áll rendelkezésedre minden számlázási ciklusban. Ha többre van szükséged, válassz kiegészítő adat opcióink közül.'); 
insert into nestedkeyvalue VALUES ('61596-1.0.0-Description-hun', '61596-1.0.0-Description', 'This tariff has 20GB of shared mobile internet included in each monthly billing period. If you need more, you can choose a great value extra data pack from below to stay connected at full speed.'); 
insert into nestedkeyvalue VALUES ('61596-1.0.0-Description-unLocalized', '61596-1.0.0-Description', null); 
insert into keyvalue VALUES ('61596-1.0.0-Description', '61596-1.0.0', 'Post-Pool-1.0.0-Description', null); 
insert into keyvalue VALUES ('61596-1.0.0-Online_selfcare_id', '61596-1.0.0', 'Post-Pool-1.0.0-Online_selfcare_id', null); 
insert into keyvalue VALUES ('61596-1.0.0-Upgrade_pool_ids', '61596-1.0.0', 'Post-Pool-1.0.0-Upgrade_pool_ids', null); 
insert into keyvalue VALUES ('61596-1.0.0-MaxMember', '61596-1.0.0', 'Post-Pool-1.0.0-MaxMember', '3'); 
insert into keyvalue VALUES ('61596-1.0.0-Type', '61596-1.0.0', 'Post-Pool-1.0.0-Type', 'IOYM'); 
insert into keyvalue VALUES ('61596-1.0.0-UnlimitedContentPackages', '61596-1.0.0', 'Post-Pool-1.0.0-UnlimitedContentPackages', null); 
insert into object VALUES ('61595-1.0.0', '61595'); 
insert into nestedkeyvalue VALUES ('61595-1.0.0-PSMCodes-Activation', '61595-1.0.0-PSMCodes', null); 
insert into keyvalue VALUES ('61595-1.0.0-PSMCodes', '61595-1.0.0', 'Post-Pool-1.0.0-PSMCodes', null); 
insert into keyvalue VALUES ('61595-1.0.0-Addon_ids_master', '61595-1.0.0', 'Post-Pool-1.0.0-Addon_ids_master', null); 
insert into objectrelation VALUES ('61595-1.0.0-Refill_ids-O_REFIL_1574c8', '61595-1.0.0-Refill_ids', 'O_REFIL_1574c8-1.0.0'); 
insert into objectrelation VALUES ('61595-1.0.0-Refill_ids-O_REFIL_2354c33', '61595-1.0.0-Refill_ids', 'O_REFIL_2354c33-1.0.0'); 
insert into objectrelation VALUES ('61595-1.0.0-Refill_ids-O_REFIL_3141c73', '61595-1.0.0-Refill_ids', 'O_REFIL_3141c73-1.0.0'); 
insert into keyvalue VALUES ('61595-1.0.0-Refill_ids', '61595-1.0.0', 'Post-Pool-1.0.0-Refill_ids', null); 
insert into keyvalue VALUES ('61595-1.0.0-Featured', '61595-1.0.0', 'Post-Pool-1.0.0-Featured', 'false'); 
insert into keyvalue VALUES ('61595-1.0.0-BaseOfferIncluded', '61595-1.0.0', 'Post-Pool-1.0.0-BaseOfferIncluded', 'false'); 
insert into keyvalue VALUES ('61595-1.0.0-Addon_ids_member', '61595-1.0.0', 'Post-Pool-1.0.0-Addon_ids_member', null); 
insert into keyvalue VALUES ('61595-1.0.0-Id', '61595-1.0.0', 'Post-Pool-1.0.0-Id', '61595'); 
insert into keyvalue VALUES ('61595-1.0.0-Offer_ids_master', '61595-1.0.0', 'Post-Pool-1.0.0-Offer_ids_master', null); 
insert into keyvalue VALUES ('61595-1.0.0-Offer_ids_member', '61595-1.0.0', 'Post-Pool-1.0.0-Offer_ids_member', null); 
insert into keyvalue VALUES ('61595-1.0.0-Data_usage_mb', '61595-1.0.0', 'Post-Pool-1.0.0-Data_usage_mb', '20480'); 
insert into keyvalue VALUES ('61595-1.0.0-Price', '61595-1.0.0', 'Post-Pool-1.0.0-Price', '26007'); 
insert into keyvalue VALUES ('61595-1.0.0-Active', '61595-1.0.0', 'Post-Pool-1.0.0-Active', 'false'); 
insert into nestedkeyvalue VALUES ('61595-1.0.0-Name-def', '61595-1.0.0-Name', 'Üzleti Osztható MobilNet Standard 20GB'); 
insert into nestedkeyvalue VALUES ('61595-1.0.0-Name-eng', '61595-1.0.0-Name', 'Üzleti Osztható MobilNet Standard 20GB'); 
insert into nestedkeyvalue VALUES ('61595-1.0.0-Name-hun', '61595-1.0.0-Name', 'Business MobilNet Shared 20GB'); 
insert into nestedkeyvalue VALUES ('61595-1.0.0-Name-unLocalized', '61595-1.0.0-Name', null); 
insert into keyvalue VALUES ('61595-1.0.0-Name', '61595-1.0.0', 'Post-Pool-1.0.0-Name', null); 
insert into keyvalue VALUES ('61595-1.0.0-MemberManagementProhibited', '61595-1.0.0', 'Post-Pool-1.0.0-MemberManagementProhibited', 'true'); 
insert into nestedkeyvalue VALUES ('61595-1.0.0-Description-def', '61595-1.0.0-Description', 'Ezzel a csomaggal 20 GB osztató adat áll rendelkezésedre minden számlázási ciklusban. Ha többre van szükséged, válassz kiegészítő adat opcióink közül.'); 
insert into nestedkeyvalue VALUES ('61595-1.0.0-Description-eng', '61595-1.0.0-Description', 'Ezzel a csomaggal 20 GB osztató adat áll rendelkezésedre minden számlázási ciklusban. Ha többre van szükséged, válassz kiegészítő adat opcióink közül.'); 
insert into nestedkeyvalue VALUES ('61595-1.0.0-Description-hun', '61595-1.0.0-Description', 'This tariff has 20GB of shared mobile internet included in each monthly billing period. If you need more, you can choose a great value extra data pack from below to stay connected at full speed.'); 
insert into nestedkeyvalue VALUES ('61595-1.0.0-Description-unLocalized', '61595-1.0.0-Description', null); 
insert into keyvalue VALUES ('61595-1.0.0-Description', '61595-1.0.0', 'Post-Pool-1.0.0-Description', null); 
insert into keyvalue VALUES ('61595-1.0.0-Online_selfcare_id', '61595-1.0.0', 'Post-Pool-1.0.0-Online_selfcare_id', null); 
insert into keyvalue VALUES ('61595-1.0.0-Upgrade_pool_ids', '61595-1.0.0', 'Post-Pool-1.0.0-Upgrade_pool_ids', null); 
insert into keyvalue VALUES ('61595-1.0.0-MaxMember', '61595-1.0.0', 'Post-Pool-1.0.0-MaxMember', '3'); 
insert into keyvalue VALUES ('61595-1.0.0-Type', '61595-1.0.0', 'Post-Pool-1.0.0-Type', 'IOYM'); 
insert into keyvalue VALUES ('61595-1.0.0-UnlimitedContentPackages', '61595-1.0.0', 'Post-Pool-1.0.0-UnlimitedContentPackages', null); 
insert into object VALUES ('62188-1.0.0', '62188'); 
insert into nestedkeyvalue VALUES ('62188-1.0.0-PSMCodes-Activation', '62188-1.0.0-PSMCodes', null); 
insert into keyvalue VALUES ('62188-1.0.0-PSMCodes', '62188-1.0.0', 'Post-Pool-1.0.0-PSMCodes', null); 
insert into objectrelation VALUES ('62188-1.0.0-Addon_ids_master-62611', '62188-1.0.0-Addon_ids_master', '62611-1.0.0'); 
insert into objectrelation VALUES ('62188-1.0.0-Addon_ids_master-62617', '62188-1.0.0-Addon_ids_master', '62617-1.0.0'); 
insert into objectrelation VALUES ('62188-1.0.0-Addon_ids_master-60298', '62188-1.0.0-Addon_ids_master', '60298-1.0.0'); 
insert into objectrelation VALUES ('62188-1.0.0-Addon_ids_master-62613', '62188-1.0.0-Addon_ids_master', '62613-1.0.0'); 
insert into objectrelation VALUES ('62188-1.0.0-Addon_ids_master-62618', '62188-1.0.0-Addon_ids_master', '62618-1.0.0'); 
insert into objectrelation VALUES ('62188-1.0.0-Addon_ids_master-62614', '62188-1.0.0-Addon_ids_master', '62614-1.0.0'); 
insert into objectrelation VALUES ('62188-1.0.0-Addon_ids_master-62619', '62188-1.0.0-Addon_ids_master', '62619-1.0.0'); 
insert into keyvalue VALUES ('62188-1.0.0-Addon_ids_master', '62188-1.0.0', 'Post-Pool-1.0.0-Addon_ids_master', null); 
insert into objectrelation VALUES ('62188-1.0.0-Refill_ids-O_REFIL_1574c8', '62188-1.0.0-Refill_ids', 'O_REFIL_1574c8-1.0.0'); 
insert into keyvalue VALUES ('62188-1.0.0-Refill_ids', '62188-1.0.0', 'Post-Pool-1.0.0-Refill_ids', null); 
insert into keyvalue VALUES ('62188-1.0.0-Featured', '62188-1.0.0', 'Post-Pool-1.0.0-Featured', 'false'); 
insert into keyvalue VALUES ('62188-1.0.0-BaseOfferIncluded', '62188-1.0.0', 'Post-Pool-1.0.0-BaseOfferIncluded', 'true'); 
insert into keyvalue VALUES ('62188-1.0.0-Addon_ids_member', '62188-1.0.0', 'Post-Pool-1.0.0-Addon_ids_member', null); 
insert into keyvalue VALUES ('62188-1.0.0-Id', '62188-1.0.0', 'Post-Pool-1.0.0-Id', '62188'); 
insert into keyvalue VALUES ('62188-1.0.0-Offer_ids_master', '62188-1.0.0', 'Post-Pool-1.0.0-Offer_ids_master', null); 
insert into keyvalue VALUES ('62188-1.0.0-Offer_ids_member', '62188-1.0.0', 'Post-Pool-1.0.0-Offer_ids_member', null); 
insert into keyvalue VALUES ('62188-1.0.0-Data_usage_mb', '62188-1.0.0', 'Post-Pool-1.0.0-Data_usage_mb', '5120'); 
insert into keyvalue VALUES ('62188-1.0.0-Price', '62188-1.0.0', 'Post-Pool-1.0.0-Price', '0'); 
insert into keyvalue VALUES ('62188-1.0.0-Active', '62188-1.0.0', 'Post-Pool-1.0.0-Active', 'false'); 
insert into nestedkeyvalue VALUES ('62188-1.0.0-Name-def', '62188-1.0.0-Name', 'Osztható adat 5 GB'); 
insert into nestedkeyvalue VALUES ('62188-1.0.0-Name-eng', '62188-1.0.0-Name', 'Osztható adat 5 GB'); 
insert into nestedkeyvalue VALUES ('62188-1.0.0-Name-hun', '62188-1.0.0-Name', 'Shared data 5 GB'); 
insert into nestedkeyvalue VALUES ('62188-1.0.0-Name-unLocalized', '62188-1.0.0-Name', null); 
insert into keyvalue VALUES ('62188-1.0.0-Name', '62188-1.0.0', 'Post-Pool-1.0.0-Name', null); 
insert into nestedkeyvalue VALUES ('62188-1.0.0-Description-def', '62188-1.0.0-Description', 'Ezzel a csomaggal 5 GB osztható adat áll rendelkezésedre minden számlázási ciklusban. Ha többre van szükséged, válassz kiegészítő adat opcióink közül.'); 
insert into nestedkeyvalue VALUES ('62188-1.0.0-Description-eng', '62188-1.0.0-Description', 'Ezzel a csomaggal 5 GB osztható adat áll rendelkezésedre minden számlázási ciklusban. Ha többre van szükséged, válassz kiegészítő adat opcióink közül.'); 
insert into nestedkeyvalue VALUES ('62188-1.0.0-Description-hun', '62188-1.0.0-Description', 'This tariff has 5 GB of shared mobile internet included in each monthly billing period. If you need more or use all of your 5 GB, you can choose a great value extra data pack from below.'); 
insert into nestedkeyvalue VALUES ('62188-1.0.0-Description-unLocalized', '62188-1.0.0-Description', null); 
insert into keyvalue VALUES ('62188-1.0.0-Description', '62188-1.0.0', 'Post-Pool-1.0.0-Description', null); 
insert into keyvalue VALUES ('62188-1.0.0-Online_selfcare_id', '62188-1.0.0', 'Post-Pool-1.0.0-Online_selfcare_id', null); 
insert into keyvalue VALUES ('62188-1.0.0-Upgrade_pool_ids', '62188-1.0.0', 'Post-Pool-1.0.0-Upgrade_pool_ids', null); 
insert into keyvalue VALUES ('62188-1.0.0-MaxMember', '62188-1.0.0', 'Post-Pool-1.0.0-MaxMember', '2'); 
insert into keyvalue VALUES ('62188-1.0.0-Type', '62188-1.0.0', 'Post-Pool-1.0.0-Type', 'IOYM'); 
insert into objectrelation VALUES ('62188-1.0.0-UnlimitedContentPackages-UCP67695', '62188-1.0.0-UnlimitedContentPackages', 'UCP67695-1.0.0'); 
insert into objectrelation VALUES ('62188-1.0.0-UnlimitedContentPackages-UCP67694', '62188-1.0.0-UnlimitedContentPackages', 'UCP67694-1.0.0'); 
insert into objectrelation VALUES ('62188-1.0.0-UnlimitedContentPackages-UCP67693', '62188-1.0.0-UnlimitedContentPackages', 'UCP67693-1.0.0'); 
insert into objectrelation VALUES ('62188-1.0.0-UnlimitedContentPackages-UCP67696', '62188-1.0.0-UnlimitedContentPackages', 'UCP67696-1.0.0'); 
insert into keyvalue VALUES ('62188-1.0.0-UnlimitedContentPackages', '62188-1.0.0', 'Post-Pool-1.0.0-UnlimitedContentPackages', null); 
insert into object VALUES ('62186-1.0.0', '62186'); 
insert into nestedkeyvalue VALUES ('62186-1.0.0-PSMCodes-Activation', '62186-1.0.0-PSMCodes', null); 
insert into keyvalue VALUES ('62186-1.0.0-PSMCodes', '62186-1.0.0', 'Post-Pool-1.0.0-PSMCodes', null); 
insert into objectrelation VALUES ('62186-1.0.0-Addon_ids_master-63202', '62186-1.0.0-Addon_ids_master', '63202-1.0.0'); 
insert into keyvalue VALUES ('62186-1.0.0-Addon_ids_master', '62186-1.0.0', 'Post-Pool-1.0.0-Addon_ids_master', null); 
insert into objectrelation VALUES ('62186-1.0.0-Refill_ids-O_PQREF_787c4', '62186-1.0.0-Refill_ids', 'O_PQREF_787c4-1.0.0'); 
insert into objectrelation VALUES ('62186-1.0.0-Refill_ids-O_PQREF_1574c8', '62186-1.0.0-Refill_ids', 'O_PQREF_1574c8-1.0.0'); 
insert into objectrelation VALUES ('62186-1.0.0-Refill_ids-O_PQREF_3937c01', '62186-1.0.0-Refill_ids', 'O_PQREF_3937c01-1.0.0'); 
insert into objectrelation VALUES ('62186-1.0.0-Refill_ids-63210', '62186-1.0.0-Refill_ids', '63210-1.0.0'); 
insert into objectrelation VALUES ('62186-1.0.0-Refill_ids-63211', '62186-1.0.0-Refill_ids', '63211-1.0.0'); 
insert into objectrelation VALUES ('62186-1.0.0-Refill_ids-63212', '62186-1.0.0-Refill_ids', '63212-1.0.0'); 
insert into keyvalue VALUES ('62186-1.0.0-Refill_ids', '62186-1.0.0', 'Post-Pool-1.0.0-Refill_ids', null); 
insert into keyvalue VALUES ('62186-1.0.0-Featured', '62186-1.0.0', 'Post-Pool-1.0.0-Featured', 'false'); 
insert into keyvalue VALUES ('62186-1.0.0-BaseOfferIncluded', '62186-1.0.0', 'Post-Pool-1.0.0-BaseOfferIncluded', 'true'); 
insert into keyvalue VALUES ('62186-1.0.0-Addon_ids_member', '62186-1.0.0', 'Post-Pool-1.0.0-Addon_ids_member', null); 
insert into keyvalue VALUES ('62186-1.0.0-Id', '62186-1.0.0', 'Post-Pool-1.0.0-Id', '62186'); 
insert into keyvalue VALUES ('62186-1.0.0-Offer_ids_master', '62186-1.0.0', 'Post-Pool-1.0.0-Offer_ids_master', null); 
insert into keyvalue VALUES ('62186-1.0.0-Offer_ids_member', '62186-1.0.0', 'Post-Pool-1.0.0-Offer_ids_member', null); 
insert into keyvalue VALUES ('62186-1.0.0-Data_usage_mb', '62186-1.0.0', 'Post-Pool-1.0.0-Data_usage_mb', '5120'); 
insert into keyvalue VALUES ('62186-1.0.0-Price', '62186-1.0.0', 'Post-Pool-1.0.0-Price', '0'); 
insert into keyvalue VALUES ('62186-1.0.0-Active', '62186-1.0.0', 'Post-Pool-1.0.0-Active', 'false'); 
insert into nestedkeyvalue VALUES ('62186-1.0.0-Name-def', '62186-1.0.0-Name', 'RED Business Standard'); 
insert into nestedkeyvalue VALUES ('62186-1.0.0-Name-eng', '62186-1.0.0-Name', 'RED Business Standard'); 
insert into nestedkeyvalue VALUES ('62186-1.0.0-Name-hun', '62186-1.0.0-Name', 'RED Business Standard'); 
insert into nestedkeyvalue VALUES ('62186-1.0.0-Name-unLocalized', '62186-1.0.0-Name', null); 
insert into keyvalue VALUES ('62186-1.0.0-Name', '62186-1.0.0', 'Post-Pool-1.0.0-Name', null); 
insert into nestedkeyvalue VALUES ('62186-1.0.0-Description-def', '62186-1.0.0-Description', 'Ezzel a csomaggal 5 GB osztható adat áll rendelkezésedre minden számlázási ciklusban. Ha többre van szükséged, válassz kiegészítő adat opcióink közül.'); 
insert into nestedkeyvalue VALUES ('62186-1.0.0-Description-eng', '62186-1.0.0-Description', 'Ezzel a csomaggal 5 GB osztható adat áll rendelkezésedre minden számlázási ciklusban. Ha többre van szükséged, válassz kiegészítő adat opcióink közül.'); 
insert into nestedkeyvalue VALUES ('62186-1.0.0-Description-hun', '62186-1.0.0-Description', 'This tariff has 5 GB of shared mobile internet included in each monthly billing period. If you need more or use all of your 5 GB, you can choose a great value extra data pack from below.'); 
insert into nestedkeyvalue VALUES ('62186-1.0.0-Description-unLocalized', '62186-1.0.0-Description', null); 
insert into keyvalue VALUES ('62186-1.0.0-Description', '62186-1.0.0', 'Post-Pool-1.0.0-Description', null); 
insert into keyvalue VALUES ('62186-1.0.0-Online_selfcare_id', '62186-1.0.0', 'Post-Pool-1.0.0-Online_selfcare_id', null); 
insert into keyvalue VALUES ('62186-1.0.0-Upgrade_pool_ids', '62186-1.0.0', 'Post-Pool-1.0.0-Upgrade_pool_ids', null); 
insert into keyvalue VALUES ('62186-1.0.0-MaxMember', '62186-1.0.0', 'Post-Pool-1.0.0-MaxMember', '2'); 
insert into keyvalue VALUES ('62186-1.0.0-Type', '62186-1.0.0', 'Post-Pool-1.0.0-Type', 'IOYM'); 
insert into objectrelation VALUES ('62186-1.0.0-UnlimitedContentPackages-UCP67695', '62186-1.0.0-UnlimitedContentPackages', 'UCP67695-1.0.0'); 
insert into objectrelation VALUES ('62186-1.0.0-UnlimitedContentPackages-UCP67694', '62186-1.0.0-UnlimitedContentPackages', 'UCP67694-1.0.0'); 
insert into objectrelation VALUES ('62186-1.0.0-UnlimitedContentPackages-UCP67693', '62186-1.0.0-UnlimitedContentPackages', 'UCP67693-1.0.0'); 
insert into objectrelation VALUES ('62186-1.0.0-UnlimitedContentPackages-UCP67696', '62186-1.0.0-UnlimitedContentPackages', 'UCP67696-1.0.0'); 
insert into keyvalue VALUES ('62186-1.0.0-UnlimitedContentPackages', '62186-1.0.0', 'Post-Pool-1.0.0-UnlimitedContentPackages', null); 
insert into object VALUES ('62187-1.0.0', '62187'); 
insert into nestedkeyvalue VALUES ('62187-1.0.0-PSMCodes-Activation', '62187-1.0.0-PSMCodes', null); 
insert into keyvalue VALUES ('62187-1.0.0-PSMCodes', '62187-1.0.0', 'Post-Pool-1.0.0-PSMCodes', null); 
insert into objectrelation VALUES ('62187-1.0.0-Addon_ids_master-63202', '62187-1.0.0-Addon_ids_master', '63202-1.0.0'); 
insert into objectrelation VALUES ('62187-1.0.0-Addon_ids_master-61889', '62187-1.0.0-Addon_ids_master', '61889-1.0.0'); 
insert into keyvalue VALUES ('62187-1.0.0-Addon_ids_master', '62187-1.0.0', 'Post-Pool-1.0.0-Addon_ids_master', null); 
insert into objectrelation VALUES ('62187-1.0.0-Refill_ids-O_PQREF_787c4', '62187-1.0.0-Refill_ids', 'O_PQREF_787c4-1.0.0'); 
insert into objectrelation VALUES ('62187-1.0.0-Refill_ids-O_PQREF_1574c8', '62187-1.0.0-Refill_ids', 'O_PQREF_1574c8-1.0.0'); 
insert into objectrelation VALUES ('62187-1.0.0-Refill_ids-O_PQREF_3937c01', '62187-1.0.0-Refill_ids', 'O_PQREF_3937c01-1.0.0'); 
insert into objectrelation VALUES ('62187-1.0.0-Refill_ids-63210', '62187-1.0.0-Refill_ids', '63210-1.0.0'); 
insert into objectrelation VALUES ('62187-1.0.0-Refill_ids-63211', '62187-1.0.0-Refill_ids', '63211-1.0.0'); 
insert into objectrelation VALUES ('62187-1.0.0-Refill_ids-63212', '62187-1.0.0-Refill_ids', '63212-1.0.0'); 
insert into keyvalue VALUES ('62187-1.0.0-Refill_ids', '62187-1.0.0', 'Post-Pool-1.0.0-Refill_ids', null); 
insert into keyvalue VALUES ('62187-1.0.0-Featured', '62187-1.0.0', 'Post-Pool-1.0.0-Featured', 'false'); 
insert into keyvalue VALUES ('62187-1.0.0-BaseOfferIncluded', '62187-1.0.0', 'Post-Pool-1.0.0-BaseOfferIncluded', 'true'); 
insert into keyvalue VALUES ('62187-1.0.0-Addon_ids_member', '62187-1.0.0', 'Post-Pool-1.0.0-Addon_ids_member', null); 
insert into keyvalue VALUES ('62187-1.0.0-Id', '62187-1.0.0', 'Post-Pool-1.0.0-Id', '62187'); 
insert into keyvalue VALUES ('62187-1.0.0-Offer_ids_master', '62187-1.0.0', 'Post-Pool-1.0.0-Offer_ids_master', null); 
insert into keyvalue VALUES ('62187-1.0.0-Offer_ids_member', '62187-1.0.0', 'Post-Pool-1.0.0-Offer_ids_member', null); 
insert into keyvalue VALUES ('62187-1.0.0-Data_usage_mb', '62187-1.0.0', 'Post-Pool-1.0.0-Data_usage_mb', '10240'); 
insert into keyvalue VALUES ('62187-1.0.0-Price', '62187-1.0.0', 'Post-Pool-1.0.0-Price', '0'); 
insert into keyvalue VALUES ('62187-1.0.0-Active', '62187-1.0.0', 'Post-Pool-1.0.0-Active', 'false'); 
insert into nestedkeyvalue VALUES ('62187-1.0.0-Name-def', '62187-1.0.0-Name', 'RED Business Premium'); 
insert into nestedkeyvalue VALUES ('62187-1.0.0-Name-eng', '62187-1.0.0-Name', 'RED Business Premium'); 
insert into nestedkeyvalue VALUES ('62187-1.0.0-Name-hun', '62187-1.0.0-Name', 'RED Business Premium'); 
insert into nestedkeyvalue VALUES ('62187-1.0.0-Name-unLocalized', '62187-1.0.0-Name', null); 
insert into keyvalue VALUES ('62187-1.0.0-Name', '62187-1.0.0', 'Post-Pool-1.0.0-Name', null); 
insert into nestedkeyvalue VALUES ('62187-1.0.0-Description-def', '62187-1.0.0-Description', 'Ezzel a csomaggal 10 GB osztható adat áll rendelkezésedre minden számlázási ciklusban. Ha többre van szükséged, válassz kiegészítő adat opcióink közül.'); 
insert into nestedkeyvalue VALUES ('62187-1.0.0-Description-eng', '62187-1.0.0-Description', 'Ezzel a csomaggal 10 GB osztható adat áll rendelkezésedre minden számlázási ciklusban. Ha többre van szükséged, válassz kiegészítő adat opcióink közül.'); 
insert into nestedkeyvalue VALUES ('62187-1.0.0-Description-hun', '62187-1.0.0-Description', 'This tariff has 10 GB of shared mobile internet included in each monthly billing period. If you need more or use all of your 10 GB, you can choose a great value extra data pack from below.'); 
insert into nestedkeyvalue VALUES ('62187-1.0.0-Description-unLocalized', '62187-1.0.0-Description', null); 
insert into keyvalue VALUES ('62187-1.0.0-Description', '62187-1.0.0', 'Post-Pool-1.0.0-Description', null); 
insert into keyvalue VALUES ('62187-1.0.0-Online_selfcare_id', '62187-1.0.0', 'Post-Pool-1.0.0-Online_selfcare_id', null); 
insert into keyvalue VALUES ('62187-1.0.0-Upgrade_pool_ids', '62187-1.0.0', 'Post-Pool-1.0.0-Upgrade_pool_ids', null); 
insert into keyvalue VALUES ('62187-1.0.0-MaxMember', '62187-1.0.0', 'Post-Pool-1.0.0-MaxMember', '2'); 
insert into keyvalue VALUES ('62187-1.0.0-Type', '62187-1.0.0', 'Post-Pool-1.0.0-Type', 'IOYM'); 
insert into objectrelation VALUES ('62187-1.0.0-UnlimitedContentPackages-UCP67695', '62187-1.0.0-UnlimitedContentPackages', 'UCP67695-1.0.0'); 
insert into objectrelation VALUES ('62187-1.0.0-UnlimitedContentPackages-UCP67694', '62187-1.0.0-UnlimitedContentPackages', 'UCP67694-1.0.0'); 
insert into objectrelation VALUES ('62187-1.0.0-UnlimitedContentPackages-UCP67693', '62187-1.0.0-UnlimitedContentPackages', 'UCP67693-1.0.0'); 
insert into objectrelation VALUES ('62187-1.0.0-UnlimitedContentPackages-UCP67696', '62187-1.0.0-UnlimitedContentPackages', 'UCP67696-1.0.0'); 
insert into keyvalue VALUES ('62187-1.0.0-UnlimitedContentPackages', '62187-1.0.0', 'Post-Pool-1.0.0-UnlimitedContentPackages', null); 
insert into object VALUES ('63194-1.0.0', '63194'); 
insert into nestedkeyvalue VALUES ('63194-1.0.0-PSMCodes-Activation', '63194-1.0.0-PSMCodes', null); 
insert into keyvalue VALUES ('63194-1.0.0-PSMCodes', '63194-1.0.0', 'Post-Pool-1.0.0-PSMCodes', null); 
insert into keyvalue VALUES ('63194-1.0.0-Addon_ids_master', '63194-1.0.0', 'Post-Pool-1.0.0-Addon_ids_master', null); 
insert into objectrelation VALUES ('63194-1.0.0-Refill_ids-O_PQREF_787c4', '63194-1.0.0-Refill_ids', 'O_PQREF_787c4-1.0.0'); 
insert into objectrelation VALUES ('63194-1.0.0-Refill_ids-O_PQREF_1574c8', '63194-1.0.0-Refill_ids', 'O_PQREF_1574c8-1.0.0'); 
insert into objectrelation VALUES ('63194-1.0.0-Refill_ids-O_PQREF_3937c01', '63194-1.0.0-Refill_ids', 'O_PQREF_3937c01-1.0.0'); 
insert into objectrelation VALUES ('63194-1.0.0-Refill_ids-63210', '63194-1.0.0-Refill_ids', '63210-1.0.0'); 
insert into objectrelation VALUES ('63194-1.0.0-Refill_ids-63211', '63194-1.0.0-Refill_ids', '63211-1.0.0'); 
insert into objectrelation VALUES ('63194-1.0.0-Refill_ids-63212', '63194-1.0.0-Refill_ids', '63212-1.0.0'); 
insert into keyvalue VALUES ('63194-1.0.0-Refill_ids', '63194-1.0.0', 'Post-Pool-1.0.0-Refill_ids', null); 
insert into keyvalue VALUES ('63194-1.0.0-Featured', '63194-1.0.0', 'Post-Pool-1.0.0-Featured', 'false'); 
insert into keyvalue VALUES ('63194-1.0.0-BaseOfferIncluded', '63194-1.0.0', 'Post-Pool-1.0.0-BaseOfferIncluded', 'true'); 
insert into keyvalue VALUES ('63194-1.0.0-Addon_ids_member', '63194-1.0.0', 'Post-Pool-1.0.0-Addon_ids_member', null); 
insert into keyvalue VALUES ('63194-1.0.0-Id', '63194-1.0.0', 'Post-Pool-1.0.0-Id', '63194'); 
insert into keyvalue VALUES ('63194-1.0.0-Offer_ids_master', '63194-1.0.0', 'Post-Pool-1.0.0-Offer_ids_master', null); 
insert into keyvalue VALUES ('63194-1.0.0-Offer_ids_member', '63194-1.0.0', 'Post-Pool-1.0.0-Offer_ids_member', null); 
insert into keyvalue VALUES ('63194-1.0.0-Data_usage_mb', '63194-1.0.0', 'Post-Pool-1.0.0-Data_usage_mb', '30720'); 
insert into keyvalue VALUES ('63194-1.0.0-Price', '63194-1.0.0', 'Post-Pool-1.0.0-Price', '7309'); 
insert into keyvalue VALUES ('63194-1.0.0-Active', '63194-1.0.0', 'Post-Pool-1.0.0-Active', 'false'); 
insert into nestedkeyvalue VALUES ('63194-1.0.0-Name-def', '63194-1.0.0-Name', 'Internet Premium'); 
insert into nestedkeyvalue VALUES ('63194-1.0.0-Name-eng', '63194-1.0.0-Name', 'Internet Premium'); 
insert into nestedkeyvalue VALUES ('63194-1.0.0-Name-hun', '63194-1.0.0-Name', 'Internet Premium'); 
insert into nestedkeyvalue VALUES ('63194-1.0.0-Name-unLocalized', '63194-1.0.0-Name', null); 
insert into keyvalue VALUES ('63194-1.0.0-Name', '63194-1.0.0', 'Post-Pool-1.0.0-Name', null); 
insert into nestedkeyvalue VALUES ('63194-1.0.0-Description-def', '63194-1.0.0-Description', 'Ezzel a csomaggal 30 GB osztható adat áll rendelkezésedre minden számlázási ciklusban. Ha többre van szükséged, válassz kiegészítő adat opcióink közül.'); 
insert into nestedkeyvalue VALUES ('63194-1.0.0-Description-eng', '63194-1.0.0-Description', 'Ezzel a csomaggal 30 GB osztható adat áll rendelkezésedre minden számlázási ciklusban. Ha többre van szükséged, válassz kiegészítő adat opcióink közül.'); 
insert into nestedkeyvalue VALUES ('63194-1.0.0-Description-hun', '63194-1.0.0-Description', 'This tariff has 30 GB of shared mobile internet included in each monthly billing period. If you need more or use all of your 30 GB, you can choose a great value extra data pack from below.'); 
insert into nestedkeyvalue VALUES ('63194-1.0.0-Description-unLocalized', '63194-1.0.0-Description', null); 
insert into keyvalue VALUES ('63194-1.0.0-Description', '63194-1.0.0', 'Post-Pool-1.0.0-Description', null); 
insert into keyvalue VALUES ('63194-1.0.0-Online_selfcare_id', '63194-1.0.0', 'Post-Pool-1.0.0-Online_selfcare_id', null); 
insert into keyvalue VALUES ('63194-1.0.0-Upgrade_pool_ids', '63194-1.0.0', 'Post-Pool-1.0.0-Upgrade_pool_ids', null); 
insert into keyvalue VALUES ('63194-1.0.0-MaxMember', '63194-1.0.0', 'Post-Pool-1.0.0-MaxMember', '2'); 
insert into keyvalue VALUES ('63194-1.0.0-Type', '63194-1.0.0', 'Post-Pool-1.0.0-Type', 'IOYM'); 
insert into keyvalue VALUES ('63194-1.0.0-UnlimitedContentPackages', '63194-1.0.0', 'Post-Pool-1.0.0-UnlimitedContentPackages', null); 
insert into object VALUES ('63193-1.0.0', '63193'); 
insert into nestedkeyvalue VALUES ('63193-1.0.0-PSMCodes-Activation', '63193-1.0.0-PSMCodes', null); 
insert into keyvalue VALUES ('63193-1.0.0-PSMCodes', '63193-1.0.0', 'Post-Pool-1.0.0-PSMCodes', null); 
insert into keyvalue VALUES ('63193-1.0.0-Addon_ids_master', '63193-1.0.0', 'Post-Pool-1.0.0-Addon_ids_master', null); 
insert into objectrelation VALUES ('63193-1.0.0-Refill_ids-O_PQREF_787c4', '63193-1.0.0-Refill_ids', 'O_PQREF_787c4-1.0.0'); 
insert into objectrelation VALUES ('63193-1.0.0-Refill_ids-O_PQREF_1574c8', '63193-1.0.0-Refill_ids', 'O_PQREF_1574c8-1.0.0'); 
insert into objectrelation VALUES ('63193-1.0.0-Refill_ids-O_PQREF_3937c01', '63193-1.0.0-Refill_ids', 'O_PQREF_3937c01-1.0.0'); 
insert into objectrelation VALUES ('63193-1.0.0-Refill_ids-63210', '63193-1.0.0-Refill_ids', '63210-1.0.0'); 
insert into objectrelation VALUES ('63193-1.0.0-Refill_ids-63211', '63193-1.0.0-Refill_ids', '63211-1.0.0'); 
insert into objectrelation VALUES ('63193-1.0.0-Refill_ids-63212', '63193-1.0.0-Refill_ids', '63212-1.0.0'); 
insert into keyvalue VALUES ('63193-1.0.0-Refill_ids', '63193-1.0.0', 'Post-Pool-1.0.0-Refill_ids', null); 
insert into keyvalue VALUES ('63193-1.0.0-Featured', '63193-1.0.0', 'Post-Pool-1.0.0-Featured', 'false'); 
insert into keyvalue VALUES ('63193-1.0.0-BaseOfferIncluded', '63193-1.0.0', 'Post-Pool-1.0.0-BaseOfferIncluded', 'true'); 
insert into keyvalue VALUES ('63193-1.0.0-Addon_ids_member', '63193-1.0.0', 'Post-Pool-1.0.0-Addon_ids_member', null); 
insert into keyvalue VALUES ('63193-1.0.0-Id', '63193-1.0.0', 'Post-Pool-1.0.0-Id', '63193'); 
insert into keyvalue VALUES ('63193-1.0.0-Offer_ids_master', '63193-1.0.0', 'Post-Pool-1.0.0-Offer_ids_master', null); 
insert into keyvalue VALUES ('63193-1.0.0-Offer_ids_member', '63193-1.0.0', 'Post-Pool-1.0.0-Offer_ids_member', null); 
insert into keyvalue VALUES ('63193-1.0.0-Data_usage_mb', '63193-1.0.0', 'Post-Pool-1.0.0-Data_usage_mb', '30720'); 
insert into keyvalue VALUES ('63193-1.0.0-Price', '63193-1.0.0', 'Post-Pool-1.0.0-Price', '8353'); 
insert into keyvalue VALUES ('63193-1.0.0-Active', '63193-1.0.0', 'Post-Pool-1.0.0-Active', 'false'); 
insert into nestedkeyvalue VALUES ('63193-1.0.0-Name-def', '63193-1.0.0-Name', 'Internet Premium'); 
insert into nestedkeyvalue VALUES ('63193-1.0.0-Name-eng', '63193-1.0.0-Name', 'Internet Premium'); 
insert into nestedkeyvalue VALUES ('63193-1.0.0-Name-hun', '63193-1.0.0-Name', 'Internet Premium'); 
insert into nestedkeyvalue VALUES ('63193-1.0.0-Name-unLocalized', '63193-1.0.0-Name', null); 
insert into keyvalue VALUES ('63193-1.0.0-Name', '63193-1.0.0', 'Post-Pool-1.0.0-Name', null); 
insert into nestedkeyvalue VALUES ('63193-1.0.0-Description-def', '63193-1.0.0-Description', 'Ezzel a csomaggal 30 GB osztható adat áll rendelkezésedre minden számlázási ciklusban. Ha többre van szükséged, válassz kiegészítő adat opcióink közül.'); 
insert into nestedkeyvalue VALUES ('63193-1.0.0-Description-eng', '63193-1.0.0-Description', 'Ezzel a csomaggal 30 GB osztható adat áll rendelkezésedre minden számlázási ciklusban. Ha többre van szükséged, válassz kiegészítő adat opcióink közül.'); 
insert into nestedkeyvalue VALUES ('63193-1.0.0-Description-hun', '63193-1.0.0-Description', 'This tariff has 30 GB of shared mobile internet included in each monthly billing period. If you need more or use all of your 30 GB, you can choose a great value extra data pack from below.'); 
insert into nestedkeyvalue VALUES ('63193-1.0.0-Description-unLocalized', '63193-1.0.0-Description', null); 
insert into keyvalue VALUES ('63193-1.0.0-Description', '63193-1.0.0', 'Post-Pool-1.0.0-Description', null); 
insert into keyvalue VALUES ('63193-1.0.0-Online_selfcare_id', '63193-1.0.0', 'Post-Pool-1.0.0-Online_selfcare_id', null); 
insert into keyvalue VALUES ('63193-1.0.0-Upgrade_pool_ids', '63193-1.0.0', 'Post-Pool-1.0.0-Upgrade_pool_ids', null); 
insert into keyvalue VALUES ('63193-1.0.0-MaxMember', '63193-1.0.0', 'Post-Pool-1.0.0-MaxMember', '2'); 
insert into keyvalue VALUES ('63193-1.0.0-Type', '63193-1.0.0', 'Post-Pool-1.0.0-Type', 'IOYM'); 
insert into keyvalue VALUES ('63193-1.0.0-UnlimitedContentPackages', '63193-1.0.0', 'Post-Pool-1.0.0-UnlimitedContentPackages', null); 
insert into object VALUES ('63192-1.0.0', '63192'); 
insert into nestedkeyvalue VALUES ('63192-1.0.0-PSMCodes-Activation', '63192-1.0.0-PSMCodes', null); 
insert into keyvalue VALUES ('63192-1.0.0-PSMCodes', '63192-1.0.0', 'Post-Pool-1.0.0-PSMCodes', null); 
insert into keyvalue VALUES ('63192-1.0.0-Addon_ids_master', '63192-1.0.0', 'Post-Pool-1.0.0-Addon_ids_master', null); 
insert into objectrelation VALUES ('63192-1.0.0-Refill_ids-O_PQREF_787c4', '63192-1.0.0-Refill_ids', 'O_PQREF_787c4-1.0.0'); 
insert into objectrelation VALUES ('63192-1.0.0-Refill_ids-O_PQREF_1574c8', '63192-1.0.0-Refill_ids', 'O_PQREF_1574c8-1.0.0'); 
insert into objectrelation VALUES ('63192-1.0.0-Refill_ids-O_PQREF_3937c01', '63192-1.0.0-Refill_ids', 'O_PQREF_3937c01-1.0.0'); 
insert into objectrelation VALUES ('63192-1.0.0-Refill_ids-63210', '63192-1.0.0-Refill_ids', '63210-1.0.0'); 
insert into objectrelation VALUES ('63192-1.0.0-Refill_ids-63211', '63192-1.0.0-Refill_ids', '63211-1.0.0'); 
insert into objectrelation VALUES ('63192-1.0.0-Refill_ids-63212', '63192-1.0.0-Refill_ids', '63212-1.0.0'); 
insert into keyvalue VALUES ('63192-1.0.0-Refill_ids', '63192-1.0.0', 'Post-Pool-1.0.0-Refill_ids', null); 
insert into keyvalue VALUES ('63192-1.0.0-Featured', '63192-1.0.0', 'Post-Pool-1.0.0-Featured', 'false'); 
insert into keyvalue VALUES ('63192-1.0.0-BaseOfferIncluded', '63192-1.0.0', 'Post-Pool-1.0.0-BaseOfferIncluded', 'true'); 
insert into keyvalue VALUES ('63192-1.0.0-Addon_ids_member', '63192-1.0.0', 'Post-Pool-1.0.0-Addon_ids_member', null); 
insert into keyvalue VALUES ('63192-1.0.0-Id', '63192-1.0.0', 'Post-Pool-1.0.0-Id', '63192'); 
insert into keyvalue VALUES ('63192-1.0.0-Offer_ids_master', '63192-1.0.0', 'Post-Pool-1.0.0-Offer_ids_master', null); 
insert into keyvalue VALUES ('63192-1.0.0-Offer_ids_member', '63192-1.0.0', 'Post-Pool-1.0.0-Offer_ids_member', null); 
insert into keyvalue VALUES ('63192-1.0.0-Data_usage_mb', '63192-1.0.0', 'Post-Pool-1.0.0-Data_usage_mb', '30720'); 
insert into keyvalue VALUES ('63192-1.0.0-Price', '63192-1.0.0', 'Post-Pool-1.0.0-Price', '8353'); 
insert into keyvalue VALUES ('63192-1.0.0-Active', '63192-1.0.0', 'Post-Pool-1.0.0-Active', 'false'); 
insert into nestedkeyvalue VALUES ('63192-1.0.0-Name-def', '63192-1.0.0-Name', 'Internet Premium'); 
insert into nestedkeyvalue VALUES ('63192-1.0.0-Name-eng', '63192-1.0.0-Name', 'Internet Premium'); 
insert into nestedkeyvalue VALUES ('63192-1.0.0-Name-hun', '63192-1.0.0-Name', 'Internet Premium'); 
insert into nestedkeyvalue VALUES ('63192-1.0.0-Name-unLocalized', '63192-1.0.0-Name', null); 
insert into keyvalue VALUES ('63192-1.0.0-Name', '63192-1.0.0', 'Post-Pool-1.0.0-Name', null); 
insert into nestedkeyvalue VALUES ('63192-1.0.0-Description-def', '63192-1.0.0-Description', 'Ezzel a csomaggal 30 GB osztható adat áll rendelkezésedre minden számlázási ciklusban. Ha többre van szükséged, válassz kiegészítő adat opcióink közül.'); 
insert into nestedkeyvalue VALUES ('63192-1.0.0-Description-eng', '63192-1.0.0-Description', 'Ezzel a csomaggal 30 GB osztható adat áll rendelkezésedre minden számlázási ciklusban. Ha többre van szükséged, válassz kiegészítő adat opcióink közül.'); 
insert into nestedkeyvalue VALUES ('63192-1.0.0-Description-hun', '63192-1.0.0-Description', 'This tariff has 30 GB of shared mobile internet included in each monthly billing period. If you need more or use all of your 30 GB, you can choose a great value extra data pack from below.'); 
insert into nestedkeyvalue VALUES ('63192-1.0.0-Description-unLocalized', '63192-1.0.0-Description', null); 
insert into keyvalue VALUES ('63192-1.0.0-Description', '63192-1.0.0', 'Post-Pool-1.0.0-Description', null); 
insert into keyvalue VALUES ('63192-1.0.0-Online_selfcare_id', '63192-1.0.0', 'Post-Pool-1.0.0-Online_selfcare_id', null); 
insert into keyvalue VALUES ('63192-1.0.0-Upgrade_pool_ids', '63192-1.0.0', 'Post-Pool-1.0.0-Upgrade_pool_ids', null); 
insert into keyvalue VALUES ('63192-1.0.0-MaxMember', '63192-1.0.0', 'Post-Pool-1.0.0-MaxMember', '2'); 
insert into keyvalue VALUES ('63192-1.0.0-Type', '63192-1.0.0', 'Post-Pool-1.0.0-Type', 'IOYM'); 
insert into keyvalue VALUES ('63192-1.0.0-UnlimitedContentPackages', '63192-1.0.0', 'Post-Pool-1.0.0-UnlimitedContentPackages', null); 
insert into object VALUES ('63191-1.0.0', '63191'); 
insert into nestedkeyvalue VALUES ('63191-1.0.0-PSMCodes-Activation', '63191-1.0.0-PSMCodes', null); 
insert into keyvalue VALUES ('63191-1.0.0-PSMCodes', '63191-1.0.0', 'Post-Pool-1.0.0-PSMCodes', null); 
insert into keyvalue VALUES ('63191-1.0.0-Addon_ids_master', '63191-1.0.0', 'Post-Pool-1.0.0-Addon_ids_master', null); 
insert into objectrelation VALUES ('63191-1.0.0-Refill_ids-O_PQREF_787c4', '63191-1.0.0-Refill_ids', 'O_PQREF_787c4-1.0.0'); 
insert into objectrelation VALUES ('63191-1.0.0-Refill_ids-O_PQREF_1574c8', '63191-1.0.0-Refill_ids', 'O_PQREF_1574c8-1.0.0'); 
insert into objectrelation VALUES ('63191-1.0.0-Refill_ids-O_PQREF_3937c01', '63191-1.0.0-Refill_ids', 'O_PQREF_3937c01-1.0.0'); 
insert into objectrelation VALUES ('63191-1.0.0-Refill_ids-63210', '63191-1.0.0-Refill_ids', '63210-1.0.0'); 
insert into objectrelation VALUES ('63191-1.0.0-Refill_ids-63211', '63191-1.0.0-Refill_ids', '63211-1.0.0'); 
insert into objectrelation VALUES ('63191-1.0.0-Refill_ids-63212', '63191-1.0.0-Refill_ids', '63212-1.0.0'); 
insert into keyvalue VALUES ('63191-1.0.0-Refill_ids', '63191-1.0.0', 'Post-Pool-1.0.0-Refill_ids', null); 
insert into keyvalue VALUES ('63191-1.0.0-Featured', '63191-1.0.0', 'Post-Pool-1.0.0-Featured', 'false'); 
insert into keyvalue VALUES ('63191-1.0.0-BaseOfferIncluded', '63191-1.0.0', 'Post-Pool-1.0.0-BaseOfferIncluded', 'true'); 
insert into keyvalue VALUES ('63191-1.0.0-Addon_ids_member', '63191-1.0.0', 'Post-Pool-1.0.0-Addon_ids_member', null); 
insert into keyvalue VALUES ('63191-1.0.0-Id', '63191-1.0.0', 'Post-Pool-1.0.0-Id', '63191'); 
insert into keyvalue VALUES ('63191-1.0.0-Offer_ids_master', '63191-1.0.0', 'Post-Pool-1.0.0-Offer_ids_master', null); 
insert into keyvalue VALUES ('63191-1.0.0-Offer_ids_member', '63191-1.0.0', 'Post-Pool-1.0.0-Offer_ids_member', null); 
insert into keyvalue VALUES ('63191-1.0.0-Data_usage_mb', '63191-1.0.0', 'Post-Pool-1.0.0-Data_usage_mb', '30720'); 
insert into keyvalue VALUES ('63191-1.0.0-Price', '63191-1.0.0', 'Post-Pool-1.0.0-Price', '9398'); 
insert into keyvalue VALUES ('63191-1.0.0-Active', '63191-1.0.0', 'Post-Pool-1.0.0-Active', 'false'); 
insert into nestedkeyvalue VALUES ('63191-1.0.0-Name-def', '63191-1.0.0-Name', 'Internet Premium'); 
insert into nestedkeyvalue VALUES ('63191-1.0.0-Name-eng', '63191-1.0.0-Name', 'Internet Premium'); 
insert into nestedkeyvalue VALUES ('63191-1.0.0-Name-hun', '63191-1.0.0-Name', 'Internet Premium'); 
insert into nestedkeyvalue VALUES ('63191-1.0.0-Name-unLocalized', '63191-1.0.0-Name', null); 
insert into keyvalue VALUES ('63191-1.0.0-Name', '63191-1.0.0', 'Post-Pool-1.0.0-Name', null); 
insert into nestedkeyvalue VALUES ('63191-1.0.0-Description-def', '63191-1.0.0-Description', 'Ezzel a csomaggal 30 GB osztható adat áll rendelkezésedre minden számlázási ciklusban. Ha többre van szükséged, válassz kiegészítő adat opcióink közül.'); 
insert into nestedkeyvalue VALUES ('63191-1.0.0-Description-eng', '63191-1.0.0-Description', 'Ezzel a csomaggal 30 GB osztható adat áll rendelkezésedre minden számlázási ciklusban. Ha többre van szükséged, válassz kiegészítő adat opcióink közül.'); 
insert into nestedkeyvalue VALUES ('63191-1.0.0-Description-hun', '63191-1.0.0-Description', 'This tariff has 30 GB of shared mobile internet included in each monthly billing period. If you need more or use all of your 30 GB, you can choose a great value extra data pack from below.'); 
insert into nestedkeyvalue VALUES ('63191-1.0.0-Description-unLocalized', '63191-1.0.0-Description', null); 
insert into keyvalue VALUES ('63191-1.0.0-Description', '63191-1.0.0', 'Post-Pool-1.0.0-Description', null); 
insert into keyvalue VALUES ('63191-1.0.0-Online_selfcare_id', '63191-1.0.0', 'Post-Pool-1.0.0-Online_selfcare_id', null); 
insert into keyvalue VALUES ('63191-1.0.0-Upgrade_pool_ids', '63191-1.0.0', 'Post-Pool-1.0.0-Upgrade_pool_ids', null); 
insert into keyvalue VALUES ('63191-1.0.0-MaxMember', '63191-1.0.0', 'Post-Pool-1.0.0-MaxMember', '2'); 
insert into keyvalue VALUES ('63191-1.0.0-Type', '63191-1.0.0', 'Post-Pool-1.0.0-Type', 'IOYM'); 
insert into keyvalue VALUES ('63191-1.0.0-UnlimitedContentPackages', '63191-1.0.0', 'Post-Pool-1.0.0-UnlimitedContentPackages', null); 
insert into object VALUES ('63190-1.0.0', '63190'); 
insert into nestedkeyvalue VALUES ('63190-1.0.0-PSMCodes-Activation', '63190-1.0.0-PSMCodes', null); 
insert into keyvalue VALUES ('63190-1.0.0-PSMCodes', '63190-1.0.0', 'Post-Pool-1.0.0-PSMCodes', null); 
insert into keyvalue VALUES ('63190-1.0.0-Addon_ids_master', '63190-1.0.0', 'Post-Pool-1.0.0-Addon_ids_master', null); 
insert into objectrelation VALUES ('63190-1.0.0-Refill_ids-O_PQREF_787c4', '63190-1.0.0-Refill_ids', 'O_PQREF_787c4-1.0.0'); 
insert into objectrelation VALUES ('63190-1.0.0-Refill_ids-O_PQREF_1574c8', '63190-1.0.0-Refill_ids', 'O_PQREF_1574c8-1.0.0'); 
insert into objectrelation VALUES ('63190-1.0.0-Refill_ids-O_PQREF_3937c01', '63190-1.0.0-Refill_ids', 'O_PQREF_3937c01-1.0.0'); 
insert into objectrelation VALUES ('63190-1.0.0-Refill_ids-63210', '63190-1.0.0-Refill_ids', '63210-1.0.0'); 
insert into objectrelation VALUES ('63190-1.0.0-Refill_ids-63211', '63190-1.0.0-Refill_ids', '63211-1.0.0'); 
insert into objectrelation VALUES ('63190-1.0.0-Refill_ids-63212', '63190-1.0.0-Refill_ids', '63212-1.0.0'); 
insert into keyvalue VALUES ('63190-1.0.0-Refill_ids', '63190-1.0.0', 'Post-Pool-1.0.0-Refill_ids', null); 
insert into keyvalue VALUES ('63190-1.0.0-Featured', '63190-1.0.0', 'Post-Pool-1.0.0-Featured', 'false'); 
insert into keyvalue VALUES ('63190-1.0.0-BaseOfferIncluded', '63190-1.0.0', 'Post-Pool-1.0.0-BaseOfferIncluded', 'true'); 
insert into keyvalue VALUES ('63190-1.0.0-Addon_ids_member', '63190-1.0.0', 'Post-Pool-1.0.0-Addon_ids_member', null); 
insert into keyvalue VALUES ('63190-1.0.0-Id', '63190-1.0.0', 'Post-Pool-1.0.0-Id', '63190'); 
insert into keyvalue VALUES ('63190-1.0.0-Offer_ids_master', '63190-1.0.0', 'Post-Pool-1.0.0-Offer_ids_master', null); 
insert into keyvalue VALUES ('63190-1.0.0-Offer_ids_member', '63190-1.0.0', 'Post-Pool-1.0.0-Offer_ids_member', null); 
insert into keyvalue VALUES ('63190-1.0.0-Data_usage_mb', '63190-1.0.0', 'Post-Pool-1.0.0-Data_usage_mb', '30720'); 
insert into keyvalue VALUES ('63190-1.0.0-Price', '63190-1.0.0', 'Post-Pool-1.0.0-Price', '10442'); 
insert into keyvalue VALUES ('63190-1.0.0-Active', '63190-1.0.0', 'Post-Pool-1.0.0-Active', 'false'); 
insert into nestedkeyvalue VALUES ('63190-1.0.0-Name-def', '63190-1.0.0-Name', 'Internet Premium'); 
insert into nestedkeyvalue VALUES ('63190-1.0.0-Name-eng', '63190-1.0.0-Name', 'Internet Premium'); 
insert into nestedkeyvalue VALUES ('63190-1.0.0-Name-hun', '63190-1.0.0-Name', 'Internet Premium'); 
insert into nestedkeyvalue VALUES ('63190-1.0.0-Name-unLocalized', '63190-1.0.0-Name', null); 
insert into keyvalue VALUES ('63190-1.0.0-Name', '63190-1.0.0', 'Post-Pool-1.0.0-Name', null); 
insert into nestedkeyvalue VALUES ('63190-1.0.0-Description-def', '63190-1.0.0-Description', 'Ezzel a csomaggal 30 GB osztható adat áll rendelkezésedre minden számlázási ciklusban. Ha többre van szükséged, válassz kiegészítő adat opcióink közül.'); 
insert into nestedkeyvalue VALUES ('63190-1.0.0-Description-eng', '63190-1.0.0-Description', 'Ezzel a csomaggal 30 GB osztható adat áll rendelkezésedre minden számlázási ciklusban. Ha többre van szükséged, válassz kiegészítő adat opcióink közül.'); 
insert into nestedkeyvalue VALUES ('63190-1.0.0-Description-hun', '63190-1.0.0-Description', 'This tariff has 30 GB of shared mobile internet included in each monthly billing period. If you need more or use all of your 30 GB, you can choose a great value extra data pack from below.'); 
insert into nestedkeyvalue VALUES ('63190-1.0.0-Description-unLocalized', '63190-1.0.0-Description', null); 
insert into keyvalue VALUES ('63190-1.0.0-Description', '63190-1.0.0', 'Post-Pool-1.0.0-Description', null); 
insert into keyvalue VALUES ('63190-1.0.0-Online_selfcare_id', '63190-1.0.0', 'Post-Pool-1.0.0-Online_selfcare_id', null); 
insert into keyvalue VALUES ('63190-1.0.0-Upgrade_pool_ids', '63190-1.0.0', 'Post-Pool-1.0.0-Upgrade_pool_ids', null); 
insert into keyvalue VALUES ('63190-1.0.0-MaxMember', '63190-1.0.0', 'Post-Pool-1.0.0-MaxMember', '2'); 
insert into keyvalue VALUES ('63190-1.0.0-Type', '63190-1.0.0', 'Post-Pool-1.0.0-Type', 'IOYM'); 
insert into keyvalue VALUES ('63190-1.0.0-UnlimitedContentPackages', '63190-1.0.0', 'Post-Pool-1.0.0-UnlimitedContentPackages', null); 
insert into object VALUES ('63189-1.0.0', '63189'); 
insert into nestedkeyvalue VALUES ('63189-1.0.0-PSMCodes-Activation', '63189-1.0.0-PSMCodes', null); 
insert into keyvalue VALUES ('63189-1.0.0-PSMCodes', '63189-1.0.0', 'Post-Pool-1.0.0-PSMCodes', null); 
insert into keyvalue VALUES ('63189-1.0.0-Addon_ids_master', '63189-1.0.0', 'Post-Pool-1.0.0-Addon_ids_master', null); 
insert into objectrelation VALUES ('63189-1.0.0-Refill_ids-O_PQREF_787c4', '63189-1.0.0-Refill_ids', 'O_PQREF_787c4-1.0.0'); 
insert into objectrelation VALUES ('63189-1.0.0-Refill_ids-O_PQREF_1574c8', '63189-1.0.0-Refill_ids', 'O_PQREF_1574c8-1.0.0'); 
insert into objectrelation VALUES ('63189-1.0.0-Refill_ids-O_PQREF_3937c01', '63189-1.0.0-Refill_ids', 'O_PQREF_3937c01-1.0.0'); 
insert into objectrelation VALUES ('63189-1.0.0-Refill_ids-63210', '63189-1.0.0-Refill_ids', '63210-1.0.0'); 
insert into objectrelation VALUES ('63189-1.0.0-Refill_ids-63211', '63189-1.0.0-Refill_ids', '63211-1.0.0'); 
insert into objectrelation VALUES ('63189-1.0.0-Refill_ids-63212', '63189-1.0.0-Refill_ids', '63212-1.0.0'); 
insert into keyvalue VALUES ('63189-1.0.0-Refill_ids', '63189-1.0.0', 'Post-Pool-1.0.0-Refill_ids', null); 
insert into keyvalue VALUES ('63189-1.0.0-Featured', '63189-1.0.0', 'Post-Pool-1.0.0-Featured', 'false'); 
insert into keyvalue VALUES ('63189-1.0.0-BaseOfferIncluded', '63189-1.0.0', 'Post-Pool-1.0.0-BaseOfferIncluded', 'true'); 
insert into keyvalue VALUES ('63189-1.0.0-Addon_ids_member', '63189-1.0.0', 'Post-Pool-1.0.0-Addon_ids_member', null); 
insert into keyvalue VALUES ('63189-1.0.0-Id', '63189-1.0.0', 'Post-Pool-1.0.0-Id', '63189'); 
insert into keyvalue VALUES ('63189-1.0.0-Offer_ids_master', '63189-1.0.0', 'Post-Pool-1.0.0-Offer_ids_master', null); 
insert into keyvalue VALUES ('63189-1.0.0-Offer_ids_member', '63189-1.0.0', 'Post-Pool-1.0.0-Offer_ids_member', null); 
insert into keyvalue VALUES ('63189-1.0.0-Data_usage_mb', '63189-1.0.0', 'Post-Pool-1.0.0-Data_usage_mb', '10240'); 
insert into keyvalue VALUES ('63189-1.0.0-Price', '63189-1.0.0', 'Post-Pool-1.0.0-Price', '4057'); 
insert into keyvalue VALUES ('63189-1.0.0-Active', '63189-1.0.0', 'Post-Pool-1.0.0-Active', 'false'); 
insert into nestedkeyvalue VALUES ('63189-1.0.0-Name-def', '63189-1.0.0-Name', 'Internet Pro'); 
insert into nestedkeyvalue VALUES ('63189-1.0.0-Name-eng', '63189-1.0.0-Name', 'Internet Pro'); 
insert into nestedkeyvalue VALUES ('63189-1.0.0-Name-hun', '63189-1.0.0-Name', 'Internet Pro'); 
insert into nestedkeyvalue VALUES ('63189-1.0.0-Name-unLocalized', '63189-1.0.0-Name', null); 
insert into keyvalue VALUES ('63189-1.0.0-Name', '63189-1.0.0', 'Post-Pool-1.0.0-Name', null); 
insert into nestedkeyvalue VALUES ('63189-1.0.0-Description-def', '63189-1.0.0-Description', 'Ezzel a csomaggal 10 GB osztható adat áll rendelkezésedre minden számlázási ciklusban. Ha többre van szükséged, válassz kiegészítő adat opcióink közül.'); 
insert into nestedkeyvalue VALUES ('63189-1.0.0-Description-eng', '63189-1.0.0-Description', 'Ezzel a csomaggal 10 GB osztható adat áll rendelkezésedre minden számlázási ciklusban. Ha többre van szükséged, válassz kiegészítő adat opcióink közül.'); 
insert into nestedkeyvalue VALUES ('63189-1.0.0-Description-hun', '63189-1.0.0-Description', 'This tariff has 10 GB of shared mobile internet included in each monthly billing period. If you need more or use all of your 10 GB, you can choose a great value extra data pack from below.'); 
insert into nestedkeyvalue VALUES ('63189-1.0.0-Description-unLocalized', '63189-1.0.0-Description', null); 
insert into keyvalue VALUES ('63189-1.0.0-Description', '63189-1.0.0', 'Post-Pool-1.0.0-Description', null); 
insert into keyvalue VALUES ('63189-1.0.0-Online_selfcare_id', '63189-1.0.0', 'Post-Pool-1.0.0-Online_selfcare_id', null); 
insert into keyvalue VALUES ('63189-1.0.0-Upgrade_pool_ids', '63189-1.0.0', 'Post-Pool-1.0.0-Upgrade_pool_ids', null); 
insert into keyvalue VALUES ('63189-1.0.0-MaxMember', '63189-1.0.0', 'Post-Pool-1.0.0-MaxMember', '2'); 
insert into keyvalue VALUES ('63189-1.0.0-Type', '63189-1.0.0', 'Post-Pool-1.0.0-Type', 'IOYM'); 
insert into keyvalue VALUES ('63189-1.0.0-UnlimitedContentPackages', '63189-1.0.0', 'Post-Pool-1.0.0-UnlimitedContentPackages', null); 
insert into object VALUES ('63188-1.0.0', '63188'); 
insert into nestedkeyvalue VALUES ('63188-1.0.0-PSMCodes-Activation', '63188-1.0.0-PSMCodes', null); 
insert into keyvalue VALUES ('63188-1.0.0-PSMCodes', '63188-1.0.0', 'Post-Pool-1.0.0-PSMCodes', null); 
insert into keyvalue VALUES ('63188-1.0.0-Addon_ids_master', '63188-1.0.0', 'Post-Pool-1.0.0-Addon_ids_master', null); 
insert into objectrelation VALUES ('63188-1.0.0-Refill_ids-O_PQREF_787c4', '63188-1.0.0-Refill_ids', 'O_PQREF_787c4-1.0.0'); 
insert into objectrelation VALUES ('63188-1.0.0-Refill_ids-O_PQREF_1574c8', '63188-1.0.0-Refill_ids', 'O_PQREF_1574c8-1.0.0'); 
insert into objectrelation VALUES ('63188-1.0.0-Refill_ids-O_PQREF_3937c01', '63188-1.0.0-Refill_ids', 'O_PQREF_3937c01-1.0.0'); 
insert into objectrelation VALUES ('63188-1.0.0-Refill_ids-63210', '63188-1.0.0-Refill_ids', '63210-1.0.0'); 
insert into objectrelation VALUES ('63188-1.0.0-Refill_ids-63211', '63188-1.0.0-Refill_ids', '63211-1.0.0'); 
insert into objectrelation VALUES ('63188-1.0.0-Refill_ids-63212', '63188-1.0.0-Refill_ids', '63212-1.0.0'); 
insert into keyvalue VALUES ('63188-1.0.0-Refill_ids', '63188-1.0.0', 'Post-Pool-1.0.0-Refill_ids', null); 
insert into keyvalue VALUES ('63188-1.0.0-Featured', '63188-1.0.0', 'Post-Pool-1.0.0-Featured', 'false'); 
insert into keyvalue VALUES ('63188-1.0.0-BaseOfferIncluded', '63188-1.0.0', 'Post-Pool-1.0.0-BaseOfferIncluded', 'true'); 
insert into keyvalue VALUES ('63188-1.0.0-Addon_ids_member', '63188-1.0.0', 'Post-Pool-1.0.0-Addon_ids_member', null); 
insert into keyvalue VALUES ('63188-1.0.0-Id', '63188-1.0.0', 'Post-Pool-1.0.0-Id', '63188'); 
insert into keyvalue VALUES ('63188-1.0.0-Offer_ids_master', '63188-1.0.0', 'Post-Pool-1.0.0-Offer_ids_master', null); 
insert into keyvalue VALUES ('63188-1.0.0-Offer_ids_member', '63188-1.0.0', 'Post-Pool-1.0.0-Offer_ids_member', null); 
insert into keyvalue VALUES ('63188-1.0.0-Data_usage_mb', '63188-1.0.0', 'Post-Pool-1.0.0-Data_usage_mb', '10240'); 
insert into keyvalue VALUES ('63188-1.0.0-Price', '63188-1.0.0', 'Post-Pool-1.0.0-Price', '4637'); 
insert into keyvalue VALUES ('63188-1.0.0-Active', '63188-1.0.0', 'Post-Pool-1.0.0-Active', 'false'); 
insert into nestedkeyvalue VALUES ('63188-1.0.0-Name-def', '63188-1.0.0-Name', 'Internet Pro'); 
insert into nestedkeyvalue VALUES ('63188-1.0.0-Name-eng', '63188-1.0.0-Name', 'Internet Pro'); 
insert into nestedkeyvalue VALUES ('63188-1.0.0-Name-hun', '63188-1.0.0-Name', 'Internet Pro'); 
insert into nestedkeyvalue VALUES ('63188-1.0.0-Name-unLocalized', '63188-1.0.0-Name', null); 
insert into keyvalue VALUES ('63188-1.0.0-Name', '63188-1.0.0', 'Post-Pool-1.0.0-Name', null); 
insert into nestedkeyvalue VALUES ('63188-1.0.0-Description-def', '63188-1.0.0-Description', 'Ezzel a csomaggal 10 GB osztható adat áll rendelkezésedre minden számlázási ciklusban. Ha többre van szükséged, válassz kiegészítő adat opcióink közül.'); 
insert into nestedkeyvalue VALUES ('63188-1.0.0-Description-eng', '63188-1.0.0-Description', 'Ezzel a csomaggal 10 GB osztható adat áll rendelkezésedre minden számlázási ciklusban. Ha többre van szükséged, válassz kiegészítő adat opcióink közül.'); 
insert into nestedkeyvalue VALUES ('63188-1.0.0-Description-hun', '63188-1.0.0-Description', 'This tariff has 10 GB of shared mobile internet included in each monthly billing period. If you need more or use all of your 10 GB, you can choose a great value extra data pack from below.'); 
insert into nestedkeyvalue VALUES ('63188-1.0.0-Description-unLocalized', '63188-1.0.0-Description', null); 
insert into keyvalue VALUES ('63188-1.0.0-Description', '63188-1.0.0', 'Post-Pool-1.0.0-Description', null); 
insert into keyvalue VALUES ('63188-1.0.0-Online_selfcare_id', '63188-1.0.0', 'Post-Pool-1.0.0-Online_selfcare_id', null); 
insert into keyvalue VALUES ('63188-1.0.0-Upgrade_pool_ids', '63188-1.0.0', 'Post-Pool-1.0.0-Upgrade_pool_ids', null); 
insert into keyvalue VALUES ('63188-1.0.0-MaxMember', '63188-1.0.0', 'Post-Pool-1.0.0-MaxMember', '2'); 
insert into keyvalue VALUES ('63188-1.0.0-Type', '63188-1.0.0', 'Post-Pool-1.0.0-Type', 'IOYM'); 
insert into keyvalue VALUES ('63188-1.0.0-UnlimitedContentPackages', '63188-1.0.0', 'Post-Pool-1.0.0-UnlimitedContentPackages', null); 
insert into object VALUES ('63187-1.0.0', '63187'); 
insert into nestedkeyvalue VALUES ('63187-1.0.0-PSMCodes-Activation', '63187-1.0.0-PSMCodes', null); 
insert into keyvalue VALUES ('63187-1.0.0-PSMCodes', '63187-1.0.0', 'Post-Pool-1.0.0-PSMCodes', null); 
insert into keyvalue VALUES ('63187-1.0.0-Addon_ids_master', '63187-1.0.0', 'Post-Pool-1.0.0-Addon_ids_master', null); 
insert into objectrelation VALUES ('63187-1.0.0-Refill_ids-O_PQREF_787c4', '63187-1.0.0-Refill_ids', 'O_PQREF_787c4-1.0.0'); 
insert into objectrelation VALUES ('63187-1.0.0-Refill_ids-O_PQREF_1574c8', '63187-1.0.0-Refill_ids', 'O_PQREF_1574c8-1.0.0'); 
insert into objectrelation VALUES ('63187-1.0.0-Refill_ids-O_PQREF_3937c01', '63187-1.0.0-Refill_ids', 'O_PQREF_3937c01-1.0.0'); 
insert into objectrelation VALUES ('63187-1.0.0-Refill_ids-63210', '63187-1.0.0-Refill_ids', '63210-1.0.0'); 
insert into objectrelation VALUES ('63187-1.0.0-Refill_ids-63211', '63187-1.0.0-Refill_ids', '63211-1.0.0'); 
insert into objectrelation VALUES ('63187-1.0.0-Refill_ids-63212', '63187-1.0.0-Refill_ids', '63212-1.0.0'); 
insert into keyvalue VALUES ('63187-1.0.0-Refill_ids', '63187-1.0.0', 'Post-Pool-1.0.0-Refill_ids', null); 
insert into keyvalue VALUES ('63187-1.0.0-Featured', '63187-1.0.0', 'Post-Pool-1.0.0-Featured', 'false'); 
insert into keyvalue VALUES ('63187-1.0.0-BaseOfferIncluded', '63187-1.0.0', 'Post-Pool-1.0.0-BaseOfferIncluded', 'true'); 
insert into keyvalue VALUES ('63187-1.0.0-Addon_ids_member', '63187-1.0.0', 'Post-Pool-1.0.0-Addon_ids_member', null); 
insert into keyvalue VALUES ('63187-1.0.0-Id', '63187-1.0.0', 'Post-Pool-1.0.0-Id', '63187'); 
insert into keyvalue VALUES ('63187-1.0.0-Offer_ids_master', '63187-1.0.0', 'Post-Pool-1.0.0-Offer_ids_master', null); 
insert into keyvalue VALUES ('63187-1.0.0-Offer_ids_member', '63187-1.0.0', 'Post-Pool-1.0.0-Offer_ids_member', null); 
insert into keyvalue VALUES ('63187-1.0.0-Data_usage_mb', '63187-1.0.0', 'Post-Pool-1.0.0-Data_usage_mb', '10240'); 
insert into keyvalue VALUES ('63187-1.0.0-Price', '63187-1.0.0', 'Post-Pool-1.0.0-Price', '4637'); 
insert into keyvalue VALUES ('63187-1.0.0-Active', '63187-1.0.0', 'Post-Pool-1.0.0-Active', 'false'); 
insert into nestedkeyvalue VALUES ('63187-1.0.0-Name-def', '63187-1.0.0-Name', 'Internet Pro'); 
insert into nestedkeyvalue VALUES ('63187-1.0.0-Name-eng', '63187-1.0.0-Name', 'Internet Pro'); 
insert into nestedkeyvalue VALUES ('63187-1.0.0-Name-hun', '63187-1.0.0-Name', 'Internet Pro'); 
insert into nestedkeyvalue VALUES ('63187-1.0.0-Name-unLocalized', '63187-1.0.0-Name', null); 
insert into keyvalue VALUES ('63187-1.0.0-Name', '63187-1.0.0', 'Post-Pool-1.0.0-Name', null); 
insert into nestedkeyvalue VALUES ('63187-1.0.0-Description-def', '63187-1.0.0-Description', 'Ezzel a csomaggal 10 GB osztható adat áll rendelkezésedre minden számlázási ciklusban. Ha többre van szükséged, válassz kiegészítő adat opcióink közül.'); 
insert into nestedkeyvalue VALUES ('63187-1.0.0-Description-eng', '63187-1.0.0-Description', 'Ezzel a csomaggal 10 GB osztható adat áll rendelkezésedre minden számlázási ciklusban. Ha többre van szükséged, válassz kiegészítő adat opcióink közül.'); 
insert into nestedkeyvalue VALUES ('63187-1.0.0-Description-hun', '63187-1.0.0-Description', 'This tariff has 10 GB of shared mobile internet included in each monthly billing period. If you need more or use all of your 10 GB, you can choose a great value extra data pack from below.'); 
insert into nestedkeyvalue VALUES ('63187-1.0.0-Description-unLocalized', '63187-1.0.0-Description', null); 
insert into keyvalue VALUES ('63187-1.0.0-Description', '63187-1.0.0', 'Post-Pool-1.0.0-Description', null); 
insert into keyvalue VALUES ('63187-1.0.0-Online_selfcare_id', '63187-1.0.0', 'Post-Pool-1.0.0-Online_selfcare_id', null); 
insert into keyvalue VALUES ('63187-1.0.0-Upgrade_pool_ids', '63187-1.0.0', 'Post-Pool-1.0.0-Upgrade_pool_ids', null); 
insert into keyvalue VALUES ('63187-1.0.0-MaxMember', '63187-1.0.0', 'Post-Pool-1.0.0-MaxMember', '2'); 
insert into keyvalue VALUES ('63187-1.0.0-Type', '63187-1.0.0', 'Post-Pool-1.0.0-Type', 'IOYM'); 
insert into keyvalue VALUES ('63187-1.0.0-UnlimitedContentPackages', '63187-1.0.0', 'Post-Pool-1.0.0-UnlimitedContentPackages', null); 
insert into object VALUES ('63186-1.0.0', '63186'); 
insert into nestedkeyvalue VALUES ('63186-1.0.0-PSMCodes-Activation', '63186-1.0.0-PSMCodes', null); 
insert into keyvalue VALUES ('63186-1.0.0-PSMCodes', '63186-1.0.0', 'Post-Pool-1.0.0-PSMCodes', null); 
insert into keyvalue VALUES ('63186-1.0.0-Addon_ids_master', '63186-1.0.0', 'Post-Pool-1.0.0-Addon_ids_master', null); 
insert into objectrelation VALUES ('63186-1.0.0-Refill_ids-O_PQREF_787c4', '63186-1.0.0-Refill_ids', 'O_PQREF_787c4-1.0.0'); 
insert into objectrelation VALUES ('63186-1.0.0-Refill_ids-O_PQREF_1574c8', '63186-1.0.0-Refill_ids', 'O_PQREF_1574c8-1.0.0'); 
insert into objectrelation VALUES ('63186-1.0.0-Refill_ids-O_PQREF_3937c01', '63186-1.0.0-Refill_ids', 'O_PQREF_3937c01-1.0.0'); 
insert into objectrelation VALUES ('63186-1.0.0-Refill_ids-63210', '63186-1.0.0-Refill_ids', '63210-1.0.0'); 
insert into objectrelation VALUES ('63186-1.0.0-Refill_ids-63211', '63186-1.0.0-Refill_ids', '63211-1.0.0'); 
insert into objectrelation VALUES ('63186-1.0.0-Refill_ids-63212', '63186-1.0.0-Refill_ids', '63212-1.0.0'); 
insert into keyvalue VALUES ('63186-1.0.0-Refill_ids', '63186-1.0.0', 'Post-Pool-1.0.0-Refill_ids', null); 
insert into keyvalue VALUES ('63186-1.0.0-Featured', '63186-1.0.0', 'Post-Pool-1.0.0-Featured', 'false'); 
insert into keyvalue VALUES ('63186-1.0.0-BaseOfferIncluded', '63186-1.0.0', 'Post-Pool-1.0.0-BaseOfferIncluded', 'true'); 
insert into keyvalue VALUES ('63186-1.0.0-Addon_ids_member', '63186-1.0.0', 'Post-Pool-1.0.0-Addon_ids_member', null); 
insert into keyvalue VALUES ('63186-1.0.0-Id', '63186-1.0.0', 'Post-Pool-1.0.0-Id', '63186'); 
insert into keyvalue VALUES ('63186-1.0.0-Offer_ids_master', '63186-1.0.0', 'Post-Pool-1.0.0-Offer_ids_master', null); 
insert into keyvalue VALUES ('63186-1.0.0-Offer_ids_member', '63186-1.0.0', 'Post-Pool-1.0.0-Offer_ids_member', null); 
insert into keyvalue VALUES ('63186-1.0.0-Data_usage_mb', '63186-1.0.0', 'Post-Pool-1.0.0-Data_usage_mb', '10240'); 
insert into keyvalue VALUES ('63186-1.0.0-Price', '63186-1.0.0', 'Post-Pool-1.0.0-Price', '5216'); 
insert into keyvalue VALUES ('63186-1.0.0-Active', '63186-1.0.0', 'Post-Pool-1.0.0-Active', 'false'); 
insert into nestedkeyvalue VALUES ('63186-1.0.0-Name-def', '63186-1.0.0-Name', 'Internet Pro'); 
insert into nestedkeyvalue VALUES ('63186-1.0.0-Name-eng', '63186-1.0.0-Name', 'Internet Pro'); 
insert into nestedkeyvalue VALUES ('63186-1.0.0-Name-hun', '63186-1.0.0-Name', 'Internet Pro'); 
insert into nestedkeyvalue VALUES ('63186-1.0.0-Name-unLocalized', '63186-1.0.0-Name', null); 
insert into keyvalue VALUES ('63186-1.0.0-Name', '63186-1.0.0', 'Post-Pool-1.0.0-Name', null); 
insert into nestedkeyvalue VALUES ('63186-1.0.0-Description-def', '63186-1.0.0-Description', 'Ezzel a csomaggal 10 GB osztható adat áll rendelkezésedre minden számlázási ciklusban. Ha többre van szükséged, válassz kiegészítő adat opcióink közül.'); 
insert into nestedkeyvalue VALUES ('63186-1.0.0-Description-eng', '63186-1.0.0-Description', 'Ezzel a csomaggal 10 GB osztható adat áll rendelkezésedre minden számlázási ciklusban. Ha többre van szükséged, válassz kiegészítő adat opcióink közül.'); 
insert into nestedkeyvalue VALUES ('63186-1.0.0-Description-hun', '63186-1.0.0-Description', 'This tariff has 10 GB of shared mobile internet included in each monthly billing period. If you need more or use all of your 10 GB, you can choose a great value extra data pack from below.'); 
insert into nestedkeyvalue VALUES ('63186-1.0.0-Description-unLocalized', '63186-1.0.0-Description', null); 
insert into keyvalue VALUES ('63186-1.0.0-Description', '63186-1.0.0', 'Post-Pool-1.0.0-Description', null); 
insert into keyvalue VALUES ('63186-1.0.0-Online_selfcare_id', '63186-1.0.0', 'Post-Pool-1.0.0-Online_selfcare_id', null); 
insert into keyvalue VALUES ('63186-1.0.0-Upgrade_pool_ids', '63186-1.0.0', 'Post-Pool-1.0.0-Upgrade_pool_ids', null); 
insert into keyvalue VALUES ('63186-1.0.0-MaxMember', '63186-1.0.0', 'Post-Pool-1.0.0-MaxMember', '2'); 
insert into keyvalue VALUES ('63186-1.0.0-Type', '63186-1.0.0', 'Post-Pool-1.0.0-Type', 'IOYM'); 
insert into keyvalue VALUES ('63186-1.0.0-UnlimitedContentPackages', '63186-1.0.0', 'Post-Pool-1.0.0-UnlimitedContentPackages', null); 
insert into object VALUES ('63185-1.0.0', '63185'); 
insert into nestedkeyvalue VALUES ('63185-1.0.0-PSMCodes-Activation', '63185-1.0.0-PSMCodes', null); 
insert into keyvalue VALUES ('63185-1.0.0-PSMCodes', '63185-1.0.0', 'Post-Pool-1.0.0-PSMCodes', null); 
insert into objectrelation VALUES ('63185-1.0.0-Addon_ids_master-63202', '63185-1.0.0-Addon_ids_master', '63202-1.0.0'); 
insert into keyvalue VALUES ('63185-1.0.0-Addon_ids_master', '63185-1.0.0', 'Post-Pool-1.0.0-Addon_ids_master', null); 
insert into objectrelation VALUES ('63185-1.0.0-Refill_ids-O_PQREF_787c4', '63185-1.0.0-Refill_ids', 'O_PQREF_787c4-1.0.0'); 
insert into objectrelation VALUES ('63185-1.0.0-Refill_ids-O_PQREF_1574c8', '63185-1.0.0-Refill_ids', 'O_PQREF_1574c8-1.0.0'); 
insert into objectrelation VALUES ('63185-1.0.0-Refill_ids-O_PQREF_3937c01', '63185-1.0.0-Refill_ids', 'O_PQREF_3937c01-1.0.0'); 
insert into objectrelation VALUES ('63185-1.0.0-Refill_ids-63210', '63185-1.0.0-Refill_ids', '63210-1.0.0'); 
insert into objectrelation VALUES ('63185-1.0.0-Refill_ids-63211', '63185-1.0.0-Refill_ids', '63211-1.0.0'); 
insert into objectrelation VALUES ('63185-1.0.0-Refill_ids-63212', '63185-1.0.0-Refill_ids', '63212-1.0.0'); 
insert into keyvalue VALUES ('63185-1.0.0-Refill_ids', '63185-1.0.0', 'Post-Pool-1.0.0-Refill_ids', null); 
insert into keyvalue VALUES ('63185-1.0.0-Featured', '63185-1.0.0', 'Post-Pool-1.0.0-Featured', 'false'); 
insert into keyvalue VALUES ('63185-1.0.0-BaseOfferIncluded', '63185-1.0.0', 'Post-Pool-1.0.0-BaseOfferIncluded', 'true'); 
insert into keyvalue VALUES ('63185-1.0.0-Addon_ids_member', '63185-1.0.0', 'Post-Pool-1.0.0-Addon_ids_member', null); 
insert into keyvalue VALUES ('63185-1.0.0-Id', '63185-1.0.0', 'Post-Pool-1.0.0-Id', '63185'); 
insert into keyvalue VALUES ('63185-1.0.0-Offer_ids_master', '63185-1.0.0', 'Post-Pool-1.0.0-Offer_ids_master', null); 
insert into keyvalue VALUES ('63185-1.0.0-Offer_ids_member', '63185-1.0.0', 'Post-Pool-1.0.0-Offer_ids_member', null); 
insert into keyvalue VALUES ('63185-1.0.0-Data_usage_mb', '63185-1.0.0', 'Post-Pool-1.0.0-Data_usage_mb', '10240'); 
insert into keyvalue VALUES ('63185-1.0.0-Price', '63185-1.0.0', 'Post-Pool-1.0.0-Price', '5796'); 
insert into keyvalue VALUES ('63185-1.0.0-Active', '63185-1.0.0', 'Post-Pool-1.0.0-Active', 'false'); 
insert into nestedkeyvalue VALUES ('63185-1.0.0-Name-def', '63185-1.0.0-Name', 'Internet Pro'); 
insert into nestedkeyvalue VALUES ('63185-1.0.0-Name-eng', '63185-1.0.0-Name', 'Internet Pro'); 
insert into nestedkeyvalue VALUES ('63185-1.0.0-Name-hun', '63185-1.0.0-Name', 'Internet Pro'); 
insert into nestedkeyvalue VALUES ('63185-1.0.0-Name-unLocalized', '63185-1.0.0-Name', null); 
insert into keyvalue VALUES ('63185-1.0.0-Name', '63185-1.0.0', 'Post-Pool-1.0.0-Name', null); 
insert into nestedkeyvalue VALUES ('63185-1.0.0-Description-def', '63185-1.0.0-Description', 'Ezzel a csomaggal 10 GB osztható adat áll rendelkezésedre minden számlázási ciklusban. Ha többre van szükséged, válassz kiegészítő adat opcióink közül.'); 
insert into nestedkeyvalue VALUES ('63185-1.0.0-Description-eng', '63185-1.0.0-Description', 'Ezzel a csomaggal 10 GB osztható adat áll rendelkezésedre minden számlázási ciklusban. Ha többre van szükséged, válassz kiegészítő adat opcióink közül.'); 
insert into nestedkeyvalue VALUES ('63185-1.0.0-Description-hun', '63185-1.0.0-Description', 'This tariff has 10 GB of shared mobile internet included in each monthly billing period. If you need more or use all of your 10 GB, you can choose a great value extra data pack from below.'); 
insert into nestedkeyvalue VALUES ('63185-1.0.0-Description-unLocalized', '63185-1.0.0-Description', null); 
insert into keyvalue VALUES ('63185-1.0.0-Description', '63185-1.0.0', 'Post-Pool-1.0.0-Description', null); 
insert into keyvalue VALUES ('63185-1.0.0-Online_selfcare_id', '63185-1.0.0', 'Post-Pool-1.0.0-Online_selfcare_id', null); 
insert into keyvalue VALUES ('63185-1.0.0-Upgrade_pool_ids', '63185-1.0.0', 'Post-Pool-1.0.0-Upgrade_pool_ids', null); 
insert into keyvalue VALUES ('63185-1.0.0-MaxMember', '63185-1.0.0', 'Post-Pool-1.0.0-MaxMember', '2'); 
insert into keyvalue VALUES ('63185-1.0.0-Type', '63185-1.0.0', 'Post-Pool-1.0.0-Type', 'IOYM'); 
insert into keyvalue VALUES ('63185-1.0.0-UnlimitedContentPackages', '63185-1.0.0', 'Post-Pool-1.0.0-UnlimitedContentPackages', null); 
insert into object VALUES ('63184-1.0.0', '63184'); 
insert into nestedkeyvalue VALUES ('63184-1.0.0-PSMCodes-Activation', '63184-1.0.0-PSMCodes', null); 
insert into keyvalue VALUES ('63184-1.0.0-PSMCodes', '63184-1.0.0', 'Post-Pool-1.0.0-PSMCodes', null); 
insert into objectrelation VALUES ('63184-1.0.0-Addon_ids_master-63202', '63184-1.0.0-Addon_ids_master', '63202-1.0.0'); 
insert into keyvalue VALUES ('63184-1.0.0-Addon_ids_master', '63184-1.0.0', 'Post-Pool-1.0.0-Addon_ids_master', null); 
insert into objectrelation VALUES ('63184-1.0.0-Refill_ids-O_PQREF_787c4', '63184-1.0.0-Refill_ids', 'O_PQREF_787c4-1.0.0'); 
insert into objectrelation VALUES ('63184-1.0.0-Refill_ids-O_PQREF_1574c8', '63184-1.0.0-Refill_ids', 'O_PQREF_1574c8-1.0.0'); 
insert into objectrelation VALUES ('63184-1.0.0-Refill_ids-O_PQREF_3937c01', '63184-1.0.0-Refill_ids', 'O_PQREF_3937c01-1.0.0'); 
insert into objectrelation VALUES ('63184-1.0.0-Refill_ids-63210', '63184-1.0.0-Refill_ids', '63210-1.0.0'); 
insert into objectrelation VALUES ('63184-1.0.0-Refill_ids-63211', '63184-1.0.0-Refill_ids', '63211-1.0.0'); 
insert into objectrelation VALUES ('63184-1.0.0-Refill_ids-63212', '63184-1.0.0-Refill_ids', '63212-1.0.0'); 
insert into keyvalue VALUES ('63184-1.0.0-Refill_ids', '63184-1.0.0', 'Post-Pool-1.0.0-Refill_ids', null); 
insert into keyvalue VALUES ('63184-1.0.0-Featured', '63184-1.0.0', 'Post-Pool-1.0.0-Featured', 'false'); 
insert into keyvalue VALUES ('63184-1.0.0-BaseOfferIncluded', '63184-1.0.0', 'Post-Pool-1.0.0-BaseOfferIncluded', 'true'); 
insert into keyvalue VALUES ('63184-1.0.0-Addon_ids_member', '63184-1.0.0', 'Post-Pool-1.0.0-Addon_ids_member', null); 
insert into keyvalue VALUES ('63184-1.0.0-Id', '63184-1.0.0', 'Post-Pool-1.0.0-Id', '63184'); 
insert into keyvalue VALUES ('63184-1.0.0-Offer_ids_master', '63184-1.0.0', 'Post-Pool-1.0.0-Offer_ids_master', null); 
insert into keyvalue VALUES ('63184-1.0.0-Offer_ids_member', '63184-1.0.0', 'Post-Pool-1.0.0-Offer_ids_member', null); 
insert into keyvalue VALUES ('63184-1.0.0-Data_usage_mb', '63184-1.0.0', 'Post-Pool-1.0.0-Data_usage_mb', '3072'); 
insert into keyvalue VALUES ('63184-1.0.0-Price', '63184-1.0.0', 'Post-Pool-1.0.0-Price', '2431'); 
insert into keyvalue VALUES ('63184-1.0.0-Active', '63184-1.0.0', 'Post-Pool-1.0.0-Active', 'false'); 
insert into nestedkeyvalue VALUES ('63184-1.0.0-Name-def', '63184-1.0.0-Name', 'Internet Plus'); 
insert into nestedkeyvalue VALUES ('63184-1.0.0-Name-eng', '63184-1.0.0-Name', 'Internet Plus'); 
insert into nestedkeyvalue VALUES ('63184-1.0.0-Name-hun', '63184-1.0.0-Name', 'Internet Plus'); 
insert into nestedkeyvalue VALUES ('63184-1.0.0-Name-unLocalized', '63184-1.0.0-Name', null); 
insert into keyvalue VALUES ('63184-1.0.0-Name', '63184-1.0.0', 'Post-Pool-1.0.0-Name', null); 
insert into nestedkeyvalue VALUES ('63184-1.0.0-Description-def', '63184-1.0.0-Description', 'Ezzel a csomaggal 3 GB osztható adat áll rendelkezésedre minden számlázási ciklusban. Ha többre van szükséged, válassz kiegészítő adat opcióink közül.'); 
insert into nestedkeyvalue VALUES ('63184-1.0.0-Description-eng', '63184-1.0.0-Description', 'Ezzel a csomaggal 3 GB osztható adat áll rendelkezésedre minden számlázási ciklusban. Ha többre van szükséged, válassz kiegészítő adat opcióink közül.'); 
insert into nestedkeyvalue VALUES ('63184-1.0.0-Description-hun', '63184-1.0.0-Description', 'This tariff has 3 GB of shared mobile internet included in each monthly billing period. If you need more or use all of your 3 GB, you can choose a great value extra data pack from below.'); 
insert into nestedkeyvalue VALUES ('63184-1.0.0-Description-unLocalized', '63184-1.0.0-Description', null); 
insert into keyvalue VALUES ('63184-1.0.0-Description', '63184-1.0.0', 'Post-Pool-1.0.0-Description', null); 
insert into keyvalue VALUES ('63184-1.0.0-Online_selfcare_id', '63184-1.0.0', 'Post-Pool-1.0.0-Online_selfcare_id', null); 
insert into keyvalue VALUES ('63184-1.0.0-Upgrade_pool_ids', '63184-1.0.0', 'Post-Pool-1.0.0-Upgrade_pool_ids', null); 
insert into keyvalue VALUES ('63184-1.0.0-MaxMember', '63184-1.0.0', 'Post-Pool-1.0.0-MaxMember', '2'); 
insert into keyvalue VALUES ('63184-1.0.0-Type', '63184-1.0.0', 'Post-Pool-1.0.0-Type', 'IOYM'); 
insert into keyvalue VALUES ('63184-1.0.0-UnlimitedContentPackages', '63184-1.0.0', 'Post-Pool-1.0.0-UnlimitedContentPackages', null); 
insert into object VALUES ('63175-1.0.0', '63175'); 
insert into nestedkeyvalue VALUES ('63175-1.0.0-PSMCodes-Activation', '63175-1.0.0-PSMCodes', null); 
insert into keyvalue VALUES ('63175-1.0.0-PSMCodes', '63175-1.0.0', 'Post-Pool-1.0.0-PSMCodes', null); 
insert into objectrelation VALUES ('63175-1.0.0-Addon_ids_master-63202', '63175-1.0.0-Addon_ids_master', '63202-1.0.0'); 
insert into keyvalue VALUES ('63175-1.0.0-Addon_ids_master', '63175-1.0.0', 'Post-Pool-1.0.0-Addon_ids_master', null); 
insert into objectrelation VALUES ('63175-1.0.0-Refill_ids-O_PQREF_787c4', '63175-1.0.0-Refill_ids', 'O_PQREF_787c4-1.0.0'); 
insert into objectrelation VALUES ('63175-1.0.0-Refill_ids-O_PQREF_1574c8', '63175-1.0.0-Refill_ids', 'O_PQREF_1574c8-1.0.0'); 
insert into objectrelation VALUES ('63175-1.0.0-Refill_ids-O_PQREF_3937c01', '63175-1.0.0-Refill_ids', 'O_PQREF_3937c01-1.0.0'); 
insert into objectrelation VALUES ('63175-1.0.0-Refill_ids-63210', '63175-1.0.0-Refill_ids', '63210-1.0.0'); 
insert into objectrelation VALUES ('63175-1.0.0-Refill_ids-63211', '63175-1.0.0-Refill_ids', '63211-1.0.0'); 
insert into objectrelation VALUES ('63175-1.0.0-Refill_ids-63212', '63175-1.0.0-Refill_ids', '63212-1.0.0'); 
insert into keyvalue VALUES ('63175-1.0.0-Refill_ids', '63175-1.0.0', 'Post-Pool-1.0.0-Refill_ids', null); 
insert into keyvalue VALUES ('63175-1.0.0-Featured', '63175-1.0.0', 'Post-Pool-1.0.0-Featured', 'false'); 
insert into keyvalue VALUES ('63175-1.0.0-BaseOfferIncluded', '63175-1.0.0', 'Post-Pool-1.0.0-BaseOfferIncluded', 'true'); 
insert into keyvalue VALUES ('63175-1.0.0-Addon_ids_member', '63175-1.0.0', 'Post-Pool-1.0.0-Addon_ids_member', null); 
insert into keyvalue VALUES ('63175-1.0.0-Id', '63175-1.0.0', 'Post-Pool-1.0.0-Id', '63175'); 
insert into keyvalue VALUES ('63175-1.0.0-Offer_ids_master', '63175-1.0.0', 'Post-Pool-1.0.0-Offer_ids_master', null); 
insert into keyvalue VALUES ('63175-1.0.0-Offer_ids_member', '63175-1.0.0', 'Post-Pool-1.0.0-Offer_ids_member', null); 
insert into keyvalue VALUES ('63175-1.0.0-Data_usage_mb', '63175-1.0.0', 'Post-Pool-1.0.0-Data_usage_mb', '3072'); 
insert into keyvalue VALUES ('63175-1.0.0-Price', '63175-1.0.0', 'Post-Pool-1.0.0-Price', '2779'); 
insert into keyvalue VALUES ('63175-1.0.0-Active', '63175-1.0.0', 'Post-Pool-1.0.0-Active', 'false'); 
insert into nestedkeyvalue VALUES ('63175-1.0.0-Name-def', '63175-1.0.0-Name', 'Internet Plus'); 
insert into nestedkeyvalue VALUES ('63175-1.0.0-Name-eng', '63175-1.0.0-Name', 'Internet Plus'); 
insert into nestedkeyvalue VALUES ('63175-1.0.0-Name-hun', '63175-1.0.0-Name', 'Internet Plus'); 
insert into nestedkeyvalue VALUES ('63175-1.0.0-Name-unLocalized', '63175-1.0.0-Name', null); 
insert into keyvalue VALUES ('63175-1.0.0-Name', '63175-1.0.0', 'Post-Pool-1.0.0-Name', null); 
insert into nestedkeyvalue VALUES ('63175-1.0.0-Description-def', '63175-1.0.0-Description', 'Ezzel a csomaggal 3 GB osztható adat áll rendelkezésedre minden számlázási ciklusban. Ha többre van szükséged, válassz kiegészítő adat opcióink közül.'); 
insert into nestedkeyvalue VALUES ('63175-1.0.0-Description-eng', '63175-1.0.0-Description', 'Ezzel a csomaggal 3 GB osztható adat áll rendelkezésedre minden számlázási ciklusban. Ha többre van szükséged, válassz kiegészítő adat opcióink közül.'); 
insert into nestedkeyvalue VALUES ('63175-1.0.0-Description-hun', '63175-1.0.0-Description', 'This tariff has 3 GB of shared mobile internet included in each monthly billing period. If you need more or use all of your 3 GB, you can choose a great value extra data pack from below.'); 
insert into nestedkeyvalue VALUES ('63175-1.0.0-Description-unLocalized', '63175-1.0.0-Description', null); 
insert into keyvalue VALUES ('63175-1.0.0-Description', '63175-1.0.0', 'Post-Pool-1.0.0-Description', null); 
insert into keyvalue VALUES ('63175-1.0.0-Online_selfcare_id', '63175-1.0.0', 'Post-Pool-1.0.0-Online_selfcare_id', null); 
insert into keyvalue VALUES ('63175-1.0.0-Upgrade_pool_ids', '63175-1.0.0', 'Post-Pool-1.0.0-Upgrade_pool_ids', null); 
insert into keyvalue VALUES ('63175-1.0.0-MaxMember', '63175-1.0.0', 'Post-Pool-1.0.0-MaxMember', '2'); 
insert into keyvalue VALUES ('63175-1.0.0-Type', '63175-1.0.0', 'Post-Pool-1.0.0-Type', 'IOYM'); 
insert into keyvalue VALUES ('63175-1.0.0-UnlimitedContentPackages', '63175-1.0.0', 'Post-Pool-1.0.0-UnlimitedContentPackages', null); 
insert into object VALUES ('63174-1.0.0', '63174'); 
insert into nestedkeyvalue VALUES ('63174-1.0.0-PSMCodes-Activation', '63174-1.0.0-PSMCodes', null); 
insert into keyvalue VALUES ('63174-1.0.0-PSMCodes', '63174-1.0.0', 'Post-Pool-1.0.0-PSMCodes', null); 
insert into objectrelation VALUES ('63174-1.0.0-Addon_ids_master-63202', '63174-1.0.0-Addon_ids_master', '63202-1.0.0'); 
insert into keyvalue VALUES ('63174-1.0.0-Addon_ids_master', '63174-1.0.0', 'Post-Pool-1.0.0-Addon_ids_master', null); 
insert into objectrelation VALUES ('63174-1.0.0-Refill_ids-O_PQREF_787c4', '63174-1.0.0-Refill_ids', 'O_PQREF_787c4-1.0.0'); 
insert into objectrelation VALUES ('63174-1.0.0-Refill_ids-O_PQREF_1574c8', '63174-1.0.0-Refill_ids', 'O_PQREF_1574c8-1.0.0'); 
insert into objectrelation VALUES ('63174-1.0.0-Refill_ids-O_PQREF_3937c01', '63174-1.0.0-Refill_ids', 'O_PQREF_3937c01-1.0.0'); 
insert into objectrelation VALUES ('63174-1.0.0-Refill_ids-63210', '63174-1.0.0-Refill_ids', '63210-1.0.0'); 
insert into objectrelation VALUES ('63174-1.0.0-Refill_ids-63211', '63174-1.0.0-Refill_ids', '63211-1.0.0'); 
insert into objectrelation VALUES ('63174-1.0.0-Refill_ids-63212', '63174-1.0.0-Refill_ids', '63212-1.0.0'); 
insert into keyvalue VALUES ('63174-1.0.0-Refill_ids', '63174-1.0.0', 'Post-Pool-1.0.0-Refill_ids', null); 
insert into keyvalue VALUES ('63174-1.0.0-Featured', '63174-1.0.0', 'Post-Pool-1.0.0-Featured', 'false'); 
insert into keyvalue VALUES ('63174-1.0.0-BaseOfferIncluded', '63174-1.0.0', 'Post-Pool-1.0.0-BaseOfferIncluded', 'true'); 
insert into keyvalue VALUES ('63174-1.0.0-Addon_ids_member', '63174-1.0.0', 'Post-Pool-1.0.0-Addon_ids_member', null); 
insert into keyvalue VALUES ('63174-1.0.0-Id', '63174-1.0.0', 'Post-Pool-1.0.0-Id', '63174'); 
insert into keyvalue VALUES ('63174-1.0.0-Offer_ids_master', '63174-1.0.0', 'Post-Pool-1.0.0-Offer_ids_master', null); 
insert into keyvalue VALUES ('63174-1.0.0-Offer_ids_member', '63174-1.0.0', 'Post-Pool-1.0.0-Offer_ids_member', null); 
insert into keyvalue VALUES ('63174-1.0.0-Data_usage_mb', '63174-1.0.0', 'Post-Pool-1.0.0-Data_usage_mb', '3072'); 
insert into keyvalue VALUES ('63174-1.0.0-Price', '63174-1.0.0', 'Post-Pool-1.0.0-Price', '2779'); 
insert into keyvalue VALUES ('63174-1.0.0-Active', '63174-1.0.0', 'Post-Pool-1.0.0-Active', 'false'); 
insert into nestedkeyvalue VALUES ('63174-1.0.0-Name-def', '63174-1.0.0-Name', 'Internet Plus'); 
insert into nestedkeyvalue VALUES ('63174-1.0.0-Name-eng', '63174-1.0.0-Name', 'Internet Plus'); 
insert into nestedkeyvalue VALUES ('63174-1.0.0-Name-hun', '63174-1.0.0-Name', 'Internet Plus'); 
insert into nestedkeyvalue VALUES ('63174-1.0.0-Name-unLocalized', '63174-1.0.0-Name', null); 
insert into keyvalue VALUES ('63174-1.0.0-Name', '63174-1.0.0', 'Post-Pool-1.0.0-Name', null); 
insert into nestedkeyvalue VALUES ('63174-1.0.0-Description-def', '63174-1.0.0-Description', 'Ezzel a csomaggal 3 GB osztható adat áll rendelkezésedre minden számlázási ciklusban. Ha többre van szükséged, válassz kiegészítő adat opcióink közül.'); 
insert into nestedkeyvalue VALUES ('63174-1.0.0-Description-eng', '63174-1.0.0-Description', 'Ezzel a csomaggal 3 GB osztható adat áll rendelkezésedre minden számlázási ciklusban. Ha többre van szükséged, válassz kiegészítő adat opcióink közül.'); 
insert into nestedkeyvalue VALUES ('63174-1.0.0-Description-hun', '63174-1.0.0-Description', 'This tariff has 3 GB of shared mobile internet included in each monthly billing period. If you need more or use all of your 3 GB, you can choose a great value extra data pack from below.'); 
insert into nestedkeyvalue VALUES ('63174-1.0.0-Description-unLocalized', '63174-1.0.0-Description', null); 
insert into keyvalue VALUES ('63174-1.0.0-Description', '63174-1.0.0', 'Post-Pool-1.0.0-Description', null); 
insert into keyvalue VALUES ('63174-1.0.0-Online_selfcare_id', '63174-1.0.0', 'Post-Pool-1.0.0-Online_selfcare_id', null); 
insert into keyvalue VALUES ('63174-1.0.0-Upgrade_pool_ids', '63174-1.0.0', 'Post-Pool-1.0.0-Upgrade_pool_ids', null); 
insert into keyvalue VALUES ('63174-1.0.0-MaxMember', '63174-1.0.0', 'Post-Pool-1.0.0-MaxMember', '2'); 
insert into keyvalue VALUES ('63174-1.0.0-Type', '63174-1.0.0', 'Post-Pool-1.0.0-Type', 'IOYM'); 
insert into keyvalue VALUES ('63174-1.0.0-UnlimitedContentPackages', '63174-1.0.0', 'Post-Pool-1.0.0-UnlimitedContentPackages', null); 
insert into object VALUES ('63173-1.0.0', '63173'); 
insert into nestedkeyvalue VALUES ('63173-1.0.0-PSMCodes-Activation', '63173-1.0.0-PSMCodes', null); 
insert into keyvalue VALUES ('63173-1.0.0-PSMCodes', '63173-1.0.0', 'Post-Pool-1.0.0-PSMCodes', null); 
insert into objectrelation VALUES ('63173-1.0.0-Addon_ids_master-63202', '63173-1.0.0-Addon_ids_master', '63202-1.0.0'); 
insert into keyvalue VALUES ('63173-1.0.0-Addon_ids_master', '63173-1.0.0', 'Post-Pool-1.0.0-Addon_ids_master', null); 
insert into objectrelation VALUES ('63173-1.0.0-Refill_ids-O_PQREF_787c4', '63173-1.0.0-Refill_ids', 'O_PQREF_787c4-1.0.0'); 
insert into objectrelation VALUES ('63173-1.0.0-Refill_ids-O_PQREF_1574c8', '63173-1.0.0-Refill_ids', 'O_PQREF_1574c8-1.0.0'); 
insert into objectrelation VALUES ('63173-1.0.0-Refill_ids-O_PQREF_3937c01', '63173-1.0.0-Refill_ids', 'O_PQREF_3937c01-1.0.0'); 
insert into objectrelation VALUES ('63173-1.0.0-Refill_ids-63210', '63173-1.0.0-Refill_ids', '63210-1.0.0'); 
insert into objectrelation VALUES ('63173-1.0.0-Refill_ids-63211', '63173-1.0.0-Refill_ids', '63211-1.0.0'); 
insert into objectrelation VALUES ('63173-1.0.0-Refill_ids-63212', '63173-1.0.0-Refill_ids', '63212-1.0.0'); 
insert into keyvalue VALUES ('63173-1.0.0-Refill_ids', '63173-1.0.0', 'Post-Pool-1.0.0-Refill_ids', null); 
insert into keyvalue VALUES ('63173-1.0.0-Featured', '63173-1.0.0', 'Post-Pool-1.0.0-Featured', 'false'); 
insert into keyvalue VALUES ('63173-1.0.0-BaseOfferIncluded', '63173-1.0.0', 'Post-Pool-1.0.0-BaseOfferIncluded', 'true'); 
insert into keyvalue VALUES ('63173-1.0.0-Addon_ids_member', '63173-1.0.0', 'Post-Pool-1.0.0-Addon_ids_member', null); 
insert into keyvalue VALUES ('63173-1.0.0-Id', '63173-1.0.0', 'Post-Pool-1.0.0-Id', '63173'); 
insert into keyvalue VALUES ('63173-1.0.0-Offer_ids_master', '63173-1.0.0', 'Post-Pool-1.0.0-Offer_ids_master', null); 
insert into keyvalue VALUES ('63173-1.0.0-Offer_ids_member', '63173-1.0.0', 'Post-Pool-1.0.0-Offer_ids_member', null); 
insert into keyvalue VALUES ('63173-1.0.0-Data_usage_mb', '63173-1.0.0', 'Post-Pool-1.0.0-Data_usage_mb', '3072'); 
insert into keyvalue VALUES ('63173-1.0.0-Price', '63173-1.0.0', 'Post-Pool-1.0.0-Price', '3126'); 
insert into keyvalue VALUES ('63173-1.0.0-Active', '63173-1.0.0', 'Post-Pool-1.0.0-Active', 'false'); 
insert into nestedkeyvalue VALUES ('63173-1.0.0-Name-def', '63173-1.0.0-Name', 'Internet Plus'); 
insert into nestedkeyvalue VALUES ('63173-1.0.0-Name-eng', '63173-1.0.0-Name', 'Internet Plus'); 
insert into nestedkeyvalue VALUES ('63173-1.0.0-Name-hun', '63173-1.0.0-Name', 'Internet Plus'); 
insert into nestedkeyvalue VALUES ('63173-1.0.0-Name-unLocalized', '63173-1.0.0-Name', null); 
insert into keyvalue VALUES ('63173-1.0.0-Name', '63173-1.0.0', 'Post-Pool-1.0.0-Name', null); 
insert into nestedkeyvalue VALUES ('63173-1.0.0-Description-def', '63173-1.0.0-Description', 'Ezzel a csomaggal 3 GB osztható adat áll rendelkezésedre minden számlázási ciklusban. Ha többre van szükséged, válassz kiegészítő adat opcióink közül.'); 
insert into nestedkeyvalue VALUES ('63173-1.0.0-Description-eng', '63173-1.0.0-Description', 'Ezzel a csomaggal 3 GB osztható adat áll rendelkezésedre minden számlázási ciklusban. Ha többre van szükséged, válassz kiegészítő adat opcióink közül.'); 
insert into nestedkeyvalue VALUES ('63173-1.0.0-Description-hun', '63173-1.0.0-Description', 'This tariff has 3 GB of shared mobile internet included in each monthly billing period. If you need more or use all of your 3 GB, you can choose a great value extra data pack from below.'); 
insert into nestedkeyvalue VALUES ('63173-1.0.0-Description-unLocalized', '63173-1.0.0-Description', null); 
insert into keyvalue VALUES ('63173-1.0.0-Description', '63173-1.0.0', 'Post-Pool-1.0.0-Description', null); 
insert into keyvalue VALUES ('63173-1.0.0-Online_selfcare_id', '63173-1.0.0', 'Post-Pool-1.0.0-Online_selfcare_id', null); 
insert into keyvalue VALUES ('63173-1.0.0-Upgrade_pool_ids', '63173-1.0.0', 'Post-Pool-1.0.0-Upgrade_pool_ids', null); 
insert into keyvalue VALUES ('63173-1.0.0-MaxMember', '63173-1.0.0', 'Post-Pool-1.0.0-MaxMember', '2'); 
insert into keyvalue VALUES ('63173-1.0.0-Type', '63173-1.0.0', 'Post-Pool-1.0.0-Type', 'IOYM'); 
insert into keyvalue VALUES ('63173-1.0.0-UnlimitedContentPackages', '63173-1.0.0', 'Post-Pool-1.0.0-UnlimitedContentPackages', null); 
insert into object VALUES ('63172-1.0.0', '63172'); 
insert into nestedkeyvalue VALUES ('63172-1.0.0-PSMCodes-Activation', '63172-1.0.0-PSMCodes', null); 
insert into keyvalue VALUES ('63172-1.0.0-PSMCodes', '63172-1.0.0', 'Post-Pool-1.0.0-PSMCodes', null); 
insert into objectrelation VALUES ('63172-1.0.0-Addon_ids_master-63202', '63172-1.0.0-Addon_ids_master', '63202-1.0.0'); 
insert into keyvalue VALUES ('63172-1.0.0-Addon_ids_master', '63172-1.0.0', 'Post-Pool-1.0.0-Addon_ids_master', null); 
insert into objectrelation VALUES ('63172-1.0.0-Refill_ids-O_PQREF_787c4', '63172-1.0.0-Refill_ids', 'O_PQREF_787c4-1.0.0'); 
insert into objectrelation VALUES ('63172-1.0.0-Refill_ids-O_PQREF_1574c8', '63172-1.0.0-Refill_ids', 'O_PQREF_1574c8-1.0.0'); 
insert into objectrelation VALUES ('63172-1.0.0-Refill_ids-O_PQREF_3937c01', '63172-1.0.0-Refill_ids', 'O_PQREF_3937c01-1.0.0'); 
insert into objectrelation VALUES ('63172-1.0.0-Refill_ids-63210', '63172-1.0.0-Refill_ids', '63210-1.0.0'); 
insert into objectrelation VALUES ('63172-1.0.0-Refill_ids-63211', '63172-1.0.0-Refill_ids', '63211-1.0.0'); 
insert into objectrelation VALUES ('63172-1.0.0-Refill_ids-63212', '63172-1.0.0-Refill_ids', '63212-1.0.0'); 
insert into keyvalue VALUES ('63172-1.0.0-Refill_ids', '63172-1.0.0', 'Post-Pool-1.0.0-Refill_ids', null); 
insert into keyvalue VALUES ('63172-1.0.0-Featured', '63172-1.0.0', 'Post-Pool-1.0.0-Featured', 'false'); 
insert into keyvalue VALUES ('63172-1.0.0-BaseOfferIncluded', '63172-1.0.0', 'Post-Pool-1.0.0-BaseOfferIncluded', 'true'); 
insert into keyvalue VALUES ('63172-1.0.0-Addon_ids_member', '63172-1.0.0', 'Post-Pool-1.0.0-Addon_ids_member', null); 
insert into keyvalue VALUES ('63172-1.0.0-Id', '63172-1.0.0', 'Post-Pool-1.0.0-Id', '63172'); 
insert into keyvalue VALUES ('63172-1.0.0-Offer_ids_master', '63172-1.0.0', 'Post-Pool-1.0.0-Offer_ids_master', null); 
insert into keyvalue VALUES ('63172-1.0.0-Offer_ids_member', '63172-1.0.0', 'Post-Pool-1.0.0-Offer_ids_member', null); 
insert into keyvalue VALUES ('63172-1.0.0-Data_usage_mb', '63172-1.0.0', 'Post-Pool-1.0.0-Data_usage_mb', '3072'); 
insert into keyvalue VALUES ('63172-1.0.0-Price', '63172-1.0.0', 'Post-Pool-1.0.0-Price', '3473'); 
insert into keyvalue VALUES ('63172-1.0.0-Active', '63172-1.0.0', 'Post-Pool-1.0.0-Active', 'false'); 
insert into nestedkeyvalue VALUES ('63172-1.0.0-Name-def', '63172-1.0.0-Name', 'Internet Plus'); 
insert into nestedkeyvalue VALUES ('63172-1.0.0-Name-eng', '63172-1.0.0-Name', 'Internet Plus'); 
insert into nestedkeyvalue VALUES ('63172-1.0.0-Name-hun', '63172-1.0.0-Name', 'Internet Plus'); 
insert into nestedkeyvalue VALUES ('63172-1.0.0-Name-unLocalized', '63172-1.0.0-Name', null); 
insert into keyvalue VALUES ('63172-1.0.0-Name', '63172-1.0.0', 'Post-Pool-1.0.0-Name', null); 
insert into nestedkeyvalue VALUES ('63172-1.0.0-Description-def', '63172-1.0.0-Description', 'Ezzel a csomaggal 3 GB osztható adat áll rendelkezésedre minden számlázási ciklusban. Ha többre van szükséged, válassz kiegészítő adat opcióink közül.'); 
insert into nestedkeyvalue VALUES ('63172-1.0.0-Description-eng', '63172-1.0.0-Description', 'Ezzel a csomaggal 3 GB osztható adat áll rendelkezésedre minden számlázási ciklusban. Ha többre van szükséged, válassz kiegészítő adat opcióink közül.'); 
insert into nestedkeyvalue VALUES ('63172-1.0.0-Description-hun', '63172-1.0.0-Description', 'This tariff has 3 GB of shared mobile internet included in each monthly billing period. If you need more or use all of your 3 GB, you can choose a great value extra data pack from below.'); 
insert into nestedkeyvalue VALUES ('63172-1.0.0-Description-unLocalized', '63172-1.0.0-Description', null); 
insert into keyvalue VALUES ('63172-1.0.0-Description', '63172-1.0.0', 'Post-Pool-1.0.0-Description', null); 
insert into keyvalue VALUES ('63172-1.0.0-Online_selfcare_id', '63172-1.0.0', 'Post-Pool-1.0.0-Online_selfcare_id', null); 
insert into keyvalue VALUES ('63172-1.0.0-Upgrade_pool_ids', '63172-1.0.0', 'Post-Pool-1.0.0-Upgrade_pool_ids', null); 
insert into keyvalue VALUES ('63172-1.0.0-MaxMember', '63172-1.0.0', 'Post-Pool-1.0.0-MaxMember', '2'); 
insert into keyvalue VALUES ('63172-1.0.0-Type', '63172-1.0.0', 'Post-Pool-1.0.0-Type', 'IOYM'); 
insert into keyvalue VALUES ('63172-1.0.0-UnlimitedContentPackages', '63172-1.0.0', 'Post-Pool-1.0.0-UnlimitedContentPackages', null); 
insert into object VALUES ('63150-1.0.0', '63150'); 
insert into nestedkeyvalue VALUES ('63150-1.0.0-PSMCodes-Activation', '63150-1.0.0-PSMCodes', null); 
insert into keyvalue VALUES ('63150-1.0.0-PSMCodes', '63150-1.0.0', 'Post-Pool-1.0.0-PSMCodes', null); 
insert into objectrelation VALUES ('63150-1.0.0-Addon_ids_master-63202', '63150-1.0.0-Addon_ids_master', '63202-1.0.0'); 
insert into keyvalue VALUES ('63150-1.0.0-Addon_ids_master', '63150-1.0.0', 'Post-Pool-1.0.0-Addon_ids_master', null); 
insert into objectrelation VALUES ('63150-1.0.0-Refill_ids-O_PQREF_787c4', '63150-1.0.0-Refill_ids', 'O_PQREF_787c4-1.0.0'); 
insert into objectrelation VALUES ('63150-1.0.0-Refill_ids-O_PQREF_1574c8', '63150-1.0.0-Refill_ids', 'O_PQREF_1574c8-1.0.0'); 
insert into objectrelation VALUES ('63150-1.0.0-Refill_ids-O_PQREF_3937c01', '63150-1.0.0-Refill_ids', 'O_PQREF_3937c01-1.0.0'); 
insert into objectrelation VALUES ('63150-1.0.0-Refill_ids-63210', '63150-1.0.0-Refill_ids', '63210-1.0.0'); 
insert into objectrelation VALUES ('63150-1.0.0-Refill_ids-63211', '63150-1.0.0-Refill_ids', '63211-1.0.0'); 
insert into objectrelation VALUES ('63150-1.0.0-Refill_ids-63212', '63150-1.0.0-Refill_ids', '63212-1.0.0'); 
insert into keyvalue VALUES ('63150-1.0.0-Refill_ids', '63150-1.0.0', 'Post-Pool-1.0.0-Refill_ids', null); 
insert into keyvalue VALUES ('63150-1.0.0-Featured', '63150-1.0.0', 'Post-Pool-1.0.0-Featured', 'false'); 
insert into keyvalue VALUES ('63150-1.0.0-BaseOfferIncluded', '63150-1.0.0', 'Post-Pool-1.0.0-BaseOfferIncluded', 'true'); 
insert into keyvalue VALUES ('63150-1.0.0-Addon_ids_member', '63150-1.0.0', 'Post-Pool-1.0.0-Addon_ids_member', null); 
insert into keyvalue VALUES ('63150-1.0.0-Id', '63150-1.0.0', 'Post-Pool-1.0.0-Id', '63150'); 
insert into keyvalue VALUES ('63150-1.0.0-Offer_ids_master', '63150-1.0.0', 'Post-Pool-1.0.0-Offer_ids_master', null); 
insert into keyvalue VALUES ('63150-1.0.0-Offer_ids_member', '63150-1.0.0', 'Post-Pool-1.0.0-Offer_ids_member', null); 
insert into keyvalue VALUES ('63150-1.0.0-Data_usage_mb', '63150-1.0.0', 'Post-Pool-1.0.0-Data_usage_mb', '10240'); 
insert into keyvalue VALUES ('63150-1.0.0-Price', '63150-1.0.0', 'Post-Pool-1.0.0-Price', '6958'); 
insert into keyvalue VALUES ('63150-1.0.0-Active', '63150-1.0.0', 'Post-Pool-1.0.0-Active', 'false'); 
insert into nestedkeyvalue VALUES ('63150-1.0.0-Name-def', '63150-1.0.0-Name', 'Üzleti MobilNet Medium'); 
insert into nestedkeyvalue VALUES ('63150-1.0.0-Name-eng', '63150-1.0.0-Name', 'Üzleti MobilNet Medium'); 
insert into nestedkeyvalue VALUES ('63150-1.0.0-Name-hun', '63150-1.0.0-Name', 'Üzleti MobilNet Medium'); 
insert into nestedkeyvalue VALUES ('63150-1.0.0-Name-unLocalized', '63150-1.0.0-Name', null); 
insert into keyvalue VALUES ('63150-1.0.0-Name', '63150-1.0.0', 'Post-Pool-1.0.0-Name', null); 
insert into nestedkeyvalue VALUES ('63150-1.0.0-Description-def', '63150-1.0.0-Description', 'Ezzel a csomaggal 10 GB osztható adat áll rendelkezésedre minden számlázási ciklusban. Ha többre van szükséged, válassz kiegészítő adat opcióink közül.'); 
insert into nestedkeyvalue VALUES ('63150-1.0.0-Description-eng', '63150-1.0.0-Description', 'Ezzel a csomaggal 10 GB osztható adat áll rendelkezésedre minden számlázási ciklusban. Ha többre van szükséged, válassz kiegészítő adat opcióink közül.'); 
insert into nestedkeyvalue VALUES ('63150-1.0.0-Description-hun', '63150-1.0.0-Description', 'This tariff has 10 GB of shared mobile internet included in each monthly billing period. If you need more or use all of your 10 GB, you can choose a great value extra data pack from below.'); 
insert into nestedkeyvalue VALUES ('63150-1.0.0-Description-unLocalized', '63150-1.0.0-Description', null); 
insert into keyvalue VALUES ('63150-1.0.0-Description', '63150-1.0.0', 'Post-Pool-1.0.0-Description', null); 
insert into keyvalue VALUES ('63150-1.0.0-Online_selfcare_id', '63150-1.0.0', 'Post-Pool-1.0.0-Online_selfcare_id', null); 
insert into keyvalue VALUES ('63150-1.0.0-Upgrade_pool_ids', '63150-1.0.0', 'Post-Pool-1.0.0-Upgrade_pool_ids', null); 
insert into keyvalue VALUES ('63150-1.0.0-MaxMember', '63150-1.0.0', 'Post-Pool-1.0.0-MaxMember', '2'); 
insert into keyvalue VALUES ('63150-1.0.0-Type', '63150-1.0.0', 'Post-Pool-1.0.0-Type', 'IOYM'); 
insert into keyvalue VALUES ('63150-1.0.0-UnlimitedContentPackages', '63150-1.0.0', 'Post-Pool-1.0.0-UnlimitedContentPackages', null); 
insert into object VALUES ('63151-1.0.0', '63151'); 
insert into nestedkeyvalue VALUES ('63151-1.0.0-PSMCodes-Activation', '63151-1.0.0-PSMCodes', null); 
insert into keyvalue VALUES ('63151-1.0.0-PSMCodes', '63151-1.0.0', 'Post-Pool-1.0.0-PSMCodes', null); 
insert into objectrelation VALUES ('63151-1.0.0-Addon_ids_master-63202', '63151-1.0.0-Addon_ids_master', '63202-1.0.0'); 
insert into keyvalue VALUES ('63151-1.0.0-Addon_ids_master', '63151-1.0.0', 'Post-Pool-1.0.0-Addon_ids_master', null); 
insert into objectrelation VALUES ('63151-1.0.0-Refill_ids-O_PQREF_787c4', '63151-1.0.0-Refill_ids', 'O_PQREF_787c4-1.0.0'); 
insert into objectrelation VALUES ('63151-1.0.0-Refill_ids-O_PQREF_1574c8', '63151-1.0.0-Refill_ids', 'O_PQREF_1574c8-1.0.0'); 
insert into objectrelation VALUES ('63151-1.0.0-Refill_ids-O_PQREF_3937c01', '63151-1.0.0-Refill_ids', 'O_PQREF_3937c01-1.0.0'); 
insert into objectrelation VALUES ('63151-1.0.0-Refill_ids-63210', '63151-1.0.0-Refill_ids', '63210-1.0.0'); 
insert into objectrelation VALUES ('63151-1.0.0-Refill_ids-63211', '63151-1.0.0-Refill_ids', '63211-1.0.0'); 
insert into objectrelation VALUES ('63151-1.0.0-Refill_ids-63212', '63151-1.0.0-Refill_ids', '63212-1.0.0'); 
insert into keyvalue VALUES ('63151-1.0.0-Refill_ids', '63151-1.0.0', 'Post-Pool-1.0.0-Refill_ids', null); 
insert into keyvalue VALUES ('63151-1.0.0-Featured', '63151-1.0.0', 'Post-Pool-1.0.0-Featured', 'false'); 
insert into keyvalue VALUES ('63151-1.0.0-BaseOfferIncluded', '63151-1.0.0', 'Post-Pool-1.0.0-BaseOfferIncluded', 'true'); 
insert into keyvalue VALUES ('63151-1.0.0-Addon_ids_member', '63151-1.0.0', 'Post-Pool-1.0.0-Addon_ids_member', null); 
insert into keyvalue VALUES ('63151-1.0.0-Id', '63151-1.0.0', 'Post-Pool-1.0.0-Id', '63151'); 
insert into keyvalue VALUES ('63151-1.0.0-Offer_ids_master', '63151-1.0.0', 'Post-Pool-1.0.0-Offer_ids_master', null); 
insert into keyvalue VALUES ('63151-1.0.0-Offer_ids_member', '63151-1.0.0', 'Post-Pool-1.0.0-Offer_ids_member', null); 
insert into keyvalue VALUES ('63151-1.0.0-Data_usage_mb', '63151-1.0.0', 'Post-Pool-1.0.0-Data_usage_mb', '10240'); 
insert into keyvalue VALUES ('63151-1.0.0-Price', '63151-1.0.0', 'Post-Pool-1.0.0-Price', '5566'); 
insert into keyvalue VALUES ('63151-1.0.0-Active', '63151-1.0.0', 'Post-Pool-1.0.0-Active', 'false'); 
insert into nestedkeyvalue VALUES ('63151-1.0.0-Name-def', '63151-1.0.0-Name', 'Üzleti MobilNet Medium'); 
insert into nestedkeyvalue VALUES ('63151-1.0.0-Name-eng', '63151-1.0.0-Name', 'Üzleti MobilNet Medium'); 
insert into nestedkeyvalue VALUES ('63151-1.0.0-Name-hun', '63151-1.0.0-Name', 'Üzleti MobilNet Medium'); 
insert into nestedkeyvalue VALUES ('63151-1.0.0-Name-unLocalized', '63151-1.0.0-Name', null); 
insert into keyvalue VALUES ('63151-1.0.0-Name', '63151-1.0.0', 'Post-Pool-1.0.0-Name', null); 
insert into nestedkeyvalue VALUES ('63151-1.0.0-Description-def', '63151-1.0.0-Description', 'Ezzel a csomaggal 10 GB osztható adat áll rendelkezésedre minden számlázási ciklusban. Ha többre van szükséged, válassz kiegészítő adat opcióink közül.'); 
insert into nestedkeyvalue VALUES ('63151-1.0.0-Description-eng', '63151-1.0.0-Description', 'Ezzel a csomaggal 10 GB osztható adat áll rendelkezésedre minden számlázási ciklusban. Ha többre van szükséged, válassz kiegészítő adat opcióink közül.'); 
insert into nestedkeyvalue VALUES ('63151-1.0.0-Description-hun', '63151-1.0.0-Description', 'This tariff has 10 GB of shared mobile internet included in each monthly billing period. If you need more or use all of your 10 GB, you can choose a great value extra data pack from below.'); 
insert into nestedkeyvalue VALUES ('63151-1.0.0-Description-unLocalized', '63151-1.0.0-Description', null); 
insert into keyvalue VALUES ('63151-1.0.0-Description', '63151-1.0.0', 'Post-Pool-1.0.0-Description', null); 
insert into keyvalue VALUES ('63151-1.0.0-Online_selfcare_id', '63151-1.0.0', 'Post-Pool-1.0.0-Online_selfcare_id', null); 
insert into keyvalue VALUES ('63151-1.0.0-Upgrade_pool_ids', '63151-1.0.0', 'Post-Pool-1.0.0-Upgrade_pool_ids', null); 
insert into keyvalue VALUES ('63151-1.0.0-MaxMember', '63151-1.0.0', 'Post-Pool-1.0.0-MaxMember', '2'); 
insert into keyvalue VALUES ('63151-1.0.0-Type', '63151-1.0.0', 'Post-Pool-1.0.0-Type', 'IOYM'); 
insert into keyvalue VALUES ('63151-1.0.0-UnlimitedContentPackages', '63151-1.0.0', 'Post-Pool-1.0.0-UnlimitedContentPackages', null); 
insert into object VALUES ('63152-1.0.0', '63152'); 
insert into nestedkeyvalue VALUES ('63152-1.0.0-PSMCodes-Activation', '63152-1.0.0-PSMCodes', null); 
insert into keyvalue VALUES ('63152-1.0.0-PSMCodes', '63152-1.0.0', 'Post-Pool-1.0.0-PSMCodes', null); 
insert into objectrelation VALUES ('63152-1.0.0-Addon_ids_master-63202', '63152-1.0.0-Addon_ids_master', '63202-1.0.0'); 
insert into keyvalue VALUES ('63152-1.0.0-Addon_ids_master', '63152-1.0.0', 'Post-Pool-1.0.0-Addon_ids_master', null); 
insert into objectrelation VALUES ('63152-1.0.0-Refill_ids-O_PQREF_787c4', '63152-1.0.0-Refill_ids', 'O_PQREF_787c4-1.0.0'); 
insert into objectrelation VALUES ('63152-1.0.0-Refill_ids-O_PQREF_1574c8', '63152-1.0.0-Refill_ids', 'O_PQREF_1574c8-1.0.0'); 
insert into objectrelation VALUES ('63152-1.0.0-Refill_ids-O_PQREF_3937c01', '63152-1.0.0-Refill_ids', 'O_PQREF_3937c01-1.0.0'); 
insert into objectrelation VALUES ('63152-1.0.0-Refill_ids-63210', '63152-1.0.0-Refill_ids', '63210-1.0.0'); 
insert into objectrelation VALUES ('63152-1.0.0-Refill_ids-63211', '63152-1.0.0-Refill_ids', '63211-1.0.0'); 
insert into objectrelation VALUES ('63152-1.0.0-Refill_ids-63212', '63152-1.0.0-Refill_ids', '63212-1.0.0'); 
insert into keyvalue VALUES ('63152-1.0.0-Refill_ids', '63152-1.0.0', 'Post-Pool-1.0.0-Refill_ids', null); 
insert into keyvalue VALUES ('63152-1.0.0-Featured', '63152-1.0.0', 'Post-Pool-1.0.0-Featured', 'false'); 
insert into keyvalue VALUES ('63152-1.0.0-BaseOfferIncluded', '63152-1.0.0', 'Post-Pool-1.0.0-BaseOfferIncluded', 'true'); 
insert into keyvalue VALUES ('63152-1.0.0-Addon_ids_member', '63152-1.0.0', 'Post-Pool-1.0.0-Addon_ids_member', null); 
insert into keyvalue VALUES ('63152-1.0.0-Id', '63152-1.0.0', 'Post-Pool-1.0.0-Id', '63152'); 
insert into keyvalue VALUES ('63152-1.0.0-Offer_ids_master', '63152-1.0.0', 'Post-Pool-1.0.0-Offer_ids_master', null); 
insert into keyvalue VALUES ('63152-1.0.0-Offer_ids_member', '63152-1.0.0', 'Post-Pool-1.0.0-Offer_ids_member', null); 
insert into keyvalue VALUES ('63152-1.0.0-Data_usage_mb', '63152-1.0.0', 'Post-Pool-1.0.0-Data_usage_mb', '10240'); 
insert into keyvalue VALUES ('63152-1.0.0-Price', '63152-1.0.0', 'Post-Pool-1.0.0-Price', '5101'); 
insert into keyvalue VALUES ('63152-1.0.0-Active', '63152-1.0.0', 'Post-Pool-1.0.0-Active', 'false'); 
insert into nestedkeyvalue VALUES ('63152-1.0.0-Name-def', '63152-1.0.0-Name', 'Üzleti MobilNet Medium'); 
insert into nestedkeyvalue VALUES ('63152-1.0.0-Name-eng', '63152-1.0.0-Name', 'Üzleti MobilNet Medium'); 
insert into nestedkeyvalue VALUES ('63152-1.0.0-Name-hun', '63152-1.0.0-Name', 'Üzleti MobilNet Medium'); 
insert into nestedkeyvalue VALUES ('63152-1.0.0-Name-unLocalized', '63152-1.0.0-Name', null); 
insert into keyvalue VALUES ('63152-1.0.0-Name', '63152-1.0.0', 'Post-Pool-1.0.0-Name', null); 
insert into nestedkeyvalue VALUES ('63152-1.0.0-Description-def', '63152-1.0.0-Description', 'Ezzel a csomaggal 10 GB osztható adat áll rendelkezésedre minden számlázási ciklusban. Ha többre van szükséged, válassz kiegészítő adat opcióink közül.'); 
insert into nestedkeyvalue VALUES ('63152-1.0.0-Description-eng', '63152-1.0.0-Description', 'Ezzel a csomaggal 10 GB osztható adat áll rendelkezésedre minden számlázási ciklusban. Ha többre van szükséged, válassz kiegészítő adat opcióink közül.'); 
insert into nestedkeyvalue VALUES ('63152-1.0.0-Description-hun', '63152-1.0.0-Description', 'This tariff has 10 GB of shared mobile internet included in each monthly billing period. If you need more or use all of your 10 GB, you can choose a great value extra data pack from below.'); 
insert into nestedkeyvalue VALUES ('63152-1.0.0-Description-unLocalized', '63152-1.0.0-Description', null); 
insert into keyvalue VALUES ('63152-1.0.0-Description', '63152-1.0.0', 'Post-Pool-1.0.0-Description', null); 
insert into keyvalue VALUES ('63152-1.0.0-Online_selfcare_id', '63152-1.0.0', 'Post-Pool-1.0.0-Online_selfcare_id', null); 
insert into keyvalue VALUES ('63152-1.0.0-Upgrade_pool_ids', '63152-1.0.0', 'Post-Pool-1.0.0-Upgrade_pool_ids', null); 
insert into keyvalue VALUES ('63152-1.0.0-MaxMember', '63152-1.0.0', 'Post-Pool-1.0.0-MaxMember', '2'); 
insert into keyvalue VALUES ('63152-1.0.0-Type', '63152-1.0.0', 'Post-Pool-1.0.0-Type', 'IOYM'); 
insert into keyvalue VALUES ('63152-1.0.0-UnlimitedContentPackages', '63152-1.0.0', 'Post-Pool-1.0.0-UnlimitedContentPackages', null); 
insert into object VALUES ('63153-1.0.0', '63153'); 
insert into nestedkeyvalue VALUES ('63153-1.0.0-PSMCodes-Activation', '63153-1.0.0-PSMCodes', null); 
insert into keyvalue VALUES ('63153-1.0.0-PSMCodes', '63153-1.0.0', 'Post-Pool-1.0.0-PSMCodes', null); 
insert into objectrelation VALUES ('63153-1.0.0-Addon_ids_master-63202', '63153-1.0.0-Addon_ids_master', '63202-1.0.0'); 
insert into keyvalue VALUES ('63153-1.0.0-Addon_ids_master', '63153-1.0.0', 'Post-Pool-1.0.0-Addon_ids_master', null); 
insert into objectrelation VALUES ('63153-1.0.0-Refill_ids-O_PQREF_787c4', '63153-1.0.0-Refill_ids', 'O_PQREF_787c4-1.0.0'); 
insert into objectrelation VALUES ('63153-1.0.0-Refill_ids-O_PQREF_1574c8', '63153-1.0.0-Refill_ids', 'O_PQREF_1574c8-1.0.0'); 
insert into objectrelation VALUES ('63153-1.0.0-Refill_ids-O_PQREF_3937c01', '63153-1.0.0-Refill_ids', 'O_PQREF_3937c01-1.0.0'); 
insert into objectrelation VALUES ('63153-1.0.0-Refill_ids-63210', '63153-1.0.0-Refill_ids', '63210-1.0.0'); 
insert into objectrelation VALUES ('63153-1.0.0-Refill_ids-63211', '63153-1.0.0-Refill_ids', '63211-1.0.0'); 
insert into objectrelation VALUES ('63153-1.0.0-Refill_ids-63212', '63153-1.0.0-Refill_ids', '63212-1.0.0'); 
insert into keyvalue VALUES ('63153-1.0.0-Refill_ids', '63153-1.0.0', 'Post-Pool-1.0.0-Refill_ids', null); 
insert into keyvalue VALUES ('63153-1.0.0-Featured', '63153-1.0.0', 'Post-Pool-1.0.0-Featured', 'false'); 
insert into keyvalue VALUES ('63153-1.0.0-BaseOfferIncluded', '63153-1.0.0', 'Post-Pool-1.0.0-BaseOfferIncluded', 'true'); 
insert into keyvalue VALUES ('63153-1.0.0-Addon_ids_member', '63153-1.0.0', 'Post-Pool-1.0.0-Addon_ids_member', null); 
insert into keyvalue VALUES ('63153-1.0.0-Id', '63153-1.0.0', 'Post-Pool-1.0.0-Id', '63153'); 
insert into keyvalue VALUES ('63153-1.0.0-Offer_ids_master', '63153-1.0.0', 'Post-Pool-1.0.0-Offer_ids_master', null); 
insert into keyvalue VALUES ('63153-1.0.0-Offer_ids_member', '63153-1.0.0', 'Post-Pool-1.0.0-Offer_ids_member', null); 
insert into keyvalue VALUES ('63153-1.0.0-Data_usage_mb', '63153-1.0.0', 'Post-Pool-1.0.0-Data_usage_mb', '30720'); 
insert into keyvalue VALUES ('63153-1.0.0-Price', '63153-1.0.0', 'Post-Pool-1.0.0-Price', '11023'); 
insert into keyvalue VALUES ('63153-1.0.0-Active', '63153-1.0.0', 'Post-Pool-1.0.0-Active', 'false'); 
insert into nestedkeyvalue VALUES ('63153-1.0.0-Name-def', '63153-1.0.0-Name', 'Üzleti MobilNet Premium'); 
insert into nestedkeyvalue VALUES ('63153-1.0.0-Name-eng', '63153-1.0.0-Name', 'Üzleti MobilNet Premium'); 
insert into nestedkeyvalue VALUES ('63153-1.0.0-Name-hun', '63153-1.0.0-Name', 'Üzleti MobilNet Premium'); 
insert into nestedkeyvalue VALUES ('63153-1.0.0-Name-unLocalized', '63153-1.0.0-Name', null); 
insert into keyvalue VALUES ('63153-1.0.0-Name', '63153-1.0.0', 'Post-Pool-1.0.0-Name', null); 
insert into nestedkeyvalue VALUES ('63153-1.0.0-Description-def', '63153-1.0.0-Description', 'Ezzel a csomaggal 30 GB osztható adat áll rendelkezésedre minden számlázási ciklusban. Ha többre van szükséged, válassz kiegészítő adat opcióink közül.'); 
insert into nestedkeyvalue VALUES ('63153-1.0.0-Description-eng', '63153-1.0.0-Description', 'Ezzel a csomaggal 30 GB osztható adat áll rendelkezésedre minden számlázási ciklusban. Ha többre van szükséged, válassz kiegészítő adat opcióink közül.'); 
insert into nestedkeyvalue VALUES ('63153-1.0.0-Description-hun', '63153-1.0.0-Description', 'This tariff has 30 GB of shared mobile internet included in each monthly billing period. If you need more or use all of your 30 GB, you can choose a great value extra data pack from below.'); 
insert into nestedkeyvalue VALUES ('63153-1.0.0-Description-unLocalized', '63153-1.0.0-Description', null); 
insert into keyvalue VALUES ('63153-1.0.0-Description', '63153-1.0.0', 'Post-Pool-1.0.0-Description', null); 
insert into keyvalue VALUES ('63153-1.0.0-Online_selfcare_id', '63153-1.0.0', 'Post-Pool-1.0.0-Online_selfcare_id', null); 
insert into keyvalue VALUES ('63153-1.0.0-Upgrade_pool_ids', '63153-1.0.0', 'Post-Pool-1.0.0-Upgrade_pool_ids', null); 
insert into keyvalue VALUES ('63153-1.0.0-MaxMember', '63153-1.0.0', 'Post-Pool-1.0.0-MaxMember', '3'); 
insert into keyvalue VALUES ('63153-1.0.0-Type', '63153-1.0.0', 'Post-Pool-1.0.0-Type', 'IOYM'); 
insert into keyvalue VALUES ('63153-1.0.0-UnlimitedContentPackages', '63153-1.0.0', 'Post-Pool-1.0.0-UnlimitedContentPackages', null); 
insert into object VALUES ('63154-1.0.0', '63154'); 
insert into nestedkeyvalue VALUES ('63154-1.0.0-PSMCodes-Activation', '63154-1.0.0-PSMCodes', null); 
insert into keyvalue VALUES ('63154-1.0.0-PSMCodes', '63154-1.0.0', 'Post-Pool-1.0.0-PSMCodes', null); 
insert into objectrelation VALUES ('63154-1.0.0-Addon_ids_master-63202', '63154-1.0.0-Addon_ids_master', '63202-1.0.0'); 
insert into keyvalue VALUES ('63154-1.0.0-Addon_ids_master', '63154-1.0.0', 'Post-Pool-1.0.0-Addon_ids_master', null); 
insert into objectrelation VALUES ('63154-1.0.0-Refill_ids-O_PQREF_787c4', '63154-1.0.0-Refill_ids', 'O_PQREF_787c4-1.0.0'); 
insert into objectrelation VALUES ('63154-1.0.0-Refill_ids-O_PQREF_1574c8', '63154-1.0.0-Refill_ids', 'O_PQREF_1574c8-1.0.0'); 
insert into objectrelation VALUES ('63154-1.0.0-Refill_ids-O_PQREF_3937c01', '63154-1.0.0-Refill_ids', 'O_PQREF_3937c01-1.0.0'); 
insert into objectrelation VALUES ('63154-1.0.0-Refill_ids-63210', '63154-1.0.0-Refill_ids', '63210-1.0.0'); 
insert into objectrelation VALUES ('63154-1.0.0-Refill_ids-63211', '63154-1.0.0-Refill_ids', '63211-1.0.0'); 
insert into objectrelation VALUES ('63154-1.0.0-Refill_ids-63212', '63154-1.0.0-Refill_ids', '63212-1.0.0'); 
insert into keyvalue VALUES ('63154-1.0.0-Refill_ids', '63154-1.0.0', 'Post-Pool-1.0.0-Refill_ids', null); 
insert into keyvalue VALUES ('63154-1.0.0-Featured', '63154-1.0.0', 'Post-Pool-1.0.0-Featured', 'false'); 
insert into keyvalue VALUES ('63154-1.0.0-BaseOfferIncluded', '63154-1.0.0', 'Post-Pool-1.0.0-BaseOfferIncluded', 'true'); 
insert into keyvalue VALUES ('63154-1.0.0-Addon_ids_member', '63154-1.0.0', 'Post-Pool-1.0.0-Addon_ids_member', null); 
insert into keyvalue VALUES ('63154-1.0.0-Id', '63154-1.0.0', 'Post-Pool-1.0.0-Id', '63154'); 
insert into keyvalue VALUES ('63154-1.0.0-Offer_ids_master', '63154-1.0.0', 'Post-Pool-1.0.0-Offer_ids_master', null); 
insert into keyvalue VALUES ('63154-1.0.0-Offer_ids_member', '63154-1.0.0', 'Post-Pool-1.0.0-Offer_ids_member', null); 
insert into keyvalue VALUES ('63154-1.0.0-Data_usage_mb', '63154-1.0.0', 'Post-Pool-1.0.0-Data_usage_mb', '30720'); 
insert into keyvalue VALUES ('63154-1.0.0-Price', '63154-1.0.0', 'Post-Pool-1.0.0-Price', '8818'); 
insert into keyvalue VALUES ('63154-1.0.0-Active', '63154-1.0.0', 'Post-Pool-1.0.0-Active', 'false'); 
insert into nestedkeyvalue VALUES ('63154-1.0.0-Name-def', '63154-1.0.0-Name', 'Üzleti MobilNet Premium'); 
insert into nestedkeyvalue VALUES ('63154-1.0.0-Name-eng', '63154-1.0.0-Name', 'Üzleti MobilNet Premium'); 
insert into nestedkeyvalue VALUES ('63154-1.0.0-Name-hun', '63154-1.0.0-Name', 'Üzleti MobilNet Premium'); 
insert into nestedkeyvalue VALUES ('63154-1.0.0-Name-unLocalized', '63154-1.0.0-Name', null); 
insert into keyvalue VALUES ('63154-1.0.0-Name', '63154-1.0.0', 'Post-Pool-1.0.0-Name', null); 
insert into nestedkeyvalue VALUES ('63154-1.0.0-Description-def', '63154-1.0.0-Description', 'Ezzel a csomaggal 30 GB osztható adat áll rendelkezésedre minden számlázási ciklusban. Ha többre van szükséged, válassz kiegészítő adat opcióink közül.'); 
insert into nestedkeyvalue VALUES ('63154-1.0.0-Description-eng', '63154-1.0.0-Description', 'Ezzel a csomaggal 30 GB osztható adat áll rendelkezésedre minden számlázási ciklusban. Ha többre van szükséged, válassz kiegészítő adat opcióink közül.'); 
insert into nestedkeyvalue VALUES ('63154-1.0.0-Description-hun', '63154-1.0.0-Description', 'This tariff has 30 GB of shared mobile internet included in each monthly billing period. If you need more or use all of your 30 GB, you can choose a great value extra data pack from below.'); 
insert into nestedkeyvalue VALUES ('63154-1.0.0-Description-unLocalized', '63154-1.0.0-Description', null); 
insert into keyvalue VALUES ('63154-1.0.0-Description', '63154-1.0.0', 'Post-Pool-1.0.0-Description', null); 
insert into keyvalue VALUES ('63154-1.0.0-Online_selfcare_id', '63154-1.0.0', 'Post-Pool-1.0.0-Online_selfcare_id', null); 
insert into keyvalue VALUES ('63154-1.0.0-Upgrade_pool_ids', '63154-1.0.0', 'Post-Pool-1.0.0-Upgrade_pool_ids', null); 
insert into keyvalue VALUES ('63154-1.0.0-MaxMember', '63154-1.0.0', 'Post-Pool-1.0.0-MaxMember', '3'); 
insert into keyvalue VALUES ('63154-1.0.0-Type', '63154-1.0.0', 'Post-Pool-1.0.0-Type', 'IOYM'); 
insert into keyvalue VALUES ('63154-1.0.0-UnlimitedContentPackages', '63154-1.0.0', 'Post-Pool-1.0.0-UnlimitedContentPackages', null); 
insert into object VALUES ('63155-1.0.0', '63155'); 
insert into nestedkeyvalue VALUES ('63155-1.0.0-PSMCodes-Activation', '63155-1.0.0-PSMCodes', null); 
insert into keyvalue VALUES ('63155-1.0.0-PSMCodes', '63155-1.0.0', 'Post-Pool-1.0.0-PSMCodes', null); 
insert into objectrelation VALUES ('63155-1.0.0-Addon_ids_master-63202', '63155-1.0.0-Addon_ids_master', '63202-1.0.0'); 
insert into keyvalue VALUES ('63155-1.0.0-Addon_ids_master', '63155-1.0.0', 'Post-Pool-1.0.0-Addon_ids_master', null); 
insert into objectrelation VALUES ('63155-1.0.0-Refill_ids-O_PQREF_787c4', '63155-1.0.0-Refill_ids', 'O_PQREF_787c4-1.0.0'); 
insert into objectrelation VALUES ('63155-1.0.0-Refill_ids-O_PQREF_1574c8', '63155-1.0.0-Refill_ids', 'O_PQREF_1574c8-1.0.0'); 
insert into objectrelation VALUES ('63155-1.0.0-Refill_ids-O_PQREF_3937c01', '63155-1.0.0-Refill_ids', 'O_PQREF_3937c01-1.0.0'); 
insert into objectrelation VALUES ('63155-1.0.0-Refill_ids-63210', '63155-1.0.0-Refill_ids', '63210-1.0.0'); 
insert into objectrelation VALUES ('63155-1.0.0-Refill_ids-63211', '63155-1.0.0-Refill_ids', '63211-1.0.0'); 
insert into objectrelation VALUES ('63155-1.0.0-Refill_ids-63212', '63155-1.0.0-Refill_ids', '63212-1.0.0'); 
insert into keyvalue VALUES ('63155-1.0.0-Refill_ids', '63155-1.0.0', 'Post-Pool-1.0.0-Refill_ids', null); 
insert into keyvalue VALUES ('63155-1.0.0-Featured', '63155-1.0.0', 'Post-Pool-1.0.0-Featured', 'false'); 
insert into keyvalue VALUES ('63155-1.0.0-BaseOfferIncluded', '63155-1.0.0', 'Post-Pool-1.0.0-BaseOfferIncluded', 'true'); 
insert into keyvalue VALUES ('63155-1.0.0-Addon_ids_member', '63155-1.0.0', 'Post-Pool-1.0.0-Addon_ids_member', null); 
insert into keyvalue VALUES ('63155-1.0.0-Id', '63155-1.0.0', 'Post-Pool-1.0.0-Id', '63155'); 
insert into keyvalue VALUES ('63155-1.0.0-Offer_ids_master', '63155-1.0.0', 'Post-Pool-1.0.0-Offer_ids_master', null); 
insert into keyvalue VALUES ('63155-1.0.0-Offer_ids_member', '63155-1.0.0', 'Post-Pool-1.0.0-Offer_ids_member', null); 
insert into keyvalue VALUES ('63155-1.0.0-Data_usage_mb', '63155-1.0.0', 'Post-Pool-1.0.0-Data_usage_mb', '30720'); 
insert into keyvalue VALUES ('63155-1.0.0-Price', '63155-1.0.0', 'Post-Pool-1.0.0-Price', '8353'); 
insert into keyvalue VALUES ('63155-1.0.0-Active', '63155-1.0.0', 'Post-Pool-1.0.0-Active', 'false'); 
insert into nestedkeyvalue VALUES ('63155-1.0.0-Name-def', '63155-1.0.0-Name', 'Üzleti MobilNet Premium'); 
insert into nestedkeyvalue VALUES ('63155-1.0.0-Name-eng', '63155-1.0.0-Name', 'Üzleti MobilNet Premium'); 
insert into nestedkeyvalue VALUES ('63155-1.0.0-Name-hun', '63155-1.0.0-Name', 'Üzleti MobilNet Premium'); 
insert into nestedkeyvalue VALUES ('63155-1.0.0-Name-unLocalized', '63155-1.0.0-Name', null); 
insert into keyvalue VALUES ('63155-1.0.0-Name', '63155-1.0.0', 'Post-Pool-1.0.0-Name', null); 
insert into nestedkeyvalue VALUES ('63155-1.0.0-Description-def', '63155-1.0.0-Description', 'Ezzel a csomaggal 30 GB osztható adat áll rendelkezésedre minden számlázási ciklusban. Ha többre van szükséged, válassz kiegészítő adat opcióink közül.'); 
insert into nestedkeyvalue VALUES ('63155-1.0.0-Description-eng', '63155-1.0.0-Description', 'Ezzel a csomaggal 30 GB osztható adat áll rendelkezésedre minden számlázási ciklusban. Ha többre van szükséged, válassz kiegészítő adat opcióink közül.'); 
insert into nestedkeyvalue VALUES ('63155-1.0.0-Description-hun', '63155-1.0.0-Description', 'This tariff has 30 GB of shared mobile internet included in each monthly billing period. If you need more or use all of your 30 GB, you can choose a great value extra data pack from below.'); 
insert into nestedkeyvalue VALUES ('63155-1.0.0-Description-unLocalized', '63155-1.0.0-Description', null); 
insert into keyvalue VALUES ('63155-1.0.0-Description', '63155-1.0.0', 'Post-Pool-1.0.0-Description', null); 
insert into keyvalue VALUES ('63155-1.0.0-Online_selfcare_id', '63155-1.0.0', 'Post-Pool-1.0.0-Online_selfcare_id', null); 
insert into keyvalue VALUES ('63155-1.0.0-Upgrade_pool_ids', '63155-1.0.0', 'Post-Pool-1.0.0-Upgrade_pool_ids', null); 
insert into keyvalue VALUES ('63155-1.0.0-MaxMember', '63155-1.0.0', 'Post-Pool-1.0.0-MaxMember', '3'); 
insert into keyvalue VALUES ('63155-1.0.0-Type', '63155-1.0.0', 'Post-Pool-1.0.0-Type', 'IOYM'); 
insert into keyvalue VALUES ('63155-1.0.0-UnlimitedContentPackages', '63155-1.0.0', 'Post-Pool-1.0.0-UnlimitedContentPackages', null); 
insert into object VALUES ('63656-1.0.0', '63656'); 
insert into nestedkeyvalue VALUES ('63656-1.0.0-PSMCodes-Activation', '63656-1.0.0-PSMCodes', null); 
insert into keyvalue VALUES ('63656-1.0.0-PSMCodes', '63656-1.0.0', 'Post-Pool-1.0.0-PSMCodes', null); 
insert into objectrelation VALUES ('63656-1.0.0-Addon_ids_master-62611', '63656-1.0.0-Addon_ids_master', '62611-1.0.0'); 
insert into objectrelation VALUES ('63656-1.0.0-Addon_ids_master-62617', '63656-1.0.0-Addon_ids_master', '62617-1.0.0'); 
insert into objectrelation VALUES ('63656-1.0.0-Addon_ids_master-60298', '63656-1.0.0-Addon_ids_master', '60298-1.0.0'); 
insert into objectrelation VALUES ('63656-1.0.0-Addon_ids_master-62618', '63656-1.0.0-Addon_ids_master', '62618-1.0.0'); 
insert into keyvalue VALUES ('63656-1.0.0-Addon_ids_master', '63656-1.0.0', 'Post-Pool-1.0.0-Addon_ids_master', null); 
insert into objectrelation VALUES ('63656-1.0.0-Refill_ids-O_REFIL_1574c8', '63656-1.0.0-Refill_ids', 'O_REFIL_1574c8-1.0.0'); 
insert into objectrelation VALUES ('63656-1.0.0-Refill_ids-O_REFIL_2354c33', '63656-1.0.0-Refill_ids', 'O_REFIL_2354c33-1.0.0'); 
insert into keyvalue VALUES ('63656-1.0.0-Refill_ids', '63656-1.0.0', 'Post-Pool-1.0.0-Refill_ids', null); 
insert into keyvalue VALUES ('63656-1.0.0-Featured', '63656-1.0.0', 'Post-Pool-1.0.0-Featured', 'false'); 
insert into keyvalue VALUES ('63656-1.0.0-BaseOfferIncluded', '63656-1.0.0', 'Post-Pool-1.0.0-BaseOfferIncluded', 'true'); 
insert into keyvalue VALUES ('63656-1.0.0-Addon_ids_member', '63656-1.0.0', 'Post-Pool-1.0.0-Addon_ids_member', null); 
insert into keyvalue VALUES ('63656-1.0.0-Id', '63656-1.0.0', 'Post-Pool-1.0.0-Id', '63656'); 
insert into keyvalue VALUES ('63656-1.0.0-Offer_ids_master', '63656-1.0.0', 'Post-Pool-1.0.0-Offer_ids_master', null); 
insert into keyvalue VALUES ('63656-1.0.0-Offer_ids_member', '63656-1.0.0', 'Post-Pool-1.0.0-Offer_ids_member', null); 
insert into keyvalue VALUES ('63656-1.0.0-Data_usage_mb', '63656-1.0.0', 'Post-Pool-1.0.0-Data_usage_mb', '10240'); 
insert into keyvalue VALUES ('63656-1.0.0-Price', '63656-1.0.0', 'Post-Pool-1.0.0-Price', '0'); 
insert into keyvalue VALUES ('63656-1.0.0-Active', '63656-1.0.0', 'Post-Pool-1.0.0-Active', 'false'); 
insert into nestedkeyvalue VALUES ('63656-1.0.0-Name-def', '63656-1.0.0-Name', 'Red Tarifa Osztható 10 GB'); 
insert into nestedkeyvalue VALUES ('63656-1.0.0-Name-eng', '63656-1.0.0-Name', 'Red Tarifa Osztható 10 GB'); 
insert into nestedkeyvalue VALUES ('63656-1.0.0-Name-hun', '63656-1.0.0-Name', 'Red tariff with shared data 10 GB'); 
insert into nestedkeyvalue VALUES ('63656-1.0.0-Name-unLocalized', '63656-1.0.0-Name', null); 
insert into keyvalue VALUES ('63656-1.0.0-Name', '63656-1.0.0', 'Post-Pool-1.0.0-Name', null); 
insert into nestedkeyvalue VALUES ('63656-1.0.0-Description-def', '63656-1.0.0-Description', 'Ezzel a csomaggal 10 GB osztható adat áll rendelkezésedre minden számlázási ciklusban. Ha többre van szükséged, válassz kiegészítő adat opcióink közül.'); 
insert into nestedkeyvalue VALUES ('63656-1.0.0-Description-eng', '63656-1.0.0-Description', 'Ezzel a csomaggal 10 GB osztható adat áll rendelkezésedre minden számlázási ciklusban. Ha többre van szükséged, válassz kiegészítő adat opcióink közül.'); 
insert into nestedkeyvalue VALUES ('63656-1.0.0-Description-hun', '63656-1.0.0-Description', 'This tariff has 10 GB of shared mobile internet included in each monthly billing period. If you need more or use all of your 10 GB, you can choose a great value extra data pack from below.'); 
insert into nestedkeyvalue VALUES ('63656-1.0.0-Description-unLocalized', '63656-1.0.0-Description', null); 
insert into keyvalue VALUES ('63656-1.0.0-Description', '63656-1.0.0', 'Post-Pool-1.0.0-Description', null); 
insert into keyvalue VALUES ('63656-1.0.0-Upgrade_pool_ids', '63656-1.0.0', 'Post-Pool-1.0.0-Upgrade_pool_ids', null); 
insert into keyvalue VALUES ('63656-1.0.0-MaxMember', '63656-1.0.0', 'Post-Pool-1.0.0-MaxMember', '5'); 
insert into keyvalue VALUES ('63656-1.0.0-Type', '63656-1.0.0', 'Post-Pool-1.0.0-Type', 'IOYM'); 
insert into objectrelation VALUES ('63656-1.0.0-UnlimitedContentPackages-UCP67695', '63656-1.0.0-UnlimitedContentPackages', 'UCP67695-1.0.0'); 
insert into objectrelation VALUES ('63656-1.0.0-UnlimitedContentPackages-UCP67694', '63656-1.0.0-UnlimitedContentPackages', 'UCP67694-1.0.0'); 
insert into objectrelation VALUES ('63656-1.0.0-UnlimitedContentPackages-UCP67693', '63656-1.0.0-UnlimitedContentPackages', 'UCP67693-1.0.0'); 
insert into objectrelation VALUES ('63656-1.0.0-UnlimitedContentPackages-UCP67696', '63656-1.0.0-UnlimitedContentPackages', 'UCP67696-1.0.0'); 
insert into keyvalue VALUES ('63656-1.0.0-UnlimitedContentPackages', '63656-1.0.0', 'Post-Pool-1.0.0-UnlimitedContentPackages', null); 
insert into object VALUES ('64070-1.0.0', '64070'); 
insert into nestedkeyvalue VALUES ('64070-1.0.0-PSMCodes-Activation', '64070-1.0.0-PSMCodes', 'MULTINET30GB'); 
insert into keyvalue VALUES ('64070-1.0.0-PSMCodes', '64070-1.0.0', 'Post-Pool-1.0.0-PSMCodes', null); 
insert into objectrelation VALUES ('64070-1.0.0-Addon_ids_master-63202', '64070-1.0.0-Addon_ids_master', '63202-1.0.0'); 
insert into keyvalue VALUES ('64070-1.0.0-Addon_ids_master', '64070-1.0.0', 'Post-Pool-1.0.0-Addon_ids_master', null); 
insert into objectrelation VALUES ('64070-1.0.0-Refill_ids-O_PQREF_787c4', '64070-1.0.0-Refill_ids', 'O_PQREF_787c4-1.0.0'); 
insert into objectrelation VALUES ('64070-1.0.0-Refill_ids-O_PQREF_1574c8', '64070-1.0.0-Refill_ids', 'O_PQREF_1574c8-1.0.0'); 
insert into objectrelation VALUES ('64070-1.0.0-Refill_ids-O_PQREF_3937c01', '64070-1.0.0-Refill_ids', 'O_PQREF_3937c01-1.0.0'); 
insert into objectrelation VALUES ('64070-1.0.0-Refill_ids-63210', '64070-1.0.0-Refill_ids', '63210-1.0.0'); 
insert into objectrelation VALUES ('64070-1.0.0-Refill_ids-63211', '64070-1.0.0-Refill_ids', '63211-1.0.0'); 
insert into objectrelation VALUES ('64070-1.0.0-Refill_ids-63212', '64070-1.0.0-Refill_ids', '63212-1.0.0'); 
insert into keyvalue VALUES ('64070-1.0.0-Refill_ids', '64070-1.0.0', 'Post-Pool-1.0.0-Refill_ids', null); 
insert into keyvalue VALUES ('64070-1.0.0-Featured', '64070-1.0.0', 'Post-Pool-1.0.0-Featured', 'false'); 
insert into keyvalue VALUES ('64070-1.0.0-BaseOfferIncluded', '64070-1.0.0', 'Post-Pool-1.0.0-BaseOfferIncluded', 'true'); 
insert into keyvalue VALUES ('64070-1.0.0-Addon_ids_member', '64070-1.0.0', 'Post-Pool-1.0.0-Addon_ids_member', null); 
insert into keyvalue VALUES ('64070-1.0.0-Id', '64070-1.0.0', 'Post-Pool-1.0.0-Id', '64070'); 
insert into keyvalue VALUES ('64070-1.0.0-Offer_ids_master', '64070-1.0.0', 'Post-Pool-1.0.0-Offer_ids_master', null); 
insert into keyvalue VALUES ('64070-1.0.0-Offer_ids_member', '64070-1.0.0', 'Post-Pool-1.0.0-Offer_ids_member', null); 
insert into keyvalue VALUES ('64070-1.0.0-Data_usage_mb', '64070-1.0.0', 'Post-Pool-1.0.0-Data_usage_mb', '30720'); 
insert into keyvalue VALUES ('64070-1.0.0-Price', '64070-1.0.0', 'Post-Pool-1.0.0-Price', '8353'); 
insert into keyvalue VALUES ('64070-1.0.0-Active', '64070-1.0.0', 'Post-Pool-1.0.0-Active', 'false'); 
insert into nestedkeyvalue VALUES ('64070-1.0.0-Name-def', '64070-1.0.0-Name', 'MultiNet 30 GB'); 
insert into nestedkeyvalue VALUES ('64070-1.0.0-Name-eng', '64070-1.0.0-Name', 'MultiNet 30 GB'); 
insert into nestedkeyvalue VALUES ('64070-1.0.0-Name-hun', '64070-1.0.0-Name', 'MultiNet 30 GB'); 
insert into nestedkeyvalue VALUES ('64070-1.0.0-Name-unLocalized', '64070-1.0.0-Name', null); 
insert into keyvalue VALUES ('64070-1.0.0-Name', '64070-1.0.0', 'Post-Pool-1.0.0-Name', null); 
insert into nestedkeyvalue VALUES ('64070-1.0.0-Description-def', '64070-1.0.0-Description', 'Ezzel a csomaggal 30 GB osztható adat áll rendelkezésedre minden számlázási ciklusban. Ha többre van szükséged, válassz kiegészítő adat opcióink közül.'); 
insert into nestedkeyvalue VALUES ('64070-1.0.0-Description-eng', '64070-1.0.0-Description', 'Ezzel a csomaggal 30 GB osztható adat áll rendelkezésedre minden számlázási ciklusban. Ha többre van szükséged, válassz kiegészítő adat opcióink közül.'); 
insert into nestedkeyvalue VALUES ('64070-1.0.0-Description-hun', '64070-1.0.0-Description', 'This tariff has 30 GB of shared mobile internet included in each monthly billing period. If you need more or use all of your 3 GB, you can choose a great value extra data pack from below.'); 
insert into nestedkeyvalue VALUES ('64070-1.0.0-Description-unLocalized', '64070-1.0.0-Description', null); 
insert into keyvalue VALUES ('64070-1.0.0-Description', '64070-1.0.0', 'Post-Pool-1.0.0-Description', null); 
insert into keyvalue VALUES ('64070-1.0.0-Online_selfcare_id', '64070-1.0.0', 'Post-Pool-1.0.0-Online_selfcare_id', null); 
insert into keyvalue VALUES ('64070-1.0.0-Upgrade_pool_ids', '64070-1.0.0', 'Post-Pool-1.0.0-Upgrade_pool_ids', null); 
insert into keyvalue VALUES ('64070-1.0.0-MaxMember', '64070-1.0.0', 'Post-Pool-1.0.0-MaxMember', '2'); 
insert into keyvalue VALUES ('64070-1.0.0-Type', '64070-1.0.0', 'Post-Pool-1.0.0-Type', 'IOYM'); 
insert into keyvalue VALUES ('64070-1.0.0-UnlimitedContentPackages', '64070-1.0.0', 'Post-Pool-1.0.0-UnlimitedContentPackages', null); 
insert into object VALUES ('64069-1.0.0', '64069'); 
insert into nestedkeyvalue VALUES ('64069-1.0.0-PSMCodes-Activation', '64069-1.0.0-PSMCodes', 'MULTINET10GB'); 
insert into keyvalue VALUES ('64069-1.0.0-PSMCodes', '64069-1.0.0', 'Post-Pool-1.0.0-PSMCodes', null); 
insert into objectrelation VALUES ('64069-1.0.0-Addon_ids_master-63202', '64069-1.0.0-Addon_ids_master', '63202-1.0.0'); 
insert into keyvalue VALUES ('64069-1.0.0-Addon_ids_master', '64069-1.0.0', 'Post-Pool-1.0.0-Addon_ids_master', null); 
insert into objectrelation VALUES ('64069-1.0.0-Refill_ids-O_PQREF_787c4', '64069-1.0.0-Refill_ids', 'O_PQREF_787c4-1.0.0'); 
insert into objectrelation VALUES ('64069-1.0.0-Refill_ids-O_PQREF_1574c8', '64069-1.0.0-Refill_ids', 'O_PQREF_1574c8-1.0.0'); 
insert into objectrelation VALUES ('64069-1.0.0-Refill_ids-O_PQREF_3937c01', '64069-1.0.0-Refill_ids', 'O_PQREF_3937c01-1.0.0'); 
insert into objectrelation VALUES ('64069-1.0.0-Refill_ids-63210', '64069-1.0.0-Refill_ids', '63210-1.0.0'); 
insert into objectrelation VALUES ('64069-1.0.0-Refill_ids-63211', '64069-1.0.0-Refill_ids', '63211-1.0.0'); 
insert into objectrelation VALUES ('64069-1.0.0-Refill_ids-63212', '64069-1.0.0-Refill_ids', '63212-1.0.0'); 
insert into keyvalue VALUES ('64069-1.0.0-Refill_ids', '64069-1.0.0', 'Post-Pool-1.0.0-Refill_ids', null); 
insert into keyvalue VALUES ('64069-1.0.0-Featured', '64069-1.0.0', 'Post-Pool-1.0.0-Featured', 'false'); 
insert into keyvalue VALUES ('64069-1.0.0-BaseOfferIncluded', '64069-1.0.0', 'Post-Pool-1.0.0-BaseOfferIncluded', 'true'); 
insert into keyvalue VALUES ('64069-1.0.0-Addon_ids_member', '64069-1.0.0', 'Post-Pool-1.0.0-Addon_ids_member', null); 
insert into keyvalue VALUES ('64069-1.0.0-Id', '64069-1.0.0', 'Post-Pool-1.0.0-Id', '64069'); 
insert into keyvalue VALUES ('64069-1.0.0-Offer_ids_master', '64069-1.0.0', 'Post-Pool-1.0.0-Offer_ids_master', null); 
insert into keyvalue VALUES ('64069-1.0.0-Offer_ids_member', '64069-1.0.0', 'Post-Pool-1.0.0-Offer_ids_member', null); 
insert into keyvalue VALUES ('64069-1.0.0-Data_usage_mb', '64069-1.0.0', 'Post-Pool-1.0.0-Data_usage_mb', '10240'); 
insert into keyvalue VALUES ('64069-1.0.0-Price', '64069-1.0.0', 'Post-Pool-1.0.0-Price', '5101'); 
insert into keyvalue VALUES ('64069-1.0.0-Active', '64069-1.0.0', 'Post-Pool-1.0.0-Active', 'false'); 
insert into nestedkeyvalue VALUES ('64069-1.0.0-Name-def', '64069-1.0.0-Name', 'MultiNet 10 GB'); 
insert into nestedkeyvalue VALUES ('64069-1.0.0-Name-eng', '64069-1.0.0-Name', 'MultiNet 10 GB'); 
insert into nestedkeyvalue VALUES ('64069-1.0.0-Name-hun', '64069-1.0.0-Name', 'MultiNet 10 GB'); 
insert into nestedkeyvalue VALUES ('64069-1.0.0-Name-unLocalized', '64069-1.0.0-Name', null); 
insert into keyvalue VALUES ('64069-1.0.0-Name', '64069-1.0.0', 'Post-Pool-1.0.0-Name', null); 
insert into nestedkeyvalue VALUES ('64069-1.0.0-Description-def', '64069-1.0.0-Description', 'Ezzel a csomaggal 10 GB osztható adat áll rendelkezésedre minden számlázási ciklusban. Ha többre van szükséged, válassz kiegészítő adat opcióink közül.'); 
insert into nestedkeyvalue VALUES ('64069-1.0.0-Description-eng', '64069-1.0.0-Description', 'Ezzel a csomaggal 10 GB osztható adat áll rendelkezésedre minden számlázási ciklusban. Ha többre van szükséged, válassz kiegészítő adat opcióink közül.'); 
insert into nestedkeyvalue VALUES ('64069-1.0.0-Description-hun', '64069-1.0.0-Description', 'This tariff has 10 GB of shared mobile internet included in each monthly billing period. If you need more or use all of your 3 GB, you can choose a great value extra data pack from below.'); 
insert into nestedkeyvalue VALUES ('64069-1.0.0-Description-unLocalized', '64069-1.0.0-Description', null); 
insert into keyvalue VALUES ('64069-1.0.0-Description', '64069-1.0.0', 'Post-Pool-1.0.0-Description', null); 
insert into keyvalue VALUES ('64069-1.0.0-Online_selfcare_id', '64069-1.0.0', 'Post-Pool-1.0.0-Online_selfcare_id', null); 
insert into keyvalue VALUES ('64069-1.0.0-Upgrade_pool_ids', '64069-1.0.0', 'Post-Pool-1.0.0-Upgrade_pool_ids', null); 
insert into keyvalue VALUES ('64069-1.0.0-MaxMember', '64069-1.0.0', 'Post-Pool-1.0.0-MaxMember', '2'); 
insert into keyvalue VALUES ('64069-1.0.0-Type', '64069-1.0.0', 'Post-Pool-1.0.0-Type', 'IOYM'); 
insert into keyvalue VALUES ('64069-1.0.0-UnlimitedContentPackages', '64069-1.0.0', 'Post-Pool-1.0.0-UnlimitedContentPackages', null); 
insert into object VALUES ('64068-1.0.0', '64068'); 
insert into nestedkeyvalue VALUES ('64068-1.0.0-PSMCodes-Activation', '64068-1.0.0-PSMCodes', 'MULTINET3GB'); 
insert into keyvalue VALUES ('64068-1.0.0-PSMCodes', '64068-1.0.0', 'Post-Pool-1.0.0-PSMCodes', null); 
insert into objectrelation VALUES ('64068-1.0.0-Addon_ids_master-63202', '64068-1.0.0-Addon_ids_master', '63202-1.0.0'); 
insert into keyvalue VALUES ('64068-1.0.0-Addon_ids_master', '64068-1.0.0', 'Post-Pool-1.0.0-Addon_ids_master', null); 
insert into objectrelation VALUES ('64068-1.0.0-Refill_ids-O_PQREF_787c4', '64068-1.0.0-Refill_ids', 'O_PQREF_787c4-1.0.0'); 
insert into objectrelation VALUES ('64068-1.0.0-Refill_ids-O_PQREF_1574c8', '64068-1.0.0-Refill_ids', 'O_PQREF_1574c8-1.0.0'); 
insert into objectrelation VALUES ('64068-1.0.0-Refill_ids-O_PQREF_3937c01', '64068-1.0.0-Refill_ids', 'O_PQREF_3937c01-1.0.0'); 
insert into objectrelation VALUES ('64068-1.0.0-Refill_ids-63210', '64068-1.0.0-Refill_ids', '63210-1.0.0'); 
insert into objectrelation VALUES ('64068-1.0.0-Refill_ids-63211', '64068-1.0.0-Refill_ids', '63211-1.0.0'); 
insert into objectrelation VALUES ('64068-1.0.0-Refill_ids-63212', '64068-1.0.0-Refill_ids', '63212-1.0.0'); 
insert into keyvalue VALUES ('64068-1.0.0-Refill_ids', '64068-1.0.0', 'Post-Pool-1.0.0-Refill_ids', null); 
insert into keyvalue VALUES ('64068-1.0.0-Featured', '64068-1.0.0', 'Post-Pool-1.0.0-Featured', 'false'); 
insert into keyvalue VALUES ('64068-1.0.0-BaseOfferIncluded', '64068-1.0.0', 'Post-Pool-1.0.0-BaseOfferIncluded', 'true'); 
insert into keyvalue VALUES ('64068-1.0.0-Addon_ids_member', '64068-1.0.0', 'Post-Pool-1.0.0-Addon_ids_member', null); 
insert into keyvalue VALUES ('64068-1.0.0-Id', '64068-1.0.0', 'Post-Pool-1.0.0-Id', '64068'); 
insert into keyvalue VALUES ('64068-1.0.0-Offer_ids_master', '64068-1.0.0', 'Post-Pool-1.0.0-Offer_ids_master', null); 
insert into keyvalue VALUES ('64068-1.0.0-Offer_ids_member', '64068-1.0.0', 'Post-Pool-1.0.0-Offer_ids_member', null); 
insert into keyvalue VALUES ('64068-1.0.0-Data_usage_mb', '64068-1.0.0', 'Post-Pool-1.0.0-Data_usage_mb', '3072'); 
insert into keyvalue VALUES ('64068-1.0.0-Price', '64068-1.0.0', 'Post-Pool-1.0.0-Price', '2779'); 
insert into keyvalue VALUES ('64068-1.0.0-Active', '64068-1.0.0', 'Post-Pool-1.0.0-Active', 'false'); 
insert into nestedkeyvalue VALUES ('64068-1.0.0-Name-def', '64068-1.0.0-Name', 'MultiNet 3 GB'); 
insert into nestedkeyvalue VALUES ('64068-1.0.0-Name-eng', '64068-1.0.0-Name', 'MultiNet 3 GB'); 
insert into nestedkeyvalue VALUES ('64068-1.0.0-Name-hun', '64068-1.0.0-Name', 'MultiNet 3 GB'); 
insert into nestedkeyvalue VALUES ('64068-1.0.0-Name-unLocalized', '64068-1.0.0-Name', null); 
insert into keyvalue VALUES ('64068-1.0.0-Name', '64068-1.0.0', 'Post-Pool-1.0.0-Name', null); 
insert into nestedkeyvalue VALUES ('64068-1.0.0-Description-def', '64068-1.0.0-Description', 'Ezzel a csomaggal 3 GB osztható adat áll rendelkezésedre minden számlázási ciklusban. Ha többre van szükséged, válassz kiegészítő adat opcióink közül.'); 
insert into nestedkeyvalue VALUES ('64068-1.0.0-Description-eng', '64068-1.0.0-Description', 'Ezzel a csomaggal 3 GB osztható adat áll rendelkezésedre minden számlázási ciklusban. Ha többre van szükséged, válassz kiegészítő adat opcióink közül.'); 
insert into nestedkeyvalue VALUES ('64068-1.0.0-Description-hun', '64068-1.0.0-Description', 'This tariff has 3 GB of shared mobile internet included in each monthly billing period. If you need more or use all of your 3 GB, you can choose a great value extra data pack from below.'); 
insert into nestedkeyvalue VALUES ('64068-1.0.0-Description-unLocalized', '64068-1.0.0-Description', null); 
insert into keyvalue VALUES ('64068-1.0.0-Description', '64068-1.0.0', 'Post-Pool-1.0.0-Description', null); 
insert into keyvalue VALUES ('64068-1.0.0-Online_selfcare_id', '64068-1.0.0', 'Post-Pool-1.0.0-Online_selfcare_id', null); 
insert into keyvalue VALUES ('64068-1.0.0-Upgrade_pool_ids', '64068-1.0.0', 'Post-Pool-1.0.0-Upgrade_pool_ids', null); 
insert into keyvalue VALUES ('64068-1.0.0-MaxMember', '64068-1.0.0', 'Post-Pool-1.0.0-MaxMember', '2'); 
insert into keyvalue VALUES ('64068-1.0.0-Type', '64068-1.0.0', 'Post-Pool-1.0.0-Type', 'IOYM'); 
insert into keyvalue VALUES ('64068-1.0.0-UnlimitedContentPackages', '64068-1.0.0', 'Post-Pool-1.0.0-UnlimitedContentPackages', null); 
insert into object VALUES ('66293-1.0.0', '66293'); 
insert into nestedkeyvalue VALUES ('66293-1.0.0-PSMCodes-Activation', '66293-1.0.0-PSMCodes', null); 
insert into keyvalue VALUES ('66293-1.0.0-PSMCodes', '66293-1.0.0', 'Post-Pool-1.0.0-PSMCodes', null); 
insert into objectrelation VALUES ('66293-1.0.0-Addon_ids_master-62611', '66293-1.0.0-Addon_ids_master', '62611-1.0.0'); 
insert into objectrelation VALUES ('66293-1.0.0-Addon_ids_master-62617', '66293-1.0.0-Addon_ids_master', '62617-1.0.0'); 
insert into objectrelation VALUES ('66293-1.0.0-Addon_ids_master-60298', '66293-1.0.0-Addon_ids_master', '60298-1.0.0'); 
insert into objectrelation VALUES ('66293-1.0.0-Addon_ids_master-62618', '66293-1.0.0-Addon_ids_master', '62618-1.0.0'); 
insert into objectrelation VALUES ('66293-1.0.0-Addon_ids_master-62619', '66293-1.0.0-Addon_ids_master', '62619-1.0.0'); 
insert into keyvalue VALUES ('66293-1.0.0-Addon_ids_master', '66293-1.0.0', 'Post-Pool-1.0.0-Addon_ids_master', null); 
insert into objectrelation VALUES ('66293-1.0.0-Refill_ids-O_REFIL_1574c8', '66293-1.0.0-Refill_ids', 'O_REFIL_1574c8-1.0.0'); 
insert into keyvalue VALUES ('66293-1.0.0-Refill_ids', '66293-1.0.0', 'Post-Pool-1.0.0-Refill_ids', null); 
insert into keyvalue VALUES ('66293-1.0.0-Featured', '66293-1.0.0', 'Post-Pool-1.0.0-Featured', 'false'); 
insert into keyvalue VALUES ('66293-1.0.0-BaseOfferIncluded', '66293-1.0.0', 'Post-Pool-1.0.0-BaseOfferIncluded', 'true'); 
insert into keyvalue VALUES ('66293-1.0.0-Addon_ids_member', '66293-1.0.0', 'Post-Pool-1.0.0-Addon_ids_member', null); 
insert into keyvalue VALUES ('66293-1.0.0-Id', '66293-1.0.0', 'Post-Pool-1.0.0-Id', '66293'); 
insert into keyvalue VALUES ('66293-1.0.0-Offer_ids_master', '66293-1.0.0', 'Post-Pool-1.0.0-Offer_ids_master', null); 
insert into keyvalue VALUES ('66293-1.0.0-Offer_ids_member', '66293-1.0.0', 'Post-Pool-1.0.0-Offer_ids_member', null); 
insert into keyvalue VALUES ('66293-1.0.0-Data_usage_mb', '66293-1.0.0', 'Post-Pool-1.0.0-Data_usage_mb', '10240'); 
insert into keyvalue VALUES ('66293-1.0.0-Price', '66293-1.0.0', 'Post-Pool-1.0.0-Price', '0'); 
insert into keyvalue VALUES ('66293-1.0.0-Active', '66293-1.0.0', 'Post-Pool-1.0.0-Active', 'false'); 
insert into nestedkeyvalue VALUES ('66293-1.0.0-Name-def', '66293-1.0.0-Name', 'Osztható adat 10 GB'); 
insert into nestedkeyvalue VALUES ('66293-1.0.0-Name-eng', '66293-1.0.0-Name', 'Osztható adat 10 GB'); 
insert into nestedkeyvalue VALUES ('66293-1.0.0-Name-hun', '66293-1.0.0-Name', 'Shared data 10 GB'); 
insert into nestedkeyvalue VALUES ('66293-1.0.0-Name-unLocalized', '66293-1.0.0-Name', null); 
insert into keyvalue VALUES ('66293-1.0.0-Name', '66293-1.0.0', 'Post-Pool-1.0.0-Name', null); 
insert into nestedkeyvalue VALUES ('66293-1.0.0-Description-def', '66293-1.0.0-Description', 'Ezzel a csomaggal 10 GB osztható adat áll rendelkezésedre minden számlázási ciklusban. Ha többre van szükséged, válassz kiegészítő adat opcióink közül.'); 
insert into nestedkeyvalue VALUES ('66293-1.0.0-Description-eng', '66293-1.0.0-Description', 'Ezzel a csomaggal 10 GB osztható adat áll rendelkezésedre minden számlázási ciklusban. Ha többre van szükséged, válassz kiegészítő adat opcióink közül.'); 
insert into nestedkeyvalue VALUES ('66293-1.0.0-Description-hun', '66293-1.0.0-Description', 'This tariff has 10 GB of shared mobile internet included in each monthly billing period. If you need more or use all of your 10 GB, you can choose a great value extra data pack from below.'); 
insert into nestedkeyvalue VALUES ('66293-1.0.0-Description-unLocalized', '66293-1.0.0-Description', null); 
insert into keyvalue VALUES ('66293-1.0.0-Description', '66293-1.0.0', 'Post-Pool-1.0.0-Description', null); 
insert into keyvalue VALUES ('66293-1.0.0-Online_selfcare_id', '66293-1.0.0', 'Post-Pool-1.0.0-Online_selfcare_id', null); 
insert into keyvalue VALUES ('66293-1.0.0-Upgrade_pool_ids', '66293-1.0.0', 'Post-Pool-1.0.0-Upgrade_pool_ids', null); 
insert into keyvalue VALUES ('66293-1.0.0-MaxMember', '66293-1.0.0', 'Post-Pool-1.0.0-MaxMember', '2'); 
insert into keyvalue VALUES ('66293-1.0.0-Type', '66293-1.0.0', 'Post-Pool-1.0.0-Type', 'IOYM'); 
insert into objectrelation VALUES ('66293-1.0.0-UnlimitedContentPackages-UCP67695', '66293-1.0.0-UnlimitedContentPackages', 'UCP67695-1.0.0'); 
insert into objectrelation VALUES ('66293-1.0.0-UnlimitedContentPackages-UCP67694', '66293-1.0.0-UnlimitedContentPackages', 'UCP67694-1.0.0'); 
insert into objectrelation VALUES ('66293-1.0.0-UnlimitedContentPackages-UCP67693', '66293-1.0.0-UnlimitedContentPackages', 'UCP67693-1.0.0'); 
insert into objectrelation VALUES ('66293-1.0.0-UnlimitedContentPackages-UCP67696', '66293-1.0.0-UnlimitedContentPackages', 'UCP67696-1.0.0'); 
insert into keyvalue VALUES ('66293-1.0.0-UnlimitedContentPackages', '66293-1.0.0', 'Post-Pool-1.0.0-UnlimitedContentPackages', null); 
insert into object VALUES ('67326-1.0.0', '67326'); 
insert into nestedkeyvalue VALUES ('67326-1.0.0-PSMCodes-Activation', '67326-1.0.0-PSMCodes', 'BG1GB'); 
insert into keyvalue VALUES ('67326-1.0.0-PSMCodes', '67326-1.0.0', 'Post-Pool-1.0.0-PSMCodes', null); 
insert into keyvalue VALUES ('67326-1.0.0-Addon_ids_master', '67326-1.0.0', 'Post-Pool-1.0.0-Addon_ids_master', null); 
insert into objectrelation VALUES ('67326-1.0.0-Refill_ids-O_KREF_2118c64', '67326-1.0.0-Refill_ids', 'O_KREF_2118c64-1.0.0'); 
insert into keyvalue VALUES ('67326-1.0.0-Refill_ids', '67326-1.0.0', 'Post-Pool-1.0.0-Refill_ids', null); 
insert into keyvalue VALUES ('67326-1.0.0-Featured', '67326-1.0.0', 'Post-Pool-1.0.0-Featured', 'false'); 
insert into keyvalue VALUES ('67326-1.0.0-BaseOfferIncluded', '67326-1.0.0', 'Post-Pool-1.0.0-BaseOfferIncluded', 'true'); 
insert into keyvalue VALUES ('67326-1.0.0-Addon_ids_member', '67326-1.0.0', 'Post-Pool-1.0.0-Addon_ids_member', null); 
insert into keyvalue VALUES ('67326-1.0.0-Id', '67326-1.0.0', 'Post-Pool-1.0.0-Id', '67326'); 
insert into keyvalue VALUES ('67326-1.0.0-Offer_ids_master', '67326-1.0.0', 'Post-Pool-1.0.0-Offer_ids_master', null); 
insert into keyvalue VALUES ('67326-1.0.0-Offer_ids_member', '67326-1.0.0', 'Post-Pool-1.0.0-Offer_ids_member', null); 
insert into keyvalue VALUES ('67326-1.0.0-Data_usage_mb', '67326-1.0.0', 'Post-Pool-1.0.0-Data_usage_mb', '1024'); 
insert into keyvalue VALUES ('67326-1.0.0-Price', '67326-1.0.0', 'Post-Pool-1.0.0-Price', '0'); 
insert into keyvalue VALUES ('67326-1.0.0-Active', '67326-1.0.0', 'Post-Pool-1.0.0-Active', 'false'); 
insert into nestedkeyvalue VALUES ('67326-1.0.0-Name-def', '67326-1.0.0-Name', 'Osztható adat 1 GB'); 
insert into nestedkeyvalue VALUES ('67326-1.0.0-Name-eng', '67326-1.0.0-Name', 'Osztható adat 1 GB'); 
insert into nestedkeyvalue VALUES ('67326-1.0.0-Name-hun', '67326-1.0.0-Name', 'Shared data 1 GB'); 
insert into nestedkeyvalue VALUES ('67326-1.0.0-Name-unLocalized', '67326-1.0.0-Name', null); 
insert into keyvalue VALUES ('67326-1.0.0-Name', '67326-1.0.0', 'Post-Pool-1.0.0-Name', null); 
insert into nestedkeyvalue VALUES ('67326-1.0.0-Description-def', '67326-1.0.0-Description', 'Ezzel a csomaggal 1 GB osztható adat áll rendelkezésedre minden számlázási ciklusban. Ha többre van szükséged, válassz kiegészítő adat opcióink közül.'); 
insert into nestedkeyvalue VALUES ('67326-1.0.0-Description-eng', '67326-1.0.0-Description', 'Ezzel a csomaggal 1 GB osztható adat áll rendelkezésedre minden számlázási ciklusban. Ha többre van szükséged, válassz kiegészítő adat opcióink közül.'); 
insert into nestedkeyvalue VALUES ('67326-1.0.0-Description-hun', '67326-1.0.0-Description', 'This tariff has 1 GB of shared mobile internet included in each monthly billing period. If you need more or use all of your 1 GB, you can choose a great value extra data pack from below.'); 
insert into nestedkeyvalue VALUES ('67326-1.0.0-Description-unLocalized', '67326-1.0.0-Description', null); 
insert into keyvalue VALUES ('67326-1.0.0-Description', '67326-1.0.0', 'Post-Pool-1.0.0-Description', null); 
insert into keyvalue VALUES ('67326-1.0.0-Online_selfcare_id', '67326-1.0.0', 'Post-Pool-1.0.0-Online_selfcare_id', null); 
insert into keyvalue VALUES ('67326-1.0.0-Upgrade_pool_ids', '67326-1.0.0', 'Post-Pool-1.0.0-Upgrade_pool_ids', null); 
insert into keyvalue VALUES ('67326-1.0.0-MaxMember', '67326-1.0.0', 'Post-Pool-1.0.0-MaxMember', '20'); 
insert into keyvalue VALUES ('67326-1.0.0-Type', '67326-1.0.0', 'Post-Pool-1.0.0-Type', 'IOYM'); 
insert into keyvalue VALUES ('67326-1.0.0-UnlimitedContentPackages', '67326-1.0.0', 'Post-Pool-1.0.0-UnlimitedContentPackages', null); 
insert into object VALUES ('67500-1.0.0', '67500'); 
insert into nestedkeyvalue VALUES ('67500-1.0.0-PSMCodes-Activation', '67500-1.0.0-PSMCodes', 'BG50GB'); 
insert into keyvalue VALUES ('67500-1.0.0-PSMCodes', '67500-1.0.0', 'Post-Pool-1.0.0-PSMCodes', null); 
insert into keyvalue VALUES ('67500-1.0.0-Addon_ids_master', '67500-1.0.0', 'Post-Pool-1.0.0-Addon_ids_master', null); 
insert into objectrelation VALUES ('67500-1.0.0-Refill_ids-O_KREF_12711c86', '67500-1.0.0-Refill_ids', 'O_KREF_12711c86-1.0.0'); 
insert into objectrelation VALUES ('67500-1.0.0-Refill_ids-O_KREF_21186c44', '67500-1.0.0-Refill_ids', 'O_KREF_21186c44-1.0.0'); 
insert into objectrelation VALUES ('67500-1.0.0-Refill_ids-O_KREF_38135c59', '67500-1.0.0-Refill_ids', 'O_KREF_38135c59-1.0.0'); 
insert into keyvalue VALUES ('67500-1.0.0-Refill_ids', '67500-1.0.0', 'Post-Pool-1.0.0-Refill_ids', null); 
insert into keyvalue VALUES ('67500-1.0.0-Featured', '67500-1.0.0', 'Post-Pool-1.0.0-Featured', 'false'); 
insert into keyvalue VALUES ('67500-1.0.0-BaseOfferIncluded', '67500-1.0.0', 'Post-Pool-1.0.0-BaseOfferIncluded', 'true'); 
insert into keyvalue VALUES ('67500-1.0.0-Addon_ids_member', '67500-1.0.0', 'Post-Pool-1.0.0-Addon_ids_member', null); 
insert into keyvalue VALUES ('67500-1.0.0-Id', '67500-1.0.0', 'Post-Pool-1.0.0-Id', '67500'); 
insert into keyvalue VALUES ('67500-1.0.0-Offer_ids_master', '67500-1.0.0', 'Post-Pool-1.0.0-Offer_ids_master', null); 
insert into keyvalue VALUES ('67500-1.0.0-Offer_ids_member', '67500-1.0.0', 'Post-Pool-1.0.0-Offer_ids_member', null); 
insert into keyvalue VALUES ('67500-1.0.0-Data_usage_mb', '67500-1.0.0', 'Post-Pool-1.0.0-Data_usage_mb', '51200'); 
insert into keyvalue VALUES ('67500-1.0.0-Price', '67500-1.0.0', 'Post-Pool-1.0.0-Price', '0'); 
insert into keyvalue VALUES ('67500-1.0.0-Active', '67500-1.0.0', 'Post-Pool-1.0.0-Active', 'false'); 
insert into nestedkeyvalue VALUES ('67500-1.0.0-Name-def', '67500-1.0.0-Name', 'Osztható adat 50 GB'); 
insert into nestedkeyvalue VALUES ('67500-1.0.0-Name-eng', '67500-1.0.0-Name', 'Osztható adat 50 GB'); 
insert into nestedkeyvalue VALUES ('67500-1.0.0-Name-hun', '67500-1.0.0-Name', 'Shared data 50 GB'); 
insert into nestedkeyvalue VALUES ('67500-1.0.0-Name-unLocalized', '67500-1.0.0-Name', null); 
insert into keyvalue VALUES ('67500-1.0.0-Name', '67500-1.0.0', 'Post-Pool-1.0.0-Name', null); 
insert into nestedkeyvalue VALUES ('67500-1.0.0-Description-def', '67500-1.0.0-Description', 'Ezzel a csomaggal 50 GB osztható adat áll rendelkezésedre minden számlázási ciklusban. Ha többre van szükséged, válassz kiegészítő adat opcióink közül.'); 
insert into nestedkeyvalue VALUES ('67500-1.0.0-Description-eng', '67500-1.0.0-Description', 'Ezzel a csomaggal 50 GB osztható adat áll rendelkezésedre minden számlázási ciklusban. Ha többre van szükséged, válassz kiegészítő adat opcióink közül.'); 
insert into nestedkeyvalue VALUES ('67500-1.0.0-Description-hun', '67500-1.0.0-Description', 'This tariff has 50 GB of shared mobile internet included in each monthly billing period. If you need more or use all of your 50 GB, you can choose a great value extra data pack from below.'); 
insert into nestedkeyvalue VALUES ('67500-1.0.0-Description-unLocalized', '67500-1.0.0-Description', null); 
insert into keyvalue VALUES ('67500-1.0.0-Description', '67500-1.0.0', 'Post-Pool-1.0.0-Description', null); 
insert into keyvalue VALUES ('67500-1.0.0-Online_selfcare_id', '67500-1.0.0', 'Post-Pool-1.0.0-Online_selfcare_id', null); 
insert into keyvalue VALUES ('67500-1.0.0-Upgrade_pool_ids', '67500-1.0.0', 'Post-Pool-1.0.0-Upgrade_pool_ids', null); 
insert into keyvalue VALUES ('67500-1.0.0-MaxMember', '67500-1.0.0', 'Post-Pool-1.0.0-MaxMember', '20'); 
insert into keyvalue VALUES ('67500-1.0.0-Type', '67500-1.0.0', 'Post-Pool-1.0.0-Type', 'IOYM'); 
insert into keyvalue VALUES ('67500-1.0.0-UnlimitedContentPackages', '67500-1.0.0', 'Post-Pool-1.0.0-UnlimitedContentPackages', null); 
insert into object VALUES ('67499-1.0.0', '67499'); 
insert into nestedkeyvalue VALUES ('67499-1.0.0-PSMCodes-Activation', '67499-1.0.0-PSMCodes', 'BG20GB'); 
insert into keyvalue VALUES ('67499-1.0.0-PSMCodes', '67499-1.0.0', 'Post-Pool-1.0.0-PSMCodes', null); 
insert into keyvalue VALUES ('67499-1.0.0-Addon_ids_master', '67499-1.0.0', 'Post-Pool-1.0.0-Addon_ids_master', null); 
insert into objectrelation VALUES ('67499-1.0.0-Refill_ids-O_KREF_8474c58', '67499-1.0.0-Refill_ids', 'O_KREF_8474c58-1.0.0'); 
insert into objectrelation VALUES ('67499-1.0.0-Refill_ids-O_KREF_12711c86', '67499-1.0.0-Refill_ids', 'O_KREF_12711c86-1.0.0'); 
insert into objectrelation VALUES ('67499-1.0.0-Refill_ids-O_KREF_21186c44', '67499-1.0.0-Refill_ids', 'O_KREF_21186c44-1.0.0'); 
insert into keyvalue VALUES ('67499-1.0.0-Refill_ids', '67499-1.0.0', 'Post-Pool-1.0.0-Refill_ids', null); 
insert into keyvalue VALUES ('67499-1.0.0-Featured', '67499-1.0.0', 'Post-Pool-1.0.0-Featured', 'false'); 
insert into keyvalue VALUES ('67499-1.0.0-BaseOfferIncluded', '67499-1.0.0', 'Post-Pool-1.0.0-BaseOfferIncluded', 'true'); 
insert into keyvalue VALUES ('67499-1.0.0-Addon_ids_member', '67499-1.0.0', 'Post-Pool-1.0.0-Addon_ids_member', null); 
insert into keyvalue VALUES ('67499-1.0.0-Id', '67499-1.0.0', 'Post-Pool-1.0.0-Id', '67499'); 
insert into keyvalue VALUES ('67499-1.0.0-Offer_ids_master', '67499-1.0.0', 'Post-Pool-1.0.0-Offer_ids_master', null); 
insert into keyvalue VALUES ('67499-1.0.0-Offer_ids_member', '67499-1.0.0', 'Post-Pool-1.0.0-Offer_ids_member', null); 
insert into keyvalue VALUES ('67499-1.0.0-Data_usage_mb', '67499-1.0.0', 'Post-Pool-1.0.0-Data_usage_mb', '20480'); 
insert into keyvalue VALUES ('67499-1.0.0-Price', '67499-1.0.0', 'Post-Pool-1.0.0-Price', '0'); 
insert into keyvalue VALUES ('67499-1.0.0-Active', '67499-1.0.0', 'Post-Pool-1.0.0-Active', 'false'); 
insert into nestedkeyvalue VALUES ('67499-1.0.0-Name-def', '67499-1.0.0-Name', 'Osztható adat 20 GB'); 
insert into nestedkeyvalue VALUES ('67499-1.0.0-Name-eng', '67499-1.0.0-Name', 'Osztható adat 20 GB'); 
insert into nestedkeyvalue VALUES ('67499-1.0.0-Name-hun', '67499-1.0.0-Name', 'Shared data 20 GB'); 
insert into nestedkeyvalue VALUES ('67499-1.0.0-Name-unLocalized', '67499-1.0.0-Name', null); 
insert into keyvalue VALUES ('67499-1.0.0-Name', '67499-1.0.0', 'Post-Pool-1.0.0-Name', null); 
insert into nestedkeyvalue VALUES ('67499-1.0.0-Description-def', '67499-1.0.0-Description', 'Ezzel a csomaggal 20 GB osztható adat áll rendelkezésedre minden számlázási ciklusban. Ha többre van szükséged, válassz kiegészítő adat opcióink közül.'); 
insert into nestedkeyvalue VALUES ('67499-1.0.0-Description-eng', '67499-1.0.0-Description', 'Ezzel a csomaggal 20 GB osztható adat áll rendelkezésedre minden számlázási ciklusban. Ha többre van szükséged, válassz kiegészítő adat opcióink közül.'); 
insert into nestedkeyvalue VALUES ('67499-1.0.0-Description-hun', '67499-1.0.0-Description', 'This tariff has 20 GB of shared mobile internet included in each monthly billing period. If you need more or use all of your 20 GB, you can choose a great value extra data pack from below.'); 
insert into nestedkeyvalue VALUES ('67499-1.0.0-Description-unLocalized', '67499-1.0.0-Description', null); 
insert into keyvalue VALUES ('67499-1.0.0-Description', '67499-1.0.0', 'Post-Pool-1.0.0-Description', null); 
insert into keyvalue VALUES ('67499-1.0.0-Online_selfcare_id', '67499-1.0.0', 'Post-Pool-1.0.0-Online_selfcare_id', null); 
insert into keyvalue VALUES ('67499-1.0.0-Upgrade_pool_ids', '67499-1.0.0', 'Post-Pool-1.0.0-Upgrade_pool_ids', null); 
insert into keyvalue VALUES ('67499-1.0.0-MaxMember', '67499-1.0.0', 'Post-Pool-1.0.0-MaxMember', '20'); 
insert into keyvalue VALUES ('67499-1.0.0-Type', '67499-1.0.0', 'Post-Pool-1.0.0-Type', 'IOYM'); 
insert into keyvalue VALUES ('67499-1.0.0-UnlimitedContentPackages', '67499-1.0.0', 'Post-Pool-1.0.0-UnlimitedContentPackages', null); 
insert into object VALUES ('67498-1.0.0', '67498'); 
insert into nestedkeyvalue VALUES ('67498-1.0.0-PSMCodes-Activation', '67498-1.0.0-PSMCodes', 'BG10GB'); 
insert into keyvalue VALUES ('67498-1.0.0-PSMCodes', '67498-1.0.0', 'Post-Pool-1.0.0-PSMCodes', null); 
insert into keyvalue VALUES ('67498-1.0.0-Addon_ids_master', '67498-1.0.0', 'Post-Pool-1.0.0-Addon_ids_master', null); 
insert into objectrelation VALUES ('67498-1.0.0-Refill_ids-O_KREF_2118c64', '67498-1.0.0-Refill_ids', 'O_KREF_2118c64-1.0.0'); 
insert into objectrelation VALUES ('67498-1.0.0-Refill_ids-O_KREF_8474c58', '67498-1.0.0-Refill_ids', 'O_KREF_8474c58-1.0.0'); 
insert into objectrelation VALUES ('67498-1.0.0-Refill_ids-O_KREF_12711c86', '67498-1.0.0-Refill_ids', 'O_KREF_12711c86-1.0.0'); 
insert into keyvalue VALUES ('67498-1.0.0-Refill_ids', '67498-1.0.0', 'Post-Pool-1.0.0-Refill_ids', null); 
insert into keyvalue VALUES ('67498-1.0.0-Featured', '67498-1.0.0', 'Post-Pool-1.0.0-Featured', 'false'); 
insert into keyvalue VALUES ('67498-1.0.0-BaseOfferIncluded', '67498-1.0.0', 'Post-Pool-1.0.0-BaseOfferIncluded', 'true'); 
insert into keyvalue VALUES ('67498-1.0.0-Addon_ids_member', '67498-1.0.0', 'Post-Pool-1.0.0-Addon_ids_member', null); 
insert into keyvalue VALUES ('67498-1.0.0-Id', '67498-1.0.0', 'Post-Pool-1.0.0-Id', '67498'); 
insert into keyvalue VALUES ('67498-1.0.0-Offer_ids_master', '67498-1.0.0', 'Post-Pool-1.0.0-Offer_ids_master', null); 
insert into keyvalue VALUES ('67498-1.0.0-Offer_ids_member', '67498-1.0.0', 'Post-Pool-1.0.0-Offer_ids_member', null); 
insert into keyvalue VALUES ('67498-1.0.0-Data_usage_mb', '67498-1.0.0', 'Post-Pool-1.0.0-Data_usage_mb', '10240'); 
insert into keyvalue VALUES ('67498-1.0.0-Price', '67498-1.0.0', 'Post-Pool-1.0.0-Price', '0'); 
insert into keyvalue VALUES ('67498-1.0.0-Active', '67498-1.0.0', 'Post-Pool-1.0.0-Active', 'false'); 
insert into nestedkeyvalue VALUES ('67498-1.0.0-Name-def', '67498-1.0.0-Name', 'Osztható adat 10 GB'); 
insert into nestedkeyvalue VALUES ('67498-1.0.0-Name-eng', '67498-1.0.0-Name', 'Osztható adat 10 GB'); 
insert into nestedkeyvalue VALUES ('67498-1.0.0-Name-hun', '67498-1.0.0-Name', 'Shared data 10 GB'); 
insert into nestedkeyvalue VALUES ('67498-1.0.0-Name-unLocalized', '67498-1.0.0-Name', null); 
insert into keyvalue VALUES ('67498-1.0.0-Name', '67498-1.0.0', 'Post-Pool-1.0.0-Name', null); 
insert into nestedkeyvalue VALUES ('67498-1.0.0-Description-def', '67498-1.0.0-Description', 'Ezzel a csomaggal 10 GB osztható adat áll rendelkezésedre minden számlázási ciklusban. Ha többre van szükséged, válassz kiegészítő adat opcióink közül'); 
insert into nestedkeyvalue VALUES ('67498-1.0.0-Description-eng', '67498-1.0.0-Description', 'Ezzel a csomaggal 10 GB osztható adat áll rendelkezésedre minden számlázási ciklusban. Ha többre van szükséged, válassz kiegészítő adat opcióink közül'); 
insert into nestedkeyvalue VALUES ('67498-1.0.0-Description-hun', '67498-1.0.0-Description', 'This tariff has 10 GB of shared mobile internet included in each monthly billing period. If you need more or use all of your 10 GB, you can choose a great value extra data pack from below.'); 
insert into nestedkeyvalue VALUES ('67498-1.0.0-Description-unLocalized', '67498-1.0.0-Description', null); 
insert into keyvalue VALUES ('67498-1.0.0-Description', '67498-1.0.0', 'Post-Pool-1.0.0-Description', null); 
insert into keyvalue VALUES ('67498-1.0.0-Online_selfcare_id', '67498-1.0.0', 'Post-Pool-1.0.0-Online_selfcare_id', null); 
insert into keyvalue VALUES ('67498-1.0.0-Upgrade_pool_ids', '67498-1.0.0', 'Post-Pool-1.0.0-Upgrade_pool_ids', null); 
insert into keyvalue VALUES ('67498-1.0.0-MaxMember', '67498-1.0.0', 'Post-Pool-1.0.0-MaxMember', '20'); 
insert into keyvalue VALUES ('67498-1.0.0-Type', '67498-1.0.0', 'Post-Pool-1.0.0-Type', 'IOYM'); 
insert into keyvalue VALUES ('67498-1.0.0-UnlimitedContentPackages', '67498-1.0.0', 'Post-Pool-1.0.0-UnlimitedContentPackages', null); 
insert into object VALUES ('67497-1.0.0', '67497'); 
insert into nestedkeyvalue VALUES ('67497-1.0.0-PSMCodes-Activation', '67497-1.0.0-PSMCodes', 'BG5GB'); 
insert into keyvalue VALUES ('67497-1.0.0-PSMCodes', '67497-1.0.0', 'Post-Pool-1.0.0-PSMCodes', null); 
insert into keyvalue VALUES ('67497-1.0.0-Addon_ids_master', '67497-1.0.0', 'Post-Pool-1.0.0-Addon_ids_master', null); 
insert into objectrelation VALUES ('67497-1.0.0-Refill_ids-O_KREF_2118c64', '67497-1.0.0-Refill_ids', 'O_KREF_2118c64-1.0.0'); 
insert into objectrelation VALUES ('67497-1.0.0-Refill_ids-O_KREF_8474c58', '67497-1.0.0-Refill_ids', 'O_KREF_8474c58-1.0.0'); 
insert into keyvalue VALUES ('67497-1.0.0-Refill_ids', '67497-1.0.0', 'Post-Pool-1.0.0-Refill_ids', null); 
insert into keyvalue VALUES ('67497-1.0.0-Featured', '67497-1.0.0', 'Post-Pool-1.0.0-Featured', 'false'); 
insert into keyvalue VALUES ('67497-1.0.0-BaseOfferIncluded', '67497-1.0.0', 'Post-Pool-1.0.0-BaseOfferIncluded', 'true'); 
insert into keyvalue VALUES ('67497-1.0.0-Addon_ids_member', '67497-1.0.0', 'Post-Pool-1.0.0-Addon_ids_member', null); 
insert into keyvalue VALUES ('67497-1.0.0-Id', '67497-1.0.0', 'Post-Pool-1.0.0-Id', '67497'); 
insert into keyvalue VALUES ('67497-1.0.0-Offer_ids_master', '67497-1.0.0', 'Post-Pool-1.0.0-Offer_ids_master', null); 
insert into keyvalue VALUES ('67497-1.0.0-Offer_ids_member', '67497-1.0.0', 'Post-Pool-1.0.0-Offer_ids_member', null); 
insert into keyvalue VALUES ('67497-1.0.0-Data_usage_mb', '67497-1.0.0', 'Post-Pool-1.0.0-Data_usage_mb', '5120'); 
insert into keyvalue VALUES ('67497-1.0.0-Price', '67497-1.0.0', 'Post-Pool-1.0.0-Price', '0'); 
insert into keyvalue VALUES ('67497-1.0.0-Active', '67497-1.0.0', 'Post-Pool-1.0.0-Active', 'false'); 
insert into nestedkeyvalue VALUES ('67497-1.0.0-Name-def', '67497-1.0.0-Name', 'Osztható adat 5 GB'); 
insert into nestedkeyvalue VALUES ('67497-1.0.0-Name-eng', '67497-1.0.0-Name', 'Osztható adat 5 GB'); 
insert into nestedkeyvalue VALUES ('67497-1.0.0-Name-hun', '67497-1.0.0-Name', 'Shared data 5 GB'); 
insert into nestedkeyvalue VALUES ('67497-1.0.0-Name-unLocalized', '67497-1.0.0-Name', null); 
insert into keyvalue VALUES ('67497-1.0.0-Name', '67497-1.0.0', 'Post-Pool-1.0.0-Name', null); 
insert into nestedkeyvalue VALUES ('67497-1.0.0-Description-def', '67497-1.0.0-Description', 'Ezzel a csomaggal 5 GB osztható adat áll rendelkezésedre minden számlázási ciklusban. Ha többre van szükséged, válassz kiegészítő adat opcióink közül.'); 
insert into nestedkeyvalue VALUES ('67497-1.0.0-Description-eng', '67497-1.0.0-Description', 'Ezzel a csomaggal 5 GB osztható adat áll rendelkezésedre minden számlázási ciklusban. Ha többre van szükséged, válassz kiegészítő adat opcióink közül.'); 
insert into nestedkeyvalue VALUES ('67497-1.0.0-Description-hun', '67497-1.0.0-Description', 'This tariff has 5 GB of shared mobile internet included in each monthly billing period. If you need more or use all of your 5 GB, you can choose a great value extra data pack from below.'); 
insert into nestedkeyvalue VALUES ('67497-1.0.0-Description-unLocalized', '67497-1.0.0-Description', null); 
insert into keyvalue VALUES ('67497-1.0.0-Description', '67497-1.0.0', 'Post-Pool-1.0.0-Description', null); 
insert into keyvalue VALUES ('67497-1.0.0-Online_selfcare_id', '67497-1.0.0', 'Post-Pool-1.0.0-Online_selfcare_id', null); 
insert into keyvalue VALUES ('67497-1.0.0-Upgrade_pool_ids', '67497-1.0.0', 'Post-Pool-1.0.0-Upgrade_pool_ids', null); 
insert into keyvalue VALUES ('67497-1.0.0-MaxMember', '67497-1.0.0', 'Post-Pool-1.0.0-MaxMember', '20'); 
insert into keyvalue VALUES ('67497-1.0.0-Type', '67497-1.0.0', 'Post-Pool-1.0.0-Type', 'IOYM'); 
insert into objectrelation VALUES ('67497-1.0.0-UnlimitedContentPackages-UCP67695', '67497-1.0.0-UnlimitedContentPackages', 'UCP67695-1.0.0'); 
insert into objectrelation VALUES ('67497-1.0.0-UnlimitedContentPackages-UCP67694', '67497-1.0.0-UnlimitedContentPackages', 'UCP67694-1.0.0'); 
insert into objectrelation VALUES ('67497-1.0.0-UnlimitedContentPackages-UCP67693', '67497-1.0.0-UnlimitedContentPackages', 'UCP67693-1.0.0'); 
insert into objectrelation VALUES ('67497-1.0.0-UnlimitedContentPackages-UCP67696', '67497-1.0.0-UnlimitedContentPackages', 'UCP67696-1.0.0'); 
insert into keyvalue VALUES ('67497-1.0.0-UnlimitedContentPackages', '67497-1.0.0', 'Post-Pool-1.0.0-UnlimitedContentPackages', null); 
insert into object VALUES ('67496-1.0.0', '67496'); 
insert into nestedkeyvalue VALUES ('67496-1.0.0-PSMCodes-Activation', '67496-1.0.0-PSMCodes', 'BG50GB2EV'); 
insert into keyvalue VALUES ('67496-1.0.0-PSMCodes', '67496-1.0.0', 'Post-Pool-1.0.0-PSMCodes', null); 
insert into keyvalue VALUES ('67496-1.0.0-Addon_ids_master', '67496-1.0.0', 'Post-Pool-1.0.0-Addon_ids_master', null); 
insert into objectrelation VALUES ('67496-1.0.0-Refill_ids-O_KREF_12711c86', '67496-1.0.0-Refill_ids', 'O_KREF_12711c86-1.0.0'); 
insert into objectrelation VALUES ('67496-1.0.0-Refill_ids-O_KREF_21186c44', '67496-1.0.0-Refill_ids', 'O_KREF_21186c44-1.0.0'); 
insert into objectrelation VALUES ('67496-1.0.0-Refill_ids-O_KREF_38135c59', '67496-1.0.0-Refill_ids', 'O_KREF_38135c59-1.0.0'); 
insert into keyvalue VALUES ('67496-1.0.0-Refill_ids', '67496-1.0.0', 'Post-Pool-1.0.0-Refill_ids', null); 
insert into keyvalue VALUES ('67496-1.0.0-Featured', '67496-1.0.0', 'Post-Pool-1.0.0-Featured', 'false'); 
insert into keyvalue VALUES ('67496-1.0.0-BaseOfferIncluded', '67496-1.0.0', 'Post-Pool-1.0.0-BaseOfferIncluded', 'true'); 
insert into keyvalue VALUES ('67496-1.0.0-Addon_ids_member', '67496-1.0.0', 'Post-Pool-1.0.0-Addon_ids_member', null); 
insert into keyvalue VALUES ('67496-1.0.0-Id', '67496-1.0.0', 'Post-Pool-1.0.0-Id', '67496'); 
insert into keyvalue VALUES ('67496-1.0.0-Offer_ids_master', '67496-1.0.0', 'Post-Pool-1.0.0-Offer_ids_master', null); 
insert into keyvalue VALUES ('67496-1.0.0-Offer_ids_member', '67496-1.0.0', 'Post-Pool-1.0.0-Offer_ids_member', null); 
insert into keyvalue VALUES ('67496-1.0.0-Data_usage_mb', '67496-1.0.0', 'Post-Pool-1.0.0-Data_usage_mb', '51200'); 
insert into keyvalue VALUES ('67496-1.0.0-Price', '67496-1.0.0', 'Post-Pool-1.0.0-Price', '0'); 
insert into keyvalue VALUES ('67496-1.0.0-Active', '67496-1.0.0', 'Post-Pool-1.0.0-Active', 'false'); 
insert into nestedkeyvalue VALUES ('67496-1.0.0-Name-def', '67496-1.0.0-Name', 'Osztható adat 50 GB'); 
insert into nestedkeyvalue VALUES ('67496-1.0.0-Name-eng', '67496-1.0.0-Name', 'Osztható adat 50 GB'); 
insert into nestedkeyvalue VALUES ('67496-1.0.0-Name-hun', '67496-1.0.0-Name', 'Shared data 50 GB'); 
insert into nestedkeyvalue VALUES ('67496-1.0.0-Name-unLocalized', '67496-1.0.0-Name', null); 
insert into keyvalue VALUES ('67496-1.0.0-Name', '67496-1.0.0', 'Post-Pool-1.0.0-Name', null); 
insert into nestedkeyvalue VALUES ('67496-1.0.0-Description-def', '67496-1.0.0-Description', 'Ezzel a csomaggal 50 GB osztható adat áll rendelkezésedre minden számlázási ciklusban. Ha többre van szükséged, válassz kiegészítő adat opcióink közül.'); 
insert into nestedkeyvalue VALUES ('67496-1.0.0-Description-eng', '67496-1.0.0-Description', 'Ezzel a csomaggal 50 GB osztható adat áll rendelkezésedre minden számlázási ciklusban. Ha többre van szükséged, válassz kiegészítő adat opcióink közül.'); 
insert into nestedkeyvalue VALUES ('67496-1.0.0-Description-hun', '67496-1.0.0-Description', 'This tariff has 50 GB of shared mobile internet included in each monthly billing period. If you need more or use all of your 50 GB, you can choose a great value extra data pack from below.'); 
insert into nestedkeyvalue VALUES ('67496-1.0.0-Description-unLocalized', '67496-1.0.0-Description', null); 
insert into keyvalue VALUES ('67496-1.0.0-Description', '67496-1.0.0', 'Post-Pool-1.0.0-Description', null); 
insert into keyvalue VALUES ('67496-1.0.0-Online_selfcare_id', '67496-1.0.0', 'Post-Pool-1.0.0-Online_selfcare_id', null); 
insert into keyvalue VALUES ('67496-1.0.0-Upgrade_pool_ids', '67496-1.0.0', 'Post-Pool-1.0.0-Upgrade_pool_ids', null); 
insert into keyvalue VALUES ('67496-1.0.0-MaxMember', '67496-1.0.0', 'Post-Pool-1.0.0-MaxMember', '20'); 
insert into keyvalue VALUES ('67496-1.0.0-Type', '67496-1.0.0', 'Post-Pool-1.0.0-Type', 'IOYM'); 
insert into keyvalue VALUES ('67496-1.0.0-UnlimitedContentPackages', '67496-1.0.0', 'Post-Pool-1.0.0-UnlimitedContentPackages', null); 
insert into object VALUES ('67495-1.0.0', '67495'); 
insert into nestedkeyvalue VALUES ('67495-1.0.0-PSMCodes-Activation', '67495-1.0.0-PSMCodes', 'BG20GB2EV'); 
insert into keyvalue VALUES ('67495-1.0.0-PSMCodes', '67495-1.0.0', 'Post-Pool-1.0.0-PSMCodes', null); 
insert into keyvalue VALUES ('67495-1.0.0-Addon_ids_master', '67495-1.0.0', 'Post-Pool-1.0.0-Addon_ids_master', null); 
insert into objectrelation VALUES ('67495-1.0.0-Refill_ids-O_KREF_8474c58', '67495-1.0.0-Refill_ids', 'O_KREF_8474c58-1.0.0'); 
insert into objectrelation VALUES ('67495-1.0.0-Refill_ids-O_KREF_12711c86', '67495-1.0.0-Refill_ids', 'O_KREF_12711c86-1.0.0'); 
insert into objectrelation VALUES ('67495-1.0.0-Refill_ids-O_KREF_21186c44', '67495-1.0.0-Refill_ids', 'O_KREF_21186c44-1.0.0'); 
insert into keyvalue VALUES ('67495-1.0.0-Refill_ids', '67495-1.0.0', 'Post-Pool-1.0.0-Refill_ids', null); 
insert into keyvalue VALUES ('67495-1.0.0-Featured', '67495-1.0.0', 'Post-Pool-1.0.0-Featured', 'false'); 
insert into keyvalue VALUES ('67495-1.0.0-BaseOfferIncluded', '67495-1.0.0', 'Post-Pool-1.0.0-BaseOfferIncluded', 'true'); 
insert into keyvalue VALUES ('67495-1.0.0-Addon_ids_member', '67495-1.0.0', 'Post-Pool-1.0.0-Addon_ids_member', null); 
insert into keyvalue VALUES ('67495-1.0.0-Id', '67495-1.0.0', 'Post-Pool-1.0.0-Id', '67495'); 
insert into keyvalue VALUES ('67495-1.0.0-Offer_ids_master', '67495-1.0.0', 'Post-Pool-1.0.0-Offer_ids_master', null); 
insert into keyvalue VALUES ('67495-1.0.0-Offer_ids_member', '67495-1.0.0', 'Post-Pool-1.0.0-Offer_ids_member', null); 
insert into keyvalue VALUES ('67495-1.0.0-Data_usage_mb', '67495-1.0.0', 'Post-Pool-1.0.0-Data_usage_mb', '20480'); 
insert into keyvalue VALUES ('67495-1.0.0-Price', '67495-1.0.0', 'Post-Pool-1.0.0-Price', '0'); 
insert into keyvalue VALUES ('67495-1.0.0-Active', '67495-1.0.0', 'Post-Pool-1.0.0-Active', 'false'); 
insert into nestedkeyvalue VALUES ('67495-1.0.0-Name-def', '67495-1.0.0-Name', 'Osztható adat 20 GB'); 
insert into nestedkeyvalue VALUES ('67495-1.0.0-Name-eng', '67495-1.0.0-Name', 'Osztható adat 20 GB'); 
insert into nestedkeyvalue VALUES ('67495-1.0.0-Name-hun', '67495-1.0.0-Name', 'Shared data 20 GB'); 
insert into nestedkeyvalue VALUES ('67495-1.0.0-Name-unLocalized', '67495-1.0.0-Name', null); 
insert into keyvalue VALUES ('67495-1.0.0-Name', '67495-1.0.0', 'Post-Pool-1.0.0-Name', null); 
insert into nestedkeyvalue VALUES ('67495-1.0.0-Description-def', '67495-1.0.0-Description', 'Ezzel a csomaggal 20 GB osztható adat áll rendelkezésedre minden számlázási ciklusban. Ha többre van szükséged, válassz kiegészítő adat opcióink közül.'); 
insert into nestedkeyvalue VALUES ('67495-1.0.0-Description-eng', '67495-1.0.0-Description', 'Ezzel a csomaggal 20 GB osztható adat áll rendelkezésedre minden számlázási ciklusban. Ha többre van szükséged, válassz kiegészítő adat opcióink közül.'); 
insert into nestedkeyvalue VALUES ('67495-1.0.0-Description-hun', '67495-1.0.0-Description', 'This tariff has 20 GB of shared mobile internet included in each monthly billing period. If you need more or use all of your 20 GB, you can choose a great value extra data pack from below.'); 
insert into nestedkeyvalue VALUES ('67495-1.0.0-Description-unLocalized', '67495-1.0.0-Description', null); 
insert into keyvalue VALUES ('67495-1.0.0-Description', '67495-1.0.0', 'Post-Pool-1.0.0-Description', null); 
insert into keyvalue VALUES ('67495-1.0.0-Online_selfcare_id', '67495-1.0.0', 'Post-Pool-1.0.0-Online_selfcare_id', null); 
insert into keyvalue VALUES ('67495-1.0.0-Upgrade_pool_ids', '67495-1.0.0', 'Post-Pool-1.0.0-Upgrade_pool_ids', null); 
insert into keyvalue VALUES ('67495-1.0.0-MaxMember', '67495-1.0.0', 'Post-Pool-1.0.0-MaxMember', '20'); 
insert into keyvalue VALUES ('67495-1.0.0-Type', '67495-1.0.0', 'Post-Pool-1.0.0-Type', 'IOYM'); 
insert into keyvalue VALUES ('67495-1.0.0-UnlimitedContentPackages', '67495-1.0.0', 'Post-Pool-1.0.0-UnlimitedContentPackages', null); 
insert into object VALUES ('67494-1.0.0', '67494'); 
insert into nestedkeyvalue VALUES ('67494-1.0.0-PSMCodes-Activation', '67494-1.0.0-PSMCodes', 'BG10GB2EV'); 
insert into keyvalue VALUES ('67494-1.0.0-PSMCodes', '67494-1.0.0', 'Post-Pool-1.0.0-PSMCodes', null); 
insert into keyvalue VALUES ('67494-1.0.0-Addon_ids_master', '67494-1.0.0', 'Post-Pool-1.0.0-Addon_ids_master', null); 
insert into objectrelation VALUES ('67494-1.0.0-Refill_ids-O_KREF_2118c64', '67494-1.0.0-Refill_ids', 'O_KREF_2118c64-1.0.0'); 
insert into objectrelation VALUES ('67494-1.0.0-Refill_ids-O_KREF_8474c58', '67494-1.0.0-Refill_ids', 'O_KREF_8474c58-1.0.0'); 
insert into objectrelation VALUES ('67494-1.0.0-Refill_ids-O_KREF_12711c86', '67494-1.0.0-Refill_ids', 'O_KREF_12711c86-1.0.0'); 
insert into keyvalue VALUES ('67494-1.0.0-Refill_ids', '67494-1.0.0', 'Post-Pool-1.0.0-Refill_ids', null); 
insert into keyvalue VALUES ('67494-1.0.0-Featured', '67494-1.0.0', 'Post-Pool-1.0.0-Featured', 'false'); 
insert into keyvalue VALUES ('67494-1.0.0-BaseOfferIncluded', '67494-1.0.0', 'Post-Pool-1.0.0-BaseOfferIncluded', 'true'); 
insert into keyvalue VALUES ('67494-1.0.0-Addon_ids_member', '67494-1.0.0', 'Post-Pool-1.0.0-Addon_ids_member', null); 
insert into keyvalue VALUES ('67494-1.0.0-Id', '67494-1.0.0', 'Post-Pool-1.0.0-Id', '67494'); 
insert into keyvalue VALUES ('67494-1.0.0-Offer_ids_master', '67494-1.0.0', 'Post-Pool-1.0.0-Offer_ids_master', null); 
insert into keyvalue VALUES ('67494-1.0.0-Offer_ids_member', '67494-1.0.0', 'Post-Pool-1.0.0-Offer_ids_member', null); 
insert into keyvalue VALUES ('67494-1.0.0-Data_usage_mb', '67494-1.0.0', 'Post-Pool-1.0.0-Data_usage_mb', '10240'); 
insert into keyvalue VALUES ('67494-1.0.0-Price', '67494-1.0.0', 'Post-Pool-1.0.0-Price', '0'); 
insert into keyvalue VALUES ('67494-1.0.0-Active', '67494-1.0.0', 'Post-Pool-1.0.0-Active', 'false'); 
insert into nestedkeyvalue VALUES ('67494-1.0.0-Name-def', '67494-1.0.0-Name', 'Osztható adat 10 GB'); 
insert into nestedkeyvalue VALUES ('67494-1.0.0-Name-eng', '67494-1.0.0-Name', 'Osztható adat 10 GB'); 
insert into nestedkeyvalue VALUES ('67494-1.0.0-Name-hun', '67494-1.0.0-Name', 'Shared data 10 GB'); 
insert into nestedkeyvalue VALUES ('67494-1.0.0-Name-unLocalized', '67494-1.0.0-Name', null); 
insert into keyvalue VALUES ('67494-1.0.0-Name', '67494-1.0.0', 'Post-Pool-1.0.0-Name', null); 
insert into nestedkeyvalue VALUES ('67494-1.0.0-Description-def', '67494-1.0.0-Description', 'Ezzel a csomaggal 10 GB osztható adat áll rendelkezésedre minden számlázási ciklusban. Ha többre van szükséged, válassz kiegészítő adat opcióink közül.'); 
insert into nestedkeyvalue VALUES ('67494-1.0.0-Description-eng', '67494-1.0.0-Description', 'Ezzel a csomaggal 10 GB osztható adat áll rendelkezésedre minden számlázási ciklusban. Ha többre van szükséged, válassz kiegészítő adat opcióink közül.'); 
insert into nestedkeyvalue VALUES ('67494-1.0.0-Description-hun', '67494-1.0.0-Description', 'This tariff has 10 GB of shared mobile internet included in each monthly billing period. If you need more or use all of your 10 GB, you can choose a great value extra data pack from below.'); 
insert into nestedkeyvalue VALUES ('67494-1.0.0-Description-unLocalized', '67494-1.0.0-Description', null); 
insert into keyvalue VALUES ('67494-1.0.0-Description', '67494-1.0.0', 'Post-Pool-1.0.0-Description', null); 
insert into keyvalue VALUES ('67494-1.0.0-Online_selfcare_id', '67494-1.0.0', 'Post-Pool-1.0.0-Online_selfcare_id', null); 
insert into keyvalue VALUES ('67494-1.0.0-Upgrade_pool_ids', '67494-1.0.0', 'Post-Pool-1.0.0-Upgrade_pool_ids', null); 
insert into keyvalue VALUES ('67494-1.0.0-MaxMember', '67494-1.0.0', 'Post-Pool-1.0.0-MaxMember', '20'); 
insert into keyvalue VALUES ('67494-1.0.0-Type', '67494-1.0.0', 'Post-Pool-1.0.0-Type', 'IOYM'); 
insert into keyvalue VALUES ('67494-1.0.0-UnlimitedContentPackages', '67494-1.0.0', 'Post-Pool-1.0.0-UnlimitedContentPackages', null); 
insert into object VALUES ('67493-1.0.0', '67493'); 
insert into nestedkeyvalue VALUES ('67493-1.0.0-PSMCodes-Activation', '67493-1.0.0-PSMCodes', 'BG5GB2EV'); 
insert into keyvalue VALUES ('67493-1.0.0-PSMCodes', '67493-1.0.0', 'Post-Pool-1.0.0-PSMCodes', null); 
insert into keyvalue VALUES ('67493-1.0.0-Addon_ids_master', '67493-1.0.0', 'Post-Pool-1.0.0-Addon_ids_master', null); 
insert into objectrelation VALUES ('67493-1.0.0-Refill_ids-O_KREF_2118c64', '67493-1.0.0-Refill_ids', 'O_KREF_2118c64-1.0.0'); 
insert into objectrelation VALUES ('67493-1.0.0-Refill_ids-O_KREF_8474c58', '67493-1.0.0-Refill_ids', 'O_KREF_8474c58-1.0.0'); 
insert into keyvalue VALUES ('67493-1.0.0-Refill_ids', '67493-1.0.0', 'Post-Pool-1.0.0-Refill_ids', null); 
insert into keyvalue VALUES ('67493-1.0.0-Featured', '67493-1.0.0', 'Post-Pool-1.0.0-Featured', 'false'); 
insert into keyvalue VALUES ('67493-1.0.0-BaseOfferIncluded', '67493-1.0.0', 'Post-Pool-1.0.0-BaseOfferIncluded', 'true'); 
insert into keyvalue VALUES ('67493-1.0.0-Addon_ids_member', '67493-1.0.0', 'Post-Pool-1.0.0-Addon_ids_member', null); 
insert into keyvalue VALUES ('67493-1.0.0-Id', '67493-1.0.0', 'Post-Pool-1.0.0-Id', '67493'); 
insert into keyvalue VALUES ('67493-1.0.0-Offer_ids_master', '67493-1.0.0', 'Post-Pool-1.0.0-Offer_ids_master', null); 
insert into keyvalue VALUES ('67493-1.0.0-Offer_ids_member', '67493-1.0.0', 'Post-Pool-1.0.0-Offer_ids_member', null); 
insert into keyvalue VALUES ('67493-1.0.0-Data_usage_mb', '67493-1.0.0', 'Post-Pool-1.0.0-Data_usage_mb', '5120'); 
insert into keyvalue VALUES ('67493-1.0.0-Price', '67493-1.0.0', 'Post-Pool-1.0.0-Price', '0'); 
insert into keyvalue VALUES ('67493-1.0.0-Active', '67493-1.0.0', 'Post-Pool-1.0.0-Active', 'false'); 
insert into nestedkeyvalue VALUES ('67493-1.0.0-Name-def', '67493-1.0.0-Name', 'Osztható adat 5 GB'); 
insert into nestedkeyvalue VALUES ('67493-1.0.0-Name-eng', '67493-1.0.0-Name', 'Osztható adat 5 GB'); 
insert into nestedkeyvalue VALUES ('67493-1.0.0-Name-hun', '67493-1.0.0-Name', 'Shared data 5 GB'); 
insert into nestedkeyvalue VALUES ('67493-1.0.0-Name-unLocalized', '67493-1.0.0-Name', null); 
insert into keyvalue VALUES ('67493-1.0.0-Name', '67493-1.0.0', 'Post-Pool-1.0.0-Name', null); 
insert into nestedkeyvalue VALUES ('67493-1.0.0-Description-def', '67493-1.0.0-Description', 'Ezzel a csomaggal 5 GB osztható adat áll rendelkezésedre minden számlázási ciklusban. Ha többre van szükséged, válassz kiegészítő adat opcióink közül.'); 
insert into nestedkeyvalue VALUES ('67493-1.0.0-Description-eng', '67493-1.0.0-Description', 'Ezzel a csomaggal 5 GB osztható adat áll rendelkezésedre minden számlázási ciklusban. Ha többre van szükséged, válassz kiegészítő adat opcióink közül.'); 
insert into nestedkeyvalue VALUES ('67493-1.0.0-Description-hun', '67493-1.0.0-Description', 'This tariff has 5 GB of shared mobile internet included in each monthly billing period. If you need more or use all of your 5 GB, you can choose a great value extra data pack from below.'); 
insert into nestedkeyvalue VALUES ('67493-1.0.0-Description-unLocalized', '67493-1.0.0-Description', null); 
insert into keyvalue VALUES ('67493-1.0.0-Description', '67493-1.0.0', 'Post-Pool-1.0.0-Description', null); 
insert into keyvalue VALUES ('67493-1.0.0-Online_selfcare_id', '67493-1.0.0', 'Post-Pool-1.0.0-Online_selfcare_id', null); 
insert into keyvalue VALUES ('67493-1.0.0-Upgrade_pool_ids', '67493-1.0.0', 'Post-Pool-1.0.0-Upgrade_pool_ids', null); 
insert into keyvalue VALUES ('67493-1.0.0-MaxMember', '67493-1.0.0', 'Post-Pool-1.0.0-MaxMember', '20'); 
insert into keyvalue VALUES ('67493-1.0.0-Type', '67493-1.0.0', 'Post-Pool-1.0.0-Type', 'IOYM'); 
insert into keyvalue VALUES ('67493-1.0.0-UnlimitedContentPackages', '67493-1.0.0', 'Post-Pool-1.0.0-UnlimitedContentPackages', null); 
insert into object VALUES ('67325-1.0.0', '67325'); 
insert into nestedkeyvalue VALUES ('67325-1.0.0-PSMCodes-Activation', '67325-1.0.0-PSMCodes', 'BG1GB2EV'); 
insert into keyvalue VALUES ('67325-1.0.0-PSMCodes', '67325-1.0.0', 'Post-Pool-1.0.0-PSMCodes', null); 
insert into keyvalue VALUES ('67325-1.0.0-Addon_ids_master', '67325-1.0.0', 'Post-Pool-1.0.0-Addon_ids_master', null); 
insert into objectrelation VALUES ('67325-1.0.0-Refill_ids-O_KREF_2118c64', '67325-1.0.0-Refill_ids', 'O_KREF_2118c64-1.0.0'); 
insert into keyvalue VALUES ('67325-1.0.0-Refill_ids', '67325-1.0.0', 'Post-Pool-1.0.0-Refill_ids', null); 
insert into keyvalue VALUES ('67325-1.0.0-Featured', '67325-1.0.0', 'Post-Pool-1.0.0-Featured', 'false'); 
insert into keyvalue VALUES ('67325-1.0.0-BaseOfferIncluded', '67325-1.0.0', 'Post-Pool-1.0.0-BaseOfferIncluded', 'true'); 
insert into keyvalue VALUES ('67325-1.0.0-Addon_ids_member', '67325-1.0.0', 'Post-Pool-1.0.0-Addon_ids_member', null); 
insert into keyvalue VALUES ('67325-1.0.0-Id', '67325-1.0.0', 'Post-Pool-1.0.0-Id', '67325'); 
insert into keyvalue VALUES ('67325-1.0.0-Offer_ids_master', '67325-1.0.0', 'Post-Pool-1.0.0-Offer_ids_master', null); 
insert into keyvalue VALUES ('67325-1.0.0-Offer_ids_member', '67325-1.0.0', 'Post-Pool-1.0.0-Offer_ids_member', null); 
insert into keyvalue VALUES ('67325-1.0.0-Data_usage_mb', '67325-1.0.0', 'Post-Pool-1.0.0-Data_usage_mb', '1024'); 
insert into keyvalue VALUES ('67325-1.0.0-Price', '67325-1.0.0', 'Post-Pool-1.0.0-Price', '0'); 
insert into keyvalue VALUES ('67325-1.0.0-Active', '67325-1.0.0', 'Post-Pool-1.0.0-Active', 'false'); 
insert into nestedkeyvalue VALUES ('67325-1.0.0-Name-def', '67325-1.0.0-Name', 'Osztható adat 1 GB'); 
insert into nestedkeyvalue VALUES ('67325-1.0.0-Name-eng', '67325-1.0.0-Name', 'Osztható adat 1 GB'); 
insert into nestedkeyvalue VALUES ('67325-1.0.0-Name-hun', '67325-1.0.0-Name', 'Shared data 1 GB'); 
insert into nestedkeyvalue VALUES ('67325-1.0.0-Name-unLocalized', '67325-1.0.0-Name', null); 
insert into keyvalue VALUES ('67325-1.0.0-Name', '67325-1.0.0', 'Post-Pool-1.0.0-Name', null); 
insert into nestedkeyvalue VALUES ('67325-1.0.0-Description-def', '67325-1.0.0-Description', 'Ezzel a csomaggal 1 GB osztható adat áll rendelkezésedre minden számlázási ciklusban. Ha többre van szükséged, válassz kiegészítő adat opcióink közül.'); 
insert into nestedkeyvalue VALUES ('67325-1.0.0-Description-eng', '67325-1.0.0-Description', 'Ezzel a csomaggal 1 GB osztható adat áll rendelkezésedre minden számlázási ciklusban. Ha többre van szükséged, válassz kiegészítő adat opcióink közül.'); 
insert into nestedkeyvalue VALUES ('67325-1.0.0-Description-hun', '67325-1.0.0-Description', 'This tariff has 1 GB of shared mobile internet included in each monthly billing period. If you need more or use all of your 1 GB, you can choose a great value extra data pack from below.'); 
insert into nestedkeyvalue VALUES ('67325-1.0.0-Description-unLocalized', '67325-1.0.0-Description', null); 
insert into keyvalue VALUES ('67325-1.0.0-Description', '67325-1.0.0', 'Post-Pool-1.0.0-Description', null); 
insert into keyvalue VALUES ('67325-1.0.0-Online_selfcare_id', '67325-1.0.0', 'Post-Pool-1.0.0-Online_selfcare_id', null); 
insert into keyvalue VALUES ('67325-1.0.0-Upgrade_pool_ids', '67325-1.0.0', 'Post-Pool-1.0.0-Upgrade_pool_ids', null); 
insert into keyvalue VALUES ('67325-1.0.0-MaxMember', '67325-1.0.0', 'Post-Pool-1.0.0-MaxMember', '20'); 
insert into keyvalue VALUES ('67325-1.0.0-Type', '67325-1.0.0', 'Post-Pool-1.0.0-Type', 'IOYM'); 
insert into keyvalue VALUES ('67325-1.0.0-UnlimitedContentPackages', '67325-1.0.0', 'Post-Pool-1.0.0-UnlimitedContentPackages', null); 
insert into object VALUES ('67053-1.0.0', '67053'); 
insert into nestedkeyvalue VALUES ('67053-1.0.0-PSMCodes-Activation', '67053-1.0.0-PSMCodes', null); 
insert into keyvalue VALUES ('67053-1.0.0-PSMCodes', '67053-1.0.0', 'Post-Pool-1.0.0-PSMCodes', null); 
insert into keyvalue VALUES ('67053-1.0.0-Addon_ids_master', '67053-1.0.0', 'Post-Pool-1.0.0-Addon_ids_master', null); 
insert into objectrelation VALUES ('67053-1.0.0-Refill_ids-O_PQREF_635c59', '67053-1.0.0-Refill_ids', 'O_PQREF_635c59-1.0.0'); 
insert into objectrelation VALUES ('67053-1.0.0-Refill_ids-O_PQREF_1525c42', '67053-1.0.0-Refill_ids', 'O_PQREF_1525c42-1.0.0'); 
insert into objectrelation VALUES ('67053-1.0.0-Refill_ids-R_PQREF_4237c29', '67053-1.0.0-Refill_ids', 'R_PQREF_4237c29-1.0.0'); 
insert into objectrelation VALUES ('67053-1.0.0-Refill_ids-66975', '67053-1.0.0-Refill_ids', '66975-1.0.0'); 
insert into objectrelation VALUES ('67053-1.0.0-Refill_ids-66977', '67053-1.0.0-Refill_ids', '66977-1.0.0'); 
insert into objectrelation VALUES ('67053-1.0.0-Refill_ids-66979', '67053-1.0.0-Refill_ids', '66979-1.0.0'); 
insert into objectrelation VALUES ('67053-1.0.0-Refill_ids-66980', '67053-1.0.0-Refill_ids', '66980-1.0.0'); 
insert into keyvalue VALUES ('67053-1.0.0-Refill_ids', '67053-1.0.0', 'Post-Pool-1.0.0-Refill_ids', null); 
insert into keyvalue VALUES ('67053-1.0.0-Featured', '67053-1.0.0', 'Post-Pool-1.0.0-Featured', 'false'); 
insert into keyvalue VALUES ('67053-1.0.0-BaseOfferIncluded', '67053-1.0.0', 'Post-Pool-1.0.0-BaseOfferIncluded', 'true'); 
insert into keyvalue VALUES ('67053-1.0.0-Addon_ids_member', '67053-1.0.0', 'Post-Pool-1.0.0-Addon_ids_member', null); 
insert into keyvalue VALUES ('67053-1.0.0-Id', '67053-1.0.0', 'Post-Pool-1.0.0-Id', '67053'); 
insert into keyvalue VALUES ('67053-1.0.0-Offer_ids_master', '67053-1.0.0', 'Post-Pool-1.0.0-Offer_ids_master', null); 
insert into keyvalue VALUES ('67053-1.0.0-Offer_ids_member', '67053-1.0.0', 'Post-Pool-1.0.0-Offer_ids_member', null); 
insert into keyvalue VALUES ('67053-1.0.0-Data_usage_mb', '67053-1.0.0', 'Post-Pool-1.0.0-Data_usage_mb', '8192'); 
insert into keyvalue VALUES ('67053-1.0.0-Price', '67053-1.0.0', 'Post-Pool-1.0.0-Price', '0'); 
insert into keyvalue VALUES ('67053-1.0.0-Active', '67053-1.0.0', 'Post-Pool-1.0.0-Active', 'false'); 
insert into nestedkeyvalue VALUES ('67053-1.0.0-Name-def', '67053-1.0.0-Name', 'Osztható adat 8 GB'); 
insert into nestedkeyvalue VALUES ('67053-1.0.0-Name-eng', '67053-1.0.0-Name', 'Osztható adat 8 GB'); 
insert into nestedkeyvalue VALUES ('67053-1.0.0-Name-hun', '67053-1.0.0-Name', 'Shared data 8 GB'); 
insert into nestedkeyvalue VALUES ('67053-1.0.0-Name-unLocalized', '67053-1.0.0-Name', null); 
insert into keyvalue VALUES ('67053-1.0.0-Name', '67053-1.0.0', 'Post-Pool-1.0.0-Name', null); 
insert into nestedkeyvalue VALUES ('67053-1.0.0-Description-def', '67053-1.0.0-Description', 'Ezzel a csomaggal 8 GB osztható adat és 7 GB Vodafone EU roaming területen felhasználható adatkeret áll rendelkezésedre minden számlázási ciklusban. Ha többre van szükséged, válogass kiegészítő adatcsomagjainkból!'); 
insert into nestedkeyvalue VALUES ('67053-1.0.0-Description-eng', '67053-1.0.0-Description', 'Ezzel a csomaggal 8 GB osztható adat és 7 GB Vodafone EU roaming területen felhasználható adatkeret áll rendelkezésedre minden számlázási ciklusban. Ha többre van szükséged, válogass kiegészítő adatcsomagjainkból!'); 
insert into nestedkeyvalue VALUES ('67053-1.0.0-Description-hun', '67053-1.0.0-Description', 'This tariff has 8 GB of shared mobile internet and 7 GB mobile internet in Vodafone EU Roaming area included in each monthly billing period. If you need more or use all of your 8 GB, you can choose a great value extra data pack from below.'); 
insert into nestedkeyvalue VALUES ('67053-1.0.0-Description-unLocalized', '67053-1.0.0-Description', null); 
insert into keyvalue VALUES ('67053-1.0.0-Description', '67053-1.0.0', 'Post-Pool-1.0.0-Description', null); 
insert into keyvalue VALUES ('67053-1.0.0-Online_selfcare_id', '67053-1.0.0', 'Post-Pool-1.0.0-Online_selfcare_id', null); 
insert into keyvalue VALUES ('67053-1.0.0-Upgrade_pool_ids', '67053-1.0.0', 'Post-Pool-1.0.0-Upgrade_pool_ids', null); 
insert into keyvalue VALUES ('67053-1.0.0-MaxMember', '67053-1.0.0', 'Post-Pool-1.0.0-MaxMember', '2'); 
insert into keyvalue VALUES ('67053-1.0.0-Type', '67053-1.0.0', 'Post-Pool-1.0.0-Type', 'IOYM'); 
insert into objectrelation VALUES ('67053-1.0.0-UnlimitedContentPackages-UCP67693', '67053-1.0.0-UnlimitedContentPackages', 'UCP67693-1.0.0'); 
insert into objectrelation VALUES ('67053-1.0.0-UnlimitedContentPackages-UCP67696', '67053-1.0.0-UnlimitedContentPackages', 'UCP67696-1.0.0'); 
insert into keyvalue VALUES ('67053-1.0.0-UnlimitedContentPackages', '67053-1.0.0', 'Post-Pool-1.0.0-UnlimitedContentPackages', null); 
insert into object VALUES ('64048-1.0.0', '64048'); 
insert into nestedkeyvalue VALUES ('64048-1.0.0-PSMCodes-Activation', '64048-1.0.0-PSMCodes', null); 
insert into keyvalue VALUES ('64048-1.0.0-PSMCodes', '64048-1.0.0', 'Post-Pool-1.0.0-PSMCodes', null); 
insert into keyvalue VALUES ('64048-1.0.0-Addon_ids_master', '64048-1.0.0', 'Post-Pool-1.0.0-Addon_ids_master', null); 
insert into objectrelation VALUES ('64048-1.0.0-Refill_ids-O_PQREF_635c59', '64048-1.0.0-Refill_ids', 'O_PQREF_635c59-1.0.0'); 
insert into objectrelation VALUES ('64048-1.0.0-Refill_ids-O_PQREF_1525c42', '64048-1.0.0-Refill_ids', 'O_PQREF_1525c42-1.0.0'); 
insert into objectrelation VALUES ('64048-1.0.0-Refill_ids-R_PQREF_4237c29', '64048-1.0.0-Refill_ids', 'R_PQREF_4237c29-1.0.0'); 
insert into objectrelation VALUES ('64048-1.0.0-Refill_ids-66975', '64048-1.0.0-Refill_ids', '66975-1.0.0'); 
insert into objectrelation VALUES ('64048-1.0.0-Refill_ids-66977', '64048-1.0.0-Refill_ids', '66977-1.0.0'); 
insert into objectrelation VALUES ('64048-1.0.0-Refill_ids-66979', '64048-1.0.0-Refill_ids', '66979-1.0.0'); 
insert into objectrelation VALUES ('64048-1.0.0-Refill_ids-66980', '64048-1.0.0-Refill_ids', '66980-1.0.0'); 
insert into keyvalue VALUES ('64048-1.0.0-Refill_ids', '64048-1.0.0', 'Post-Pool-1.0.0-Refill_ids', null); 
insert into keyvalue VALUES ('64048-1.0.0-Featured', '64048-1.0.0', 'Post-Pool-1.0.0-Featured', 'false'); 
insert into keyvalue VALUES ('64048-1.0.0-BaseOfferIncluded', '64048-1.0.0', 'Post-Pool-1.0.0-BaseOfferIncluded', 'true'); 
insert into keyvalue VALUES ('64048-1.0.0-Addon_ids_member', '64048-1.0.0', 'Post-Pool-1.0.0-Addon_ids_member', null); 
insert into keyvalue VALUES ('64048-1.0.0-Id', '64048-1.0.0', 'Post-Pool-1.0.0-Id', '64048'); 
insert into keyvalue VALUES ('64048-1.0.0-Offer_ids_master', '64048-1.0.0', 'Post-Pool-1.0.0-Offer_ids_master', null); 
insert into keyvalue VALUES ('64048-1.0.0-Offer_ids_member', '64048-1.0.0', 'Post-Pool-1.0.0-Offer_ids_member', null); 
insert into keyvalue VALUES ('64048-1.0.0-Data_usage_mb', '64048-1.0.0', 'Post-Pool-1.0.0-Data_usage_mb', '20480'); 
insert into keyvalue VALUES ('64048-1.0.0-Price', '64048-1.0.0', 'Post-Pool-1.0.0-Price', '0'); 
insert into keyvalue VALUES ('64048-1.0.0-Active', '64048-1.0.0', 'Post-Pool-1.0.0-Active', 'false'); 
insert into nestedkeyvalue VALUES ('64048-1.0.0-Name-def', '64048-1.0.0-Name', 'Osztható adat 20 GB'); 
insert into nestedkeyvalue VALUES ('64048-1.0.0-Name-eng', '64048-1.0.0-Name', 'Osztható adat 20 GB'); 
insert into nestedkeyvalue VALUES ('64048-1.0.0-Name-hun', '64048-1.0.0-Name', 'Shared data 20 GB'); 
insert into nestedkeyvalue VALUES ('64048-1.0.0-Name-unLocalized', '64048-1.0.0-Name', null); 
insert into keyvalue VALUES ('64048-1.0.0-Name', '64048-1.0.0', 'Post-Pool-1.0.0-Name', null); 
insert into nestedkeyvalue VALUES ('64048-1.0.0-Description-def', '64048-1.0.0-Description', 'Ezzel a csomaggal 20 GB osztható adat és 9 GB Vodafone EU roaming területen felhasználható adatkeret  áll rendelkezésedre minden számlázási ciklusban. Ha többre van szükséged, válogass kiegészítő adatcsomagjainkból!'); 
insert into nestedkeyvalue VALUES ('64048-1.0.0-Description-eng', '64048-1.0.0-Description', 'Ezzel a csomaggal 20 GB osztható adat és 9 GB Vodafone EU roaming területen felhasználható adatkeret  áll rendelkezésedre minden számlázási ciklusban. Ha többre van szükséged, válogass kiegészítő adatcsomagjainkból!'); 
insert into nestedkeyvalue VALUES ('64048-1.0.0-Description-hun', '64048-1.0.0-Description', 'This tariff has 20 GB of shared mobile internet  and 9 GB mobile internet in Vodafone EU Roaming area included in each monthly billing period. If you need more or use all of your 20 GB, you can choose a great value extra data pack from below.'); 
insert into nestedkeyvalue VALUES ('64048-1.0.0-Description-unLocalized', '64048-1.0.0-Description', null); 
insert into keyvalue VALUES ('64048-1.0.0-Description', '64048-1.0.0', 'Post-Pool-1.0.0-Description', null); 
insert into keyvalue VALUES ('64048-1.0.0-Online_selfcare_id', '64048-1.0.0', 'Post-Pool-1.0.0-Online_selfcare_id', null); 
insert into keyvalue VALUES ('64048-1.0.0-Upgrade_pool_ids', '64048-1.0.0', 'Post-Pool-1.0.0-Upgrade_pool_ids', null); 
insert into keyvalue VALUES ('64048-1.0.0-MaxMember', '64048-1.0.0', 'Post-Pool-1.0.0-MaxMember', '2'); 
insert into keyvalue VALUES ('64048-1.0.0-Type', '64048-1.0.0', 'Post-Pool-1.0.0-Type', 'IOYM'); 
insert into objectrelation VALUES ('64048-1.0.0-UnlimitedContentPackages-UCP67693', '64048-1.0.0-UnlimitedContentPackages', 'UCP67693-1.0.0'); 
insert into objectrelation VALUES ('64048-1.0.0-UnlimitedContentPackages-UCP67696', '64048-1.0.0-UnlimitedContentPackages', 'UCP67696-1.0.0'); 
insert into keyvalue VALUES ('64048-1.0.0-UnlimitedContentPackages', '64048-1.0.0', 'Post-Pool-1.0.0-UnlimitedContentPackages', null); 
insert into object VALUES ('68128-1.0.0', '68128'); 
insert into nestedkeyvalue VALUES ('68128-1.0.0-PSMCodes-Activation', '68128-1.0.0-PSMCodes', null); 
insert into keyvalue VALUES ('68128-1.0.0-PSMCodes', '68128-1.0.0', 'Post-Pool-1.0.0-PSMCodes', null); 
insert into objectrelation VALUES ('68128-1.0.0-Addon_ids_master-63210', '68128-1.0.0-Addon_ids_master', '63210-1.0.0'); 
insert into objectrelation VALUES ('68128-1.0.0-Addon_ids_master-63211', '68128-1.0.0-Addon_ids_master', '63211-1.0.0'); 
insert into objectrelation VALUES ('68128-1.0.0-Addon_ids_master-63212', '68128-1.0.0-Addon_ids_master', '63212-1.0.0'); 
insert into keyvalue VALUES ('68128-1.0.0-Addon_ids_master', '68128-1.0.0', 'Post-Pool-1.0.0-Addon_ids_master', null); 
insert into objectrelation VALUES ('68128-1.0.0-Refill_ids-O_PQREF_787c4', '68128-1.0.0-Refill_ids', 'O_PQREF_787c4-1.0.0'); 
insert into objectrelation VALUES ('68128-1.0.0-Refill_ids-O_PQREF_1574c8', '68128-1.0.0-Refill_ids', 'O_PQREF_1574c8-1.0.0'); 
insert into objectrelation VALUES ('68128-1.0.0-Refill_ids-O_PQREF_3937c01', '68128-1.0.0-Refill_ids', 'O_PQREF_3937c01-1.0.0'); 
insert into objectrelation VALUES ('68128-1.0.0-Refill_ids-68126', '68128-1.0.0-Refill_ids', '68126-1.0.0'); 
insert into objectrelation VALUES ('68128-1.0.0-Refill_ids-68127', '68128-1.0.0-Refill_ids', '68127-1.0.0'); 
insert into keyvalue VALUES ('68128-1.0.0-Refill_ids', '68128-1.0.0', 'Post-Pool-1.0.0-Refill_ids', null); 
insert into keyvalue VALUES ('68128-1.0.0-Featured', '68128-1.0.0', 'Post-Pool-1.0.0-Featured', 'false'); 
insert into keyvalue VALUES ('68128-1.0.0-BaseOfferIncluded', '68128-1.0.0', 'Post-Pool-1.0.0-BaseOfferIncluded', 'true'); 
insert into keyvalue VALUES ('68128-1.0.0-Addon_ids_member', '68128-1.0.0', 'Post-Pool-1.0.0-Addon_ids_member', null); 
insert into keyvalue VALUES ('68128-1.0.0-Id', '68128-1.0.0', 'Post-Pool-1.0.0-Id', '68128'); 
insert into keyvalue VALUES ('68128-1.0.0-Offer_ids_master', '68128-1.0.0', 'Post-Pool-1.0.0-Offer_ids_master', null); 
insert into keyvalue VALUES ('68128-1.0.0-Offer_ids_member', '68128-1.0.0', 'Post-Pool-1.0.0-Offer_ids_member', null); 
insert into keyvalue VALUES ('68128-1.0.0-Data_usage_mb', '68128-1.0.0', 'Post-Pool-1.0.0-Data_usage_mb', '5120'); 
insert into keyvalue VALUES ('68128-1.0.0-Price', '68128-1.0.0', 'Post-Pool-1.0.0-Price', '3500'); 
insert into keyvalue VALUES ('68128-1.0.0-Active', '68128-1.0.0', 'Post-Pool-1.0.0-Active', 'false'); 
insert into nestedkeyvalue VALUES ('68128-1.0.0-Name-def', '68128-1.0.0-Name', 'Internet 5 GB (2 SIM)'); 
insert into nestedkeyvalue VALUES ('68128-1.0.0-Name-eng', '68128-1.0.0-Name', 'Internet 5 GB (2 SIM)'); 
insert into nestedkeyvalue VALUES ('68128-1.0.0-Name-hun', '68128-1.0.0-Name', 'Internet 5 GB (2 SIM)'); 
insert into nestedkeyvalue VALUES ('68128-1.0.0-Name-unLocalized', '68128-1.0.0-Name', null); 
insert into keyvalue VALUES ('68128-1.0.0-Name', '68128-1.0.0', 'Post-Pool-1.0.0-Name', null); 
insert into nestedkeyvalue VALUES ('68128-1.0.0-Description-def', '68128-1.0.0-Description', 'Ezzel a csomaggal 5 GB osztható adat áll rendelkezésedre minden számlázási ciklusban. Ha többre van szükséged, válassz kiegészítő adat opcióink közül.'); 
insert into nestedkeyvalue VALUES ('68128-1.0.0-Description-eng', '68128-1.0.0-Description', 'Ezzel a csomaggal 5 GB osztható adat áll rendelkezésedre minden számlázási ciklusban. Ha többre van szükséged, válassz kiegészítő adat opcióink közül.'); 
insert into nestedkeyvalue VALUES ('68128-1.0.0-Description-hun', '68128-1.0.0-Description', 'This tariff has 5 GB of shared mobile internet included in each monthly billing period. If you need more or use all of your 5 GB, you can choose a great value extra data pack from below.'); 
insert into nestedkeyvalue VALUES ('68128-1.0.0-Description-unLocalized', '68128-1.0.0-Description', null); 
insert into keyvalue VALUES ('68128-1.0.0-Description', '68128-1.0.0', 'Post-Pool-1.0.0-Description', null); 
insert into keyvalue VALUES ('68128-1.0.0-Online_selfcare_id', '68128-1.0.0', 'Post-Pool-1.0.0-Online_selfcare_id', null); 
insert into keyvalue VALUES ('68128-1.0.0-Upgrade_pool_ids', '68128-1.0.0', 'Post-Pool-1.0.0-Upgrade_pool_ids', null); 
insert into keyvalue VALUES ('68128-1.0.0-MaxMember', '68128-1.0.0', 'Post-Pool-1.0.0-MaxMember', '2'); 
insert into keyvalue VALUES ('68128-1.0.0-Type', '68128-1.0.0', 'Post-Pool-1.0.0-Type', 'IOYM'); 
insert into keyvalue VALUES ('68128-1.0.0-UnlimitedContentPackages', '68128-1.0.0', 'Post-Pool-1.0.0-UnlimitedContentPackages', null); 
insert into object VALUES ('68129-1.0.0', '68129'); 
insert into nestedkeyvalue VALUES ('68129-1.0.0-PSMCodes-Activation', '68129-1.0.0-PSMCodes', null); 
insert into keyvalue VALUES ('68129-1.0.0-PSMCodes', '68129-1.0.0', 'Post-Pool-1.0.0-PSMCodes', null); 
insert into objectrelation VALUES ('68129-1.0.0-Addon_ids_master-63210', '68129-1.0.0-Addon_ids_master', '63210-1.0.0'); 
insert into objectrelation VALUES ('68129-1.0.0-Addon_ids_master-63211', '68129-1.0.0-Addon_ids_master', '63211-1.0.0'); 
insert into objectrelation VALUES ('68129-1.0.0-Addon_ids_master-63212', '68129-1.0.0-Addon_ids_master', '63212-1.0.0'); 
insert into keyvalue VALUES ('68129-1.0.0-Addon_ids_master', '68129-1.0.0', 'Post-Pool-1.0.0-Addon_ids_master', null); 
insert into objectrelation VALUES ('68129-1.0.0-Refill_ids-O_PQREF_787c4', '68129-1.0.0-Refill_ids', 'O_PQREF_787c4-1.0.0'); 
insert into objectrelation VALUES ('68129-1.0.0-Refill_ids-O_PQREF_1574c8', '68129-1.0.0-Refill_ids', 'O_PQREF_1574c8-1.0.0'); 
insert into objectrelation VALUES ('68129-1.0.0-Refill_ids-O_PQREF_3937c01', '68129-1.0.0-Refill_ids', 'O_PQREF_3937c01-1.0.0'); 
insert into objectrelation VALUES ('68129-1.0.0-Refill_ids-68126', '68129-1.0.0-Refill_ids', '68126-1.0.0'); 
insert into objectrelation VALUES ('68129-1.0.0-Refill_ids-68127', '68129-1.0.0-Refill_ids', '68127-1.0.0'); 
insert into keyvalue VALUES ('68129-1.0.0-Refill_ids', '68129-1.0.0', 'Post-Pool-1.0.0-Refill_ids', null); 
insert into keyvalue VALUES ('68129-1.0.0-Featured', '68129-1.0.0', 'Post-Pool-1.0.0-Featured', 'false'); 
insert into keyvalue VALUES ('68129-1.0.0-BaseOfferIncluded', '68129-1.0.0', 'Post-Pool-1.0.0-BaseOfferIncluded', 'true'); 
insert into keyvalue VALUES ('68129-1.0.0-Addon_ids_member', '68129-1.0.0', 'Post-Pool-1.0.0-Addon_ids_member', null); 
insert into keyvalue VALUES ('68129-1.0.0-Id', '68129-1.0.0', 'Post-Pool-1.0.0-Id', '68129'); 
insert into keyvalue VALUES ('68129-1.0.0-Offer_ids_master', '68129-1.0.0', 'Post-Pool-1.0.0-Offer_ids_master', null); 
insert into keyvalue VALUES ('68129-1.0.0-Offer_ids_member', '68129-1.0.0', 'Post-Pool-1.0.0-Offer_ids_member', null); 
insert into keyvalue VALUES ('68129-1.0.0-Data_usage_mb', '68129-1.0.0', 'Post-Pool-1.0.0-Data_usage_mb', '7168'); 
insert into keyvalue VALUES ('68129-1.0.0-Price', '68129-1.0.0', 'Post-Pool-1.0.0-Price', '4000'); 
insert into keyvalue VALUES ('68129-1.0.0-Active', '68129-1.0.0', 'Post-Pool-1.0.0-Active', 'false'); 
insert into nestedkeyvalue VALUES ('68129-1.0.0-Name-def', '68129-1.0.0-Name', 'Internet 7 GB (2 SIM)'); 
insert into nestedkeyvalue VALUES ('68129-1.0.0-Name-eng', '68129-1.0.0-Name', 'Internet 7 GB (2 SIM)'); 
insert into nestedkeyvalue VALUES ('68129-1.0.0-Name-hun', '68129-1.0.0-Name', 'Internet 7 GB (2 SIM)'); 
insert into nestedkeyvalue VALUES ('68129-1.0.0-Name-unLocalized', '68129-1.0.0-Name', null); 
insert into keyvalue VALUES ('68129-1.0.0-Name', '68129-1.0.0', 'Post-Pool-1.0.0-Name', null); 
insert into nestedkeyvalue VALUES ('68129-1.0.0-Description-def', '68129-1.0.0-Description', 'Ezzel a csomaggal 7 GB osztható adat áll rendelkezésedre minden számlázási ciklusban. Ha többre van szükséged, válassz kiegészítő adat opcióink közül.'); 
insert into nestedkeyvalue VALUES ('68129-1.0.0-Description-eng', '68129-1.0.0-Description', 'Ezzel a csomaggal 7 GB osztható adat áll rendelkezésedre minden számlázási ciklusban. Ha többre van szükséged, válassz kiegészítő adat opcióink közül.'); 
insert into nestedkeyvalue VALUES ('68129-1.0.0-Description-hun', '68129-1.0.0-Description', 'This tariff has 7 GB of shared mobile internet included in each monthly billing period. If you need more or use all of your 7 GB, you can choose a great value extra data pack from below.'); 
insert into nestedkeyvalue VALUES ('68129-1.0.0-Description-unLocalized', '68129-1.0.0-Description', null); 
insert into keyvalue VALUES ('68129-1.0.0-Description', '68129-1.0.0', 'Post-Pool-1.0.0-Description', null); 
insert into keyvalue VALUES ('68129-1.0.0-Online_selfcare_id', '68129-1.0.0', 'Post-Pool-1.0.0-Online_selfcare_id', null); 
insert into keyvalue VALUES ('68129-1.0.0-Upgrade_pool_ids', '68129-1.0.0', 'Post-Pool-1.0.0-Upgrade_pool_ids', null); 
insert into keyvalue VALUES ('68129-1.0.0-MaxMember', '68129-1.0.0', 'Post-Pool-1.0.0-MaxMember', '2'); 
insert into keyvalue VALUES ('68129-1.0.0-Type', '68129-1.0.0', 'Post-Pool-1.0.0-Type', 'IOYM'); 
insert into keyvalue VALUES ('68129-1.0.0-UnlimitedContentPackages', '68129-1.0.0', 'Post-Pool-1.0.0-UnlimitedContentPackages', null); 
insert into object VALUES ('68130-1.0.0', '68130'); 
insert into nestedkeyvalue VALUES ('68130-1.0.0-PSMCodes-Activation', '68130-1.0.0-PSMCodes', null); 
insert into keyvalue VALUES ('68130-1.0.0-PSMCodes', '68130-1.0.0', 'Post-Pool-1.0.0-PSMCodes', null); 
insert into objectrelation VALUES ('68130-1.0.0-Addon_ids_master-63210', '68130-1.0.0-Addon_ids_master', '63210-1.0.0'); 
insert into objectrelation VALUES ('68130-1.0.0-Addon_ids_master-63211', '68130-1.0.0-Addon_ids_master', '63211-1.0.0'); 
insert into objectrelation VALUES ('68130-1.0.0-Addon_ids_master-63212', '68130-1.0.0-Addon_ids_master', '63212-1.0.0'); 
insert into keyvalue VALUES ('68130-1.0.0-Addon_ids_master', '68130-1.0.0', 'Post-Pool-1.0.0-Addon_ids_master', null); 
insert into objectrelation VALUES ('68130-1.0.0-Refill_ids-O_PQREF_787c4', '68130-1.0.0-Refill_ids', 'O_PQREF_787c4-1.0.0'); 
insert into objectrelation VALUES ('68130-1.0.0-Refill_ids-O_PQREF_1574c8', '68130-1.0.0-Refill_ids', 'O_PQREF_1574c8-1.0.0'); 
insert into objectrelation VALUES ('68130-1.0.0-Refill_ids-O_PQREF_3937c01', '68130-1.0.0-Refill_ids', 'O_PQREF_3937c01-1.0.0'); 
insert into objectrelation VALUES ('68130-1.0.0-Refill_ids-68126', '68130-1.0.0-Refill_ids', '68126-1.0.0'); 
insert into objectrelation VALUES ('68130-1.0.0-Refill_ids-68127', '68130-1.0.0-Refill_ids', '68127-1.0.0'); 
insert into keyvalue VALUES ('68130-1.0.0-Refill_ids', '68130-1.0.0', 'Post-Pool-1.0.0-Refill_ids', null); 
insert into keyvalue VALUES ('68130-1.0.0-Featured', '68130-1.0.0', 'Post-Pool-1.0.0-Featured', 'false'); 
insert into keyvalue VALUES ('68130-1.0.0-BaseOfferIncluded', '68130-1.0.0', 'Post-Pool-1.0.0-BaseOfferIncluded', 'true'); 
insert into keyvalue VALUES ('68130-1.0.0-Addon_ids_member', '68130-1.0.0', 'Post-Pool-1.0.0-Addon_ids_member', null); 
insert into keyvalue VALUES ('68130-1.0.0-Id', '68130-1.0.0', 'Post-Pool-1.0.0-Id', '68130'); 
insert into keyvalue VALUES ('68130-1.0.0-Offer_ids_master', '68130-1.0.0', 'Post-Pool-1.0.0-Offer_ids_master', null); 
insert into keyvalue VALUES ('68130-1.0.0-Offer_ids_member', '68130-1.0.0', 'Post-Pool-1.0.0-Offer_ids_member', null); 
insert into keyvalue VALUES ('68130-1.0.0-Data_usage_mb', '68130-1.0.0', 'Post-Pool-1.0.0-Data_usage_mb', '51200'); 
insert into keyvalue VALUES ('68130-1.0.0-Price', '68130-1.0.0', 'Post-Pool-1.0.0-Price', '14900'); 
insert into keyvalue VALUES ('68130-1.0.0-Active', '68130-1.0.0', 'Post-Pool-1.0.0-Active', 'false'); 
insert into nestedkeyvalue VALUES ('68130-1.0.0-Name-def', '68130-1.0.0-Name', 'Internet 50 GB (2 SIM)'); 
insert into nestedkeyvalue VALUES ('68130-1.0.0-Name-eng', '68130-1.0.0-Name', 'Internet 50 GB (2 SIM)'); 
insert into nestedkeyvalue VALUES ('68130-1.0.0-Name-hun', '68130-1.0.0-Name', 'Internet 50 GB (2 SIM)'); 
insert into nestedkeyvalue VALUES ('68130-1.0.0-Name-unLocalized', '68130-1.0.0-Name', null); 
insert into keyvalue VALUES ('68130-1.0.0-Name', '68130-1.0.0', 'Post-Pool-1.0.0-Name', null); 
insert into nestedkeyvalue VALUES ('68130-1.0.0-Description-def', '68130-1.0.0-Description', 'Ezzel a csomaggal 50 GB osztható adat áll rendelkezésedre minden számlázási ciklusban. Ha többre van szükséged, válassz kiegészítő adat opcióink közül.'); 
insert into nestedkeyvalue VALUES ('68130-1.0.0-Description-eng', '68130-1.0.0-Description', 'Ezzel a csomaggal 50 GB osztható adat áll rendelkezésedre minden számlázási ciklusban. Ha többre van szükséged, válassz kiegészítő adat opcióink közül.'); 
insert into nestedkeyvalue VALUES ('68130-1.0.0-Description-hun', '68130-1.0.0-Description', 'This tariff has 50 GB of shared mobile internet included in each monthly billing period. If you need more or use all of your 50 GB, you can choose a great value extra data pack from below.'); 
insert into nestedkeyvalue VALUES ('68130-1.0.0-Description-unLocalized', '68130-1.0.0-Description', null); 
insert into keyvalue VALUES ('68130-1.0.0-Description', '68130-1.0.0', 'Post-Pool-1.0.0-Description', null); 
insert into keyvalue VALUES ('68130-1.0.0-Online_selfcare_id', '68130-1.0.0', 'Post-Pool-1.0.0-Online_selfcare_id', null); 
insert into keyvalue VALUES ('68130-1.0.0-Upgrade_pool_ids', '68130-1.0.0', 'Post-Pool-1.0.0-Upgrade_pool_ids', null); 
insert into keyvalue VALUES ('68130-1.0.0-MaxMember', '68130-1.0.0', 'Post-Pool-1.0.0-MaxMember', '2'); 
insert into keyvalue VALUES ('68130-1.0.0-Type', '68130-1.0.0', 'Post-Pool-1.0.0-Type', 'IOYM'); 
insert into keyvalue VALUES ('68130-1.0.0-UnlimitedContentPackages', '68130-1.0.0', 'Post-Pool-1.0.0-UnlimitedContentPackages', null); 
insert into object VALUES ('68131-1.0.0', '68131'); 
insert into nestedkeyvalue VALUES ('68131-1.0.0-PSMCodes-Activation', '68131-1.0.0-PSMCodes', null); 
insert into keyvalue VALUES ('68131-1.0.0-PSMCodes', '68131-1.0.0', 'Post-Pool-1.0.0-PSMCodes', null); 
insert into objectrelation VALUES ('68131-1.0.0-Addon_ids_master-63210', '68131-1.0.0-Addon_ids_master', '63210-1.0.0'); 
insert into objectrelation VALUES ('68131-1.0.0-Addon_ids_master-63211', '68131-1.0.0-Addon_ids_master', '63211-1.0.0'); 
insert into objectrelation VALUES ('68131-1.0.0-Addon_ids_master-63212', '68131-1.0.0-Addon_ids_master', '63212-1.0.0'); 
insert into keyvalue VALUES ('68131-1.0.0-Addon_ids_master', '68131-1.0.0', 'Post-Pool-1.0.0-Addon_ids_master', null); 
insert into objectrelation VALUES ('68131-1.0.0-Refill_ids-O_PQREF_787c4', '68131-1.0.0-Refill_ids', 'O_PQREF_787c4-1.0.0'); 
insert into objectrelation VALUES ('68131-1.0.0-Refill_ids-O_PQREF_1574c8', '68131-1.0.0-Refill_ids', 'O_PQREF_1574c8-1.0.0'); 
insert into objectrelation VALUES ('68131-1.0.0-Refill_ids-O_PQREF_3937c01', '68131-1.0.0-Refill_ids', 'O_PQREF_3937c01-1.0.0'); 
insert into objectrelation VALUES ('68131-1.0.0-Refill_ids-68126', '68131-1.0.0-Refill_ids', '68126-1.0.0'); 
insert into objectrelation VALUES ('68131-1.0.0-Refill_ids-68127', '68131-1.0.0-Refill_ids', '68127-1.0.0'); 
insert into keyvalue VALUES ('68131-1.0.0-Refill_ids', '68131-1.0.0', 'Post-Pool-1.0.0-Refill_ids', null); 
insert into keyvalue VALUES ('68131-1.0.0-Featured', '68131-1.0.0', 'Post-Pool-1.0.0-Featured', 'false'); 
insert into keyvalue VALUES ('68131-1.0.0-BaseOfferIncluded', '68131-1.0.0', 'Post-Pool-1.0.0-BaseOfferIncluded', 'true'); 
insert into keyvalue VALUES ('68131-1.0.0-Addon_ids_member', '68131-1.0.0', 'Post-Pool-1.0.0-Addon_ids_member', null); 
insert into keyvalue VALUES ('68131-1.0.0-Id', '68131-1.0.0', 'Post-Pool-1.0.0-Id', '68131'); 
insert into keyvalue VALUES ('68131-1.0.0-Offer_ids_master', '68131-1.0.0', 'Post-Pool-1.0.0-Offer_ids_master', null); 
insert into keyvalue VALUES ('68131-1.0.0-Offer_ids_member', '68131-1.0.0', 'Post-Pool-1.0.0-Offer_ids_member', null); 
insert into keyvalue VALUES ('68131-1.0.0-Data_usage_mb', '68131-1.0.0', 'Post-Pool-1.0.0-Data_usage_mb', '81920'); 
insert into keyvalue VALUES ('68131-1.0.0-Price', '68131-1.0.0', 'Post-Pool-1.0.0-Price', '16900'); 
insert into keyvalue VALUES ('68131-1.0.0-Active', '68131-1.0.0', 'Post-Pool-1.0.0-Active', 'false'); 
insert into nestedkeyvalue VALUES ('68131-1.0.0-Name-def', '68131-1.0.0-Name', 'Internet 80 GB (2 SIM)'); 
insert into nestedkeyvalue VALUES ('68131-1.0.0-Name-eng', '68131-1.0.0-Name', 'Internet 80 GB (2 SIM)'); 
insert into nestedkeyvalue VALUES ('68131-1.0.0-Name-hun', '68131-1.0.0-Name', 'Internet 80 GB (2 SIM)'); 
insert into nestedkeyvalue VALUES ('68131-1.0.0-Name-unLocalized', '68131-1.0.0-Name', null); 
insert into keyvalue VALUES ('68131-1.0.0-Name', '68131-1.0.0', 'Post-Pool-1.0.0-Name', null); 
insert into nestedkeyvalue VALUES ('68131-1.0.0-Description-def', '68131-1.0.0-Description', 'Ezzel a csomaggal 80 GB osztható adat áll rendelkezésedre minden számlázási ciklusban. Ha többre van szükséged, válassz kiegészítő adat opcióink közül.'); 
insert into nestedkeyvalue VALUES ('68131-1.0.0-Description-eng', '68131-1.0.0-Description', 'Ezzel a csomaggal 80 GB osztható adat áll rendelkezésedre minden számlázási ciklusban. Ha többre van szükséged, válassz kiegészítő adat opcióink közül.'); 
insert into nestedkeyvalue VALUES ('68131-1.0.0-Description-hun', '68131-1.0.0-Description', 'This tariff has 80 GB of shared mobile internet included in each monthly billing period. If you need more or use all of your 50 GB, you can choose a great value extra data pack from below.'); 
insert into nestedkeyvalue VALUES ('68131-1.0.0-Description-unLocalized', '68131-1.0.0-Description', null); 
insert into keyvalue VALUES ('68131-1.0.0-Description', '68131-1.0.0', 'Post-Pool-1.0.0-Description', null); 
insert into keyvalue VALUES ('68131-1.0.0-Online_selfcare_id', '68131-1.0.0', 'Post-Pool-1.0.0-Online_selfcare_id', null); 
insert into keyvalue VALUES ('68131-1.0.0-Upgrade_pool_ids', '68131-1.0.0', 'Post-Pool-1.0.0-Upgrade_pool_ids', null); 
insert into keyvalue VALUES ('68131-1.0.0-MaxMember', '68131-1.0.0', 'Post-Pool-1.0.0-MaxMember', '2'); 
insert into keyvalue VALUES ('68131-1.0.0-Type', '68131-1.0.0', 'Post-Pool-1.0.0-Type', 'IOYM'); 
insert into keyvalue VALUES ('68131-1.0.0-UnlimitedContentPackages', '68131-1.0.0', 'Post-Pool-1.0.0-UnlimitedContentPackages', null); 
insert into object VALUES ('68221-1.0.0', '68221'); 
insert into nestedkeyvalue VALUES ('68221-1.0.0-PSMCodes-Activation', '68221-1.0.0-PSMCodes', null); 
insert into keyvalue VALUES ('68221-1.0.0-PSMCodes', '68221-1.0.0', 'Post-Pool-1.0.0-PSMCodes', null); 
insert into keyvalue VALUES ('68221-1.0.0-Addon_ids_master', '68221-1.0.0', 'Post-Pool-1.0.0-Addon_ids_master', null); 
insert into objectrelation VALUES ('68221-1.0.0-Refill_ids-O_PKREF_847c46', '68221-1.0.0-Refill_ids', 'O_PKREF_847c46-1.0.0'); 
insert into keyvalue VALUES ('68221-1.0.0-Refill_ids', '68221-1.0.0', 'Post-Pool-1.0.0-Refill_ids', null); 
insert into keyvalue VALUES ('68221-1.0.0-Featured', '68221-1.0.0', 'Post-Pool-1.0.0-Featured', 'false'); 
insert into keyvalue VALUES ('68221-1.0.0-BaseOfferIncluded', '68221-1.0.0', 'Post-Pool-1.0.0-BaseOfferIncluded', 'true'); 
insert into objectrelation VALUES ('68221-1.0.0-Addon_ids_member-68227', '68221-1.0.0-Addon_ids_member', '68227-1.0.0'); 
insert into keyvalue VALUES ('68221-1.0.0-Addon_ids_member', '68221-1.0.0', 'Post-Pool-1.0.0-Addon_ids_member', null); 
insert into keyvalue VALUES ('68221-1.0.0-Id', '68221-1.0.0', 'Post-Pool-1.0.0-Id', '68221'); 
insert into keyvalue VALUES ('68221-1.0.0-Offer_ids_master', '68221-1.0.0', 'Post-Pool-1.0.0-Offer_ids_master', null); 
insert into keyvalue VALUES ('68221-1.0.0-Offer_ids_member', '68221-1.0.0', 'Post-Pool-1.0.0-Offer_ids_member', null); 
insert into keyvalue VALUES ('68221-1.0.0-Data_usage_mb', '68221-1.0.0', 'Post-Pool-1.0.0-Data_usage_mb', '500'); 
insert into keyvalue VALUES ('68221-1.0.0-Price', '68221-1.0.0', 'Post-Pool-1.0.0-Price', '1500'); 
insert into keyvalue VALUES ('68221-1.0.0-Active', '68221-1.0.0', 'Post-Pool-1.0.0-Active', 'true'); 
insert into nestedkeyvalue VALUES ('68221-1.0.0-Name-def', '68221-1.0.0-Name', 'Business Pool Quota 500 MB'); 
insert into nestedkeyvalue VALUES ('68221-1.0.0-Name-eng', '68221-1.0.0-Name', 'Business Pool Quota 500 MB'); 
insert into nestedkeyvalue VALUES ('68221-1.0.0-Name-hun', '68221-1.0.0-Name', 'Business Pool Quota 500 MB'); 
insert into nestedkeyvalue VALUES ('68221-1.0.0-Name-unLocalized', '68221-1.0.0-Name', null); 
insert into keyvalue VALUES ('68221-1.0.0-Name', '68221-1.0.0', 'Post-Pool-1.0.0-Name', null); 
insert into nestedkeyvalue VALUES ('68221-1.0.0-Description-def', '68221-1.0.0-Description', 'Ezzel a csomaggal 500 MB osztható adat áll rendelkezésedre minden számlázási ciklusban. Ha többre van szükséged, válassz kiegészítő adat opcióink közül.'); 
insert into nestedkeyvalue VALUES ('68221-1.0.0-Description-eng', '68221-1.0.0-Description', 'Ezzel a csomaggal 500 MB osztható adat áll rendelkezésedre minden számlázási ciklusban. Ha többre van szükséged, válassz kiegészítő adat opcióink közül.'); 
insert into nestedkeyvalue VALUES ('68221-1.0.0-Description-hun', '68221-1.0.0-Description', 'This tariff has 500 MB of shared mobile internet included in each monthly billing period. If you need more or use all of your 500 MB, you can choose a great value extra data pack from below.'); 
insert into nestedkeyvalue VALUES ('68221-1.0.0-Description-unLocalized', '68221-1.0.0-Description', null); 
insert into keyvalue VALUES ('68221-1.0.0-Description', '68221-1.0.0', 'Post-Pool-1.0.0-Description', null); 
insert into keyvalue VALUES ('68221-1.0.0-Online_selfcare_id', '68221-1.0.0', 'Post-Pool-1.0.0-Online_selfcare_id', null); 
insert into keyvalue VALUES ('68221-1.0.0-Upgrade_pool_ids', '68221-1.0.0', 'Post-Pool-1.0.0-Upgrade_pool_ids', null); 
insert into keyvalue VALUES ('68221-1.0.0-MaxMember', '68221-1.0.0', 'Post-Pool-1.0.0-MaxMember', '2'); 
insert into keyvalue VALUES ('68221-1.0.0-Type', '68221-1.0.0', 'Post-Pool-1.0.0-Type', 'IOYM'); 
insert into keyvalue VALUES ('68221-1.0.0-UnlimitedContentPackages', '68221-1.0.0', 'Post-Pool-1.0.0-UnlimitedContentPackages', null); 
insert into object VALUES ('68222-1.0.0', '68222'); 
insert into nestedkeyvalue VALUES ('68222-1.0.0-PSMCodes-Activation', '68222-1.0.0-PSMCodes', null); 
insert into keyvalue VALUES ('68222-1.0.0-PSMCodes', '68222-1.0.0', 'Post-Pool-1.0.0-PSMCodes', null); 
insert into keyvalue VALUES ('68222-1.0.0-Addon_ids_master', '68222-1.0.0', 'Post-Pool-1.0.0-Addon_ids_master', null); 
insert into objectrelation VALUES ('68222-1.0.0-Refill_ids-O_PKREF_847c46', '68222-1.0.0-Refill_ids', 'O_PKREF_847c46-1.0.0'); 
insert into objectrelation VALUES ('68222-1.0.0-Refill_ids-O_PKREF_2542c37', '68222-1.0.0-Refill_ids', 'O_PKREF_2542c37-1.0.0'); 
insert into keyvalue VALUES ('68222-1.0.0-Refill_ids', '68222-1.0.0', 'Post-Pool-1.0.0-Refill_ids', null); 
insert into keyvalue VALUES ('68222-1.0.0-Featured', '68222-1.0.0', 'Post-Pool-1.0.0-Featured', 'false'); 
insert into keyvalue VALUES ('68222-1.0.0-BaseOfferIncluded', '68222-1.0.0', 'Post-Pool-1.0.0-BaseOfferIncluded', 'true'); 
insert into objectrelation VALUES ('68222-1.0.0-Addon_ids_member-68227', '68222-1.0.0-Addon_ids_member', '68227-1.0.0'); 
insert into objectrelation VALUES ('68222-1.0.0-Addon_ids_member-68228', '68222-1.0.0-Addon_ids_member', '68228-1.0.0'); 
insert into keyvalue VALUES ('68222-1.0.0-Addon_ids_member', '68222-1.0.0', 'Post-Pool-1.0.0-Addon_ids_member', null); 
insert into keyvalue VALUES ('68222-1.0.0-Id', '68222-1.0.0', 'Post-Pool-1.0.0-Id', '68222'); 
insert into keyvalue VALUES ('68222-1.0.0-Offer_ids_master', '68222-1.0.0', 'Post-Pool-1.0.0-Offer_ids_master', null); 
insert into keyvalue VALUES ('68222-1.0.0-Offer_ids_member', '68222-1.0.0', 'Post-Pool-1.0.0-Offer_ids_member', null); 
insert into keyvalue VALUES ('68222-1.0.0-Data_usage_mb', '68222-1.0.0', 'Post-Pool-1.0.0-Data_usage_mb', '2048'); 
insert into keyvalue VALUES ('68222-1.0.0-Price', '68222-1.0.0', 'Post-Pool-1.0.0-Price', '3500'); 
insert into keyvalue VALUES ('68222-1.0.0-Active', '68222-1.0.0', 'Post-Pool-1.0.0-Active', 'true'); 
insert into nestedkeyvalue VALUES ('68222-1.0.0-Name-def', '68222-1.0.0-Name', 'Business Pool Quota 2 GB'); 
insert into nestedkeyvalue VALUES ('68222-1.0.0-Name-eng', '68222-1.0.0-Name', 'Business Pool Quota 2 GB'); 
insert into nestedkeyvalue VALUES ('68222-1.0.0-Name-hun', '68222-1.0.0-Name', 'Business Pool Quota 2 GB'); 
insert into nestedkeyvalue VALUES ('68222-1.0.0-Name-unLocalized', '68222-1.0.0-Name', null); 
insert into keyvalue VALUES ('68222-1.0.0-Name', '68222-1.0.0', 'Post-Pool-1.0.0-Name', null); 
insert into nestedkeyvalue VALUES ('68222-1.0.0-Description-def', '68222-1.0.0-Description', 'Ezzel a csomaggal 2 GB osztható adat áll rendelkezésedre minden számlázási ciklusban. Ha többre van szükséged, válassz kiegészítő adat opcióink közül.'); 
insert into nestedkeyvalue VALUES ('68222-1.0.0-Description-eng', '68222-1.0.0-Description', 'Ezzel a csomaggal 2 GB osztható adat áll rendelkezésedre minden számlázási ciklusban. Ha többre van szükséged, válassz kiegészítő adat opcióink közül.'); 
insert into nestedkeyvalue VALUES ('68222-1.0.0-Description-hun', '68222-1.0.0-Description', 'This tariff has 2 GB of shared mobile internet included in each monthly billing period. If you need more or use all of your 2 GB, you can choose a great value extra data pack from below.'); 
insert into nestedkeyvalue VALUES ('68222-1.0.0-Description-unLocalized', '68222-1.0.0-Description', null); 
insert into keyvalue VALUES ('68222-1.0.0-Description', '68222-1.0.0', 'Post-Pool-1.0.0-Description', null); 
insert into keyvalue VALUES ('68222-1.0.0-Online_selfcare_id', '68222-1.0.0', 'Post-Pool-1.0.0-Online_selfcare_id', null); 
insert into keyvalue VALUES ('68222-1.0.0-Upgrade_pool_ids', '68222-1.0.0', 'Post-Pool-1.0.0-Upgrade_pool_ids', null); 
insert into keyvalue VALUES ('68222-1.0.0-MaxMember', '68222-1.0.0', 'Post-Pool-1.0.0-MaxMember', '2'); 
insert into keyvalue VALUES ('68222-1.0.0-Type', '68222-1.0.0', 'Post-Pool-1.0.0-Type', 'IOYM'); 
insert into keyvalue VALUES ('68222-1.0.0-UnlimitedContentPackages', '68222-1.0.0', 'Post-Pool-1.0.0-UnlimitedContentPackages', null); 
insert into object VALUES ('68223-1.0.0', '68223'); 
insert into nestedkeyvalue VALUES ('68223-1.0.0-PSMCodes-Activation', '68223-1.0.0-PSMCodes', null); 
insert into keyvalue VALUES ('68223-1.0.0-PSMCodes', '68223-1.0.0', 'Post-Pool-1.0.0-PSMCodes', null); 
insert into keyvalue VALUES ('68223-1.0.0-Addon_ids_master', '68223-1.0.0', 'Post-Pool-1.0.0-Addon_ids_master', null); 
insert into objectrelation VALUES ('68223-1.0.0-Refill_ids-O_PKREF_847c46', '68223-1.0.0-Refill_ids', 'O_PKREF_847c46-1.0.0'); 
insert into objectrelation VALUES ('68223-1.0.0-Refill_ids-O_PKREF_2542c37', '68223-1.0.0-Refill_ids', 'O_PKREF_2542c37-1.0.0'); 
insert into objectrelation VALUES ('68223-1.0.0-Refill_ids-O_PKREF_5084c74', '68223-1.0.0-Refill_ids', 'O_PKREF_5084c74-1.0.0'); 
insert into keyvalue VALUES ('68223-1.0.0-Refill_ids', '68223-1.0.0', 'Post-Pool-1.0.0-Refill_ids', null); 
insert into keyvalue VALUES ('68223-1.0.0-Featured', '68223-1.0.0', 'Post-Pool-1.0.0-Featured', 'false'); 
insert into keyvalue VALUES ('68223-1.0.0-BaseOfferIncluded', '68223-1.0.0', 'Post-Pool-1.0.0-BaseOfferIncluded', 'true'); 
insert into objectrelation VALUES ('68223-1.0.0-Addon_ids_member-68227', '68223-1.0.0-Addon_ids_member', '68227-1.0.0'); 
insert into objectrelation VALUES ('68223-1.0.0-Addon_ids_member-68228', '68223-1.0.0-Addon_ids_member', '68228-1.0.0'); 
insert into objectrelation VALUES ('68223-1.0.0-Addon_ids_member-68229', '68223-1.0.0-Addon_ids_member', '68229-1.0.0'); 
insert into keyvalue VALUES ('68223-1.0.0-Addon_ids_member', '68223-1.0.0', 'Post-Pool-1.0.0-Addon_ids_member', null); 
insert into keyvalue VALUES ('68223-1.0.0-Id', '68223-1.0.0', 'Post-Pool-1.0.0-Id', '68223'); 
insert into keyvalue VALUES ('68223-1.0.0-Offer_ids_master', '68223-1.0.0', 'Post-Pool-1.0.0-Offer_ids_master', null); 
insert into keyvalue VALUES ('68223-1.0.0-Offer_ids_member', '68223-1.0.0', 'Post-Pool-1.0.0-Offer_ids_member', null); 
insert into keyvalue VALUES ('68223-1.0.0-Data_usage_mb', '68223-1.0.0', 'Post-Pool-1.0.0-Data_usage_mb', '10240'); 
insert into keyvalue VALUES ('68223-1.0.0-Price', '68223-1.0.0', 'Post-Pool-1.0.0-Price', '6500'); 
insert into keyvalue VALUES ('68223-1.0.0-Active', '68223-1.0.0', 'Post-Pool-1.0.0-Active', 'true'); 
insert into nestedkeyvalue VALUES ('68223-1.0.0-Name-def', '68223-1.0.0-Name', 'Business Pool Quota 10 GB'); 
insert into nestedkeyvalue VALUES ('68223-1.0.0-Name-eng', '68223-1.0.0-Name', 'Business Pool Quota 10 GB'); 
insert into nestedkeyvalue VALUES ('68223-1.0.0-Name-hun', '68223-1.0.0-Name', 'Business Pool Quota 10 GB'); 
insert into nestedkeyvalue VALUES ('68223-1.0.0-Name-unLocalized', '68223-1.0.0-Name', null); 
insert into keyvalue VALUES ('68223-1.0.0-Name', '68223-1.0.0', 'Post-Pool-1.0.0-Name', null); 
insert into nestedkeyvalue VALUES ('68223-1.0.0-Description-def', '68223-1.0.0-Description', 'Ezzel a csomaggal 10 GB osztható adat áll rendelkezésedre minden számlázási ciklusban. Ha többre van szükséged, válassz kiegészítő adat opcióink közül.'); 
insert into nestedkeyvalue VALUES ('68223-1.0.0-Description-eng', '68223-1.0.0-Description', 'Ezzel a csomaggal 10 GB osztható adat áll rendelkezésedre minden számlázási ciklusban. Ha többre van szükséged, válassz kiegészítő adat opcióink közül.'); 
insert into nestedkeyvalue VALUES ('68223-1.0.0-Description-hun', '68223-1.0.0-Description', 'This tariff has 10 GB of shared mobile internet included in each monthly billing period. If you need more or use all of your 10 GB, you can choose a great value extra data pack from below.'); 
insert into nestedkeyvalue VALUES ('68223-1.0.0-Description-unLocalized', '68223-1.0.0-Description', null); 
insert into keyvalue VALUES ('68223-1.0.0-Description', '68223-1.0.0', 'Post-Pool-1.0.0-Description', null); 
insert into keyvalue VALUES ('68223-1.0.0-Online_selfcare_id', '68223-1.0.0', 'Post-Pool-1.0.0-Online_selfcare_id', null); 
insert into keyvalue VALUES ('68223-1.0.0-Upgrade_pool_ids', '68223-1.0.0', 'Post-Pool-1.0.0-Upgrade_pool_ids', null); 
insert into keyvalue VALUES ('68223-1.0.0-MaxMember', '68223-1.0.0', 'Post-Pool-1.0.0-MaxMember', '2'); 
insert into keyvalue VALUES ('68223-1.0.0-Type', '68223-1.0.0', 'Post-Pool-1.0.0-Type', 'IOYM'); 
insert into keyvalue VALUES ('68223-1.0.0-UnlimitedContentPackages', '68223-1.0.0', 'Post-Pool-1.0.0-UnlimitedContentPackages', null); 
insert into object VALUES ('68224-1.0.0', '68224'); 
insert into nestedkeyvalue VALUES ('68224-1.0.0-PSMCodes-Activation', '68224-1.0.0-PSMCodes', null); 
insert into keyvalue VALUES ('68224-1.0.0-PSMCodes', '68224-1.0.0', 'Post-Pool-1.0.0-PSMCodes', null); 
insert into keyvalue VALUES ('68224-1.0.0-Addon_ids_master', '68224-1.0.0', 'Post-Pool-1.0.0-Addon_ids_master', null); 
insert into objectrelation VALUES ('68224-1.0.0-Refill_ids-O_PKREF_2542c37', '68224-1.0.0-Refill_ids', 'O_PKREF_2542c37-1.0.0'); 
insert into objectrelation VALUES ('68224-1.0.0-Refill_ids-O_PKREF_5084c74', '68224-1.0.0-Refill_ids', 'O_PKREF_5084c74-1.0.0'); 
insert into objectrelation VALUES ('68224-1.0.0-Refill_ids-O_PKRE_10169c49', '68224-1.0.0-Refill_ids', 'O_PKRE_10169c49-1.0.0'); 
insert into keyvalue VALUES ('68224-1.0.0-Refill_ids', '68224-1.0.0', 'Post-Pool-1.0.0-Refill_ids', null); 
insert into keyvalue VALUES ('68224-1.0.0-Featured', '68224-1.0.0', 'Post-Pool-1.0.0-Featured', 'false'); 
insert into keyvalue VALUES ('68224-1.0.0-BaseOfferIncluded', '68224-1.0.0', 'Post-Pool-1.0.0-BaseOfferIncluded', 'true'); 
insert into objectrelation VALUES ('68224-1.0.0-Addon_ids_member-68227', '68224-1.0.0-Addon_ids_member', '68227-1.0.0'); 
insert into objectrelation VALUES ('68224-1.0.0-Addon_ids_member-68228', '68224-1.0.0-Addon_ids_member', '68228-1.0.0'); 
insert into objectrelation VALUES ('68224-1.0.0-Addon_ids_member-68229', '68224-1.0.0-Addon_ids_member', '68229-1.0.0'); 
insert into objectrelation VALUES ('68224-1.0.0-Addon_ids_member-68230', '68224-1.0.0-Addon_ids_member', '68230-1.0.0'); 
insert into keyvalue VALUES ('68224-1.0.0-Addon_ids_member', '68224-1.0.0', 'Post-Pool-1.0.0-Addon_ids_member', null); 
insert into keyvalue VALUES ('68224-1.0.0-Id', '68224-1.0.0', 'Post-Pool-1.0.0-Id', '68224'); 
insert into keyvalue VALUES ('68224-1.0.0-Offer_ids_master', '68224-1.0.0', 'Post-Pool-1.0.0-Offer_ids_master', null); 
insert into keyvalue VALUES ('68224-1.0.0-Offer_ids_member', '68224-1.0.0', 'Post-Pool-1.0.0-Offer_ids_member', null); 
insert into keyvalue VALUES ('68224-1.0.0-Data_usage_mb', '68224-1.0.0', 'Post-Pool-1.0.0-Data_usage_mb', '30720'); 
insert into keyvalue VALUES ('68224-1.0.0-Price', '68224-1.0.0', 'Post-Pool-1.0.0-Price', '12500'); 
insert into keyvalue VALUES ('68224-1.0.0-Active', '68224-1.0.0', 'Post-Pool-1.0.0-Active', 'true'); 
insert into nestedkeyvalue VALUES ('68224-1.0.0-Name-def', '68224-1.0.0-Name', 'Business Pool Quota 30 GB'); 
insert into nestedkeyvalue VALUES ('68224-1.0.0-Name-eng', '68224-1.0.0-Name', 'Business Pool Quota 30 GB'); 
insert into nestedkeyvalue VALUES ('68224-1.0.0-Name-hun', '68224-1.0.0-Name', 'Business Pool Quota 30 GB'); 
insert into nestedkeyvalue VALUES ('68224-1.0.0-Name-unLocalized', '68224-1.0.0-Name', null); 
insert into keyvalue VALUES ('68224-1.0.0-Name', '68224-1.0.0', 'Post-Pool-1.0.0-Name', null); 
insert into nestedkeyvalue VALUES ('68224-1.0.0-Description-def', '68224-1.0.0-Description', 'Ezzel a csomaggal 30 GB osztható adat áll rendelkezésedre minden számlázási ciklusban. Ha többre van szükséged, válassz kiegészítő adat opcióink közül.'); 
insert into nestedkeyvalue VALUES ('68224-1.0.0-Description-eng', '68224-1.0.0-Description', 'Ezzel a csomaggal 30 GB osztható adat áll rendelkezésedre minden számlázási ciklusban. Ha többre van szükséged, válassz kiegészítő adat opcióink közül.'); 
insert into nestedkeyvalue VALUES ('68224-1.0.0-Description-hun', '68224-1.0.0-Description', 'This tariff has 30 GB of shared mobile internet included in each monthly billing period. If you need more or use all of your 30 GB, you can choose a great value extra data pack from below.'); 
insert into nestedkeyvalue VALUES ('68224-1.0.0-Description-unLocalized', '68224-1.0.0-Description', null); 
insert into keyvalue VALUES ('68224-1.0.0-Description', '68224-1.0.0', 'Post-Pool-1.0.0-Description', null); 
insert into keyvalue VALUES ('68224-1.0.0-Online_selfcare_id', '68224-1.0.0', 'Post-Pool-1.0.0-Online_selfcare_id', null); 
insert into keyvalue VALUES ('68224-1.0.0-Upgrade_pool_ids', '68224-1.0.0', 'Post-Pool-1.0.0-Upgrade_pool_ids', null); 
insert into keyvalue VALUES ('68224-1.0.0-MaxMember', '68224-1.0.0', 'Post-Pool-1.0.0-MaxMember', '2'); 
insert into keyvalue VALUES ('68224-1.0.0-Type', '68224-1.0.0', 'Post-Pool-1.0.0-Type', 'IOYM'); 
insert into keyvalue VALUES ('68224-1.0.0-UnlimitedContentPackages', '68224-1.0.0', 'Post-Pool-1.0.0-UnlimitedContentPackages', null); 
insert into object VALUES ('68225-1.0.0', '68225'); 
insert into nestedkeyvalue VALUES ('68225-1.0.0-PSMCodes-Activation', '68225-1.0.0-PSMCodes', null); 
insert into keyvalue VALUES ('68225-1.0.0-PSMCodes', '68225-1.0.0', 'Post-Pool-1.0.0-PSMCodes', null); 
insert into keyvalue VALUES ('68225-1.0.0-Addon_ids_master', '68225-1.0.0', 'Post-Pool-1.0.0-Addon_ids_master', null); 
insert into objectrelation VALUES ('68225-1.0.0-Refill_ids-O_PKREF_2542c37', '68225-1.0.0-Refill_ids', 'O_PKREF_2542c37-1.0.0'); 
insert into objectrelation VALUES ('68225-1.0.0-Refill_ids-O_PKREF_5084c74', '68225-1.0.0-Refill_ids', 'O_PKREF_5084c74-1.0.0'); 
insert into objectrelation VALUES ('68225-1.0.0-Refill_ids-O_PKREF_8474c57', '68225-1.0.0-Refill_ids', 'O_PKREF_8474c57-1.0.0'); 
insert into keyvalue VALUES ('68225-1.0.0-Refill_ids', '68225-1.0.0', 'Post-Pool-1.0.0-Refill_ids', null); 
insert into keyvalue VALUES ('68225-1.0.0-Featured', '68225-1.0.0', 'Post-Pool-1.0.0-Featured', 'false'); 
insert into keyvalue VALUES ('68225-1.0.0-BaseOfferIncluded', '68225-1.0.0', 'Post-Pool-1.0.0-BaseOfferIncluded', 'true'); 
insert into objectrelation VALUES ('68225-1.0.0-Addon_ids_member-68227', '68225-1.0.0-Addon_ids_member', '68227-1.0.0'); 
insert into objectrelation VALUES ('68225-1.0.0-Addon_ids_member-68228', '68225-1.0.0-Addon_ids_member', '68228-1.0.0'); 
insert into objectrelation VALUES ('68225-1.0.0-Addon_ids_member-68229', '68225-1.0.0-Addon_ids_member', '68229-1.0.0'); 
insert into objectrelation VALUES ('68225-1.0.0-Addon_ids_member-68231', '68225-1.0.0-Addon_ids_member', '68231-1.0.0'); 
insert into keyvalue VALUES ('68225-1.0.0-Addon_ids_member', '68225-1.0.0', 'Post-Pool-1.0.0-Addon_ids_member', null); 
insert into keyvalue VALUES ('68225-1.0.0-Id', '68225-1.0.0', 'Post-Pool-1.0.0-Id', '68225'); 
insert into keyvalue VALUES ('68225-1.0.0-Offer_ids_master', '68225-1.0.0', 'Post-Pool-1.0.0-Offer_ids_master', null); 
insert into keyvalue VALUES ('68225-1.0.0-Offer_ids_member', '68225-1.0.0', 'Post-Pool-1.0.0-Offer_ids_member', null); 
insert into keyvalue VALUES ('68225-1.0.0-Data_usage_mb', '68225-1.0.0', 'Post-Pool-1.0.0-Data_usage_mb', '30720'); 
insert into keyvalue VALUES ('68225-1.0.0-Price', '68225-1.0.0', 'Post-Pool-1.0.0-Price', '10500'); 
insert into keyvalue VALUES ('68225-1.0.0-Active', '68225-1.0.0', 'Post-Pool-1.0.0-Active', 'true'); 
insert into nestedkeyvalue VALUES ('68225-1.0.0-Name-def', '68225-1.0.0-Name', 'Business Pool Quota 30 GB'); 
insert into nestedkeyvalue VALUES ('68225-1.0.0-Name-eng', '68225-1.0.0-Name', 'Business Pool Quota 30 GB'); 
insert into nestedkeyvalue VALUES ('68225-1.0.0-Name-hun', '68225-1.0.0-Name', 'Business Pool Quota 30 GB'); 
insert into nestedkeyvalue VALUES ('68225-1.0.0-Name-unLocalized', '68225-1.0.0-Name', null); 
insert into keyvalue VALUES ('68225-1.0.0-Name', '68225-1.0.0', 'Post-Pool-1.0.0-Name', null); 
insert into nestedkeyvalue VALUES ('68225-1.0.0-Description-def', '68225-1.0.0-Description', 'Ezzel a csomaggal 30 GB osztható adat áll rendelkezésedre minden számlázási ciklusban. Ha többre van szükséged, válassz kiegészítő adat opcióink közül.'); 
insert into nestedkeyvalue VALUES ('68225-1.0.0-Description-eng', '68225-1.0.0-Description', 'Ezzel a csomaggal 30 GB osztható adat áll rendelkezésedre minden számlázási ciklusban. Ha többre van szükséged, válassz kiegészítő adat opcióink közül.'); 
insert into nestedkeyvalue VALUES ('68225-1.0.0-Description-hun', '68225-1.0.0-Description', 'This tariff has 30 GB of shared mobile internet included in each monthly billing period. If you need more or use all of your 30 GB, you can choose a great value extra data pack from below.'); 
insert into nestedkeyvalue VALUES ('68225-1.0.0-Description-unLocalized', '68225-1.0.0-Description', null); 
insert into keyvalue VALUES ('68225-1.0.0-Description', '68225-1.0.0', 'Post-Pool-1.0.0-Description', null); 
insert into keyvalue VALUES ('68225-1.0.0-Online_selfcare_id', '68225-1.0.0', 'Post-Pool-1.0.0-Online_selfcare_id', null); 
insert into keyvalue VALUES ('68225-1.0.0-Upgrade_pool_ids', '68225-1.0.0', 'Post-Pool-1.0.0-Upgrade_pool_ids', null); 
insert into keyvalue VALUES ('68225-1.0.0-MaxMember', '68225-1.0.0', 'Post-Pool-1.0.0-MaxMember', '2'); 
insert into keyvalue VALUES ('68225-1.0.0-Type', '68225-1.0.0', 'Post-Pool-1.0.0-Type', 'IOYM'); 
insert into keyvalue VALUES ('68225-1.0.0-UnlimitedContentPackages', '68225-1.0.0', 'Post-Pool-1.0.0-UnlimitedContentPackages', null); 
insert into object VALUES ('68226-1.0.0', '68226'); 
insert into nestedkeyvalue VALUES ('68226-1.0.0-PSMCodes-Activation', '68226-1.0.0-PSMCodes', null); 
insert into keyvalue VALUES ('68226-1.0.0-PSMCodes', '68226-1.0.0', 'Post-Pool-1.0.0-PSMCodes', null); 
insert into keyvalue VALUES ('68226-1.0.0-Addon_ids_master', '68226-1.0.0', 'Post-Pool-1.0.0-Addon_ids_master', null); 
insert into objectrelation VALUES ('68226-1.0.0-Refill_ids-63210', '68226-1.0.0-Refill_ids', '63210-1.0.0'); 
insert into objectrelation VALUES ('68226-1.0.0-Refill_ids-63211', '68226-1.0.0-Refill_ids', '63211-1.0.0'); 
insert into keyvalue VALUES ('68226-1.0.0-Refill_ids', '68226-1.0.0', 'Post-Pool-1.0.0-Refill_ids', null); 
insert into keyvalue VALUES ('68226-1.0.0-Featured', '68226-1.0.0', 'Post-Pool-1.0.0-Featured', 'false'); 
insert into keyvalue VALUES ('68226-1.0.0-BaseOfferIncluded', '68226-1.0.0', 'Post-Pool-1.0.0-BaseOfferIncluded', 'true'); 
insert into objectrelation VALUES ('68226-1.0.0-Addon_ids_member-63210', '68226-1.0.0-Addon_ids_member', '63210-1.0.0'); 
insert into objectrelation VALUES ('68226-1.0.0-Addon_ids_member-63211', '68226-1.0.0-Addon_ids_member', '63211-1.0.0'); 
insert into objectrelation VALUES ('68226-1.0.0-Addon_ids_member-63212', '68226-1.0.0-Addon_ids_member', '63212-1.0.0'); 
insert into keyvalue VALUES ('68226-1.0.0-Addon_ids_member', '68226-1.0.0', 'Post-Pool-1.0.0-Addon_ids_member', null); 
insert into keyvalue VALUES ('68226-1.0.0-Id', '68226-1.0.0', 'Post-Pool-1.0.0-Id', '68226'); 
insert into keyvalue VALUES ('68226-1.0.0-Offer_ids_master', '68226-1.0.0', 'Post-Pool-1.0.0-Offer_ids_master', null); 
insert into keyvalue VALUES ('68226-1.0.0-Offer_ids_member', '68226-1.0.0', 'Post-Pool-1.0.0-Offer_ids_member', null); 
insert into keyvalue VALUES ('68226-1.0.0-Data_usage_mb', '68226-1.0.0', 'Post-Pool-1.0.0-Data_usage_mb', '30720'); 
insert into keyvalue VALUES ('68226-1.0.0-Price', '68226-1.0.0', 'Post-Pool-1.0.0-Price', '0'); 
insert into keyvalue VALUES ('68226-1.0.0-Active', '68226-1.0.0', 'Post-Pool-1.0.0-Active', 'true'); 
insert into nestedkeyvalue VALUES ('68226-1.0.0-Name-def', '68226-1.0.0-Name', 'Business Pool Quota 30 GB'); 
insert into nestedkeyvalue VALUES ('68226-1.0.0-Name-eng', '68226-1.0.0-Name', 'Business Pool Quota 30 GB'); 
insert into nestedkeyvalue VALUES ('68226-1.0.0-Name-hun', '68226-1.0.0-Name', 'Business Pool Quota 30 GB'); 
insert into nestedkeyvalue VALUES ('68226-1.0.0-Name-unLocalized', '68226-1.0.0-Name', null); 
insert into keyvalue VALUES ('68226-1.0.0-Name', '68226-1.0.0', 'Post-Pool-1.0.0-Name', null); 
insert into nestedkeyvalue VALUES ('68226-1.0.0-Description-def', '68226-1.0.0-Description', 'Ezzel a csomaggal 30 GB osztható adat áll rendelkezésedre minden számlázási ciklusban. Ha többre van szükséged, válassz kiegészítő adat opcióink közül.'); 
insert into nestedkeyvalue VALUES ('68226-1.0.0-Description-eng', '68226-1.0.0-Description', 'Ezzel a csomaggal 30 GB osztható adat áll rendelkezésedre minden számlázási ciklusban. Ha többre van szükséged, válassz kiegészítő adat opcióink közül.'); 
insert into nestedkeyvalue VALUES ('68226-1.0.0-Description-hun', '68226-1.0.0-Description', 'This tariff has 30 GB of shared mobile internet included in each monthly billing period. If you need more or use all of your 30 GB, you can choose a great value extra data pack from below.'); 
insert into nestedkeyvalue VALUES ('68226-1.0.0-Description-unLocalized', '68226-1.0.0-Description', null); 
insert into keyvalue VALUES ('68226-1.0.0-Description', '68226-1.0.0', 'Post-Pool-1.0.0-Description', null); 
insert into keyvalue VALUES ('68226-1.0.0-Online_selfcare_id', '68226-1.0.0', 'Post-Pool-1.0.0-Online_selfcare_id', null); 
insert into keyvalue VALUES ('68226-1.0.0-Upgrade_pool_ids', '68226-1.0.0', 'Post-Pool-1.0.0-Upgrade_pool_ids', null); 
insert into keyvalue VALUES ('68226-1.0.0-MaxMember', '68226-1.0.0', 'Post-Pool-1.0.0-MaxMember', '2'); 
insert into keyvalue VALUES ('68226-1.0.0-Type', '68226-1.0.0', 'Post-Pool-1.0.0-Type', 'IOYM'); 
insert into keyvalue VALUES ('68226-1.0.0-UnlimitedContentPackages', '68226-1.0.0', 'Post-Pool-1.0.0-UnlimitedContentPackages', null); 
insert into object VALUES ('68595-1.0.0', '68595'); 
insert into nestedkeyvalue VALUES ('68595-1.0.0-PSMCodes-Activation', '68595-1.0.0-PSMCodes', null); 
insert into keyvalue VALUES ('68595-1.0.0-PSMCodes', '68595-1.0.0', 'Post-Pool-1.0.0-PSMCodes', null); 
insert into objectrelation VALUES ('68595-1.0.0-Addon_ids_master-57598', '68595-1.0.0-Addon_ids_master', '57598-1.0.0'); 
insert into objectrelation VALUES ('68595-1.0.0-Addon_ids_master-51863', '68595-1.0.0-Addon_ids_master', '51863-1.0.0'); 
insert into objectrelation VALUES ('68595-1.0.0-Addon_ids_master-66962', '68595-1.0.0-Addon_ids_master', '66962-1.0.0'); 
insert into objectrelation VALUES ('68595-1.0.0-Addon_ids_master-66963', '68595-1.0.0-Addon_ids_master', '66963-1.0.0'); 
insert into objectrelation VALUES ('68595-1.0.0-Addon_ids_master-66959', '68595-1.0.0-Addon_ids_master', '66959-1.0.0'); 
insert into objectrelation VALUES ('68595-1.0.0-Addon_ids_master-66960', '68595-1.0.0-Addon_ids_master', '66960-1.0.0'); 
insert into objectrelation VALUES ('68595-1.0.0-Addon_ids_master-66964', '68595-1.0.0-Addon_ids_master', '66964-1.0.0'); 
insert into objectrelation VALUES ('68595-1.0.0-Addon_ids_master-66965', '68595-1.0.0-Addon_ids_master', '66965-1.0.0'); 
insert into objectrelation VALUES ('68595-1.0.0-Addon_ids_master-67103', '68595-1.0.0-Addon_ids_master', '67103-1.0.0'); 
insert into objectrelation VALUES ('68595-1.0.0-Addon_ids_master-67100', '68595-1.0.0-Addon_ids_master', '67100-1.0.0'); 
insert into objectrelation VALUES ('68595-1.0.0-Addon_ids_master-67880', '68595-1.0.0-Addon_ids_master', '67880-1.0.0'); 
insert into objectrelation VALUES ('68595-1.0.0-Addon_ids_master-68308', '68595-1.0.0-Addon_ids_master', '68308-1.0.0'); 
insert into keyvalue VALUES ('68595-1.0.0-Addon_ids_master', '68595-1.0.0', 'Post-Pool-1.0.0-Addon_ids_master', null); 
insert into objectrelation VALUES ('68595-1.0.0-Refill_ids-O_REF_590c6', '68595-1.0.0-Refill_ids', 'O_REF_590c6-1.0.0'); 
insert into objectrelation VALUES ('68595-1.0.0-Refill_ids-O_REF_1574c8', '68595-1.0.0-Refill_ids', 'O_REF_1574c8-1.0.0'); 
insert into objectrelation VALUES ('68595-1.0.0-Refill_ids-O_REF_2354c33', '68595-1.0.0-Refill_ids', 'O_REF_2354c33-1.0.0'); 
insert into keyvalue VALUES ('68595-1.0.0-Refill_ids', '68595-1.0.0', 'Post-Pool-1.0.0-Refill_ids', null); 
insert into keyvalue VALUES ('68595-1.0.0-Featured', '68595-1.0.0', 'Post-Pool-1.0.0-Featured', 'true'); 
insert into keyvalue VALUES ('68595-1.0.0-BaseOfferIncluded', '68595-1.0.0', 'Post-Pool-1.0.0-BaseOfferIncluded', 'true'); 
insert into keyvalue VALUES ('68595-1.0.0-Addon_ids_member', '68595-1.0.0', 'Post-Pool-1.0.0-Addon_ids_member', null); 
insert into keyvalue VALUES ('68595-1.0.0-Id', '68595-1.0.0', 'Post-Pool-1.0.0-Id', '68595'); 
insert into keyvalue VALUES ('68595-1.0.0-Offer_ids_master', '68595-1.0.0', 'Post-Pool-1.0.0-Offer_ids_master', null); 
insert into keyvalue VALUES ('68595-1.0.0-Offer_ids_member', '68595-1.0.0', 'Post-Pool-1.0.0-Offer_ids_member', null); 
insert into keyvalue VALUES ('68595-1.0.0-Data_usage_mb', '68595-1.0.0', 'Post-Pool-1.0.0-Data_usage_mb', '5120'); 
insert into keyvalue VALUES ('68595-1.0.0-Price', '68595-1.0.0', 'Post-Pool-1.0.0-Price', '7434'); 
insert into keyvalue VALUES ('68595-1.0.0-Active', '68595-1.0.0', 'Post-Pool-1.0.0-Active', 'false'); 
insert into nestedkeyvalue VALUES ('68595-1.0.0-Name-def', '68595-1.0.0-Name', 'Osztható adat 5GB'); 
insert into nestedkeyvalue VALUES ('68595-1.0.0-Name-eng', '68595-1.0.0-Name', 'Osztható adat 5GB'); 
insert into nestedkeyvalue VALUES ('68595-1.0.0-Name-hun', '68595-1.0.0-Name', 'Shared data 5 GB'); 
insert into nestedkeyvalue VALUES ('68595-1.0.0-Name-unLocalized', '68595-1.0.0-Name', null); 
insert into keyvalue VALUES ('68595-1.0.0-Name', '68595-1.0.0', 'Post-Pool-1.0.0-Name', null); 
insert into nestedkeyvalue VALUES ('68595-1.0.0-Description-def', '68595-1.0.0-Description', 'Ezzel a csomaggal 5 GB osztható adat áll rendelkezésedre minden számlázási ciklusban. Ha többre van szükséged, válogass kiegészítő adatcsomagjainkból!'); 
insert into nestedkeyvalue VALUES ('68595-1.0.0-Description-eng', '68595-1.0.0-Description', 'Ezzel a csomaggal 5 GB osztható adat áll rendelkezésedre minden számlázási ciklusban. Ha többre van szükséged, válogass kiegészítő adatcsomagjainkból!'); 
insert into nestedkeyvalue VALUES ('68595-1.0.0-Description-hun', '68595-1.0.0-Description', 'This tariff has 5 GB of shared mobile internet included in each monthly billing period. If you need more or use all of your 5 GB, you can choose a great value extra data pack from below.'); 
insert into nestedkeyvalue VALUES ('68595-1.0.0-Description-unLocalized', '68595-1.0.0-Description', null); 
insert into keyvalue VALUES ('68595-1.0.0-Description', '68595-1.0.0', 'Post-Pool-1.0.0-Description', null); 
insert into keyvalue VALUES ('68595-1.0.0-Online_selfcare_id', '68595-1.0.0', 'Post-Pool-1.0.0-Online_selfcare_id', null); 
insert into keyvalue VALUES ('68595-1.0.0-Upgrade_pool_ids', '68595-1.0.0', 'Post-Pool-1.0.0-Upgrade_pool_ids', null); 
insert into keyvalue VALUES ('68595-1.0.0-MaxMember', '68595-1.0.0', 'Post-Pool-1.0.0-MaxMember', '5'); 
insert into keyvalue VALUES ('68595-1.0.0-Type', '68595-1.0.0', 'Post-Pool-1.0.0-Type', 'IOYM'); 
insert into objectrelation VALUES ('68595-1.0.0-UnlimitedContentPackages-UCP67694', '68595-1.0.0-UnlimitedContentPackages', 'UCP67694-1.0.0'); 
insert into objectrelation VALUES ('68595-1.0.0-UnlimitedContentPackages-UCP67695', '68595-1.0.0-UnlimitedContentPackages', 'UCP67695-1.0.0'); 
insert into objectrelation VALUES ('68595-1.0.0-UnlimitedContentPackages-UCP67693', '68595-1.0.0-UnlimitedContentPackages', 'UCP67693-1.0.0'); 
insert into objectrelation VALUES ('68595-1.0.0-UnlimitedContentPackages-UCP67696', '68595-1.0.0-UnlimitedContentPackages', 'UCP67696-1.0.0'); 
insert into objectrelation VALUES ('68595-1.0.0-UnlimitedContentPackages-UCP68348', '68595-1.0.0-UnlimitedContentPackages', 'UCP68348-1.0.0'); 
insert into keyvalue VALUES ('68595-1.0.0-UnlimitedContentPackages', '68595-1.0.0', 'Post-Pool-1.0.0-UnlimitedContentPackages', null); 
insert into object VALUES ('68594-1.0.0', '68594'); 
insert into nestedkeyvalue VALUES ('68594-1.0.0-PSMCodes-Activation', '68594-1.0.0-PSMCodes', null); 
insert into keyvalue VALUES ('68594-1.0.0-PSMCodes', '68594-1.0.0', 'Post-Pool-1.0.0-PSMCodes', null); 
insert into objectrelation VALUES ('68594-1.0.0-Addon_ids_master-57598', '68594-1.0.0-Addon_ids_master', '57598-1.0.0'); 
insert into objectrelation VALUES ('68594-1.0.0-Addon_ids_master-51863', '68594-1.0.0-Addon_ids_master', '51863-1.0.0'); 
insert into objectrelation VALUES ('68594-1.0.0-Addon_ids_master-66962', '68594-1.0.0-Addon_ids_master', '66962-1.0.0'); 
insert into objectrelation VALUES ('68594-1.0.0-Addon_ids_master-66963', '68594-1.0.0-Addon_ids_master', '66963-1.0.0'); 
insert into objectrelation VALUES ('68594-1.0.0-Addon_ids_master-66959', '68594-1.0.0-Addon_ids_master', '66959-1.0.0'); 
insert into objectrelation VALUES ('68594-1.0.0-Addon_ids_master-66960', '68594-1.0.0-Addon_ids_master', '66960-1.0.0'); 
insert into objectrelation VALUES ('68594-1.0.0-Addon_ids_master-66964', '68594-1.0.0-Addon_ids_master', '66964-1.0.0'); 
insert into objectrelation VALUES ('68594-1.0.0-Addon_ids_master-66965', '68594-1.0.0-Addon_ids_master', '66965-1.0.0'); 
insert into objectrelation VALUES ('68594-1.0.0-Addon_ids_master-67103', '68594-1.0.0-Addon_ids_master', '67103-1.0.0'); 
insert into objectrelation VALUES ('68594-1.0.0-Addon_ids_master-67100', '68594-1.0.0-Addon_ids_master', '67100-1.0.0'); 
insert into objectrelation VALUES ('68594-1.0.0-Addon_ids_master-67880', '68594-1.0.0-Addon_ids_master', '67880-1.0.0'); 
insert into objectrelation VALUES ('68594-1.0.0-Addon_ids_master-68308', '68594-1.0.0-Addon_ids_master', '68308-1.0.0'); 
insert into keyvalue VALUES ('68594-1.0.0-Addon_ids_master', '68594-1.0.0', 'Post-Pool-1.0.0-Addon_ids_master', null); 
insert into objectrelation VALUES ('68594-1.0.0-Refill_ids-O_REF_590c6', '68594-1.0.0-Refill_ids', 'O_REF_590c6-1.0.0'); 
insert into objectrelation VALUES ('68594-1.0.0-Refill_ids-O_REF_1574c8', '68594-1.0.0-Refill_ids', 'O_REF_1574c8-1.0.0'); 
insert into objectrelation VALUES ('68594-1.0.0-Refill_ids-O_REF_2354c33', '68594-1.0.0-Refill_ids', 'O_REF_2354c33-1.0.0'); 
insert into keyvalue VALUES ('68594-1.0.0-Refill_ids', '68594-1.0.0', 'Post-Pool-1.0.0-Refill_ids', null); 
insert into keyvalue VALUES ('68594-1.0.0-Featured', '68594-1.0.0', 'Post-Pool-1.0.0-Featured', 'true'); 
insert into keyvalue VALUES ('68594-1.0.0-BaseOfferIncluded', '68594-1.0.0', 'Post-Pool-1.0.0-BaseOfferIncluded', 'true'); 
insert into keyvalue VALUES ('68594-1.0.0-Addon_ids_member', '68594-1.0.0', 'Post-Pool-1.0.0-Addon_ids_member', null); 
insert into keyvalue VALUES ('68594-1.0.0-Id', '68594-1.0.0', 'Post-Pool-1.0.0-Id', '68594'); 
insert into keyvalue VALUES ('68594-1.0.0-Offer_ids_master', '68594-1.0.0', 'Post-Pool-1.0.0-Offer_ids_master', null); 
insert into keyvalue VALUES ('68594-1.0.0-Offer_ids_member', '68594-1.0.0', 'Post-Pool-1.0.0-Offer_ids_member', null); 
insert into keyvalue VALUES ('68594-1.0.0-Data_usage_mb', '68594-1.0.0', 'Post-Pool-1.0.0-Data_usage_mb', '3072'); 
insert into keyvalue VALUES ('68594-1.0.0-Price', '68594-1.0.0', 'Post-Pool-1.0.0-Price', '4646'); 
insert into keyvalue VALUES ('68594-1.0.0-Active', '68594-1.0.0', 'Post-Pool-1.0.0-Active', 'false'); 
insert into nestedkeyvalue VALUES ('68594-1.0.0-Name-def', '68594-1.0.0-Name', 'Osztható adat 3GB'); 
insert into nestedkeyvalue VALUES ('68594-1.0.0-Name-eng', '68594-1.0.0-Name', 'Osztható adat 3GB'); 
insert into nestedkeyvalue VALUES ('68594-1.0.0-Name-hun', '68594-1.0.0-Name', 'Shared data 3 GB'); 
insert into nestedkeyvalue VALUES ('68594-1.0.0-Name-unLocalized', '68594-1.0.0-Name', null); 
insert into keyvalue VALUES ('68594-1.0.0-Name', '68594-1.0.0', 'Post-Pool-1.0.0-Name', null); 
insert into nestedkeyvalue VALUES ('68594-1.0.0-Description-def', '68594-1.0.0-Description', 'Ezzel a csomaggal 3 GB osztható adat áll rendelkezésedre minden számlázási ciklusban. Ha többre van szükséged, válogass kiegészítő adatcsomagjainkból!'); 
insert into nestedkeyvalue VALUES ('68594-1.0.0-Description-eng', '68594-1.0.0-Description', 'Ezzel a csomaggal 3 GB osztható adat áll rendelkezésedre minden számlázási ciklusban. Ha többre van szükséged, válogass kiegészítő adatcsomagjainkból!'); 
insert into nestedkeyvalue VALUES ('68594-1.0.0-Description-hun', '68594-1.0.0-Description', 'This tariff has 3 GB of shared mobile internet included in each monthly billing period. If you need more or use all of your 3 GB, you can choose a great value extra data pack from below.'); 
insert into nestedkeyvalue VALUES ('68594-1.0.0-Description-unLocalized', '68594-1.0.0-Description', null); 
insert into keyvalue VALUES ('68594-1.0.0-Description', '68594-1.0.0', 'Post-Pool-1.0.0-Description', null); 
insert into keyvalue VALUES ('68594-1.0.0-Online_selfcare_id', '68594-1.0.0', 'Post-Pool-1.0.0-Online_selfcare_id', null); 
insert into keyvalue VALUES ('68594-1.0.0-Upgrade_pool_ids', '68594-1.0.0', 'Post-Pool-1.0.0-Upgrade_pool_ids', null); 
insert into keyvalue VALUES ('68594-1.0.0-MaxMember', '68594-1.0.0', 'Post-Pool-1.0.0-MaxMember', '3'); 
insert into keyvalue VALUES ('68594-1.0.0-Type', '68594-1.0.0', 'Post-Pool-1.0.0-Type', 'IOYM'); 
insert into objectrelation VALUES ('68594-1.0.0-UnlimitedContentPackages-UCP67694', '68594-1.0.0-UnlimitedContentPackages', 'UCP67694-1.0.0'); 
insert into objectrelation VALUES ('68594-1.0.0-UnlimitedContentPackages-UCP67695', '68594-1.0.0-UnlimitedContentPackages', 'UCP67695-1.0.0'); 
insert into objectrelation VALUES ('68594-1.0.0-UnlimitedContentPackages-UCP67693', '68594-1.0.0-UnlimitedContentPackages', 'UCP67693-1.0.0'); 
insert into objectrelation VALUES ('68594-1.0.0-UnlimitedContentPackages-UCP67696', '68594-1.0.0-UnlimitedContentPackages', 'UCP67696-1.0.0'); 
insert into objectrelation VALUES ('68594-1.0.0-UnlimitedContentPackages-UCP68348', '68594-1.0.0-UnlimitedContentPackages', 'UCP68348-1.0.0'); 
insert into keyvalue VALUES ('68594-1.0.0-UnlimitedContentPackages', '68594-1.0.0', 'Post-Pool-1.0.0-UnlimitedContentPackages', null); 
insert into object VALUES ('68832-1.0.0', '68832'); 
insert into nestedkeyvalue VALUES ('68832-1.0.0-PSMCodes-Activation', '68832-1.0.0-PSMCodes', null); 
insert into keyvalue VALUES ('68832-1.0.0-PSMCodes', '68832-1.0.0', 'Post-Pool-1.0.0-PSMCodes', null); 
insert into keyvalue VALUES ('68832-1.0.0-Addon_ids_master', '68832-1.0.0', 'Post-Pool-1.0.0-Addon_ids_master', null); 
insert into objectrelation VALUES ('68832-1.0.0-Refill_ids-63210', '68832-1.0.0-Refill_ids', '63210-1.0.0'); 
insert into objectrelation VALUES ('68832-1.0.0-Refill_ids-63211', '68832-1.0.0-Refill_ids', '63211-1.0.0'); 
insert into objectrelation VALUES ('68832-1.0.0-Refill_ids-63212', '68832-1.0.0-Refill_ids', '63212-1.0.0'); 
insert into keyvalue VALUES ('68832-1.0.0-Refill_ids', '68832-1.0.0', 'Post-Pool-1.0.0-Refill_ids', null); 
insert into keyvalue VALUES ('68832-1.0.0-Featured', '68832-1.0.0', 'Post-Pool-1.0.0-Featured', 'false'); 
insert into keyvalue VALUES ('68832-1.0.0-BaseOfferIncluded', '68832-1.0.0', 'Post-Pool-1.0.0-BaseOfferIncluded', 'true'); 
insert into keyvalue VALUES ('68832-1.0.0-Addon_ids_member', '68832-1.0.0', 'Post-Pool-1.0.0-Addon_ids_member', null); 
insert into keyvalue VALUES ('68832-1.0.0-Id', '68832-1.0.0', 'Post-Pool-1.0.0-Id', '68832'); 
insert into keyvalue VALUES ('68832-1.0.0-Offer_ids_master', '68832-1.0.0', 'Post-Pool-1.0.0-Offer_ids_master', null); 
insert into keyvalue VALUES ('68832-1.0.0-Offer_ids_member', '68832-1.0.0', 'Post-Pool-1.0.0-Offer_ids_member', null); 
insert into keyvalue VALUES ('68832-1.0.0-Data_usage_mb', '68832-1.0.0', 'Post-Pool-1.0.0-Data_usage_mb', '10240'); 
insert into keyvalue VALUES ('68832-1.0.0-Price', '68832-1.0.0', 'Post-Pool-1.0.0-Price', '5101'); 
insert into keyvalue VALUES ('68832-1.0.0-Active', '68832-1.0.0', 'Post-Pool-1.0.0-Active', 'true'); 
insert into nestedkeyvalue VALUES ('68832-1.0.0-Name-def', '68832-1.0.0-Name', 'Osztható adat 10GB'); 
insert into nestedkeyvalue VALUES ('68832-1.0.0-Name-eng', '68832-1.0.0-Name', 'Osztható adat 10GB'); 
insert into nestedkeyvalue VALUES ('68832-1.0.0-Name-hun', '68832-1.0.0-Name', 'Pool Quota 10GB'); 
insert into nestedkeyvalue VALUES ('68832-1.0.0-Name-unLocalized', '68832-1.0.0-Name', null); 
insert into keyvalue VALUES ('68832-1.0.0-Name', '68832-1.0.0', 'Post-Pool-1.0.0-Name', null); 
insert into nestedkeyvalue VALUES ('68832-1.0.0-Description-def', '68832-1.0.0-Description', 'Ezzel a csomaggal 10 GB osztható adat áll rendelkezésedre minden számlázási ciklusban. Ha többre van szükséged, válassz kiegészítő adat opcióink közül.'); 
insert into nestedkeyvalue VALUES ('68832-1.0.0-Description-eng', '68832-1.0.0-Description', 'Ezzel a csomaggal 10 GB osztható adat áll rendelkezésedre minden számlázási ciklusban. Ha többre van szükséged, válassz kiegészítő adat opcióink közül.'); 
insert into nestedkeyvalue VALUES ('68832-1.0.0-Description-hun', '68832-1.0.0-Description', 'This tariff has 10 GB of shared mobile internet included in each monthly billing period. If you need more or use all of your 10 GB, you can choose a great value extra data pack from below.'); 
insert into nestedkeyvalue VALUES ('68832-1.0.0-Description-unLocalized', '68832-1.0.0-Description', null); 
insert into keyvalue VALUES ('68832-1.0.0-Description', '68832-1.0.0', 'Post-Pool-1.0.0-Description', null); 
insert into keyvalue VALUES ('68832-1.0.0-Online_selfcare_id', '68832-1.0.0', 'Post-Pool-1.0.0-Online_selfcare_id', null); 
insert into keyvalue VALUES ('68832-1.0.0-Upgrade_pool_ids', '68832-1.0.0', 'Post-Pool-1.0.0-Upgrade_pool_ids', null); 
insert into keyvalue VALUES ('68832-1.0.0-MaxMember', '68832-1.0.0', 'Post-Pool-1.0.0-MaxMember', '2'); 
insert into keyvalue VALUES ('68832-1.0.0-Type', '68832-1.0.0', 'Post-Pool-1.0.0-Type', 'IOYM'); 
insert into keyvalue VALUES ('68832-1.0.0-UnlimitedContentPackages', '68832-1.0.0', 'Post-Pool-1.0.0-UnlimitedContentPackages', null); 
insert into object VALUES ('68834-1.0.0', '68834'); 
insert into nestedkeyvalue VALUES ('68834-1.0.0-PSMCodes-Activation', '68834-1.0.0-PSMCodes', null); 
insert into keyvalue VALUES ('68834-1.0.0-PSMCodes', '68834-1.0.0', 'Post-Pool-1.0.0-PSMCodes', null); 
insert into keyvalue VALUES ('68834-1.0.0-Addon_ids_master', '68834-1.0.0', 'Post-Pool-1.0.0-Addon_ids_master', null); 
insert into objectrelation VALUES ('68834-1.0.0-Refill_ids-63210', '68834-1.0.0-Refill_ids', '63210-1.0.0'); 
insert into objectrelation VALUES ('68834-1.0.0-Refill_ids-63211', '68834-1.0.0-Refill_ids', '63211-1.0.0'); 
insert into objectrelation VALUES ('68834-1.0.0-Refill_ids-63212', '68834-1.0.0-Refill_ids', '63212-1.0.0'); 
insert into keyvalue VALUES ('68834-1.0.0-Refill_ids', '68834-1.0.0', 'Post-Pool-1.0.0-Refill_ids', null); 
insert into keyvalue VALUES ('68834-1.0.0-Featured', '68834-1.0.0', 'Post-Pool-1.0.0-Featured', 'false'); 
insert into keyvalue VALUES ('68834-1.0.0-BaseOfferIncluded', '68834-1.0.0', 'Post-Pool-1.0.0-BaseOfferIncluded', 'true'); 
insert into keyvalue VALUES ('68834-1.0.0-Addon_ids_member', '68834-1.0.0', 'Post-Pool-1.0.0-Addon_ids_member', null); 
insert into keyvalue VALUES ('68834-1.0.0-Id', '68834-1.0.0', 'Post-Pool-1.0.0-Id', '68834'); 
insert into keyvalue VALUES ('68834-1.0.0-Offer_ids_master', '68834-1.0.0', 'Post-Pool-1.0.0-Offer_ids_master', null); 
insert into keyvalue VALUES ('68834-1.0.0-Offer_ids_member', '68834-1.0.0', 'Post-Pool-1.0.0-Offer_ids_member', null); 
insert into keyvalue VALUES ('68834-1.0.0-Data_usage_mb', '68834-1.0.0', 'Post-Pool-1.0.0-Data_usage_mb', '10240'); 
insert into keyvalue VALUES ('68834-1.0.0-Price', '68834-1.0.0', 'Post-Pool-1.0.0-Price', '5566'); 
insert into keyvalue VALUES ('68834-1.0.0-Active', '68834-1.0.0', 'Post-Pool-1.0.0-Active', 'true'); 
insert into nestedkeyvalue VALUES ('68834-1.0.0-Name-def', '68834-1.0.0-Name', 'Osztható adat 10GB'); 
insert into nestedkeyvalue VALUES ('68834-1.0.0-Name-eng', '68834-1.0.0-Name', 'Osztható adat 10GB'); 
insert into nestedkeyvalue VALUES ('68834-1.0.0-Name-hun', '68834-1.0.0-Name', 'Pool Quota 10GB'); 
insert into nestedkeyvalue VALUES ('68834-1.0.0-Name-unLocalized', '68834-1.0.0-Name', null); 
insert into keyvalue VALUES ('68834-1.0.0-Name', '68834-1.0.0', 'Post-Pool-1.0.0-Name', null); 
insert into nestedkeyvalue VALUES ('68834-1.0.0-Description-def', '68834-1.0.0-Description', 'Ezzel a csomaggal 10 GB osztható adat áll rendelkezésedre minden számlázási ciklusban. Ha többre van szükséged, válassz kiegészítő adat opcióink közül.'); 
insert into nestedkeyvalue VALUES ('68834-1.0.0-Description-eng', '68834-1.0.0-Description', 'Ezzel a csomaggal 10 GB osztható adat áll rendelkezésedre minden számlázási ciklusban. Ha többre van szükséged, válassz kiegészítő adat opcióink közül.'); 
insert into nestedkeyvalue VALUES ('68834-1.0.0-Description-hun', '68834-1.0.0-Description', 'This tariff has 10 GB of shared mobile internet included in each monthly billing period. If you need more or use all of your 10 GB, you can choose a great value extra data pack from below.'); 
insert into nestedkeyvalue VALUES ('68834-1.0.0-Description-unLocalized', '68834-1.0.0-Description', null); 
insert into keyvalue VALUES ('68834-1.0.0-Description', '68834-1.0.0', 'Post-Pool-1.0.0-Description', null); 
insert into keyvalue VALUES ('68834-1.0.0-Online_selfcare_id', '68834-1.0.0', 'Post-Pool-1.0.0-Online_selfcare_id', null); 
insert into keyvalue VALUES ('68834-1.0.0-Upgrade_pool_ids', '68834-1.0.0', 'Post-Pool-1.0.0-Upgrade_pool_ids', null); 
insert into keyvalue VALUES ('68834-1.0.0-MaxMember', '68834-1.0.0', 'Post-Pool-1.0.0-MaxMember', '2'); 
insert into keyvalue VALUES ('68834-1.0.0-Type', '68834-1.0.0', 'Post-Pool-1.0.0-Type', 'IOYM'); 
insert into keyvalue VALUES ('68834-1.0.0-UnlimitedContentPackages', '68834-1.0.0', 'Post-Pool-1.0.0-UnlimitedContentPackages', null); 
insert into object VALUES ('68830-1.0.0', '68830'); 
insert into nestedkeyvalue VALUES ('68830-1.0.0-PSMCodes-Activation', '68830-1.0.0-PSMCodes', null); 
insert into keyvalue VALUES ('68830-1.0.0-PSMCodes', '68830-1.0.0', 'Post-Pool-1.0.0-PSMCodes', null); 
insert into keyvalue VALUES ('68830-1.0.0-Addon_ids_master', '68830-1.0.0', 'Post-Pool-1.0.0-Addon_ids_master', null); 
insert into objectrelation VALUES ('68830-1.0.0-Refill_ids-63210', '68830-1.0.0-Refill_ids', '63210-1.0.0'); 
insert into objectrelation VALUES ('68830-1.0.0-Refill_ids-63211', '68830-1.0.0-Refill_ids', '63211-1.0.0'); 
insert into objectrelation VALUES ('68830-1.0.0-Refill_ids-63212', '68830-1.0.0-Refill_ids', '63212-1.0.0'); 
insert into keyvalue VALUES ('68830-1.0.0-Refill_ids', '68830-1.0.0', 'Post-Pool-1.0.0-Refill_ids', null); 
insert into keyvalue VALUES ('68830-1.0.0-Featured', '68830-1.0.0', 'Post-Pool-1.0.0-Featured', 'false'); 
insert into keyvalue VALUES ('68830-1.0.0-BaseOfferIncluded', '68830-1.0.0', 'Post-Pool-1.0.0-BaseOfferIncluded', 'true'); 
insert into keyvalue VALUES ('68830-1.0.0-Addon_ids_member', '68830-1.0.0', 'Post-Pool-1.0.0-Addon_ids_member', null); 
insert into keyvalue VALUES ('68830-1.0.0-Id', '68830-1.0.0', 'Post-Pool-1.0.0-Id', '68830'); 
insert into keyvalue VALUES ('68830-1.0.0-Offer_ids_master', '68830-1.0.0', 'Post-Pool-1.0.0-Offer_ids_master', null); 
insert into keyvalue VALUES ('68830-1.0.0-Offer_ids_member', '68830-1.0.0', 'Post-Pool-1.0.0-Offer_ids_member', null); 
insert into keyvalue VALUES ('68830-1.0.0-Data_usage_mb', '68830-1.0.0', 'Post-Pool-1.0.0-Data_usage_mb', '10240'); 
insert into keyvalue VALUES ('68830-1.0.0-Price', '68830-1.0.0', 'Post-Pool-1.0.0-Price', '5101'); 
insert into keyvalue VALUES ('68830-1.0.0-Active', '68830-1.0.0', 'Post-Pool-1.0.0-Active', 'true'); 
insert into nestedkeyvalue VALUES ('68830-1.0.0-Name-def', '68830-1.0.0-Name', 'Osztható adat 10GB'); 
insert into nestedkeyvalue VALUES ('68830-1.0.0-Name-eng', '68830-1.0.0-Name', 'Osztható adat 10GB'); 
insert into nestedkeyvalue VALUES ('68830-1.0.0-Name-hun', '68830-1.0.0-Name', 'Pool Quota 10GB'); 
insert into nestedkeyvalue VALUES ('68830-1.0.0-Name-unLocalized', '68830-1.0.0-Name', null); 
insert into keyvalue VALUES ('68830-1.0.0-Name', '68830-1.0.0', 'Post-Pool-1.0.0-Name', null); 
insert into nestedkeyvalue VALUES ('68830-1.0.0-Description-def', '68830-1.0.0-Description', 'Ezzel a csomaggal 10 GB osztható adat áll rendelkezésedre minden számlázási ciklusban. Ha többre van szükséged, válassz kiegészítő adat opcióink közül.'); 
insert into nestedkeyvalue VALUES ('68830-1.0.0-Description-eng', '68830-1.0.0-Description', 'Ezzel a csomaggal 10 GB osztható adat áll rendelkezésedre minden számlázási ciklusban. Ha többre van szükséged, válassz kiegészítő adat opcióink közül.'); 
insert into nestedkeyvalue VALUES ('68830-1.0.0-Description-hun', '68830-1.0.0-Description', 'This tariff has 10 GB of shared mobile internet included in each monthly billing period. If you need more or use all of your 10 GB, you can choose a great value extra data pack from below.'); 
insert into nestedkeyvalue VALUES ('68830-1.0.0-Description-unLocalized', '68830-1.0.0-Description', null); 
insert into keyvalue VALUES ('68830-1.0.0-Description', '68830-1.0.0', 'Post-Pool-1.0.0-Description', null); 
insert into keyvalue VALUES ('68830-1.0.0-Online_selfcare_id', '68830-1.0.0', 'Post-Pool-1.0.0-Online_selfcare_id', null); 
insert into keyvalue VALUES ('68830-1.0.0-Upgrade_pool_ids', '68830-1.0.0', 'Post-Pool-1.0.0-Upgrade_pool_ids', null); 
insert into keyvalue VALUES ('68830-1.0.0-MaxMember', '68830-1.0.0', 'Post-Pool-1.0.0-MaxMember', '2'); 
insert into keyvalue VALUES ('68830-1.0.0-Type', '68830-1.0.0', 'Post-Pool-1.0.0-Type', 'IOYM'); 
insert into keyvalue VALUES ('68830-1.0.0-UnlimitedContentPackages', '68830-1.0.0', 'Post-Pool-1.0.0-UnlimitedContentPackages', null); 
insert into object VALUES ('68833-1.0.0', '68833'); 
insert into nestedkeyvalue VALUES ('68833-1.0.0-PSMCodes-Activation', '68833-1.0.0-PSMCodes', null); 
insert into keyvalue VALUES ('68833-1.0.0-PSMCodes', '68833-1.0.0', 'Post-Pool-1.0.0-PSMCodes', null); 
insert into keyvalue VALUES ('68833-1.0.0-Addon_ids_master', '68833-1.0.0', 'Post-Pool-1.0.0-Addon_ids_master', null); 
insert into objectrelation VALUES ('68833-1.0.0-Refill_ids-63210', '68833-1.0.0-Refill_ids', '63210-1.0.0'); 
insert into objectrelation VALUES ('68833-1.0.0-Refill_ids-63211', '68833-1.0.0-Refill_ids', '63211-1.0.0'); 
insert into objectrelation VALUES ('68833-1.0.0-Refill_ids-63212', '68833-1.0.0-Refill_ids', '63212-1.0.0'); 
insert into keyvalue VALUES ('68833-1.0.0-Refill_ids', '68833-1.0.0', 'Post-Pool-1.0.0-Refill_ids', null); 
insert into keyvalue VALUES ('68833-1.0.0-Featured', '68833-1.0.0', 'Post-Pool-1.0.0-Featured', 'false'); 
insert into keyvalue VALUES ('68833-1.0.0-BaseOfferIncluded', '68833-1.0.0', 'Post-Pool-1.0.0-BaseOfferIncluded', 'true'); 
insert into keyvalue VALUES ('68833-1.0.0-Addon_ids_member', '68833-1.0.0', 'Post-Pool-1.0.0-Addon_ids_member', null); 
insert into keyvalue VALUES ('68833-1.0.0-Id', '68833-1.0.0', 'Post-Pool-1.0.0-Id', '68833'); 
insert into keyvalue VALUES ('68833-1.0.0-Offer_ids_master', '68833-1.0.0', 'Post-Pool-1.0.0-Offer_ids_master', null); 
insert into keyvalue VALUES ('68833-1.0.0-Offer_ids_member', '68833-1.0.0', 'Post-Pool-1.0.0-Offer_ids_member', null); 
insert into keyvalue VALUES ('68833-1.0.0-Data_usage_mb', '68833-1.0.0', 'Post-Pool-1.0.0-Data_usage_mb', '30720'); 
insert into keyvalue VALUES ('68833-1.0.0-Price', '68833-1.0.0', 'Post-Pool-1.0.0-Price', '8353'); 
insert into keyvalue VALUES ('68833-1.0.0-Active', '68833-1.0.0', 'Post-Pool-1.0.0-Active', 'true'); 
insert into nestedkeyvalue VALUES ('68833-1.0.0-Name-def', '68833-1.0.0-Name', 'Osztható adat 30GB'); 
insert into nestedkeyvalue VALUES ('68833-1.0.0-Name-eng', '68833-1.0.0-Name', 'Osztható adat 30GB'); 
insert into nestedkeyvalue VALUES ('68833-1.0.0-Name-hun', '68833-1.0.0-Name', 'Pool Quota 30GB'); 
insert into nestedkeyvalue VALUES ('68833-1.0.0-Name-unLocalized', '68833-1.0.0-Name', null); 
insert into keyvalue VALUES ('68833-1.0.0-Name', '68833-1.0.0', 'Post-Pool-1.0.0-Name', null); 
insert into nestedkeyvalue VALUES ('68833-1.0.0-Description-def', '68833-1.0.0-Description', 'Ezzel a csomaggal 30 GB osztható adat áll rendelkezésedre minden számlázási ciklusban. Ha többre van szükséged, válassz kiegészítő adat opcióink közül.'); 
insert into nestedkeyvalue VALUES ('68833-1.0.0-Description-eng', '68833-1.0.0-Description', 'Ezzel a csomaggal 30 GB osztható adat áll rendelkezésedre minden számlázási ciklusban. Ha többre van szükséged, válassz kiegészítő adat opcióink közül.'); 
insert into nestedkeyvalue VALUES ('68833-1.0.0-Description-hun', '68833-1.0.0-Description', 'This tariff has 30 GB of shared mobile internet included in each monthly billing period. If you need more or use all of your 30 GB, you can choose a great value extra data pack from below.'); 
insert into nestedkeyvalue VALUES ('68833-1.0.0-Description-unLocalized', '68833-1.0.0-Description', null); 
insert into keyvalue VALUES ('68833-1.0.0-Description', '68833-1.0.0', 'Post-Pool-1.0.0-Description', null); 
insert into keyvalue VALUES ('68833-1.0.0-Online_selfcare_id', '68833-1.0.0', 'Post-Pool-1.0.0-Online_selfcare_id', null); 
insert into keyvalue VALUES ('68833-1.0.0-Upgrade_pool_ids', '68833-1.0.0', 'Post-Pool-1.0.0-Upgrade_pool_ids', null); 
insert into keyvalue VALUES ('68833-1.0.0-MaxMember', '68833-1.0.0', 'Post-Pool-1.0.0-MaxMember', '3'); 
insert into keyvalue VALUES ('68833-1.0.0-Type', '68833-1.0.0', 'Post-Pool-1.0.0-Type', 'IOYM'); 
insert into keyvalue VALUES ('68833-1.0.0-UnlimitedContentPackages', '68833-1.0.0', 'Post-Pool-1.0.0-UnlimitedContentPackages', null); 
insert into object VALUES ('68835-1.0.0', '68835'); 
insert into nestedkeyvalue VALUES ('68835-1.0.0-PSMCodes-Activation', '68835-1.0.0-PSMCodes', null); 
insert into keyvalue VALUES ('68835-1.0.0-PSMCodes', '68835-1.0.0', 'Post-Pool-1.0.0-PSMCodes', null); 
insert into keyvalue VALUES ('68835-1.0.0-Addon_ids_master', '68835-1.0.0', 'Post-Pool-1.0.0-Addon_ids_master', null); 
insert into objectrelation VALUES ('68835-1.0.0-Refill_ids-63210', '68835-1.0.0-Refill_ids', '63210-1.0.0'); 
insert into objectrelation VALUES ('68835-1.0.0-Refill_ids-63211', '68835-1.0.0-Refill_ids', '63211-1.0.0'); 
insert into objectrelation VALUES ('68835-1.0.0-Refill_ids-63212', '68835-1.0.0-Refill_ids', '63212-1.0.0'); 
insert into keyvalue VALUES ('68835-1.0.0-Refill_ids', '68835-1.0.0', 'Post-Pool-1.0.0-Refill_ids', null); 
insert into keyvalue VALUES ('68835-1.0.0-Featured', '68835-1.0.0', 'Post-Pool-1.0.0-Featured', 'false'); 
insert into keyvalue VALUES ('68835-1.0.0-BaseOfferIncluded', '68835-1.0.0', 'Post-Pool-1.0.0-BaseOfferIncluded', 'true'); 
insert into keyvalue VALUES ('68835-1.0.0-Addon_ids_member', '68835-1.0.0', 'Post-Pool-1.0.0-Addon_ids_member', null); 
insert into keyvalue VALUES ('68835-1.0.0-Id', '68835-1.0.0', 'Post-Pool-1.0.0-Id', '68835'); 
insert into keyvalue VALUES ('68835-1.0.0-Offer_ids_master', '68835-1.0.0', 'Post-Pool-1.0.0-Offer_ids_master', null); 
insert into keyvalue VALUES ('68835-1.0.0-Offer_ids_member', '68835-1.0.0', 'Post-Pool-1.0.0-Offer_ids_member', null); 
insert into keyvalue VALUES ('68835-1.0.0-Data_usage_mb', '68835-1.0.0', 'Post-Pool-1.0.0-Data_usage_mb', '30720'); 
insert into keyvalue VALUES ('68835-1.0.0-Price', '68835-1.0.0', 'Post-Pool-1.0.0-Price', '8818'); 
insert into keyvalue VALUES ('68835-1.0.0-Active', '68835-1.0.0', 'Post-Pool-1.0.0-Active', 'true'); 
insert into nestedkeyvalue VALUES ('68835-1.0.0-Name-def', '68835-1.0.0-Name', 'Osztható adat 30GB'); 
insert into nestedkeyvalue VALUES ('68835-1.0.0-Name-eng', '68835-1.0.0-Name', 'Osztható adat 30GB'); 
insert into nestedkeyvalue VALUES ('68835-1.0.0-Name-hun', '68835-1.0.0-Name', 'Pool Quota 30GB'); 
insert into nestedkeyvalue VALUES ('68835-1.0.0-Name-unLocalized', '68835-1.0.0-Name', null); 
insert into keyvalue VALUES ('68835-1.0.0-Name', '68835-1.0.0', 'Post-Pool-1.0.0-Name', null); 
insert into nestedkeyvalue VALUES ('68835-1.0.0-Description-def', '68835-1.0.0-Description', 'Ezzel a csomaggal 30 GB osztható adat áll rendelkezésedre minden számlázási ciklusban. Ha többre van szükséged, válassz kiegészítő adat opcióink közül.'); 
insert into nestedkeyvalue VALUES ('68835-1.0.0-Description-eng', '68835-1.0.0-Description', 'Ezzel a csomaggal 30 GB osztható adat áll rendelkezésedre minden számlázási ciklusban. Ha többre van szükséged, válassz kiegészítő adat opcióink közül.'); 
insert into nestedkeyvalue VALUES ('68835-1.0.0-Description-hun', '68835-1.0.0-Description', 'This tariff has 30 GB of shared mobile internet included in each monthly billing period. If you need more or use all of your 30 GB, you can choose a great value extra data pack from below.'); 
insert into nestedkeyvalue VALUES ('68835-1.0.0-Description-unLocalized', '68835-1.0.0-Description', null); 
insert into keyvalue VALUES ('68835-1.0.0-Description', '68835-1.0.0', 'Post-Pool-1.0.0-Description', null); 
insert into keyvalue VALUES ('68835-1.0.0-Online_selfcare_id', '68835-1.0.0', 'Post-Pool-1.0.0-Online_selfcare_id', null); 
insert into keyvalue VALUES ('68835-1.0.0-Upgrade_pool_ids', '68835-1.0.0', 'Post-Pool-1.0.0-Upgrade_pool_ids', null); 
insert into keyvalue VALUES ('68835-1.0.0-MaxMember', '68835-1.0.0', 'Post-Pool-1.0.0-MaxMember', '3'); 
insert into keyvalue VALUES ('68835-1.0.0-Type', '68835-1.0.0', 'Post-Pool-1.0.0-Type', 'IOYM'); 
insert into keyvalue VALUES ('68835-1.0.0-UnlimitedContentPackages', '68835-1.0.0', 'Post-Pool-1.0.0-UnlimitedContentPackages', null); 
insert into object VALUES ('68831-1.0.0', '68831'); 
insert into nestedkeyvalue VALUES ('68831-1.0.0-PSMCodes-Activation', '68831-1.0.0-PSMCodes', null); 
insert into keyvalue VALUES ('68831-1.0.0-PSMCodes', '68831-1.0.0', 'Post-Pool-1.0.0-PSMCodes', null); 
insert into keyvalue VALUES ('68831-1.0.0-Addon_ids_master', '68831-1.0.0', 'Post-Pool-1.0.0-Addon_ids_master', null); 
insert into objectrelation VALUES ('68831-1.0.0-Refill_ids-63210', '68831-1.0.0-Refill_ids', '63210-1.0.0'); 
insert into objectrelation VALUES ('68831-1.0.0-Refill_ids-63211', '68831-1.0.0-Refill_ids', '63211-1.0.0'); 
insert into objectrelation VALUES ('68831-1.0.0-Refill_ids-63212', '68831-1.0.0-Refill_ids', '63212-1.0.0'); 
insert into keyvalue VALUES ('68831-1.0.0-Refill_ids', '68831-1.0.0', 'Post-Pool-1.0.0-Refill_ids', null); 
insert into keyvalue VALUES ('68831-1.0.0-Featured', '68831-1.0.0', 'Post-Pool-1.0.0-Featured', 'false'); 
insert into keyvalue VALUES ('68831-1.0.0-BaseOfferIncluded', '68831-1.0.0', 'Post-Pool-1.0.0-BaseOfferIncluded', 'true'); 
insert into keyvalue VALUES ('68831-1.0.0-Addon_ids_member', '68831-1.0.0', 'Post-Pool-1.0.0-Addon_ids_member', null); 
insert into keyvalue VALUES ('68831-1.0.0-Id', '68831-1.0.0', 'Post-Pool-1.0.0-Id', '68831'); 
insert into keyvalue VALUES ('68831-1.0.0-Offer_ids_master', '68831-1.0.0', 'Post-Pool-1.0.0-Offer_ids_master', null); 
insert into keyvalue VALUES ('68831-1.0.0-Offer_ids_member', '68831-1.0.0', 'Post-Pool-1.0.0-Offer_ids_member', null); 
insert into keyvalue VALUES ('68831-1.0.0-Data_usage_mb', '68831-1.0.0', 'Post-Pool-1.0.0-Data_usage_mb', '30720'); 
insert into keyvalue VALUES ('68831-1.0.0-Price', '68831-1.0.0', 'Post-Pool-1.0.0-Price', '8353'); 
insert into keyvalue VALUES ('68831-1.0.0-Active', '68831-1.0.0', 'Post-Pool-1.0.0-Active', 'true'); 
insert into nestedkeyvalue VALUES ('68831-1.0.0-Name-def', '68831-1.0.0-Name', 'Osztható adat 30GB'); 
insert into nestedkeyvalue VALUES ('68831-1.0.0-Name-eng', '68831-1.0.0-Name', 'Osztható adat 30GB'); 
insert into nestedkeyvalue VALUES ('68831-1.0.0-Name-hun', '68831-1.0.0-Name', 'Pool Quota 30GB'); 
insert into nestedkeyvalue VALUES ('68831-1.0.0-Name-unLocalized', '68831-1.0.0-Name', null); 
insert into keyvalue VALUES ('68831-1.0.0-Name', '68831-1.0.0', 'Post-Pool-1.0.0-Name', null); 
insert into nestedkeyvalue VALUES ('68831-1.0.0-Description-def', '68831-1.0.0-Description', 'Ezzel a csomaggal 30 GB osztható adat áll rendelkezésedre minden számlázási ciklusban. Ha többre van szükséged, válassz kiegészítő adat opcióink közül.'); 
insert into nestedkeyvalue VALUES ('68831-1.0.0-Description-eng', '68831-1.0.0-Description', 'Ezzel a csomaggal 30 GB osztható adat áll rendelkezésedre minden számlázási ciklusban. Ha többre van szükséged, válassz kiegészítő adat opcióink közül.'); 
insert into nestedkeyvalue VALUES ('68831-1.0.0-Description-hun', '68831-1.0.0-Description', 'This tariff has 30 GB of shared mobile internet included in each monthly billing period. If you need more or use all of your 30 GB, you can choose a great value extra data pack from below.'); 
insert into nestedkeyvalue VALUES ('68831-1.0.0-Description-unLocalized', '68831-1.0.0-Description', null); 
insert into keyvalue VALUES ('68831-1.0.0-Description', '68831-1.0.0', 'Post-Pool-1.0.0-Description', null); 
insert into keyvalue VALUES ('68831-1.0.0-Online_selfcare_id', '68831-1.0.0', 'Post-Pool-1.0.0-Online_selfcare_id', null); 
insert into keyvalue VALUES ('68831-1.0.0-Upgrade_pool_ids', '68831-1.0.0', 'Post-Pool-1.0.0-Upgrade_pool_ids', null); 
insert into keyvalue VALUES ('68831-1.0.0-MaxMember', '68831-1.0.0', 'Post-Pool-1.0.0-MaxMember', '3'); 
insert into keyvalue VALUES ('68831-1.0.0-Type', '68831-1.0.0', 'Post-Pool-1.0.0-Type', 'IOYM'); 
insert into keyvalue VALUES ('68831-1.0.0-UnlimitedContentPackages', '68831-1.0.0', 'Post-Pool-1.0.0-UnlimitedContentPackages', null); 
insert into object VALUES ('68825-1.0.0', '68825'); 
insert into nestedkeyvalue VALUES ('68825-1.0.0-PSMCodes-Activation', '68825-1.0.0-PSMCodes', null); 
insert into keyvalue VALUES ('68825-1.0.0-PSMCodes', '68825-1.0.0', 'Post-Pool-1.0.0-PSMCodes', null); 
insert into keyvalue VALUES ('68825-1.0.0-Addon_ids_master', '68825-1.0.0', 'Post-Pool-1.0.0-Addon_ids_master', null); 
insert into objectrelation VALUES ('68825-1.0.0-Refill_ids-O_KREF_2118c64', '68825-1.0.0-Refill_ids', 'O_KREF_2118c64-1.0.0'); 
insert into keyvalue VALUES ('68825-1.0.0-Refill_ids', '68825-1.0.0', 'Post-Pool-1.0.0-Refill_ids', null); 
insert into keyvalue VALUES ('68825-1.0.0-Featured', '68825-1.0.0', 'Post-Pool-1.0.0-Featured', 'false'); 
insert into keyvalue VALUES ('68825-1.0.0-BaseOfferIncluded', '68825-1.0.0', 'Post-Pool-1.0.0-BaseOfferIncluded', 'true'); 
insert into keyvalue VALUES ('68825-1.0.0-Addon_ids_member', '68825-1.0.0', 'Post-Pool-1.0.0-Addon_ids_member', null); 
insert into keyvalue VALUES ('68825-1.0.0-Id', '68825-1.0.0', 'Post-Pool-1.0.0-Id', '68825'); 
insert into keyvalue VALUES ('68825-1.0.0-Offer_ids_master', '68825-1.0.0', 'Post-Pool-1.0.0-Offer_ids_master', null); 
insert into keyvalue VALUES ('68825-1.0.0-Offer_ids_member', '68825-1.0.0', 'Post-Pool-1.0.0-Offer_ids_member', null); 
insert into keyvalue VALUES ('68825-1.0.0-Data_usage_mb', '68825-1.0.0', 'Post-Pool-1.0.0-Data_usage_mb', '1024'); 
insert into keyvalue VALUES ('68825-1.0.0-Price', '68825-1.0.0', 'Post-Pool-1.0.0-Price', '2000'); 
insert into keyvalue VALUES ('68825-1.0.0-Active', '68825-1.0.0', 'Post-Pool-1.0.0-Active', 'true'); 
insert into nestedkeyvalue VALUES ('68825-1.0.0-Name-def', '68825-1.0.0-Name', 'Osztható adat 1GB'); 
insert into nestedkeyvalue VALUES ('68825-1.0.0-Name-eng', '68825-1.0.0-Name', 'Osztható adat 1GB'); 
insert into nestedkeyvalue VALUES ('68825-1.0.0-Name-hun', '68825-1.0.0-Name', 'Pool Quota 1GB'); 
insert into nestedkeyvalue VALUES ('68825-1.0.0-Name-unLocalized', '68825-1.0.0-Name', null); 
insert into keyvalue VALUES ('68825-1.0.0-Name', '68825-1.0.0', 'Post-Pool-1.0.0-Name', null); 
insert into nestedkeyvalue VALUES ('68825-1.0.0-Description-def', '68825-1.0.0-Description', 'Ezzel a csomaggal 1 GB osztható adat áll rendelkezésedre minden számlázási ciklusban. Ha többre van szükséged, válassz kiegészítő adat opcióink közül.'); 
insert into nestedkeyvalue VALUES ('68825-1.0.0-Description-eng', '68825-1.0.0-Description', 'Ezzel a csomaggal 1 GB osztható adat áll rendelkezésedre minden számlázási ciklusban. Ha többre van szükséged, válassz kiegészítő adat opcióink közül.'); 
insert into nestedkeyvalue VALUES ('68825-1.0.0-Description-hun', '68825-1.0.0-Description', 'This tariff has 1 GB of shared mobile internet included in each monthly billing period. If you need more or use all of your 1 GB, you can choose a great value extra data pack from below.'); 
insert into nestedkeyvalue VALUES ('68825-1.0.0-Description-unLocalized', '68825-1.0.0-Description', null); 
insert into keyvalue VALUES ('68825-1.0.0-Description', '68825-1.0.0', 'Post-Pool-1.0.0-Description', null); 
insert into keyvalue VALUES ('68825-1.0.0-Online_selfcare_id', '68825-1.0.0', 'Post-Pool-1.0.0-Online_selfcare_id', null); 
insert into keyvalue VALUES ('68825-1.0.0-Upgrade_pool_ids', '68825-1.0.0', 'Post-Pool-1.0.0-Upgrade_pool_ids', null); 
insert into keyvalue VALUES ('68825-1.0.0-MaxMember', '68825-1.0.0', 'Post-Pool-1.0.0-MaxMember', '20'); 
insert into keyvalue VALUES ('68825-1.0.0-Type', '68825-1.0.0', 'Post-Pool-1.0.0-Type', 'IOYM'); 
insert into keyvalue VALUES ('68825-1.0.0-UnlimitedContentPackages', '68825-1.0.0', 'Post-Pool-1.0.0-UnlimitedContentPackages', null); 
insert into object VALUES ('68826-1.0.0', '68826'); 
insert into nestedkeyvalue VALUES ('68826-1.0.0-PSMCodes-Activation', '68826-1.0.0-PSMCodes', null); 
insert into keyvalue VALUES ('68826-1.0.0-PSMCodes', '68826-1.0.0', 'Post-Pool-1.0.0-PSMCodes', null); 
insert into keyvalue VALUES ('68826-1.0.0-Addon_ids_master', '68826-1.0.0', 'Post-Pool-1.0.0-Addon_ids_master', null); 
insert into objectrelation VALUES ('68826-1.0.0-Refill_ids-O_KREF_2118c64', '68826-1.0.0-Refill_ids', 'O_KREF_2118c64-1.0.0'); 
insert into objectrelation VALUES ('68826-1.0.0-Refill_ids-O_KREF_8474c58', '68826-1.0.0-Refill_ids', 'O_KREF_8474c58-1.0.0'); 
insert into keyvalue VALUES ('68826-1.0.0-Refill_ids', '68826-1.0.0', 'Post-Pool-1.0.0-Refill_ids', null); 
insert into keyvalue VALUES ('68826-1.0.0-Featured', '68826-1.0.0', 'Post-Pool-1.0.0-Featured', 'false'); 
insert into keyvalue VALUES ('68826-1.0.0-BaseOfferIncluded', '68826-1.0.0', 'Post-Pool-1.0.0-BaseOfferIncluded', 'true'); 
insert into keyvalue VALUES ('68826-1.0.0-Addon_ids_member', '68826-1.0.0', 'Post-Pool-1.0.0-Addon_ids_member', null); 
insert into keyvalue VALUES ('68826-1.0.0-Id', '68826-1.0.0', 'Post-Pool-1.0.0-Id', '68826'); 
insert into keyvalue VALUES ('68826-1.0.0-Offer_ids_master', '68826-1.0.0', 'Post-Pool-1.0.0-Offer_ids_master', null); 
insert into keyvalue VALUES ('68826-1.0.0-Offer_ids_member', '68826-1.0.0', 'Post-Pool-1.0.0-Offer_ids_member', null); 
insert into keyvalue VALUES ('68826-1.0.0-Data_usage_mb', '68826-1.0.0', 'Post-Pool-1.0.0-Data_usage_mb', '5120'); 
insert into keyvalue VALUES ('68826-1.0.0-Price', '68826-1.0.0', 'Post-Pool-1.0.0-Price', '10000'); 
insert into keyvalue VALUES ('68826-1.0.0-Active', '68826-1.0.0', 'Post-Pool-1.0.0-Active', 'true'); 
insert into nestedkeyvalue VALUES ('68826-1.0.0-Name-def', '68826-1.0.0-Name', 'Osztható adat 5GB'); 
insert into nestedkeyvalue VALUES ('68826-1.0.0-Name-eng', '68826-1.0.0-Name', 'Osztható adat 5GB'); 
insert into nestedkeyvalue VALUES ('68826-1.0.0-Name-hun', '68826-1.0.0-Name', 'Pool Quota 5GB'); 
insert into nestedkeyvalue VALUES ('68826-1.0.0-Name-unLocalized', '68826-1.0.0-Name', null); 
insert into keyvalue VALUES ('68826-1.0.0-Name', '68826-1.0.0', 'Post-Pool-1.0.0-Name', null); 
insert into nestedkeyvalue VALUES ('68826-1.0.0-Description-def', '68826-1.0.0-Description', 'Ezzel a csomaggal 5 GB osztható adat áll rendelkezésedre minden számlázási ciklusban. Ha többre van szükséged, válassz kiegészítő adat opcióink közül.'); 
insert into nestedkeyvalue VALUES ('68826-1.0.0-Description-eng', '68826-1.0.0-Description', 'Ezzel a csomaggal 5 GB osztható adat áll rendelkezésedre minden számlázási ciklusban. Ha többre van szükséged, válassz kiegészítő adat opcióink közül.'); 
insert into nestedkeyvalue VALUES ('68826-1.0.0-Description-hun', '68826-1.0.0-Description', 'This tariff has 5 GB of shared mobile internet included in each monthly billing period. If you need more or use all of your 5 GB, you can choose a great value extra data pack from below.'); 
insert into nestedkeyvalue VALUES ('68826-1.0.0-Description-unLocalized', '68826-1.0.0-Description', null); 
insert into keyvalue VALUES ('68826-1.0.0-Description', '68826-1.0.0', 'Post-Pool-1.0.0-Description', null); 
insert into keyvalue VALUES ('68826-1.0.0-Online_selfcare_id', '68826-1.0.0', 'Post-Pool-1.0.0-Online_selfcare_id', null); 
insert into keyvalue VALUES ('68826-1.0.0-Upgrade_pool_ids', '68826-1.0.0', 'Post-Pool-1.0.0-Upgrade_pool_ids', null); 
insert into keyvalue VALUES ('68826-1.0.0-MaxMember', '68826-1.0.0', 'Post-Pool-1.0.0-MaxMember', '20'); 
insert into keyvalue VALUES ('68826-1.0.0-Type', '68826-1.0.0', 'Post-Pool-1.0.0-Type', 'IOYM'); 
insert into keyvalue VALUES ('68826-1.0.0-UnlimitedContentPackages', '68826-1.0.0', 'Post-Pool-1.0.0-UnlimitedContentPackages', null); 
insert into object VALUES ('68827-1.0.0', '68827'); 
insert into nestedkeyvalue VALUES ('68827-1.0.0-PSMCodes-Activation', '68827-1.0.0-PSMCodes', null); 
insert into keyvalue VALUES ('68827-1.0.0-PSMCodes', '68827-1.0.0', 'Post-Pool-1.0.0-PSMCodes', null); 
insert into keyvalue VALUES ('68827-1.0.0-Addon_ids_master', '68827-1.0.0', 'Post-Pool-1.0.0-Addon_ids_master', null); 
insert into objectrelation VALUES ('68827-1.0.0-Refill_ids-O_KREF_2118c64', '68827-1.0.0-Refill_ids', 'O_KREF_2118c64-1.0.0'); 
insert into objectrelation VALUES ('68827-1.0.0-Refill_ids-O_KREF_8474c58', '68827-1.0.0-Refill_ids', 'O_KREF_8474c58-1.0.0'); 
insert into objectrelation VALUES ('68827-1.0.0-Refill_ids-O_KREF_12711c86', '68827-1.0.0-Refill_ids', 'O_KREF_12711c86-1.0.0'); 
insert into keyvalue VALUES ('68827-1.0.0-Refill_ids', '68827-1.0.0', 'Post-Pool-1.0.0-Refill_ids', null); 
insert into keyvalue VALUES ('68827-1.0.0-Featured', '68827-1.0.0', 'Post-Pool-1.0.0-Featured', 'false'); 
insert into keyvalue VALUES ('68827-1.0.0-BaseOfferIncluded', '68827-1.0.0', 'Post-Pool-1.0.0-BaseOfferIncluded', 'true'); 
insert into keyvalue VALUES ('68827-1.0.0-Addon_ids_member', '68827-1.0.0', 'Post-Pool-1.0.0-Addon_ids_member', null); 
insert into keyvalue VALUES ('68827-1.0.0-Id', '68827-1.0.0', 'Post-Pool-1.0.0-Id', '68827'); 
insert into keyvalue VALUES ('68827-1.0.0-Offer_ids_master', '68827-1.0.0', 'Post-Pool-1.0.0-Offer_ids_master', null); 
insert into keyvalue VALUES ('68827-1.0.0-Offer_ids_member', '68827-1.0.0', 'Post-Pool-1.0.0-Offer_ids_member', null); 
insert into keyvalue VALUES ('68827-1.0.0-Data_usage_mb', '68827-1.0.0', 'Post-Pool-1.0.0-Data_usage_mb', '10240'); 
insert into keyvalue VALUES ('68827-1.0.0-Price', '68827-1.0.0', 'Post-Pool-1.0.0-Price', '15000'); 
insert into keyvalue VALUES ('68827-1.0.0-Active', '68827-1.0.0', 'Post-Pool-1.0.0-Active', 'true'); 
insert into nestedkeyvalue VALUES ('68827-1.0.0-Name-def', '68827-1.0.0-Name', 'Osztható adat 10GB'); 
insert into nestedkeyvalue VALUES ('68827-1.0.0-Name-eng', '68827-1.0.0-Name', 'Osztható adat 10GB'); 
insert into nestedkeyvalue VALUES ('68827-1.0.0-Name-hun', '68827-1.0.0-Name', 'Pool Quota 10GB'); 
insert into nestedkeyvalue VALUES ('68827-1.0.0-Name-unLocalized', '68827-1.0.0-Name', null); 
insert into keyvalue VALUES ('68827-1.0.0-Name', '68827-1.0.0', 'Post-Pool-1.0.0-Name', null); 
insert into nestedkeyvalue VALUES ('68827-1.0.0-Description-def', '68827-1.0.0-Description', 'Ezzel a csomaggal 10 GB osztható adat áll rendelkezésedre minden számlázási ciklusban. Ha többre van szükséged, válassz kiegészítő adat opcióink közül.'); 
insert into nestedkeyvalue VALUES ('68827-1.0.0-Description-eng', '68827-1.0.0-Description', 'Ezzel a csomaggal 10 GB osztható adat áll rendelkezésedre minden számlázási ciklusban. Ha többre van szükséged, válassz kiegészítő adat opcióink közül.'); 
insert into nestedkeyvalue VALUES ('68827-1.0.0-Description-hun', '68827-1.0.0-Description', 'This tariff has 10 GB of shared mobile internet included in each monthly billing period. If you need more or use all of your 10 GB, you can choose a great value extra data pack from below.'); 
insert into nestedkeyvalue VALUES ('68827-1.0.0-Description-unLocalized', '68827-1.0.0-Description', null); 
insert into keyvalue VALUES ('68827-1.0.0-Description', '68827-1.0.0', 'Post-Pool-1.0.0-Description', null); 
insert into keyvalue VALUES ('68827-1.0.0-Online_selfcare_id', '68827-1.0.0', 'Post-Pool-1.0.0-Online_selfcare_id', null); 
insert into keyvalue VALUES ('68827-1.0.0-Upgrade_pool_ids', '68827-1.0.0', 'Post-Pool-1.0.0-Upgrade_pool_ids', null); 
insert into keyvalue VALUES ('68827-1.0.0-MaxMember', '68827-1.0.0', 'Post-Pool-1.0.0-MaxMember', '20'); 
insert into keyvalue VALUES ('68827-1.0.0-Type', '68827-1.0.0', 'Post-Pool-1.0.0-Type', 'IOYM'); 
insert into keyvalue VALUES ('68827-1.0.0-UnlimitedContentPackages', '68827-1.0.0', 'Post-Pool-1.0.0-UnlimitedContentPackages', null); 
insert into object VALUES ('68828-1.0.0', '68828'); 
insert into nestedkeyvalue VALUES ('68828-1.0.0-PSMCodes-Activation', '68828-1.0.0-PSMCodes', null); 
insert into keyvalue VALUES ('68828-1.0.0-PSMCodes', '68828-1.0.0', 'Post-Pool-1.0.0-PSMCodes', null); 
insert into keyvalue VALUES ('68828-1.0.0-Addon_ids_master', '68828-1.0.0', 'Post-Pool-1.0.0-Addon_ids_master', null); 
insert into objectrelation VALUES ('68828-1.0.0-Refill_ids-O_KREF_8474c58', '68828-1.0.0-Refill_ids', 'O_KREF_8474c58-1.0.0'); 
insert into objectrelation VALUES ('68828-1.0.0-Refill_ids-O_KREF_12711c86', '68828-1.0.0-Refill_ids', 'O_KREF_12711c86-1.0.0'); 
insert into objectrelation VALUES ('68828-1.0.0-Refill_ids-O_KREF_21186c44', '68828-1.0.0-Refill_ids', 'O_KREF_21186c44-1.0.0'); 
insert into keyvalue VALUES ('68828-1.0.0-Refill_ids', '68828-1.0.0', 'Post-Pool-1.0.0-Refill_ids', null); 
insert into keyvalue VALUES ('68828-1.0.0-Featured', '68828-1.0.0', 'Post-Pool-1.0.0-Featured', 'false'); 
insert into keyvalue VALUES ('68828-1.0.0-BaseOfferIncluded', '68828-1.0.0', 'Post-Pool-1.0.0-BaseOfferIncluded', 'true'); 
insert into keyvalue VALUES ('68828-1.0.0-Addon_ids_member', '68828-1.0.0', 'Post-Pool-1.0.0-Addon_ids_member', null); 
insert into keyvalue VALUES ('68828-1.0.0-Id', '68828-1.0.0', 'Post-Pool-1.0.0-Id', '68828'); 
insert into keyvalue VALUES ('68828-1.0.0-Offer_ids_master', '68828-1.0.0', 'Post-Pool-1.0.0-Offer_ids_master', null); 
insert into keyvalue VALUES ('68828-1.0.0-Offer_ids_member', '68828-1.0.0', 'Post-Pool-1.0.0-Offer_ids_member', null); 
insert into keyvalue VALUES ('68828-1.0.0-Data_usage_mb', '68828-1.0.0', 'Post-Pool-1.0.0-Data_usage_mb', '20480'); 
insert into keyvalue VALUES ('68828-1.0.0-Price', '68828-1.0.0', 'Post-Pool-1.0.0-Price', '25000'); 
insert into keyvalue VALUES ('68828-1.0.0-Active', '68828-1.0.0', 'Post-Pool-1.0.0-Active', 'true'); 
insert into nestedkeyvalue VALUES ('68828-1.0.0-Name-def', '68828-1.0.0-Name', 'Osztható adat 20GB'); 
insert into nestedkeyvalue VALUES ('68828-1.0.0-Name-eng', '68828-1.0.0-Name', 'Osztható adat 20GB'); 
insert into nestedkeyvalue VALUES ('68828-1.0.0-Name-hun', '68828-1.0.0-Name', 'Pool Quota 20GB'); 
insert into nestedkeyvalue VALUES ('68828-1.0.0-Name-unLocalized', '68828-1.0.0-Name', null); 
insert into keyvalue VALUES ('68828-1.0.0-Name', '68828-1.0.0', 'Post-Pool-1.0.0-Name', null); 
insert into nestedkeyvalue VALUES ('68828-1.0.0-Description-def', '68828-1.0.0-Description', 'Ezzel a csomaggal 20 GB osztható adat áll rendelkezésedre minden számlázási ciklusban. Ha többre van szükséged, válassz kiegészítő adat opcióink közül.'); 
insert into nestedkeyvalue VALUES ('68828-1.0.0-Description-eng', '68828-1.0.0-Description', 'Ezzel a csomaggal 20 GB osztható adat áll rendelkezésedre minden számlázási ciklusban. Ha többre van szükséged, válassz kiegészítő adat opcióink közül.'); 
insert into nestedkeyvalue VALUES ('68828-1.0.0-Description-hun', '68828-1.0.0-Description', 'This tariff has 20 GB of shared mobile internet included in each monthly billing period. If you need more or use all of your 20 GB, you can choose a great value extra data pack from below.'); 
insert into nestedkeyvalue VALUES ('68828-1.0.0-Description-unLocalized', '68828-1.0.0-Description', null); 
insert into keyvalue VALUES ('68828-1.0.0-Description', '68828-1.0.0', 'Post-Pool-1.0.0-Description', null); 
insert into keyvalue VALUES ('68828-1.0.0-Online_selfcare_id', '68828-1.0.0', 'Post-Pool-1.0.0-Online_selfcare_id', null); 
insert into keyvalue VALUES ('68828-1.0.0-Upgrade_pool_ids', '68828-1.0.0', 'Post-Pool-1.0.0-Upgrade_pool_ids', null); 
insert into keyvalue VALUES ('68828-1.0.0-MaxMember', '68828-1.0.0', 'Post-Pool-1.0.0-MaxMember', '20'); 
insert into keyvalue VALUES ('68828-1.0.0-Type', '68828-1.0.0', 'Post-Pool-1.0.0-Type', 'IOYM'); 
insert into keyvalue VALUES ('68828-1.0.0-UnlimitedContentPackages', '68828-1.0.0', 'Post-Pool-1.0.0-UnlimitedContentPackages', null); 
insert into object VALUES ('68829-1.0.0', '68829'); 
insert into nestedkeyvalue VALUES ('68829-1.0.0-PSMCodes-Activation', '68829-1.0.0-PSMCodes', null); 
insert into keyvalue VALUES ('68829-1.0.0-PSMCodes', '68829-1.0.0', 'Post-Pool-1.0.0-PSMCodes', null); 
insert into keyvalue VALUES ('68829-1.0.0-Addon_ids_master', '68829-1.0.0', 'Post-Pool-1.0.0-Addon_ids_master', null); 
insert into objectrelation VALUES ('68829-1.0.0-Refill_ids-O_KREF_12711c86', '68829-1.0.0-Refill_ids', 'O_KREF_12711c86-1.0.0'); 
insert into objectrelation VALUES ('68829-1.0.0-Refill_ids-O_KREF_21186c44', '68829-1.0.0-Refill_ids', 'O_KREF_21186c44-1.0.0'); 
insert into objectrelation VALUES ('68829-1.0.0-Refill_ids-O_KREF_38135c59', '68829-1.0.0-Refill_ids', 'O_KREF_38135c59-1.0.0'); 
insert into keyvalue VALUES ('68829-1.0.0-Refill_ids', '68829-1.0.0', 'Post-Pool-1.0.0-Refill_ids', null); 
insert into keyvalue VALUES ('68829-1.0.0-Featured', '68829-1.0.0', 'Post-Pool-1.0.0-Featured', 'false'); 
insert into keyvalue VALUES ('68829-1.0.0-BaseOfferIncluded', '68829-1.0.0', 'Post-Pool-1.0.0-BaseOfferIncluded', 'true'); 
insert into keyvalue VALUES ('68829-1.0.0-Addon_ids_member', '68829-1.0.0', 'Post-Pool-1.0.0-Addon_ids_member', null); 
insert into keyvalue VALUES ('68829-1.0.0-Id', '68829-1.0.0', 'Post-Pool-1.0.0-Id', '68829'); 
insert into keyvalue VALUES ('68829-1.0.0-Offer_ids_master', '68829-1.0.0', 'Post-Pool-1.0.0-Offer_ids_master', null); 
insert into keyvalue VALUES ('68829-1.0.0-Offer_ids_member', '68829-1.0.0', 'Post-Pool-1.0.0-Offer_ids_member', null); 
insert into keyvalue VALUES ('68829-1.0.0-Data_usage_mb', '68829-1.0.0', 'Post-Pool-1.0.0-Data_usage_mb', '51200'); 
insert into keyvalue VALUES ('68829-1.0.0-Price', '68829-1.0.0', 'Post-Pool-1.0.0-Price', '45000'); 
insert into keyvalue VALUES ('68829-1.0.0-Active', '68829-1.0.0', 'Post-Pool-1.0.0-Active', 'true'); 
insert into nestedkeyvalue VALUES ('68829-1.0.0-Name-def', '68829-1.0.0-Name', 'Osztható adat 50GB'); 
insert into nestedkeyvalue VALUES ('68829-1.0.0-Name-eng', '68829-1.0.0-Name', 'Osztható adat 50GB'); 
insert into nestedkeyvalue VALUES ('68829-1.0.0-Name-hun', '68829-1.0.0-Name', 'Pool Quota 50GB'); 
insert into nestedkeyvalue VALUES ('68829-1.0.0-Name-unLocalized', '68829-1.0.0-Name', null); 
insert into keyvalue VALUES ('68829-1.0.0-Name', '68829-1.0.0', 'Post-Pool-1.0.0-Name', null); 
insert into nestedkeyvalue VALUES ('68829-1.0.0-Description-def', '68829-1.0.0-Description', 'Ezzel a csomaggal 50 GB osztható adat áll rendelkezésedre minden számlázási ciklusban. Ha többre van szükséged, válassz kiegészítő adat opcióink közül.'); 
insert into nestedkeyvalue VALUES ('68829-1.0.0-Description-eng', '68829-1.0.0-Description', 'Ezzel a csomaggal 50 GB osztható adat áll rendelkezésedre minden számlázási ciklusban. Ha többre van szükséged, válassz kiegészítő adat opcióink közül.'); 
insert into nestedkeyvalue VALUES ('68829-1.0.0-Description-hun', '68829-1.0.0-Description', 'This tariff has 50 GB of shared mobile internet included in each monthly billing period. If you need more or use all of your 50 GB, you can choose a great value extra data pack from below.'); 
insert into nestedkeyvalue VALUES ('68829-1.0.0-Description-unLocalized', '68829-1.0.0-Description', null); 
insert into keyvalue VALUES ('68829-1.0.0-Description', '68829-1.0.0', 'Post-Pool-1.0.0-Description', null); 
insert into keyvalue VALUES ('68829-1.0.0-Online_selfcare_id', '68829-1.0.0', 'Post-Pool-1.0.0-Online_selfcare_id', null); 
insert into keyvalue VALUES ('68829-1.0.0-Upgrade_pool_ids', '68829-1.0.0', 'Post-Pool-1.0.0-Upgrade_pool_ids', null); 
insert into keyvalue VALUES ('68829-1.0.0-MaxMember', '68829-1.0.0', 'Post-Pool-1.0.0-MaxMember', '20'); 
insert into keyvalue VALUES ('68829-1.0.0-Type', '68829-1.0.0', 'Post-Pool-1.0.0-Type', 'IOYM'); 
insert into keyvalue VALUES ('68829-1.0.0-UnlimitedContentPackages', '68829-1.0.0', 'Post-Pool-1.0.0-UnlimitedContentPackages', null); 
