insert into object VALUES ('51857-1.0.0', '51857'); 
insert into nestedkeyvalue VALUES ('51857-1.0.0-PSMCodes-Deactivation', '51857-1.0.0-PSMCodes', null); 
insert into nestedkeyvalue VALUES ('51857-1.0.0-PSMCodes-Activation', '51857-1.0.0-PSMCodes', 'Plusz100MB'); 
insert into keyvalue VALUES ('51857-1.0.0-PSMCodes', '51857-1.0.0', 'Post-Addon-1.0.0-PSMCodes', null); 
insert into objectrelation VALUES ('51857-1.0.0-Refill_ids-O_REFIL_393c7', '51857-1.0.0-Refill_ids', 'O_REFIL_393c7-1.0.0'); 
insert into keyvalue VALUES ('51857-1.0.0-Refill_ids', '51857-1.0.0', 'Post-Addon-1.0.0-Refill_ids', null); 
insert into keyvalue VALUES ('51857-1.0.0-Data_usage_mb', '51857-1.0.0', 'Post-Addon-1.0.0-Data_usage_mb', '100'); 
insert into keyvalue VALUES ('51857-1.0.0-Price', '51857-1.0.0', 'Post-Addon-1.0.0-Price', '465'); 
insert into keyvalue VALUES ('51857-1.0.0-Active', '51857-1.0.0', 'Post-Addon-1.0.0-Active', 'true'); 
insert into nestedkeyvalue VALUES ('51857-1.0.0-Description-def', '51857-1.0.0-Description', 'Ha ezt a kiegészítő adat opciót választod, akkor számlazárásig adatforgalmadat 100 MB-tal növelheted 465 Ft-ért.'); 
insert into nestedkeyvalue VALUES ('51857-1.0.0-Description-eng', '51857-1.0.0-Description', 'Ha ezt a kiegészítő adat opciót választod, akkor számlazárásig adatforgalmadat 100 MB-tal növelheted 465 Ft-ért.'); 
insert into nestedkeyvalue VALUES ('51857-1.0.0-Description-hun', '51857-1.0.0-Description', 'This extra data pack will give you an additional 100 MB of mobile internet until the end of your current bill cycle for 465 Ft.'); 
insert into nestedkeyvalue VALUES ('51857-1.0.0-Description-unLocalized', '51857-1.0.0-Description', null); 
insert into keyvalue VALUES ('51857-1.0.0-Description', '51857-1.0.0', 'Post-Addon-1.0.0-Description', null); 
insert into keyvalue VALUES ('51857-1.0.0-Online_selfcare_id', '51857-1.0.0', 'Post-Addon-1.0.0-Online_selfcare_id', 'PLUSZ100'); 
insert into keyvalue VALUES ('51857-1.0.0-Featured', '51857-1.0.0', 'Post-Addon-1.0.0-Featured', 'false'); 
insert into keyvalue VALUES ('51857-1.0.0-Id', '51857-1.0.0', 'Post-Addon-1.0.0-Id', '51857'); 
insert into keyvalue VALUES ('51857-1.0.0-Type', '51857-1.0.0', 'Post-Addon-1.0.0-Type', 'One Time'); 
insert into nestedkeyvalue VALUES ('51857-1.0.0-Name-def', '51857-1.0.0-Name', 'PluszAdat 100 MB'); 
insert into nestedkeyvalue VALUES ('51857-1.0.0-Name-eng', '51857-1.0.0-Name', 'PluszAdat 100 MB'); 
insert into nestedkeyvalue VALUES ('51857-1.0.0-Name-hun', '51857-1.0.0-Name', 'PluszAdat 100 MB'); 
insert into nestedkeyvalue VALUES ('51857-1.0.0-Name-unLocalized', '51857-1.0.0-Name', null); 
insert into keyvalue VALUES ('51857-1.0.0-Name', '51857-1.0.0', 'Post-Addon-1.0.0-Name', null); 
insert into object VALUES ('51863-1.0.0', '51863'); 
insert into nestedkeyvalue VALUES ('51863-1.0.0-PSMCodes-Deactivation', '51863-1.0.0-PSMCodes', null); 
insert into nestedkeyvalue VALUES ('51863-1.0.0-PSMCodes-Activation', '51863-1.0.0-PSMCodes', 'PLUSZ1000'); 
insert into keyvalue VALUES ('51863-1.0.0-PSMCodes', '51863-1.0.0', 'Post-Addon-1.0.0-PSMCodes', null); 
insert into objectrelation VALUES ('51863-1.0.0-Refill_ids-O_REFIL_1181c1', '51863-1.0.0-Refill_ids', 'O_REFIL_1181c1-1.0.0'); 
insert into keyvalue VALUES ('51863-1.0.0-Refill_ids', '51863-1.0.0', 'Post-Addon-1.0.0-Refill_ids', null); 
insert into keyvalue VALUES ('51863-1.0.0-Data_usage_mb', '51863-1.0.0', 'Post-Addon-1.0.0-Data_usage_mb', '1024'); 
insert into keyvalue VALUES ('51863-1.0.0-Price', '51863-1.0.0', 'Post-Addon-1.0.0-Price', '1394'); 
insert into keyvalue VALUES ('51863-1.0.0-Active', '51863-1.0.0', 'Post-Addon-1.0.0-Active', 'true'); 
insert into nestedkeyvalue VALUES ('51863-1.0.0-Description-def', '51863-1.0.0-Description', 'Ha ezt a kiegészítő adat opciót választod, akkor számlazárásig adatforgalmadat 1 GB-tal növelheted 1394 Ft-ért.'); 
insert into nestedkeyvalue VALUES ('51863-1.0.0-Description-eng', '51863-1.0.0-Description', 'Ha ezt a kiegészítő adat opciót választod, akkor számlazárásig adatforgalmadat 1 GB-tal növelheted 1394 Ft-ért.'); 
insert into nestedkeyvalue VALUES ('51863-1.0.0-Description-hun', '51863-1.0.0-Description', 'This extra data pack will give you an additional 1 GB of mobile internet until the end of your current bill cycle for 1394 Ft.'); 
insert into nestedkeyvalue VALUES ('51863-1.0.0-Description-unLocalized', '51863-1.0.0-Description', null); 
insert into keyvalue VALUES ('51863-1.0.0-Description', '51863-1.0.0', 'Post-Addon-1.0.0-Description', null); 
insert into keyvalue VALUES ('51863-1.0.0-Online_selfcare_id', '51863-1.0.0', 'Post-Addon-1.0.0-Online_selfcare_id', 'PLUSZ1000'); 
insert into keyvalue VALUES ('51863-1.0.0-Featured', '51863-1.0.0', 'Post-Addon-1.0.0-Featured', 'true'); 
insert into keyvalue VALUES ('51863-1.0.0-Id', '51863-1.0.0', 'Post-Addon-1.0.0-Id', '51863'); 
insert into keyvalue VALUES ('51863-1.0.0-Type', '51863-1.0.0', 'Post-Addon-1.0.0-Type', 'One Time'); 
insert into nestedkeyvalue VALUES ('51863-1.0.0-Name-def', '51863-1.0.0-Name', 'PluszAdat 1 GB'); 
insert into nestedkeyvalue VALUES ('51863-1.0.0-Name-eng', '51863-1.0.0-Name', 'PluszAdat 1 GB'); 
insert into nestedkeyvalue VALUES ('51863-1.0.0-Name-hun', '51863-1.0.0-Name', 'PluszAdat 1 GB'); 
insert into nestedkeyvalue VALUES ('51863-1.0.0-Name-unLocalized', '51863-1.0.0-Name', null); 
insert into keyvalue VALUES ('51863-1.0.0-Name', '51863-1.0.0', 'Post-Addon-1.0.0-Name', null); 
insert into object VALUES ('57440-1.0.0', '57440'); 
insert into nestedkeyvalue VALUES ('57440-1.0.0-PSMCodes-Deactivation', '57440-1.0.0-PSMCodes', null); 
insert into nestedkeyvalue VALUES ('57440-1.0.0-PSMCodes-Activation', '57440-1.0.0-PSMCodes', 'EXTRAA1GB'); 
insert into keyvalue VALUES ('57440-1.0.0-PSMCodes', '57440-1.0.0', 'Post-Addon-1.0.0-PSMCodes', null); 
insert into objectrelation VALUES ('57440-1.0.0-Refill_ids-O_Refil_Exra1GB', '57440-1.0.0-Refill_ids', 'O_Refil_Exra1GB-1.0.0'); 
insert into keyvalue VALUES ('57440-1.0.0-Refill_ids', '57440-1.0.0', 'Post-Addon-1.0.0-Refill_ids', null); 
insert into keyvalue VALUES ('57440-1.0.0-Data_usage_mb', '57440-1.0.0', 'Post-Addon-1.0.0-Data_usage_mb', '1024'); 
insert into keyvalue VALUES ('57440-1.0.0-Price', '57440-1.0.0', 'Post-Addon-1.0.0-Price', '1394'); 
insert into keyvalue VALUES ('57440-1.0.0-Active', '57440-1.0.0', 'Post-Addon-1.0.0-Active', 'true'); 
insert into nestedkeyvalue VALUES ('57440-1.0.0-Description-def', '57440-1.0.0-Description', 'Ha ezt a kiegészítő adat opciót választod, akkor számlazárásig adatforgalmadat 1 GB-tal növelheted 1394 Ft-ért.'); 
insert into nestedkeyvalue VALUES ('57440-1.0.0-Description-eng', '57440-1.0.0-Description', 'Ha ezt a kiegészítő adat opciót választod, akkor számlazárásig adatforgalmadat 1 GB-tal növelheted 1394 Ft-ért.'); 
insert into nestedkeyvalue VALUES ('57440-1.0.0-Description-hun', '57440-1.0.0-Description', 'This extra data pack will give you an additional 1 GB of mobile internet until the end of your current bill cycle for 1394 Ft.'); 
insert into nestedkeyvalue VALUES ('57440-1.0.0-Description-unLocalized', '57440-1.0.0-Description', null); 
insert into keyvalue VALUES ('57440-1.0.0-Description', '57440-1.0.0', 'Post-Addon-1.0.0-Description', null); 
insert into keyvalue VALUES ('57440-1.0.0-Online_selfcare_id', '57440-1.0.0', 'Post-Addon-1.0.0-Online_selfcare_id', 'EXTRA1GB'); 
insert into keyvalue VALUES ('57440-1.0.0-Featured', '57440-1.0.0', 'Post-Addon-1.0.0-Featured', 'false'); 
insert into keyvalue VALUES ('57440-1.0.0-Id', '57440-1.0.0', 'Post-Addon-1.0.0-Id', '57440'); 
insert into keyvalue VALUES ('57440-1.0.0-Type', '57440-1.0.0', 'Post-Addon-1.0.0-Type', null); 
insert into nestedkeyvalue VALUES ('57440-1.0.0-Name-def', '57440-1.0.0-Name', 'ExtraAdat 1GB'); 
insert into nestedkeyvalue VALUES ('57440-1.0.0-Name-eng', '57440-1.0.0-Name', 'ExtraAdat 1GB'); 
insert into nestedkeyvalue VALUES ('57440-1.0.0-Name-hun', '57440-1.0.0-Name', 'ExtraAdat 1GB'); 
insert into nestedkeyvalue VALUES ('57440-1.0.0-Name-unLocalized', '57440-1.0.0-Name', null); 
insert into keyvalue VALUES ('57440-1.0.0-Name', '57440-1.0.0', 'Post-Addon-1.0.0-Name', null); 
insert into object VALUES ('51860-1.0.0', '51860'); 
insert into nestedkeyvalue VALUES ('51860-1.0.0-PSMCodes-Deactivation', '51860-1.0.0-PSMCodes', null); 
insert into nestedkeyvalue VALUES ('51860-1.0.0-PSMCodes-Activation', '51860-1.0.0-PSMCodes', 'PLUSZ500'); 
insert into keyvalue VALUES ('51860-1.0.0-PSMCodes', '51860-1.0.0', 'Post-Addon-1.0.0-PSMCodes', null); 
insert into objectrelation VALUES ('51860-1.0.0-Refill_ids-O_REFIL_1GB', '51860-1.0.0-Refill_ids', 'O_REFIL_1GB-1.0.0'); 
insert into keyvalue VALUES ('51860-1.0.0-Refill_ids', '51860-1.0.0', 'Post-Addon-1.0.0-Refill_ids', null); 
insert into keyvalue VALUES ('51860-1.0.0-Data_usage_mb', '51860-1.0.0', 'Post-Addon-1.0.0-Data_usage_mb', '500'); 
insert into keyvalue VALUES ('51860-1.0.0-Price', '51860-1.0.0', 'Post-Addon-1.0.0-Price', '929'); 
insert into keyvalue VALUES ('51860-1.0.0-Active', '51860-1.0.0', 'Post-Addon-1.0.0-Active', 'true'); 
insert into nestedkeyvalue VALUES ('51860-1.0.0-Description-def', '51860-1.0.0-Description', 'Válaszd ezt az adatopciót és növeld meg a tarifádban foglalt adatkeretedet 500 MB-tal, amit egészen számlazárásig felhasználhatsz. Az opció ára 929 Ft.'); 
insert into nestedkeyvalue VALUES ('51860-1.0.0-Description-eng', '51860-1.0.0-Description', 'Válaszd ezt az adatopciót és növeld meg a tarifádban foglalt adatkeretedet 500 MB-tal, amit egészen számlazárásig felhasználhatsz. Az opció ára 929 Ft.'); 
insert into nestedkeyvalue VALUES ('51860-1.0.0-Description-hun', '51860-1.0.0-Description', 'This extra data pack will give you an additional 500 MB of mobile internet until the end of your current bill cycle for 929 Ft.'); 
insert into nestedkeyvalue VALUES ('51860-1.0.0-Description-unLocalized', '51860-1.0.0-Description', null); 
insert into keyvalue VALUES ('51860-1.0.0-Description', '51860-1.0.0', 'Post-Addon-1.0.0-Description', null); 
insert into keyvalue VALUES ('51860-1.0.0-Online_selfcare_id', '51860-1.0.0', 'Post-Addon-1.0.0-Online_selfcare_id', 'PLUSZ500MB'); 
insert into keyvalue VALUES ('51860-1.0.0-Featured', '51860-1.0.0', 'Post-Addon-1.0.0-Featured', 'false'); 
insert into keyvalue VALUES ('51860-1.0.0-Id', '51860-1.0.0', 'Post-Addon-1.0.0-Id', '51860'); 
insert into keyvalue VALUES ('51860-1.0.0-Type', '51860-1.0.0', 'Post-Addon-1.0.0-Type', 'One Time'); 
insert into nestedkeyvalue VALUES ('51860-1.0.0-Name-def', '51860-1.0.0-Name', 'PluszAdat 500 MB'); 
insert into nestedkeyvalue VALUES ('51860-1.0.0-Name-eng', '51860-1.0.0-Name', 'PluszAdat 500 MB'); 
insert into nestedkeyvalue VALUES ('51860-1.0.0-Name-hun', '51860-1.0.0-Name', 'PluszAdat 500 MB'); 
insert into nestedkeyvalue VALUES ('51860-1.0.0-Name-unLocalized', '51860-1.0.0-Name', null); 
insert into keyvalue VALUES ('51860-1.0.0-Name', '51860-1.0.0', 'Post-Addon-1.0.0-Name', null); 
insert into object VALUES ('51840-1.0.0', '51840'); 
insert into nestedkeyvalue VALUES ('51840-1.0.0-PSMCodes-Deactivation', '51840-1.0.0-PSMCodes', null); 
insert into nestedkeyvalue VALUES ('51840-1.0.0-PSMCodes-Activation', '51840-1.0.0-PSMCodes', 'EXTRA500MB'); 
insert into keyvalue VALUES ('51840-1.0.0-PSMCodes', '51840-1.0.0', 'Post-Addon-1.0.0-PSMCodes', null); 
insert into objectrelation VALUES ('51840-1.0.0-Refill_ids-AORefill_500MB', '51840-1.0.0-Refill_ids', 'AORefill_500MB-1.0.0'); 
insert into keyvalue VALUES ('51840-1.0.0-Refill_ids', '51840-1.0.0', 'Post-Addon-1.0.0-Refill_ids', null); 
insert into keyvalue VALUES ('51840-1.0.0-Data_usage_mb', '51840-1.0.0', 'Post-Addon-1.0.0-Data_usage_mb', '500'); 
insert into keyvalue VALUES ('51840-1.0.0-Price', '51840-1.0.0', 'Post-Addon-1.0.0-Price', '651'); 
insert into keyvalue VALUES ('51840-1.0.0-Active', '51840-1.0.0', 'Post-Addon-1.0.0-Active', 'true'); 
insert into nestedkeyvalue VALUES ('51840-1.0.0-Description-def', '51840-1.0.0-Description', 'Ha ezt a kiegészítő adat opciót választod, akkor számlazárásig adatforgalmadat 500 MB-tal növelheted'); 
insert into nestedkeyvalue VALUES ('51840-1.0.0-Description-eng', '51840-1.0.0-Description', 'Ha ezt a kiegészítő adat opciót választod, akkor számlazárásig adatforgalmadat 500 MB-tal növelheted'); 
insert into nestedkeyvalue VALUES ('51840-1.0.0-Description-hun', '51840-1.0.0-Description', 'If you select this extra option, you may expand your data traffic limit with 500 MB until the closure of your billing period.'); 
insert into nestedkeyvalue VALUES ('51840-1.0.0-Description-unLocalized', '51840-1.0.0-Description', null); 
insert into keyvalue VALUES ('51840-1.0.0-Description', '51840-1.0.0', 'Post-Addon-1.0.0-Description', null); 
insert into keyvalue VALUES ('51840-1.0.0-Online_selfcare_id', '51840-1.0.0', 'Post-Addon-1.0.0-Online_selfcare_id', 'EXTRA500'); 
insert into keyvalue VALUES ('51840-1.0.0-Featured', '51840-1.0.0', 'Post-Addon-1.0.0-Featured', 'false'); 
insert into keyvalue VALUES ('51840-1.0.0-Id', '51840-1.0.0', 'Post-Addon-1.0.0-Id', '51840'); 
insert into keyvalue VALUES ('51840-1.0.0-Type', '51840-1.0.0', 'Post-Addon-1.0.0-Type', null); 
insert into nestedkeyvalue VALUES ('51840-1.0.0-Name-def', '51840-1.0.0-Name', 'ExtraAdat 500 MB'); 
insert into nestedkeyvalue VALUES ('51840-1.0.0-Name-eng', '51840-1.0.0-Name', 'ExtraAdat 500 MB'); 
insert into nestedkeyvalue VALUES ('51840-1.0.0-Name-hun', '51840-1.0.0-Name', 'ExtraData 500 MB'); 
insert into nestedkeyvalue VALUES ('51840-1.0.0-Name-unLocalized', '51840-1.0.0-Name', null); 
insert into keyvalue VALUES ('51840-1.0.0-Name', '51840-1.0.0', 'Post-Addon-1.0.0-Name', null); 
insert into object VALUES ('51841-1.0.0', '51841'); 
insert into nestedkeyvalue VALUES ('51841-1.0.0-PSMCodes-Deactivation', '51841-1.0.0-PSMCodes', null); 
insert into nestedkeyvalue VALUES ('51841-1.0.0-PSMCodes-Activation', '51841-1.0.0-PSMCodes', 'EXTRA1G'); 
insert into keyvalue VALUES ('51841-1.0.0-PSMCodes', '51841-1.0.0', 'Post-Addon-1.0.0-PSMCodes', null); 
insert into objectrelation VALUES ('51841-1.0.0-Refill_ids-AORefill_1GB', '51841-1.0.0-Refill_ids', 'AORefill_1GB-1.0.0'); 
insert into keyvalue VALUES ('51841-1.0.0-Refill_ids', '51841-1.0.0', 'Post-Addon-1.0.0-Refill_ids', null); 
insert into keyvalue VALUES ('51841-1.0.0-Data_usage_mb', '51841-1.0.0', 'Post-Addon-1.0.0-Data_usage_mb', '1024'); 
insert into keyvalue VALUES ('51841-1.0.0-Price', '51841-1.0.0', 'Post-Addon-1.0.0-Price', '930'); 
insert into keyvalue VALUES ('51841-1.0.0-Active', '51841-1.0.0', 'Post-Addon-1.0.0-Active', 'true'); 
insert into nestedkeyvalue VALUES ('51841-1.0.0-Description-def', '51841-1.0.0-Description', 'Ha ezt a kiegészítő adat opciót választod, akkor számlazárásig adatforgalmadat 1 GB-tal növelheted'); 
insert into nestedkeyvalue VALUES ('51841-1.0.0-Description-eng', '51841-1.0.0-Description', 'Ha ezt a kiegészítő adat opciót választod, akkor számlazárásig adatforgalmadat 1 GB-tal növelheted'); 
insert into nestedkeyvalue VALUES ('51841-1.0.0-Description-hun', '51841-1.0.0-Description', 'If you select this extra option, you may expand your data traffic limit with 1 GB until the closure of your billing period.'); 
insert into nestedkeyvalue VALUES ('51841-1.0.0-Description-unLocalized', '51841-1.0.0-Description', null); 
insert into keyvalue VALUES ('51841-1.0.0-Description', '51841-1.0.0', 'Post-Addon-1.0.0-Description', null); 
insert into keyvalue VALUES ('51841-1.0.0-Online_selfcare_id', '51841-1.0.0', 'Post-Addon-1.0.0-Online_selfcare_id', 'EXTRA1G'); 
insert into keyvalue VALUES ('51841-1.0.0-Featured', '51841-1.0.0', 'Post-Addon-1.0.0-Featured', 'false'); 
insert into keyvalue VALUES ('51841-1.0.0-Id', '51841-1.0.0', 'Post-Addon-1.0.0-Id', '51841'); 
insert into keyvalue VALUES ('51841-1.0.0-Type', '51841-1.0.0', 'Post-Addon-1.0.0-Type', null); 
insert into nestedkeyvalue VALUES ('51841-1.0.0-Name-def', '51841-1.0.0-Name', 'ExtraAdat 1 GB'); 
insert into nestedkeyvalue VALUES ('51841-1.0.0-Name-eng', '51841-1.0.0-Name', 'ExtraAdat 1 GB'); 
insert into nestedkeyvalue VALUES ('51841-1.0.0-Name-hun', '51841-1.0.0-Name', 'ExtraData 1 GB'); 
insert into nestedkeyvalue VALUES ('51841-1.0.0-Name-unLocalized', '51841-1.0.0-Name', null); 
insert into keyvalue VALUES ('51841-1.0.0-Name', '51841-1.0.0', 'Post-Addon-1.0.0-Name', null); 
insert into object VALUES ('51851-1.0.0', '51851'); 
insert into nestedkeyvalue VALUES ('51851-1.0.0-PSMCodes-Deactivation', '51851-1.0.0-PSMCodes', null); 
insert into nestedkeyvalue VALUES ('51851-1.0.0-PSMCodes-Activation', '51851-1.0.0-PSMCodes', 'EXTRA5G'); 
insert into keyvalue VALUES ('51851-1.0.0-PSMCodes', '51851-1.0.0', 'Post-Addon-1.0.0-PSMCodes', null); 
insert into keyvalue VALUES ('51851-1.0.0-Refill_ids', '51851-1.0.0', 'Post-Addon-1.0.0-Refill_ids', null); 
insert into keyvalue VALUES ('51851-1.0.0-Data_usage_mb', '51851-1.0.0', 'Post-Addon-1.0.0-Data_usage_mb', '5120'); 
insert into keyvalue VALUES ('51851-1.0.0-Price', '51851-1.0.0', 'Post-Addon-1.0.0-Price', '0'); 
insert into keyvalue VALUES ('51851-1.0.0-Active', '51851-1.0.0', 'Post-Addon-1.0.0-Active', 'false'); 
insert into nestedkeyvalue VALUES ('51851-1.0.0-Description-def', '51851-1.0.0-Description', 'Ha ezt a kiegészítő adat opciót választod, akkor számlazárásig adatforgalmadat 5GB-tal növelheted, melyet éjféltől reggel 7 óráig használhatsz fel.'); 
insert into nestedkeyvalue VALUES ('51851-1.0.0-Description-eng', '51851-1.0.0-Description', 'Ha ezt a kiegészítő adat opciót választod, akkor számlazárásig adatforgalmadat 5GB-tal növelheted, melyet éjféltől reggel 7 óráig használhatsz fel.'); 
insert into nestedkeyvalue VALUES ('51851-1.0.0-Description-hun', '51851-1.0.0-Description', 'If you select this data option, you may expand your data traffic limit with 5 GB. The limit may be used up from midnight to 7:00 a.m.'); 
insert into nestedkeyvalue VALUES ('51851-1.0.0-Description-unLocalized', '51851-1.0.0-Description', null); 
insert into keyvalue VALUES ('51851-1.0.0-Description', '51851-1.0.0', 'Post-Addon-1.0.0-Description', null); 
insert into keyvalue VALUES ('51851-1.0.0-Online_selfcare_id', '51851-1.0.0', 'Post-Addon-1.0.0-Online_selfcare_id', 'EXTRA5G'); 
insert into keyvalue VALUES ('51851-1.0.0-Featured', '51851-1.0.0', 'Post-Addon-1.0.0-Featured', 'false'); 
insert into keyvalue VALUES ('51851-1.0.0-Id', '51851-1.0.0', 'Post-Addon-1.0.0-Id', '51851'); 
insert into keyvalue VALUES ('51851-1.0.0-Type', '51851-1.0.0', 'Post-Addon-1.0.0-Type', null); 
insert into nestedkeyvalue VALUES ('51851-1.0.0-Name-def', '51851-1.0.0-Name', 'ExtraAdat éjjeli 5 GB'); 
insert into nestedkeyvalue VALUES ('51851-1.0.0-Name-eng', '51851-1.0.0-Name', 'ExtraAdat éjjeli 5 GB'); 
insert into nestedkeyvalue VALUES ('51851-1.0.0-Name-hun', '51851-1.0.0-Name', 'ExtraData night 5 GB'); 
insert into nestedkeyvalue VALUES ('51851-1.0.0-Name-unLocalized', '51851-1.0.0-Name', null); 
insert into keyvalue VALUES ('51851-1.0.0-Name', '51851-1.0.0', 'Post-Addon-1.0.0-Name', null); 
insert into object VALUES ('55399-1.0.0', '55399'); 
insert into nestedkeyvalue VALUES ('55399-1.0.0-PSMCodes-Deactivation', '55399-1.0.0-PSMCodes', null); 
insert into nestedkeyvalue VALUES ('55399-1.0.0-PSMCodes-Activation', '55399-1.0.0-PSMCodes', 'EXTRA100'); 
insert into keyvalue VALUES ('55399-1.0.0-PSMCodes', '55399-1.0.0', 'Post-Addon-1.0.0-PSMCodes', null); 
insert into keyvalue VALUES ('55399-1.0.0-Refill_ids', '55399-1.0.0', 'Post-Addon-1.0.0-Refill_ids', null); 
insert into keyvalue VALUES ('55399-1.0.0-Data_usage_mb', '55399-1.0.0', 'Post-Addon-1.0.0-Data_usage_mb', '0'); 
insert into keyvalue VALUES ('55399-1.0.0-Price', '55399-1.0.0', 'Post-Addon-1.0.0-Price', '1106'); 
insert into keyvalue VALUES ('55399-1.0.0-Active', '55399-1.0.0', 'Post-Addon-1.0.0-Active', 'false'); 
insert into nestedkeyvalue VALUES ('55399-1.0.0-Description-def', '55399-1.0.0-Description', '100 GB éjszakai kiegészítő adat opció (24:00-06:00). Ez a 100GB felhasználható, de a fenti adatkijelző sávon nem látható.'); 
insert into nestedkeyvalue VALUES ('55399-1.0.0-Description-eng', '55399-1.0.0-Description', '100 GB éjszakai kiegészítő adat opció (24:00-06:00). Ez a 100GB felhasználható, de a fenti adatkijelző sávon nem látható.'); 
insert into nestedkeyvalue VALUES ('55399-1.0.0-Description-hun', '55399-1.0.0-Description', '100GB off peak extra data (24:00-06:00). This is available for use with your tariff but it is not visible in the usgae bar above.'); 
insert into nestedkeyvalue VALUES ('55399-1.0.0-Description-unLocalized', '55399-1.0.0-Description', null); 
insert into keyvalue VALUES ('55399-1.0.0-Description', '55399-1.0.0', 'Post-Addon-1.0.0-Description', null); 
insert into keyvalue VALUES ('55399-1.0.0-Online_selfcare_id', '55399-1.0.0', 'Post-Addon-1.0.0-Online_selfcare_id', 'EXTRA100'); 
insert into keyvalue VALUES ('55399-1.0.0-Featured', '55399-1.0.0', 'Post-Addon-1.0.0-Featured', 'false'); 
insert into keyvalue VALUES ('55399-1.0.0-Id', '55399-1.0.0', 'Post-Addon-1.0.0-Id', '55399'); 
insert into keyvalue VALUES ('55399-1.0.0-Type', '55399-1.0.0', 'Post-Addon-1.0.0-Type', null); 
insert into nestedkeyvalue VALUES ('55399-1.0.0-Name-def', '55399-1.0.0-Name', 'ExtraAdat 100 GB'); 
insert into nestedkeyvalue VALUES ('55399-1.0.0-Name-eng', '55399-1.0.0-Name', 'ExtraAdat 100 GB'); 
insert into nestedkeyvalue VALUES ('55399-1.0.0-Name-hun', '55399-1.0.0-Name', 'ExtraData 100 GB'); 
insert into nestedkeyvalue VALUES ('55399-1.0.0-Name-unLocalized', '55399-1.0.0-Name', null); 
insert into keyvalue VALUES ('55399-1.0.0-Name', '55399-1.0.0', 'Post-Addon-1.0.0-Name', null); 
insert into object VALUES ('56376-1.0.0', '56376'); 
insert into nestedkeyvalue VALUES ('56376-1.0.0-PSMCodes-Deactivation', '56376-1.0.0-PSMCodes', null); 
insert into nestedkeyvalue VALUES ('56376-1.0.0-PSMCodes-Activation', '56376-1.0.0-PSMCodes', 'PLUSZ500MB'); 
insert into keyvalue VALUES ('56376-1.0.0-PSMCodes', '56376-1.0.0', 'Post-Addon-1.0.0-PSMCodes', null); 
insert into keyvalue VALUES ('56376-1.0.0-Refill_ids', '56376-1.0.0', 'Post-Addon-1.0.0-Refill_ids', null); 
insert into keyvalue VALUES ('56376-1.0.0-Data_usage_mb', '56376-1.0.0', 'Post-Addon-1.0.0-Data_usage_mb', '500'); 
insert into keyvalue VALUES ('56376-1.0.0-Price', '56376-1.0.0', 'Post-Addon-1.0.0-Price', '2323'); 
insert into keyvalue VALUES ('56376-1.0.0-Active', '56376-1.0.0', 'Post-Addon-1.0.0-Active', 'true'); 
insert into nestedkeyvalue VALUES ('56376-1.0.0-Description-def', '56376-1.0.0-Description', 'Ha ezt a kiegészítő adat opciót választod, akkor számlazárásig adatforgalmadat 500 MB-tal növelheted 2323 Ft-ért.'); 
insert into nestedkeyvalue VALUES ('56376-1.0.0-Description-eng', '56376-1.0.0-Description', 'Ha ezt a kiegészítő adat opciót választod, akkor számlazárásig adatforgalmadat 500 MB-tal növelheted 2323 Ft-ért.'); 
insert into nestedkeyvalue VALUES ('56376-1.0.0-Description-hun', '56376-1.0.0-Description', 'This extra data pack will give you an additional 500 MB of mobile internet until the end of your current bill cycle for 2323 Ft.'); 
insert into nestedkeyvalue VALUES ('56376-1.0.0-Description-unLocalized', '56376-1.0.0-Description', null); 
insert into keyvalue VALUES ('56376-1.0.0-Description', '56376-1.0.0', 'Post-Addon-1.0.0-Description', null); 
insert into keyvalue VALUES ('56376-1.0.0-Online_selfcare_id', '56376-1.0.0', 'Post-Addon-1.0.0-Online_selfcare_id', 'PLUSZ500MB'); 
insert into keyvalue VALUES ('56376-1.0.0-Featured', '56376-1.0.0', 'Post-Addon-1.0.0-Featured', 'false'); 
insert into keyvalue VALUES ('56376-1.0.0-Id', '56376-1.0.0', 'Post-Addon-1.0.0-Id', '56376'); 
insert into keyvalue VALUES ('56376-1.0.0-Type', '56376-1.0.0', 'Post-Addon-1.0.0-Type', 'One Time'); 
insert into nestedkeyvalue VALUES ('56376-1.0.0-Name-def', '56376-1.0.0-Name', 'PluszAdat 500 MB'); 
insert into nestedkeyvalue VALUES ('56376-1.0.0-Name-eng', '56376-1.0.0-Name', 'PluszAdat 500 MB'); 
insert into nestedkeyvalue VALUES ('56376-1.0.0-Name-hun', '56376-1.0.0-Name', 'PluszAdat 500 MB'); 
insert into nestedkeyvalue VALUES ('56376-1.0.0-Name-unLocalized', '56376-1.0.0-Name', null); 
insert into keyvalue VALUES ('56376-1.0.0-Name', '56376-1.0.0', 'Post-Addon-1.0.0-Name', null); 
insert into object VALUES ('56380-1.0.0', '56380'); 
insert into nestedkeyvalue VALUES ('56380-1.0.0-PSMCodes-Deactivation', '56380-1.0.0-PSMCodes', null); 
insert into nestedkeyvalue VALUES ('56380-1.0.0-PSMCodes-Activation', '56380-1.0.0-PSMCodes', 'PLUSZ1GB'); 
insert into keyvalue VALUES ('56380-1.0.0-PSMCodes', '56380-1.0.0', 'Post-Addon-1.0.0-PSMCodes', null); 
insert into keyvalue VALUES ('56380-1.0.0-Refill_ids', '56380-1.0.0', 'Post-Addon-1.0.0-Refill_ids', null); 
insert into keyvalue VALUES ('56380-1.0.0-Data_usage_mb', '56380-1.0.0', 'Post-Addon-1.0.0-Data_usage_mb', '1024'); 
insert into keyvalue VALUES ('56380-1.0.0-Price', '56380-1.0.0', 'Post-Addon-1.0.0-Price', '2787'); 
insert into keyvalue VALUES ('56380-1.0.0-Active', '56380-1.0.0', 'Post-Addon-1.0.0-Active', 'true'); 
insert into nestedkeyvalue VALUES ('56380-1.0.0-Description-def', '56380-1.0.0-Description', 'Ha ezt a kiegészítő adat opciót választod, akkor számlazárásig adatforgalmadat 1 GB-tal növelheted 2787 Ft-ért.'); 
insert into nestedkeyvalue VALUES ('56380-1.0.0-Description-eng', '56380-1.0.0-Description', 'Ha ezt a kiegészítő adat opciót választod, akkor számlazárásig adatforgalmadat 1 GB-tal növelheted 2787 Ft-ért.'); 
insert into nestedkeyvalue VALUES ('56380-1.0.0-Description-hun', '56380-1.0.0-Description', 'This extra data pack will give you an additional 1 GB of mobile internet until the end of your current bill cycle for 2787 Ft.'); 
insert into nestedkeyvalue VALUES ('56380-1.0.0-Description-unLocalized', '56380-1.0.0-Description', null); 
insert into keyvalue VALUES ('56380-1.0.0-Description', '56380-1.0.0', 'Post-Addon-1.0.0-Description', null); 
insert into keyvalue VALUES ('56380-1.0.0-Online_selfcare_id', '56380-1.0.0', 'Post-Addon-1.0.0-Online_selfcare_id', 'PLUSZ1GB'); 
insert into keyvalue VALUES ('56380-1.0.0-Featured', '56380-1.0.0', 'Post-Addon-1.0.0-Featured', 'false'); 
insert into keyvalue VALUES ('56380-1.0.0-Id', '56380-1.0.0', 'Post-Addon-1.0.0-Id', '56380'); 
insert into keyvalue VALUES ('56380-1.0.0-Type', '56380-1.0.0', 'Post-Addon-1.0.0-Type', 'One Time'); 
insert into nestedkeyvalue VALUES ('56380-1.0.0-Name-def', '56380-1.0.0-Name', 'PluszAdat 1 GB'); 
insert into nestedkeyvalue VALUES ('56380-1.0.0-Name-eng', '56380-1.0.0-Name', 'PluszAdat 1 GB'); 
insert into nestedkeyvalue VALUES ('56380-1.0.0-Name-hun', '56380-1.0.0-Name', 'PluszAdat 1 GB'); 
insert into nestedkeyvalue VALUES ('56380-1.0.0-Name-unLocalized', '56380-1.0.0-Name', null); 
insert into keyvalue VALUES ('56380-1.0.0-Name', '56380-1.0.0', 'Post-Addon-1.0.0-Name', null); 
insert into object VALUES ('57598-1.0.0', '57598'); 
insert into nestedkeyvalue VALUES ('57598-1.0.0-PSMCodes-Deactivation', '57598-1.0.0-PSMCodes', 'XPLUSZADAT1GB-M'); 
insert into nestedkeyvalue VALUES ('57598-1.0.0-PSMCodes-Activation', '57598-1.0.0-PSMCodes', 'PLUSZADAT1GB-M'); 
insert into keyvalue VALUES ('57598-1.0.0-PSMCodes', '57598-1.0.0', 'Post-Addon-1.0.0-PSMCodes', null); 
insert into objectrelation VALUES ('57598-1.0.0-Refill_ids-O_REFIL_1181c1', '57598-1.0.0-Refill_ids', 'O_REFIL_1181c1-1.0.0'); 
insert into keyvalue VALUES ('57598-1.0.0-Refill_ids', '57598-1.0.0', 'Post-Addon-1.0.0-Refill_ids', null); 
insert into keyvalue VALUES ('57598-1.0.0-Data_usage_mb', '57598-1.0.0', 'Post-Addon-1.0.0-Data_usage_mb', '1024'); 
insert into keyvalue VALUES ('57598-1.0.0-Price', '57598-1.0.0', 'Post-Addon-1.0.0-Price', '1394'); 
insert into keyvalue VALUES ('57598-1.0.0-Active', '57598-1.0.0', 'Post-Addon-1.0.0-Active', 'true'); 
insert into nestedkeyvalue VALUES ('57598-1.0.0-Description-def', '57598-1.0.0-Description', 'Válaszd ezt az adatopciót és növeld meg a tarifádban foglalt adatkeretedet 1 GB-tal, amit egészen számlazárásig felhasználhatsz. A kiegészítő opció minden hónapban automatikusan megújul, így nem kell havonta újra megrendelned és bármikor lemondhatod. Az opció ára 1394 Ft.'); 
insert into nestedkeyvalue VALUES ('57598-1.0.0-Description-eng', '57598-1.0.0-Description', 'Válaszd ezt az adatopciót és növeld meg a tarifádban foglalt adatkeretedet 1 GB-tal, amit egészen számlazárásig felhasználhatsz. A kiegészítő opció minden hónapban automatikusan megújul, így nem kell havonta újra megrendelned és bármikor lemondhatod. Az opció ára 1394 Ft.'); 
insert into nestedkeyvalue VALUES ('57598-1.0.0-Description-hun', '57598-1.0.0-Description', 'This extra data pack will give you additional 1GB of mobile internet (on top of the data already included in your tariff) for 1394 Ft. It will be activated every month at the start of your billing period so you don't have to worry about purchasing extra data every month - after you run out! You can cancel this extra data pack at any time.'); 
insert into nestedkeyvalue VALUES ('57598-1.0.0-Description-unLocalized', '57598-1.0.0-Description', null); 
insert into keyvalue VALUES ('57598-1.0.0-Description', '57598-1.0.0', 'Post-Addon-1.0.0-Description', null); 
insert into keyvalue VALUES ('57598-1.0.0-Online_selfcare_id', '57598-1.0.0', 'Post-Addon-1.0.0-Online_selfcare_id', null); 
insert into keyvalue VALUES ('57598-1.0.0-Featured', '57598-1.0.0', 'Post-Addon-1.0.0-Featured', 'true'); 
insert into keyvalue VALUES ('57598-1.0.0-Id', '57598-1.0.0', 'Post-Addon-1.0.0-Id', '57598'); 
insert into keyvalue VALUES ('57598-1.0.0-Type', '57598-1.0.0', 'Post-Addon-1.0.0-Type', 'Recurring'); 
insert into nestedkeyvalue VALUES ('57598-1.0.0-Name-def', '57598-1.0.0-Name', '1 GB PluszAdat (Megújuló)'); 
insert into nestedkeyvalue VALUES ('57598-1.0.0-Name-eng', '57598-1.0.0-Name', '1 GB PluszAdat (Megújuló)'); 
insert into nestedkeyvalue VALUES ('57598-1.0.0-Name-hun', '57598-1.0.0-Name', '1 GB PluszAdat (Recurring)'); 
insert into nestedkeyvalue VALUES ('57598-1.0.0-Name-unLocalized', '57598-1.0.0-Name', null); 
insert into keyvalue VALUES ('57598-1.0.0-Name', '57598-1.0.0', 'Post-Addon-1.0.0-Name', null); 
insert into object VALUES ('60290-1.0.0', '60290'); 
insert into nestedkeyvalue VALUES ('60290-1.0.0-PSMCodes-Deactivation', '60290-1.0.0-PSMCodes', null); 
insert into nestedkeyvalue VALUES ('60290-1.0.0-PSMCodes-Activation', '60290-1.0.0-PSMCodes', 'PLUSZADAT150MB'); 
insert into keyvalue VALUES ('60290-1.0.0-PSMCodes', '60290-1.0.0', 'Post-Addon-1.0.0-PSMCodes', null); 
insert into objectrelation VALUES ('60290-1.0.0-Refill_ids-TOLT150MB', '60290-1.0.0-Refill_ids', 'TOLT150MB-1.0.0'); 
insert into keyvalue VALUES ('60290-1.0.0-Refill_ids', '60290-1.0.0', 'Post-Addon-1.0.0-Refill_ids', null); 
insert into keyvalue VALUES ('60290-1.0.0-Data_usage_mb', '60290-1.0.0', 'Post-Addon-1.0.0-Data_usage_mb', '150'); 
insert into keyvalue VALUES ('60290-1.0.0-Price', '60290-1.0.0', 'Post-Addon-1.0.0-Price', '697'); 
insert into keyvalue VALUES ('60290-1.0.0-Active', '60290-1.0.0', 'Post-Addon-1.0.0-Active', 'true'); 
insert into nestedkeyvalue VALUES ('60290-1.0.0-Description-def', '60290-1.0.0-Description', 'Válaszd ezt az adatopciót és növeld meg a tarifádban foglalt adatkeretedet 150 MB-tal, amit egészen számlazárásig felhasználhatsz. Az opció ára 697 Ft.'); 
insert into nestedkeyvalue VALUES ('60290-1.0.0-Description-eng', '60290-1.0.0-Description', 'Válaszd ezt az adatopciót és növeld meg a tarifádban foglalt adatkeretedet 150 MB-tal, amit egészen számlazárásig felhasználhatsz. Az opció ára 697 Ft.'); 
insert into nestedkeyvalue VALUES ('60290-1.0.0-Description-hun', '60290-1.0.0-Description', 'This extra data pack will give you an additional 150 MB of mobile internet until the end of your current bill cycle for 697 Ft.'); 
insert into nestedkeyvalue VALUES ('60290-1.0.0-Description-unLocalized', '60290-1.0.0-Description', null); 
insert into keyvalue VALUES ('60290-1.0.0-Description', '60290-1.0.0', 'Post-Addon-1.0.0-Description', null); 
insert into keyvalue VALUES ('60290-1.0.0-Online_selfcare_id', '60290-1.0.0', 'Post-Addon-1.0.0-Online_selfcare_id', 'PLUSZADAT150MB'); 
insert into keyvalue VALUES ('60290-1.0.0-Featured', '60290-1.0.0', 'Post-Addon-1.0.0-Featured', 'false'); 
insert into keyvalue VALUES ('60290-1.0.0-Id', '60290-1.0.0', 'Post-Addon-1.0.0-Id', '60290'); 
insert into keyvalue VALUES ('60290-1.0.0-Type', '60290-1.0.0', 'Post-Addon-1.0.0-Type', 'One Time'); 
insert into nestedkeyvalue VALUES ('60290-1.0.0-Name-def', '60290-1.0.0-Name', '150 MB PluszAdat'); 
insert into nestedkeyvalue VALUES ('60290-1.0.0-Name-eng', '60290-1.0.0-Name', '150 MB PluszAdat'); 
insert into nestedkeyvalue VALUES ('60290-1.0.0-Name-hun', '60290-1.0.0-Name', '150 MB PluszAdat'); 
insert into nestedkeyvalue VALUES ('60290-1.0.0-Name-unLocalized', '60290-1.0.0-Name', null); 
insert into keyvalue VALUES ('60290-1.0.0-Name', '60290-1.0.0', 'Post-Addon-1.0.0-Name', null); 
insert into object VALUES ('60298-1.0.0', '60298'); 
insert into nestedkeyvalue VALUES ('60298-1.0.0-PSMCodes-Deactivation', '60298-1.0.0-PSMCodes', null); 
insert into nestedkeyvalue VALUES ('60298-1.0.0-PSMCodes-Activation', '60298-1.0.0-PSMCodes', 'PLUSZADAT1GB'); 
insert into keyvalue VALUES ('60298-1.0.0-PSMCodes', '60298-1.0.0', 'Post-Addon-1.0.0-PSMCodes', null); 
insert into objectrelation VALUES ('60298-1.0.0-Refill_ids-O_REFIL1_1574c8', '60298-1.0.0-Refill_ids', 'O_REFIL1_1574c8-1.0.0'); 
insert into keyvalue VALUES ('60298-1.0.0-Refill_ids', '60298-1.0.0', 'Post-Addon-1.0.0-Refill_ids', null); 
insert into keyvalue VALUES ('60298-1.0.0-Data_usage_mb', '60298-1.0.0', 'Post-Addon-1.0.0-Data_usage_mb', '1024'); 
insert into keyvalue VALUES ('60298-1.0.0-Price', '60298-1.0.0', 'Post-Addon-1.0.0-Price', '1858'); 
insert into keyvalue VALUES ('60298-1.0.0-Active', '60298-1.0.0', 'Post-Addon-1.0.0-Active', 'true'); 
insert into nestedkeyvalue VALUES ('60298-1.0.0-Description-def', '60298-1.0.0-Description', 'Válaszd ezt az adatopciót és növeld meg a tarifádban foglalt adatkeretedet 1 GB-tal, amit egészen számlazárásig felhasználhatsz. Az opció ára 1858 Ft.'); 
insert into nestedkeyvalue VALUES ('60298-1.0.0-Description-eng', '60298-1.0.0-Description', 'Válaszd ezt az adatopciót és növeld meg a tarifádban foglalt adatkeretedet 1 GB-tal, amit egészen számlazárásig felhasználhatsz. Az opció ára 1858 Ft.'); 
insert into nestedkeyvalue VALUES ('60298-1.0.0-Description-hun', '60298-1.0.0-Description', 'This extra data pack will give you an additional 1 GB of mobile internet until the end of your current bill cycle for 1858 Ft.'); 
insert into nestedkeyvalue VALUES ('60298-1.0.0-Description-unLocalized', '60298-1.0.0-Description', null); 
insert into keyvalue VALUES ('60298-1.0.0-Description', '60298-1.0.0', 'Post-Addon-1.0.0-Description', null); 
insert into keyvalue VALUES ('60298-1.0.0-Online_selfcare_id', '60298-1.0.0', 'Post-Addon-1.0.0-Online_selfcare_id', 'PLUSZADAT1GB'); 
insert into keyvalue VALUES ('60298-1.0.0-Featured', '60298-1.0.0', 'Post-Addon-1.0.0-Featured', 'true'); 
insert into keyvalue VALUES ('60298-1.0.0-Id', '60298-1.0.0', 'Post-Addon-1.0.0-Id', '60298'); 
insert into keyvalue VALUES ('60298-1.0.0-Type', '60298-1.0.0', 'Post-Addon-1.0.0-Type', 'One Time'); 
insert into nestedkeyvalue VALUES ('60298-1.0.0-Name-def', '60298-1.0.0-Name', '1 GB PluszAdat'); 
insert into nestedkeyvalue VALUES ('60298-1.0.0-Name-eng', '60298-1.0.0-Name', '1 GB PluszAdat'); 
insert into nestedkeyvalue VALUES ('60298-1.0.0-Name-hun', '60298-1.0.0-Name', '1 GB PluszAdat'); 
insert into nestedkeyvalue VALUES ('60298-1.0.0-Name-unLocalized', '60298-1.0.0-Name', null); 
insert into keyvalue VALUES ('60298-1.0.0-Name', '60298-1.0.0', 'Post-Addon-1.0.0-Name', null); 
insert into object VALUES ('60295-1.0.0', '60295'); 
insert into nestedkeyvalue VALUES ('60295-1.0.0-PSMCodes-Deactivation', '60295-1.0.0-PSMCodes', null); 
insert into nestedkeyvalue VALUES ('60295-1.0.0-PSMCodes-Activation', '60295-1.0.0-PSMCodes', 'PLUSZADAT500MB'); 
insert into keyvalue VALUES ('60295-1.0.0-PSMCodes', '60295-1.0.0', 'Post-Addon-1.0.0-PSMCodes', null); 
insert into objectrelation VALUES ('60295-1.0.0-Refill_ids-O_REFIL5_1181c1', '60295-1.0.0-Refill_ids', 'O_REFIL5_1181c1-1.0.0'); 
insert into keyvalue VALUES ('60295-1.0.0-Refill_ids', '60295-1.0.0', 'Post-Addon-1.0.0-Refill_ids', null); 
insert into keyvalue VALUES ('60295-1.0.0-Data_usage_mb', '60295-1.0.0', 'Post-Addon-1.0.0-Data_usage_mb', '500'); 
insert into keyvalue VALUES ('60295-1.0.0-Price', '60295-1.0.0', 'Post-Addon-1.0.0-Price', '1394'); 
insert into keyvalue VALUES ('60295-1.0.0-Active', '60295-1.0.0', 'Post-Addon-1.0.0-Active', 'true'); 
insert into nestedkeyvalue VALUES ('60295-1.0.0-Description-def', '60295-1.0.0-Description', 'Válaszd ezt az adatopciót és növeld meg a tarifádban foglalt adatkeretedet 500 MB-tal, amit egészen számlazárásig felhasználhatsz. Az opció ára 1394 Ft.'); 
insert into nestedkeyvalue VALUES ('60295-1.0.0-Description-eng', '60295-1.0.0-Description', 'Válaszd ezt az adatopciót és növeld meg a tarifádban foglalt adatkeretedet 500 MB-tal, amit egészen számlazárásig felhasználhatsz. Az opció ára 1394 Ft.'); 
insert into nestedkeyvalue VALUES ('60295-1.0.0-Description-hun', '60295-1.0.0-Description', 'This extra data pack will give you an additional 500 MB of mobile internet until the end of your current bill cycle for 1394 Ft.'); 
insert into nestedkeyvalue VALUES ('60295-1.0.0-Description-unLocalized', '60295-1.0.0-Description', null); 
insert into keyvalue VALUES ('60295-1.0.0-Description', '60295-1.0.0', 'Post-Addon-1.0.0-Description', null); 
insert into keyvalue VALUES ('60295-1.0.0-Online_selfcare_id', '60295-1.0.0', 'Post-Addon-1.0.0-Online_selfcare_id', null); 
insert into keyvalue VALUES ('60295-1.0.0-Featured', '60295-1.0.0', 'Post-Addon-1.0.0-Featured', 'false'); 
insert into keyvalue VALUES ('60295-1.0.0-Id', '60295-1.0.0', 'Post-Addon-1.0.0-Id', '60295'); 
insert into keyvalue VALUES ('60295-1.0.0-Type', '60295-1.0.0', 'Post-Addon-1.0.0-Type', 'One Time'); 
insert into nestedkeyvalue VALUES ('60295-1.0.0-Name-def', '60295-1.0.0-Name', 'PluszAdat 500 MB'); 
insert into nestedkeyvalue VALUES ('60295-1.0.0-Name-eng', '60295-1.0.0-Name', 'PluszAdat 500 MB'); 
insert into nestedkeyvalue VALUES ('60295-1.0.0-Name-hun', '60295-1.0.0-Name', 'PluszAdat 500 MB'); 
insert into nestedkeyvalue VALUES ('60295-1.0.0-Name-unLocalized', '60295-1.0.0-Name', null); 
insert into keyvalue VALUES ('60295-1.0.0-Name', '60295-1.0.0', 'Post-Addon-1.0.0-Name', null); 
insert into object VALUES ('60223-1.0.0', '60223'); 
insert into nestedkeyvalue VALUES ('60223-1.0.0-PSMCodes-Deactivation', '60223-1.0.0-PSMCodes', 'XPLUSZ150MB-auto'); 
insert into nestedkeyvalue VALUES ('60223-1.0.0-PSMCodes-Activation', '60223-1.0.0-PSMCodes', 'PLUSZ150MB-auto'); 
insert into keyvalue VALUES ('60223-1.0.0-PSMCodes', '60223-1.0.0', 'Post-Addon-1.0.0-PSMCodes', null); 
insert into keyvalue VALUES ('60223-1.0.0-Refill_ids', '60223-1.0.0', 'Post-Addon-1.0.0-Refill_ids', null); 
insert into keyvalue VALUES ('60223-1.0.0-Data_usage_mb', '60223-1.0.0', 'Post-Addon-1.0.0-Data_usage_mb', '150'); 
insert into keyvalue VALUES ('60223-1.0.0-Price', '60223-1.0.0', 'Post-Addon-1.0.0-Price', '465'); 
insert into keyvalue VALUES ('60223-1.0.0-Active', '60223-1.0.0', 'Post-Addon-1.0.0-Active', 'true'); 
insert into nestedkeyvalue VALUES ('60223-1.0.0-Description-def', '60223-1.0.0-Description', 'Ez az adatopció automatikusan kiegészíti 150 MB-tal havi belföldi adatkeretedet, amennyiben azt 100%-ban felhasználtad. A kiegészítő adatopció számlazárásig felhasználható, ára 465 Ft, mely csak akkor kerül kiszámlázásra, ha megkezded a 150 MB-os keret felhasználását.'); 
insert into nestedkeyvalue VALUES ('60223-1.0.0-Description-eng', '60223-1.0.0-Description', 'Ez az adatopció automatikusan kiegészíti 150 MB-tal havi belföldi adatkeretedet, amennyiben azt 100%-ban felhasználtad. A kiegészítő adatopció számlazárásig felhasználható, ára 465 Ft, mely csak akkor kerül kiszámlázásra, ha megkezded a 150 MB-os keret felhasználását.'); 
insert into nestedkeyvalue VALUES ('60223-1.0.0-Description-hun', '60223-1.0.0-Description', 'This data option automatically gives you an extra 150 MB mobile internet if you finished your monthly bundled domestic data. The extra option is available until the end of your current bill cycle for 465 Ft, which will only be charged if you start to use the 150 MB.'); 
insert into nestedkeyvalue VALUES ('60223-1.0.0-Description-unLocalized', '60223-1.0.0-Description', null); 
insert into keyvalue VALUES ('60223-1.0.0-Description', '60223-1.0.0', 'Post-Addon-1.0.0-Description', null); 
insert into keyvalue VALUES ('60223-1.0.0-Online_selfcare_id', '60223-1.0.0', 'Post-Addon-1.0.0-Online_selfcare_id', null); 
insert into keyvalue VALUES ('60223-1.0.0-Featured', '60223-1.0.0', 'Post-Addon-1.0.0-Featured', 'false'); 
insert into keyvalue VALUES ('60223-1.0.0-Id', '60223-1.0.0', 'Post-Addon-1.0.0-Id', '60223'); 
insert into keyvalue VALUES ('60223-1.0.0-Type', '60223-1.0.0', 'Post-Addon-1.0.0-Type', 'autoAO'); 
insert into nestedkeyvalue VALUES ('60223-1.0.0-Name-def', '60223-1.0.0-Name', 'Automatikus PluszAdat 150 MB'); 
insert into nestedkeyvalue VALUES ('60223-1.0.0-Name-eng', '60223-1.0.0-Name', 'Automatikus PluszAdat 150 MB'); 
insert into nestedkeyvalue VALUES ('60223-1.0.0-Name-hun', '60223-1.0.0-Name', 'Automatic PluszAdat 150 MB'); 
insert into nestedkeyvalue VALUES ('60223-1.0.0-Name-unLocalized', '60223-1.0.0-Name', null); 
insert into keyvalue VALUES ('60223-1.0.0-Name', '60223-1.0.0', 'Post-Addon-1.0.0-Name', null); 
insert into object VALUES ('60225-1.0.0', '60225'); 
insert into nestedkeyvalue VALUES ('60225-1.0.0-PSMCodes-Deactivation', '60225-1.0.0-PSMCodes', 'XEXTRA300MB-auto'); 
insert into nestedkeyvalue VALUES ('60225-1.0.0-PSMCodes-Activation', '60225-1.0.0-PSMCodes', 'EXTRA300MB-auto'); 
insert into keyvalue VALUES ('60225-1.0.0-PSMCodes', '60225-1.0.0', 'Post-Addon-1.0.0-PSMCodes', null); 
insert into keyvalue VALUES ('60225-1.0.0-Refill_ids', '60225-1.0.0', 'Post-Addon-1.0.0-Refill_ids', null); 
insert into keyvalue VALUES ('60225-1.0.0-Data_usage_mb', '60225-1.0.0', 'Post-Addon-1.0.0-Data_usage_mb', '300'); 
insert into keyvalue VALUES ('60225-1.0.0-Price', '60225-1.0.0', 'Post-Addon-1.0.0-Price', '465'); 
insert into keyvalue VALUES ('60225-1.0.0-Active', '60225-1.0.0', 'Post-Addon-1.0.0-Active', 'true'); 
insert into nestedkeyvalue VALUES ('60225-1.0.0-Description-def', '60225-1.0.0-Description', 'Ez az adatopció automatikusan kiegészíti 300 MB-tal havi belföldi adatkeretedet, amennyiben azt 100%-ban felhasználtad. A kiegészítő adatopció számlazárásig felhasználható, ára 465 Ft, mely csak akkor kerül kiszámlázásra, ha megkezded a 300 MB-os keret felhasználását.'); 
insert into nestedkeyvalue VALUES ('60225-1.0.0-Description-eng', '60225-1.0.0-Description', 'Ez az adatopció automatikusan kiegészíti 300 MB-tal havi belföldi adatkeretedet, amennyiben azt 100%-ban felhasználtad. A kiegészítő adatopció számlazárásig felhasználható, ára 465 Ft, mely csak akkor kerül kiszámlázásra, ha megkezded a 300 MB-os keret felhasználását.'); 
insert into nestedkeyvalue VALUES ('60225-1.0.0-Description-hun', '60225-1.0.0-Description', 'This data option automatically gives you an extra 300 MB mobile internet if you finished your monthly bundled domestic data. The extra option is available until the end of your current bill cycle for 465 Ft, which will only be charged if you start to use the 300 MB.'); 
insert into nestedkeyvalue VALUES ('60225-1.0.0-Description-unLocalized', '60225-1.0.0-Description', null); 
insert into keyvalue VALUES ('60225-1.0.0-Description', '60225-1.0.0', 'Post-Addon-1.0.0-Description', null); 
insert into keyvalue VALUES ('60225-1.0.0-Online_selfcare_id', '60225-1.0.0', 'Post-Addon-1.0.0-Online_selfcare_id', null); 
insert into keyvalue VALUES ('60225-1.0.0-Featured', '60225-1.0.0', 'Post-Addon-1.0.0-Featured', 'false'); 
insert into keyvalue VALUES ('60225-1.0.0-Id', '60225-1.0.0', 'Post-Addon-1.0.0-Id', '60225'); 
insert into keyvalue VALUES ('60225-1.0.0-Type', '60225-1.0.0', 'Post-Addon-1.0.0-Type', 'autoAO'); 
insert into nestedkeyvalue VALUES ('60225-1.0.0-Name-def', '60225-1.0.0-Name', 'Automatikus ExtraAdat 300 MB'); 
insert into nestedkeyvalue VALUES ('60225-1.0.0-Name-eng', '60225-1.0.0-Name', 'Automatikus ExtraAdat 300 MB'); 
insert into nestedkeyvalue VALUES ('60225-1.0.0-Name-hun', '60225-1.0.0-Name', 'Automatic ExtraAdat 300 MB'); 
insert into nestedkeyvalue VALUES ('60225-1.0.0-Name-unLocalized', '60225-1.0.0-Name', null); 
insert into keyvalue VALUES ('60225-1.0.0-Name', '60225-1.0.0', 'Post-Addon-1.0.0-Name', null); 
insert into object VALUES ('60227-1.0.0', '60227'); 
insert into nestedkeyvalue VALUES ('60227-1.0.0-PSMCodes-Deactivation', '60227-1.0.0-PSMCodes', 'XEXTRA1GB-auto'); 
insert into nestedkeyvalue VALUES ('60227-1.0.0-PSMCodes-Activation', '60227-1.0.0-PSMCodes', 'EXTRA1GB-auto'); 
insert into keyvalue VALUES ('60227-1.0.0-PSMCodes', '60227-1.0.0', 'Post-Addon-1.0.0-PSMCodes', null); 
insert into keyvalue VALUES ('60227-1.0.0-Refill_ids', '60227-1.0.0', 'Post-Addon-1.0.0-Refill_ids', null); 
insert into keyvalue VALUES ('60227-1.0.0-Data_usage_mb', '60227-1.0.0', 'Post-Addon-1.0.0-Data_usage_mb', '1024'); 
insert into keyvalue VALUES ('60227-1.0.0-Price', '60227-1.0.0', 'Post-Addon-1.0.0-Price', '929'); 
insert into keyvalue VALUES ('60227-1.0.0-Active', '60227-1.0.0', 'Post-Addon-1.0.0-Active', 'true'); 
insert into nestedkeyvalue VALUES ('60227-1.0.0-Description-def', '60227-1.0.0-Description', 'Ez az adatopció automatikusan kiegészíti 1 GB-tal havi belföldi adatkeretedet, amennyiben azt 100%-ban felhasználtad. A kiegészítő adatopció számlazárásig felhasználható, ára 929 Ft, mely csak akkor kerül kiszámlázásra, ha megkezded az 1 GB-os keret felhasználását.'); 
insert into nestedkeyvalue VALUES ('60227-1.0.0-Description-eng', '60227-1.0.0-Description', 'Ez az adatopció automatikusan kiegészíti 1 GB-tal havi belföldi adatkeretedet, amennyiben azt 100%-ban felhasználtad. A kiegészítő adatopció számlazárásig felhasználható, ára 929 Ft, mely csak akkor kerül kiszámlázásra, ha megkezded az 1 GB-os keret felhasználását.'); 
insert into nestedkeyvalue VALUES ('60227-1.0.0-Description-hun', '60227-1.0.0-Description', 'This data option automatically gives you an extra 1 GB mobile internet if you finished your monthly bundled domestic data. The extra option is available until the end of your current bill cycle for 929 Ft, which will only be charged if you start to use the 1GB.'); 
insert into nestedkeyvalue VALUES ('60227-1.0.0-Description-unLocalized', '60227-1.0.0-Description', null); 
insert into keyvalue VALUES ('60227-1.0.0-Description', '60227-1.0.0', 'Post-Addon-1.0.0-Description', null); 
insert into keyvalue VALUES ('60227-1.0.0-Online_selfcare_id', '60227-1.0.0', 'Post-Addon-1.0.0-Online_selfcare_id', null); 
insert into keyvalue VALUES ('60227-1.0.0-Featured', '60227-1.0.0', 'Post-Addon-1.0.0-Featured', 'false'); 
insert into keyvalue VALUES ('60227-1.0.0-Id', '60227-1.0.0', 'Post-Addon-1.0.0-Id', '60227'); 
insert into keyvalue VALUES ('60227-1.0.0-Type', '60227-1.0.0', 'Post-Addon-1.0.0-Type', 'autoAO'); 
insert into nestedkeyvalue VALUES ('60227-1.0.0-Name-def', '60227-1.0.0-Name', 'Automatikus ExtraAdat 1 GB'); 
insert into nestedkeyvalue VALUES ('60227-1.0.0-Name-eng', '60227-1.0.0-Name', 'Automatikus ExtraAdat 1 GB'); 
insert into nestedkeyvalue VALUES ('60227-1.0.0-Name-hun', '60227-1.0.0-Name', 'Automatic ExtraAdat 1 GB'); 
insert into nestedkeyvalue VALUES ('60227-1.0.0-Name-unLocalized', '60227-1.0.0-Name', null); 
insert into keyvalue VALUES ('60227-1.0.0-Name', '60227-1.0.0', 'Post-Addon-1.0.0-Name', null); 
insert into object VALUES ('58772-1.0.0', '58772'); 
insert into nestedkeyvalue VALUES ('58772-1.0.0-PSMCodes-Deactivation', '58772-1.0.0-PSMCodes', null); 
insert into nestedkeyvalue VALUES ('58772-1.0.0-PSMCodes-Activation', '58772-1.0.0-PSMCodes', null); 
insert into keyvalue VALUES ('58772-1.0.0-PSMCodes', '58772-1.0.0', 'Post-Addon-1.0.0-PSMCodes', null); 
insert into keyvalue VALUES ('58772-1.0.0-Refill_ids', '58772-1.0.0', 'Post-Addon-1.0.0-Refill_ids', null); 
insert into keyvalue VALUES ('58772-1.0.0-Data_usage_mb', '58772-1.0.0', 'Post-Addon-1.0.0-Data_usage_mb', '5120'); 
insert into keyvalue VALUES ('58772-1.0.0-Price', '58772-1.0.0', 'Post-Addon-1.0.0-Price', '1859'); 
insert into keyvalue VALUES ('58772-1.0.0-Active', '58772-1.0.0', 'Post-Addon-1.0.0-Active', 'false'); 
insert into nestedkeyvalue VALUES ('58772-1.0.0-Description-def', '58772-1.0.0-Description', 'Ezzel az adatopcióval 5 GB internet áll rendelkezésedre minden hónapban.'); 
insert into nestedkeyvalue VALUES ('58772-1.0.0-Description-eng', '58772-1.0.0-Description', 'Ezzel az adatopcióval 5 GB internet áll rendelkezésedre minden hónapban.'); 
insert into nestedkeyvalue VALUES ('58772-1.0.0-Description-hun', '58772-1.0.0-Description', 'With this option you can use 5 GB data every month.'); 
insert into nestedkeyvalue VALUES ('58772-1.0.0-Description-unLocalized', '58772-1.0.0-Description', null); 
insert into keyvalue VALUES ('58772-1.0.0-Description', '58772-1.0.0', 'Post-Addon-1.0.0-Description', null); 
insert into keyvalue VALUES ('58772-1.0.0-Online_selfcare_id', '58772-1.0.0', 'Post-Addon-1.0.0-Online_selfcare_id', null); 
insert into keyvalue VALUES ('58772-1.0.0-Featured', '58772-1.0.0', 'Post-Addon-1.0.0-Featured', 'false'); 
insert into keyvalue VALUES ('58772-1.0.0-Id', '58772-1.0.0', 'Post-Addon-1.0.0-Id', '58772'); 
insert into keyvalue VALUES ('58772-1.0.0-Type', '58772-1.0.0', 'Post-Addon-1.0.0-Type', 'Recurring'); 
insert into nestedkeyvalue VALUES ('58772-1.0.0-Name-def', '58772-1.0.0-Name', 'ExtraAdat 5GB (Megújuló)'); 
insert into nestedkeyvalue VALUES ('58772-1.0.0-Name-eng', '58772-1.0.0-Name', 'ExtraAdat 5GB (Megújuló)'); 
insert into nestedkeyvalue VALUES ('58772-1.0.0-Name-hun', '58772-1.0.0-Name', 'ExtraAdat 5GB (Recurring)'); 
insert into nestedkeyvalue VALUES ('58772-1.0.0-Name-unLocalized', '58772-1.0.0-Name', null); 
insert into keyvalue VALUES ('58772-1.0.0-Name', '58772-1.0.0', 'Post-Addon-1.0.0-Name', null); 
insert into object VALUES ('57602-1.0.0', '57602'); 
insert into nestedkeyvalue VALUES ('57602-1.0.0-PSMCodes-Deactivation', '57602-1.0.0-PSMCodes', null); 
insert into nestedkeyvalue VALUES ('57602-1.0.0-PSMCodes-Activation', '57602-1.0.0-PSMCodes', null); 
insert into keyvalue VALUES ('57602-1.0.0-PSMCodes', '57602-1.0.0', 'Post-Addon-1.0.0-PSMCodes', null); 
insert into keyvalue VALUES ('57602-1.0.0-Refill_ids', '57602-1.0.0', 'Post-Addon-1.0.0-Refill_ids', null); 
insert into keyvalue VALUES ('57602-1.0.0-Data_usage_mb', '57602-1.0.0', 'Post-Addon-1.0.0-Data_usage_mb', '100'); 
insert into keyvalue VALUES ('57602-1.0.0-Price', '57602-1.0.0', 'Post-Addon-1.0.0-Price', '920'); 
insert into keyvalue VALUES ('57602-1.0.0-Active', '57602-1.0.0', 'Post-Addon-1.0.0-Active', 'false'); 
insert into nestedkeyvalue VALUES ('57602-1.0.0-Description-def', '57602-1.0.0-Description', 'Ezzel az adatopcióval 100 MB internet áll rendelkezésedre minden hónapban.'); 
insert into nestedkeyvalue VALUES ('57602-1.0.0-Description-eng', '57602-1.0.0-Description', 'Ezzel az adatopcióval 100 MB internet áll rendelkezésedre minden hónapban.'); 
insert into nestedkeyvalue VALUES ('57602-1.0.0-Description-hun', '57602-1.0.0-Description', 'With this option you can use 100 MB data every month.'); 
insert into nestedkeyvalue VALUES ('57602-1.0.0-Description-unLocalized', '57602-1.0.0-Description', null); 
insert into keyvalue VALUES ('57602-1.0.0-Description', '57602-1.0.0', 'Post-Addon-1.0.0-Description', null); 
insert into keyvalue VALUES ('57602-1.0.0-Online_selfcare_id', '57602-1.0.0', 'Post-Addon-1.0.0-Online_selfcare_id', null); 
insert into keyvalue VALUES ('57602-1.0.0-Featured', '57602-1.0.0', 'Post-Addon-1.0.0-Featured', 'false'); 
insert into keyvalue VALUES ('57602-1.0.0-Id', '57602-1.0.0', 'Post-Addon-1.0.0-Id', '57602'); 
insert into keyvalue VALUES ('57602-1.0.0-Type', '57602-1.0.0', 'Post-Addon-1.0.0-Type', 'Recurring'); 
insert into nestedkeyvalue VALUES ('57602-1.0.0-Name-def', '57602-1.0.0-Name', '100 MB PluszAdat (Megújuló)'); 
insert into nestedkeyvalue VALUES ('57602-1.0.0-Name-eng', '57602-1.0.0-Name', '100 MB PluszAdat (Megújuló)'); 
insert into nestedkeyvalue VALUES ('57602-1.0.0-Name-hun', '57602-1.0.0-Name', '100 MB PluszAdat (Recurring)'); 
insert into nestedkeyvalue VALUES ('57602-1.0.0-Name-unLocalized', '57602-1.0.0-Name', null); 
insert into keyvalue VALUES ('57602-1.0.0-Name', '57602-1.0.0', 'Post-Addon-1.0.0-Name', null); 
insert into object VALUES ('60093-1.0.0', '60093'); 
insert into nestedkeyvalue VALUES ('60093-1.0.0-PSMCodes-Deactivation', '60093-1.0.0-PSMCodes', null); 
insert into nestedkeyvalue VALUES ('60093-1.0.0-PSMCodes-Activation', '60093-1.0.0-PSMCodes', null); 
insert into keyvalue VALUES ('60093-1.0.0-PSMCodes', '60093-1.0.0', 'Post-Addon-1.0.0-PSMCodes', null); 
insert into keyvalue VALUES ('60093-1.0.0-Refill_ids', '60093-1.0.0', 'Post-Addon-1.0.0-Refill_ids', null); 
insert into keyvalue VALUES ('60093-1.0.0-Data_usage_mb', '60093-1.0.0', 'Post-Addon-1.0.0-Data_usage_mb', '200'); 
insert into keyvalue VALUES ('60093-1.0.0-Price', '60093-1.0.0', 'Post-Addon-1.0.0-Price', '920'); 
insert into keyvalue VALUES ('60093-1.0.0-Active', '60093-1.0.0', 'Post-Addon-1.0.0-Active', 'false'); 
insert into nestedkeyvalue VALUES ('60093-1.0.0-Description-def', '60093-1.0.0-Description', 'Ezzel az adatopcióval 200 MB internet áll rendelkezésedre minden hónapban.'); 
insert into nestedkeyvalue VALUES ('60093-1.0.0-Description-eng', '60093-1.0.0-Description', 'Ezzel az adatopcióval 200 MB internet áll rendelkezésedre minden hónapban.'); 
insert into nestedkeyvalue VALUES ('60093-1.0.0-Description-hun', '60093-1.0.0-Description', 'With this option you can use 200 MB data every month.'); 
insert into nestedkeyvalue VALUES ('60093-1.0.0-Description-unLocalized', '60093-1.0.0-Description', null); 
insert into keyvalue VALUES ('60093-1.0.0-Description', '60093-1.0.0', 'Post-Addon-1.0.0-Description', null); 
insert into keyvalue VALUES ('60093-1.0.0-Online_selfcare_id', '60093-1.0.0', 'Post-Addon-1.0.0-Online_selfcare_id', null); 
insert into keyvalue VALUES ('60093-1.0.0-Featured', '60093-1.0.0', 'Post-Addon-1.0.0-Featured', 'false'); 
insert into keyvalue VALUES ('60093-1.0.0-Id', '60093-1.0.0', 'Post-Addon-1.0.0-Id', '60093'); 
insert into keyvalue VALUES ('60093-1.0.0-Type', '60093-1.0.0', 'Post-Addon-1.0.0-Type', 'Recurring'); 
insert into nestedkeyvalue VALUES ('60093-1.0.0-Name-def', '60093-1.0.0-Name', '200 MB PluszAdat (Megújuló)'); 
insert into nestedkeyvalue VALUES ('60093-1.0.0-Name-eng', '60093-1.0.0-Name', '200 MB PluszAdat (Megújuló)'); 
insert into nestedkeyvalue VALUES ('60093-1.0.0-Name-hun', '60093-1.0.0-Name', '200 MB PluszAdat (Recurring)'); 
insert into nestedkeyvalue VALUES ('60093-1.0.0-Name-unLocalized', '60093-1.0.0-Name', null); 
insert into keyvalue VALUES ('60093-1.0.0-Name', '60093-1.0.0', 'Post-Addon-1.0.0-Name', null); 
insert into object VALUES ('57603-1.0.0', '57603'); 
insert into nestedkeyvalue VALUES ('57603-1.0.0-PSMCodes-Deactivation', '57603-1.0.0-PSMCodes', null); 
insert into nestedkeyvalue VALUES ('57603-1.0.0-PSMCodes-Activation', '57603-1.0.0-PSMCodes', null); 
insert into keyvalue VALUES ('57603-1.0.0-PSMCodes', '57603-1.0.0', 'Post-Addon-1.0.0-PSMCodes', null); 
insert into keyvalue VALUES ('57603-1.0.0-Refill_ids', '57603-1.0.0', 'Post-Addon-1.0.0-Refill_ids', null); 
insert into keyvalue VALUES ('57603-1.0.0-Data_usage_mb', '57603-1.0.0', 'Post-Addon-1.0.0-Data_usage_mb', '500'); 
insert into keyvalue VALUES ('57603-1.0.0-Price', '57603-1.0.0', 'Post-Addon-1.0.0-Price', '1849'); 
insert into keyvalue VALUES ('57603-1.0.0-Active', '57603-1.0.0', 'Post-Addon-1.0.0-Active', 'false'); 
insert into nestedkeyvalue VALUES ('57603-1.0.0-Description-def', '57603-1.0.0-Description', 'Ezzel az adatopcióval 500 MB internet áll rendelkezésedre minden hónapban.'); 
insert into nestedkeyvalue VALUES ('57603-1.0.0-Description-eng', '57603-1.0.0-Description', 'Ezzel az adatopcióval 500 MB internet áll rendelkezésedre minden hónapban.'); 
insert into nestedkeyvalue VALUES ('57603-1.0.0-Description-hun', '57603-1.0.0-Description', 'With this option you can use 500 MB data every month.'); 
insert into nestedkeyvalue VALUES ('57603-1.0.0-Description-unLocalized', '57603-1.0.0-Description', null); 
insert into keyvalue VALUES ('57603-1.0.0-Description', '57603-1.0.0', 'Post-Addon-1.0.0-Description', null); 
insert into keyvalue VALUES ('57603-1.0.0-Online_selfcare_id', '57603-1.0.0', 'Post-Addon-1.0.0-Online_selfcare_id', null); 
insert into keyvalue VALUES ('57603-1.0.0-Featured', '57603-1.0.0', 'Post-Addon-1.0.0-Featured', 'false'); 
insert into keyvalue VALUES ('57603-1.0.0-Id', '57603-1.0.0', 'Post-Addon-1.0.0-Id', '57603'); 
insert into keyvalue VALUES ('57603-1.0.0-Type', '57603-1.0.0', 'Post-Addon-1.0.0-Type', 'Recurring'); 
insert into nestedkeyvalue VALUES ('57603-1.0.0-Name-def', '57603-1.0.0-Name', '500 MB PluszAdat (Megújuló)'); 
insert into nestedkeyvalue VALUES ('57603-1.0.0-Name-eng', '57603-1.0.0-Name', '500 MB PluszAdat (Megújuló)'); 
insert into nestedkeyvalue VALUES ('57603-1.0.0-Name-hun', '57603-1.0.0-Name', '500 MB PluszAdat (Recurring)'); 
insert into nestedkeyvalue VALUES ('57603-1.0.0-Name-unLocalized', '57603-1.0.0-Name', null); 
insert into keyvalue VALUES ('57603-1.0.0-Name', '57603-1.0.0', 'Post-Addon-1.0.0-Name', null); 
insert into object VALUES ('60096-1.0.0', '60096'); 
insert into nestedkeyvalue VALUES ('60096-1.0.0-PSMCodes-Deactivation', '60096-1.0.0-PSMCodes', null); 
insert into nestedkeyvalue VALUES ('60096-1.0.0-PSMCodes-Activation', '60096-1.0.0-PSMCodes', null); 
insert into keyvalue VALUES ('60096-1.0.0-PSMCodes', '60096-1.0.0', 'Post-Addon-1.0.0-PSMCodes', null); 
insert into keyvalue VALUES ('60096-1.0.0-Refill_ids', '60096-1.0.0', 'Post-Addon-1.0.0-Refill_ids', null); 
insert into keyvalue VALUES ('60096-1.0.0-Data_usage_mb', '60096-1.0.0', 'Post-Addon-1.0.0-Data_usage_mb', '1024'); 
insert into keyvalue VALUES ('60096-1.0.0-Price', '60096-1.0.0', 'Post-Addon-1.0.0-Price', '1849'); 
insert into keyvalue VALUES ('60096-1.0.0-Active', '60096-1.0.0', 'Post-Addon-1.0.0-Active', 'false'); 
insert into nestedkeyvalue VALUES ('60096-1.0.0-Description-def', '60096-1.0.0-Description', 'Ezzel az adatopcióval 1 GB internet áll rendelkezésedre minden hónapban.'); 
insert into nestedkeyvalue VALUES ('60096-1.0.0-Description-eng', '60096-1.0.0-Description', 'Ezzel az adatopcióval 1 GB internet áll rendelkezésedre minden hónapban.'); 
insert into nestedkeyvalue VALUES ('60096-1.0.0-Description-hun', '60096-1.0.0-Description', 'With this option you can use 1 GB data every month.'); 
insert into nestedkeyvalue VALUES ('60096-1.0.0-Description-unLocalized', '60096-1.0.0-Description', null); 
insert into keyvalue VALUES ('60096-1.0.0-Description', '60096-1.0.0', 'Post-Addon-1.0.0-Description', null); 
insert into keyvalue VALUES ('60096-1.0.0-Online_selfcare_id', '60096-1.0.0', 'Post-Addon-1.0.0-Online_selfcare_id', null); 
insert into keyvalue VALUES ('60096-1.0.0-Featured', '60096-1.0.0', 'Post-Addon-1.0.0-Featured', 'false'); 
insert into keyvalue VALUES ('60096-1.0.0-Id', '60096-1.0.0', 'Post-Addon-1.0.0-Id', '60096'); 
insert into keyvalue VALUES ('60096-1.0.0-Type', '60096-1.0.0', 'Post-Addon-1.0.0-Type', 'Recurring'); 
insert into nestedkeyvalue VALUES ('60096-1.0.0-Name-def', '60096-1.0.0-Name', '1 GB PluszAdat (Megújuló)'); 
insert into nestedkeyvalue VALUES ('60096-1.0.0-Name-eng', '60096-1.0.0-Name', '1 GB PluszAdat (Megújuló)'); 
insert into nestedkeyvalue VALUES ('60096-1.0.0-Name-hun', '60096-1.0.0-Name', '1 GB PluszAdat (Recurring)'); 
insert into nestedkeyvalue VALUES ('60096-1.0.0-Name-unLocalized', '60096-1.0.0-Name', null); 
insert into keyvalue VALUES ('60096-1.0.0-Name', '60096-1.0.0', 'Post-Addon-1.0.0-Name', null); 
insert into object VALUES ('60103-1.0.0', '60103'); 
insert into nestedkeyvalue VALUES ('60103-1.0.0-PSMCodes-Deactivation', '60103-1.0.0-PSMCodes', null); 
insert into nestedkeyvalue VALUES ('60103-1.0.0-PSMCodes-Activation', '60103-1.0.0-PSMCodes', null); 
insert into keyvalue VALUES ('60103-1.0.0-PSMCodes', '60103-1.0.0', 'Post-Addon-1.0.0-PSMCodes', null); 
insert into keyvalue VALUES ('60103-1.0.0-Refill_ids', '60103-1.0.0', 'Post-Addon-1.0.0-Refill_ids', null); 
insert into keyvalue VALUES ('60103-1.0.0-Data_usage_mb', '60103-1.0.0', 'Post-Addon-1.0.0-Data_usage_mb', '1024'); 
insert into keyvalue VALUES ('60103-1.0.0-Price', '60103-1.0.0', 'Post-Addon-1.0.0-Price', '2779'); 
insert into keyvalue VALUES ('60103-1.0.0-Active', '60103-1.0.0', 'Post-Addon-1.0.0-Active', 'false'); 
insert into nestedkeyvalue VALUES ('60103-1.0.0-Description-def', '60103-1.0.0-Description', 'Ezzel az adatopcióval 1 GB internet áll rendelkezésedre minden hónapban.'); 
insert into nestedkeyvalue VALUES ('60103-1.0.0-Description-eng', '60103-1.0.0-Description', 'Ezzel az adatopcióval 1 GB internet áll rendelkezésedre minden hónapban.'); 
insert into nestedkeyvalue VALUES ('60103-1.0.0-Description-hun', '60103-1.0.0-Description', 'With this option you can use 1 GB data every month.'); 
insert into nestedkeyvalue VALUES ('60103-1.0.0-Description-unLocalized', '60103-1.0.0-Description', null); 
insert into keyvalue VALUES ('60103-1.0.0-Description', '60103-1.0.0', 'Post-Addon-1.0.0-Description', null); 
insert into keyvalue VALUES ('60103-1.0.0-Online_selfcare_id', '60103-1.0.0', 'Post-Addon-1.0.0-Online_selfcare_id', null); 
insert into keyvalue VALUES ('60103-1.0.0-Featured', '60103-1.0.0', 'Post-Addon-1.0.0-Featured', 'false'); 
insert into keyvalue VALUES ('60103-1.0.0-Id', '60103-1.0.0', 'Post-Addon-1.0.0-Id', '60103'); 
insert into keyvalue VALUES ('60103-1.0.0-Type', '60103-1.0.0', 'Post-Addon-1.0.0-Type', 'Recurring'); 
insert into nestedkeyvalue VALUES ('60103-1.0.0-Name-def', '60103-1.0.0-Name', '1 GB PluszAdat (Megújuló)'); 
insert into nestedkeyvalue VALUES ('60103-1.0.0-Name-eng', '60103-1.0.0-Name', '1 GB PluszAdat (Megújuló)'); 
insert into nestedkeyvalue VALUES ('60103-1.0.0-Name-hun', '60103-1.0.0-Name', '1 GB PluszAdat (Recurring)'); 
insert into nestedkeyvalue VALUES ('60103-1.0.0-Name-unLocalized', '60103-1.0.0-Name', null); 
insert into keyvalue VALUES ('60103-1.0.0-Name', '60103-1.0.0', 'Post-Addon-1.0.0-Name', null); 
insert into object VALUES ('57606-1.0.0', '57606'); 
insert into nestedkeyvalue VALUES ('57606-1.0.0-PSMCodes-Deactivation', '57606-1.0.0-PSMCodes', null); 
insert into nestedkeyvalue VALUES ('57606-1.0.0-PSMCodes-Activation', '57606-1.0.0-PSMCodes', null); 
insert into keyvalue VALUES ('57606-1.0.0-PSMCodes', '57606-1.0.0', 'Post-Addon-1.0.0-PSMCodes', null); 
insert into keyvalue VALUES ('57606-1.0.0-Refill_ids', '57606-1.0.0', 'Post-Addon-1.0.0-Refill_ids', null); 
insert into keyvalue VALUES ('57606-1.0.0-Data_usage_mb', '57606-1.0.0', 'Post-Addon-1.0.0-Data_usage_mb', '2048'); 
insert into keyvalue VALUES ('57606-1.0.0-Price', '57606-1.0.0', 'Post-Addon-1.0.0-Price', '2779'); 
insert into keyvalue VALUES ('57606-1.0.0-Active', '57606-1.0.0', 'Post-Addon-1.0.0-Active', 'false'); 
insert into nestedkeyvalue VALUES ('57606-1.0.0-Description-def', '57606-1.0.0-Description', 'Ezzel az adatopcióval 2 GB internet áll rendelkezésedre minden hónapban.'); 
insert into nestedkeyvalue VALUES ('57606-1.0.0-Description-eng', '57606-1.0.0-Description', 'Ezzel az adatopcióval 2 GB internet áll rendelkezésedre minden hónapban.'); 
insert into nestedkeyvalue VALUES ('57606-1.0.0-Description-hun', '57606-1.0.0-Description', 'With this option you can use 2 GB data every month.'); 
insert into nestedkeyvalue VALUES ('57606-1.0.0-Description-unLocalized', '57606-1.0.0-Description', null); 
insert into keyvalue VALUES ('57606-1.0.0-Description', '57606-1.0.0', 'Post-Addon-1.0.0-Description', null); 
insert into keyvalue VALUES ('57606-1.0.0-Online_selfcare_id', '57606-1.0.0', 'Post-Addon-1.0.0-Online_selfcare_id', null); 
insert into keyvalue VALUES ('57606-1.0.0-Featured', '57606-1.0.0', 'Post-Addon-1.0.0-Featured', 'false'); 
insert into keyvalue VALUES ('57606-1.0.0-Id', '57606-1.0.0', 'Post-Addon-1.0.0-Id', '57606'); 
insert into keyvalue VALUES ('57606-1.0.0-Type', '57606-1.0.0', 'Post-Addon-1.0.0-Type', 'Recurring'); 
insert into nestedkeyvalue VALUES ('57606-1.0.0-Name-def', '57606-1.0.0-Name', '2 GB PluszAdat (Megújuló)'); 
insert into nestedkeyvalue VALUES ('57606-1.0.0-Name-eng', '57606-1.0.0-Name', '2 GB PluszAdat (Megújuló)'); 
insert into nestedkeyvalue VALUES ('57606-1.0.0-Name-hun', '57606-1.0.0-Name', '2 GB PluszAdat (Recurring)'); 
insert into nestedkeyvalue VALUES ('57606-1.0.0-Name-unLocalized', '57606-1.0.0-Name', null); 
insert into keyvalue VALUES ('57606-1.0.0-Name', '57606-1.0.0', 'Post-Addon-1.0.0-Name', null); 
insert into object VALUES ('57443-1.0.0', '57443'); 
insert into nestedkeyvalue VALUES ('57443-1.0.0-PSMCodes-Deactivation', '57443-1.0.0-PSMCodes', null); 
insert into nestedkeyvalue VALUES ('57443-1.0.0-PSMCodes-Activation', '57443-1.0.0-PSMCodes', 'EXTRA100MB'); 
insert into keyvalue VALUES ('57443-1.0.0-PSMCodes', '57443-1.0.0', 'Post-Addon-1.0.0-PSMCodes', null); 
insert into objectrelation VALUES ('57443-1.0.0-Refill_ids-O_EXREF_393c7', '57443-1.0.0-Refill_ids', 'O_EXREF_393c7-1.0.0'); 
insert into keyvalue VALUES ('57443-1.0.0-Refill_ids', '57443-1.0.0', 'Post-Addon-1.0.0-Refill_ids', null); 
insert into keyvalue VALUES ('57443-1.0.0-Data_usage_mb', '57443-1.0.0', 'Post-Addon-1.0.0-Data_usage_mb', '100'); 
insert into keyvalue VALUES ('57443-1.0.0-Price', '57443-1.0.0', 'Post-Addon-1.0.0-Price', '465'); 
insert into keyvalue VALUES ('57443-1.0.0-Active', '57443-1.0.0', 'Post-Addon-1.0.0-Active', 'true'); 
insert into nestedkeyvalue VALUES ('57443-1.0.0-Description-def', '57443-1.0.0-Description', 'Válaszd ezt az adatopciót és növeld meg a tarifádban foglalt adatkeretedet 100 MB-tal, amit egészen számlazárásig felhasználhatsz. Az opció ára 465 Ft.'); 
insert into nestedkeyvalue VALUES ('57443-1.0.0-Description-eng', '57443-1.0.0-Description', 'Válaszd ezt az adatopciót és növeld meg a tarifádban foglalt adatkeretedet 100 MB-tal, amit egészen számlazárásig felhasználhatsz. Az opció ára 465 Ft.'); 
insert into nestedkeyvalue VALUES ('57443-1.0.0-Description-hun', '57443-1.0.0-Description', 'This extra data pack will give you an additional 100 MB of mobile internet until the end of your current bill cycle for 465 Ft.'); 
insert into nestedkeyvalue VALUES ('57443-1.0.0-Description-unLocalized', '57443-1.0.0-Description', null); 
insert into keyvalue VALUES ('57443-1.0.0-Description', '57443-1.0.0', 'Post-Addon-1.0.0-Description', null); 
insert into keyvalue VALUES ('57443-1.0.0-Online_selfcare_id', '57443-1.0.0', 'Post-Addon-1.0.0-Online_selfcare_id', null); 
insert into keyvalue VALUES ('57443-1.0.0-Featured', '57443-1.0.0', 'Post-Addon-1.0.0-Featured', 'false'); 
insert into keyvalue VALUES ('57443-1.0.0-Id', '57443-1.0.0', 'Post-Addon-1.0.0-Id', '57443'); 
insert into keyvalue VALUES ('57443-1.0.0-Type', '57443-1.0.0', 'Post-Addon-1.0.0-Type', 'One Time'); 
insert into nestedkeyvalue VALUES ('57443-1.0.0-Name-def', '57443-1.0.0-Name', '100 MB ExtraAdat'); 
insert into nestedkeyvalue VALUES ('57443-1.0.0-Name-eng', '57443-1.0.0-Name', '100 MB ExtraAdat'); 
insert into nestedkeyvalue VALUES ('57443-1.0.0-Name-hun', '57443-1.0.0-Name', '100 MB ExtraAdat'); 
insert into nestedkeyvalue VALUES ('57443-1.0.0-Name-unLocalized', '57443-1.0.0-Name', null); 
insert into keyvalue VALUES ('57443-1.0.0-Name', '57443-1.0.0', 'Post-Addon-1.0.0-Name', null); 
insert into object VALUES ('60638-1.0.0', '60638'); 
insert into nestedkeyvalue VALUES ('60638-1.0.0-PSMCodes-Deactivation', '60638-1.0.0-PSMCodes', 'XEXTRA1GB'); 
insert into nestedkeyvalue VALUES ('60638-1.0.0-PSMCodes-Activation', '60638-1.0.0-PSMCodes', 'EXTRA1GB'); 
insert into keyvalue VALUES ('60638-1.0.0-PSMCodes', '60638-1.0.0', 'Post-Addon-1.0.0-PSMCodes', null); 
insert into objectrelation VALUES ('60638-1.0.0-Refill_ids-O_EXREF_1574c8', '60638-1.0.0-Refill_ids', 'O_EXREF_1574c8-1.0.0'); 
insert into keyvalue VALUES ('60638-1.0.0-Refill_ids', '60638-1.0.0', 'Post-Addon-1.0.0-Refill_ids', null); 
insert into keyvalue VALUES ('60638-1.0.0-Data_usage_mb', '60638-1.0.0', 'Post-Addon-1.0.0-Data_usage_mb', '1024'); 
insert into keyvalue VALUES ('60638-1.0.0-Price', '60638-1.0.0', 'Post-Addon-1.0.0-Price', '1859'); 
insert into keyvalue VALUES ('60638-1.0.0-Active', '60638-1.0.0', 'Post-Addon-1.0.0-Active', 'true'); 
insert into nestedkeyvalue VALUES ('60638-1.0.0-Description-def', '60638-1.0.0-Description', 'Válaszd ezt az adatopciót és növeld meg a tarifádban foglalt adatkeretedet 1 GB-tal, amit egészen számlazárásig felhasználhatsz. Az opció ára 1858 Ft.'); 
insert into nestedkeyvalue VALUES ('60638-1.0.0-Description-eng', '60638-1.0.0-Description', 'Válaszd ezt az adatopciót és növeld meg a tarifádban foglalt adatkeretedet 1 GB-tal, amit egészen számlazárásig felhasználhatsz. Az opció ára 1858 Ft.'); 
insert into nestedkeyvalue VALUES ('60638-1.0.0-Description-hun', '60638-1.0.0-Description', 'This extra data pack will give you an additional 1 GB of mobile internet until the end of your current bill cycle for 1858 Ft.'); 
insert into nestedkeyvalue VALUES ('60638-1.0.0-Description-unLocalized', '60638-1.0.0-Description', null); 
insert into keyvalue VALUES ('60638-1.0.0-Description', '60638-1.0.0', 'Post-Addon-1.0.0-Description', null); 
insert into keyvalue VALUES ('60638-1.0.0-Online_selfcare_id', '60638-1.0.0', 'Post-Addon-1.0.0-Online_selfcare_id', null); 
insert into keyvalue VALUES ('60638-1.0.0-Featured', '60638-1.0.0', 'Post-Addon-1.0.0-Featured', 'false'); 
insert into keyvalue VALUES ('60638-1.0.0-Id', '60638-1.0.0', 'Post-Addon-1.0.0-Id', '60638'); 
insert into keyvalue VALUES ('60638-1.0.0-Type', '60638-1.0.0', 'Post-Addon-1.0.0-Type', 'One Time'); 
insert into nestedkeyvalue VALUES ('60638-1.0.0-Name-def', '60638-1.0.0-Name', '1 GB ExtraAdat'); 
insert into nestedkeyvalue VALUES ('60638-1.0.0-Name-eng', '60638-1.0.0-Name', '1 GB ExtraAdat'); 
insert into nestedkeyvalue VALUES ('60638-1.0.0-Name-hun', '60638-1.0.0-Name', '1 GB ExtraAdat'); 
insert into nestedkeyvalue VALUES ('60638-1.0.0-Name-unLocalized', '60638-1.0.0-Name', null); 
insert into keyvalue VALUES ('60638-1.0.0-Name', '60638-1.0.0', 'Post-Addon-1.0.0-Name', null); 
insert into object VALUES ('60585-1.0.0', '60585'); 
insert into nestedkeyvalue VALUES ('60585-1.0.0-PSMCodes-Deactivation', '60585-1.0.0-PSMCodes', 'XEXTRA1GB-M'); 
insert into nestedkeyvalue VALUES ('60585-1.0.0-PSMCodes-Activation', '60585-1.0.0-PSMCodes', 'EXTRA1GB-M'); 
insert into keyvalue VALUES ('60585-1.0.0-PSMCodes', '60585-1.0.0', 'Post-Addon-1.0.0-PSMCodes', null); 
insert into objectrelation VALUES ('60585-1.0.0-Refill_ids-O_EXREF_1181c1', '60585-1.0.0-Refill_ids', 'O_EXREF_1181c1-1.0.0'); 
insert into keyvalue VALUES ('60585-1.0.0-Refill_ids', '60585-1.0.0', 'Post-Addon-1.0.0-Refill_ids', null); 
insert into keyvalue VALUES ('60585-1.0.0-Data_usage_mb', '60585-1.0.0', 'Post-Addon-1.0.0-Data_usage_mb', '1024'); 
insert into keyvalue VALUES ('60585-1.0.0-Price', '60585-1.0.0', 'Post-Addon-1.0.0-Price', '1394'); 
insert into keyvalue VALUES ('60585-1.0.0-Active', '60585-1.0.0', 'Post-Addon-1.0.0-Active', 'true'); 
insert into nestedkeyvalue VALUES ('60585-1.0.0-Description-def', '60585-1.0.0-Description', 'Válaszd ezt az adatopciót és növeld meg a tarifádban foglalt adatkeretedet 1 GB-tal, amit egészen számlazárásig felhasználhatsz. Ez az adatopció minden hónapban automatikusan megújul, így nem kell havonta újra megrendelned és bármikor lemondhatod. Az opció ára 1394 Ft.'); 
insert into nestedkeyvalue VALUES ('60585-1.0.0-Description-eng', '60585-1.0.0-Description', 'Válaszd ezt az adatopciót és növeld meg a tarifádban foglalt adatkeretedet 1 GB-tal, amit egészen számlazárásig felhasználhatsz. Ez az adatopció minden hónapban automatikusan megújul, így nem kell havonta újra megrendelned és bármikor lemondhatod. Az opció ára 1394 Ft.'); 
insert into nestedkeyvalue VALUES ('60585-1.0.0-Description-hun', '60585-1.0.0-Description', 'This extra data pack will give you additional 1GB of mobile internet (on top of the data already included in your tariff) for 1394 Ft. It will be activated every month at the start of your billing period so you don't have to worry about purchasing extra data every month - after you run out! You can cancel this extra data pack at any time.'); 
insert into nestedkeyvalue VALUES ('60585-1.0.0-Description-unLocalized', '60585-1.0.0-Description', null); 
insert into keyvalue VALUES ('60585-1.0.0-Description', '60585-1.0.0', 'Post-Addon-1.0.0-Description', null); 
insert into keyvalue VALUES ('60585-1.0.0-Online_selfcare_id', '60585-1.0.0', 'Post-Addon-1.0.0-Online_selfcare_id', null); 
insert into keyvalue VALUES ('60585-1.0.0-Featured', '60585-1.0.0', 'Post-Addon-1.0.0-Featured', 'true'); 
insert into keyvalue VALUES ('60585-1.0.0-Id', '60585-1.0.0', 'Post-Addon-1.0.0-Id', '60585'); 
insert into keyvalue VALUES ('60585-1.0.0-Type', '60585-1.0.0', 'Post-Addon-1.0.0-Type', 'Recurring'); 
insert into nestedkeyvalue VALUES ('60585-1.0.0-Name-def', '60585-1.0.0-Name', '1 GB ExtraAdat (Megújuló)'); 
insert into nestedkeyvalue VALUES ('60585-1.0.0-Name-eng', '60585-1.0.0-Name', '1 GB ExtraAdat (Megújuló)'); 
insert into nestedkeyvalue VALUES ('60585-1.0.0-Name-hun', '60585-1.0.0-Name', '1 GB ExtraAdat (Recurring)'); 
insert into nestedkeyvalue VALUES ('60585-1.0.0-Name-unLocalized', '60585-1.0.0-Name', null); 
insert into keyvalue VALUES ('60585-1.0.0-Name', '60585-1.0.0', 'Post-Addon-1.0.0-Name', null); 
insert into object VALUES ('60650-1.0.0', '60650'); 
insert into nestedkeyvalue VALUES ('60650-1.0.0-PSMCodes-Deactivation', '60650-1.0.0-PSMCodes', null); 
insert into nestedkeyvalue VALUES ('60650-1.0.0-PSMCodes-Activation', '60650-1.0.0-PSMCodes', null); 
insert into keyvalue VALUES ('60650-1.0.0-PSMCodes', '60650-1.0.0', 'Post-Addon-1.0.0-PSMCodes', null); 
insert into keyvalue VALUES ('60650-1.0.0-Refill_ids', '60650-1.0.0', 'Post-Addon-1.0.0-Refill_ids', null); 
insert into keyvalue VALUES ('60650-1.0.0-Data_usage_mb', '60650-1.0.0', 'Post-Addon-1.0.0-Data_usage_mb', '1024'); 
insert into keyvalue VALUES ('60650-1.0.0-Price', '60650-1.0.0', 'Post-Addon-1.0.0-Price', '930'); 
insert into keyvalue VALUES ('60650-1.0.0-Active', '60650-1.0.0', 'Post-Addon-1.0.0-Active', 'true'); 
insert into nestedkeyvalue VALUES ('60650-1.0.0-Description-def', '60650-1.0.0-Description', '1 GB megújuló PluszAdat, amit egészen számlazárásig felhasználhatsz. A kiegészítő opció minden hónapban automatikusan megújul. Az opció ára 929 Ft.'); 
insert into nestedkeyvalue VALUES ('60650-1.0.0-Description-eng', '60650-1.0.0-Description', '1 GB megújuló PluszAdat, amit egészen számlazárásig felhasználhatsz. A kiegészítő opció minden hónapban automatikusan megújul. Az opció ára 929 Ft.'); 
insert into nestedkeyvalue VALUES ('60650-1.0.0-Description-hun', '60650-1.0.0-Description', 'This extra data pack will give you additional 1GB of mobile internet (on top of the data already included in your tariff) for 929 Ft. It will be activated every month at the start of your billing period so you don't have to worry about purchasing extra data every month - after you run out!'); 
insert into nestedkeyvalue VALUES ('60650-1.0.0-Description-unLocalized', '60650-1.0.0-Description', null); 
insert into keyvalue VALUES ('60650-1.0.0-Description', '60650-1.0.0', 'Post-Addon-1.0.0-Description', null); 
insert into keyvalue VALUES ('60650-1.0.0-Online_selfcare_id', '60650-1.0.0', 'Post-Addon-1.0.0-Online_selfcare_id', null); 
insert into keyvalue VALUES ('60650-1.0.0-Featured', '60650-1.0.0', 'Post-Addon-1.0.0-Featured', 'false'); 
insert into keyvalue VALUES ('60650-1.0.0-Id', '60650-1.0.0', 'Post-Addon-1.0.0-Id', '60650'); 
insert into keyvalue VALUES ('60650-1.0.0-Type', '60650-1.0.0', 'Post-Addon-1.0.0-Type', 'Recurring'); 
insert into nestedkeyvalue VALUES ('60650-1.0.0-Name-def', '60650-1.0.0-Name', '1 GB PluszAdat (Megújuló)'); 
insert into nestedkeyvalue VALUES ('60650-1.0.0-Name-eng', '60650-1.0.0-Name', '1 GB PluszAdat (Megújuló)'); 
insert into nestedkeyvalue VALUES ('60650-1.0.0-Name-hun', '60650-1.0.0-Name', '1 GB PluszAdat (Recurring)'); 
insert into nestedkeyvalue VALUES ('60650-1.0.0-Name-unLocalized', '60650-1.0.0-Name', null); 
insert into keyvalue VALUES ('60650-1.0.0-Name', '60650-1.0.0', 'Post-Addon-1.0.0-Name', null); 
insert into object VALUES ('60651-1.0.0', '60651'); 
insert into nestedkeyvalue VALUES ('60651-1.0.0-PSMCodes-Deactivation', '60651-1.0.0-PSMCodes', null); 
insert into nestedkeyvalue VALUES ('60651-1.0.0-PSMCodes-Activation', '60651-1.0.0-PSMCodes', 'PLUSZ3GB-M'); 
insert into keyvalue VALUES ('60651-1.0.0-PSMCodes', '60651-1.0.0', 'Post-Addon-1.0.0-PSMCodes', null); 
insert into keyvalue VALUES ('60651-1.0.0-Refill_ids', '60651-1.0.0', 'Post-Addon-1.0.0-Refill_ids', null); 
insert into keyvalue VALUES ('60651-1.0.0-Data_usage_mb', '60651-1.0.0', 'Post-Addon-1.0.0-Data_usage_mb', '3072'); 
insert into keyvalue VALUES ('60651-1.0.0-Price', '60651-1.0.0', 'Post-Addon-1.0.0-Price', '2779'); 
insert into keyvalue VALUES ('60651-1.0.0-Active', '60651-1.0.0', 'Post-Addon-1.0.0-Active', 'false'); 
insert into nestedkeyvalue VALUES ('60651-1.0.0-Description-def', '60651-1.0.0-Description', '3 GB megújuló PluszAdat, amit egészen számlazárásig felhasználhatsz. A kiegészítő opció minden hónapban automatikusan megújul. Az opció ára 2778 Ft.'); 
insert into nestedkeyvalue VALUES ('60651-1.0.0-Description-eng', '60651-1.0.0-Description', '3 GB megújuló PluszAdat, amit egészen számlazárásig felhasználhatsz. A kiegészítő opció minden hónapban automatikusan megújul. Az opció ára 2778 Ft.'); 
insert into nestedkeyvalue VALUES ('60651-1.0.0-Description-hun', '60651-1.0.0-Description', 'This extra data pack will give you additional 3GB of mobile internet (on top of the data already included in your tariff) for 2778 Ft. It will be activated every month at the start of your billing period so you don't have to worry about purchasing extra data every month - after you run out!'); 
insert into nestedkeyvalue VALUES ('60651-1.0.0-Description-unLocalized', '60651-1.0.0-Description', null); 
insert into keyvalue VALUES ('60651-1.0.0-Description', '60651-1.0.0', 'Post-Addon-1.0.0-Description', null); 
insert into keyvalue VALUES ('60651-1.0.0-Online_selfcare_id', '60651-1.0.0', 'Post-Addon-1.0.0-Online_selfcare_id', null); 
insert into keyvalue VALUES ('60651-1.0.0-Featured', '60651-1.0.0', 'Post-Addon-1.0.0-Featured', 'false'); 
insert into keyvalue VALUES ('60651-1.0.0-Id', '60651-1.0.0', 'Post-Addon-1.0.0-Id', '60651'); 
insert into keyvalue VALUES ('60651-1.0.0-Type', '60651-1.0.0', 'Post-Addon-1.0.0-Type', 'Recurring'); 
insert into nestedkeyvalue VALUES ('60651-1.0.0-Name-def', '60651-1.0.0-Name', '3 GB PluszAdat (Megújuló)'); 
insert into nestedkeyvalue VALUES ('60651-1.0.0-Name-eng', '60651-1.0.0-Name', '3 GB PluszAdat (Megújuló)'); 
insert into nestedkeyvalue VALUES ('60651-1.0.0-Name-hun', '60651-1.0.0-Name', '3 GB PluszAdat (Recurring)'); 
insert into nestedkeyvalue VALUES ('60651-1.0.0-Name-unLocalized', '60651-1.0.0-Name', null); 
insert into keyvalue VALUES ('60651-1.0.0-Name', '60651-1.0.0', 'Post-Addon-1.0.0-Name', null); 
insert into object VALUES ('61278-1.0.0', '61278'); 
insert into nestedkeyvalue VALUES ('61278-1.0.0-PSMCodes-Deactivation', '61278-1.0.0-PSMCodes', null); 
insert into nestedkeyvalue VALUES ('61278-1.0.0-PSMCodes-Activation', '61278-1.0.0-PSMCodes', null); 
insert into keyvalue VALUES ('61278-1.0.0-PSMCodes', '61278-1.0.0', 'Post-Addon-1.0.0-PSMCodes', null); 
insert into keyvalue VALUES ('61278-1.0.0-Refill_ids', '61278-1.0.0', 'Post-Addon-1.0.0-Refill_ids', null); 
insert into keyvalue VALUES ('61278-1.0.0-Data_usage_mb', '61278-1.0.0', 'Post-Addon-1.0.0-Data_usage_mb', '150'); 
insert into keyvalue VALUES ('61278-1.0.0-Price', '61278-1.0.0', 'Post-Addon-1.0.0-Price', '465'); 
insert into keyvalue VALUES ('61278-1.0.0-Active', '61278-1.0.0', 'Post-Addon-1.0.0-Active', 'false'); 
insert into nestedkeyvalue VALUES ('61278-1.0.0-Description-un', '61278-1.0.0-Description', 'unLocalized'); 
insert into keyvalue VALUES ('61278-1.0.0-Description', '61278-1.0.0', 'Post-Addon-1.0.0-Description', 'Jelenlegi adatopcióddal 150 MB adat áll rendelkezésedre minden számlázási ciklusban.'); 
insert into keyvalue VALUES ('61278-1.0.0-Online_selfcare_id', '61278-1.0.0', 'Post-Addon-1.0.0-Online_selfcare_id', null); 
insert into keyvalue VALUES ('61278-1.0.0-Featured', '61278-1.0.0', 'Post-Addon-1.0.0-Featured', 'false'); 
insert into keyvalue VALUES ('61278-1.0.0-Id', '61278-1.0.0', 'Post-Addon-1.0.0-Id', '61278'); 
insert into keyvalue VALUES ('61278-1.0.0-Type', '61278-1.0.0', 'Post-Addon-1.0.0-Type', 'Recurring'); 
insert into nestedkeyvalue VALUES ('61278-1.0.0-Name-un', '61278-1.0.0-Name', 'unLocalized'); 
insert into keyvalue VALUES ('61278-1.0.0-Name', '61278-1.0.0', 'Post-Addon-1.0.0-Name', '150 MB PluszAdat (Megújuló)'); 
insert into object VALUES ('61279-1.0.0', '61279'); 
insert into nestedkeyvalue VALUES ('61279-1.0.0-PSMCodes-Deactivation', '61279-1.0.0-PSMCodes', null); 
insert into nestedkeyvalue VALUES ('61279-1.0.0-PSMCodes-Activation', '61279-1.0.0-PSMCodes', null); 
insert into keyvalue VALUES ('61279-1.0.0-PSMCodes', '61279-1.0.0', 'Post-Addon-1.0.0-PSMCodes', null); 
insert into keyvalue VALUES ('61279-1.0.0-Refill_ids', '61279-1.0.0', 'Post-Addon-1.0.0-Refill_ids', null); 
insert into keyvalue VALUES ('61279-1.0.0-Data_usage_mb', '61279-1.0.0', 'Post-Addon-1.0.0-Data_usage_mb', '500'); 
insert into keyvalue VALUES ('61279-1.0.0-Price', '61279-1.0.0', 'Post-Addon-1.0.0-Price', '930'); 
insert into keyvalue VALUES ('61279-1.0.0-Active', '61279-1.0.0', 'Post-Addon-1.0.0-Active', 'false'); 
insert into nestedkeyvalue VALUES ('61279-1.0.0-Description-def', '61279-1.0.0-Description', 'Jelenlegi adatopcióddal 500 MB adat áll rendelkezésedre minden számlázási ciklusban.'); 
insert into nestedkeyvalue VALUES ('61279-1.0.0-Description-eng', '61279-1.0.0-Description', 'Jelenlegi adatopcióddal 500 MB adat áll rendelkezésedre minden számlázási ciklusban.'); 
insert into nestedkeyvalue VALUES ('61279-1.0.0-Description-hun', '61279-1.0.0-Description', 'With your current data option you have 500 MB data till the end of the actual billing cycle.'); 
insert into nestedkeyvalue VALUES ('61279-1.0.0-Description-unLocalized', '61279-1.0.0-Description', null); 
insert into keyvalue VALUES ('61279-1.0.0-Description', '61279-1.0.0', 'Post-Addon-1.0.0-Description', null); 
insert into keyvalue VALUES ('61279-1.0.0-Online_selfcare_id', '61279-1.0.0', 'Post-Addon-1.0.0-Online_selfcare_id', null); 
insert into keyvalue VALUES ('61279-1.0.0-Featured', '61279-1.0.0', 'Post-Addon-1.0.0-Featured', 'false'); 
insert into keyvalue VALUES ('61279-1.0.0-Id', '61279-1.0.0', 'Post-Addon-1.0.0-Id', '61279'); 
insert into keyvalue VALUES ('61279-1.0.0-Type', '61279-1.0.0', 'Post-Addon-1.0.0-Type', 'Recurring'); 
insert into nestedkeyvalue VALUES ('61279-1.0.0-Name-def', '61279-1.0.0-Name', '500 MB PluszAdat (Megújuló)'); 
insert into nestedkeyvalue VALUES ('61279-1.0.0-Name-eng', '61279-1.0.0-Name', '500 MB PluszAdat (Megújuló)'); 
insert into nestedkeyvalue VALUES ('61279-1.0.0-Name-hun', '61279-1.0.0-Name', '500 MB PlusData (Recurring)'); 
insert into nestedkeyvalue VALUES ('61279-1.0.0-Name-unLocalized', '61279-1.0.0-Name', null); 
insert into keyvalue VALUES ('61279-1.0.0-Name', '61279-1.0.0', 'Post-Addon-1.0.0-Name', null); 
insert into object VALUES ('61280-1.0.0', '61280'); 
insert into nestedkeyvalue VALUES ('61280-1.0.0-PSMCodes-Deactivation', '61280-1.0.0-PSMCodes', null); 
insert into nestedkeyvalue VALUES ('61280-1.0.0-PSMCodes-Activation', '61280-1.0.0-PSMCodes', null); 
insert into keyvalue VALUES ('61280-1.0.0-PSMCodes', '61280-1.0.0', 'Post-Addon-1.0.0-PSMCodes', null); 
insert into keyvalue VALUES ('61280-1.0.0-Refill_ids', '61280-1.0.0', 'Post-Addon-1.0.0-Refill_ids', null); 
insert into keyvalue VALUES ('61280-1.0.0-Data_usage_mb', '61280-1.0.0', 'Post-Addon-1.0.0-Data_usage_mb', '1024'); 
insert into keyvalue VALUES ('61280-1.0.0-Price', '61280-1.0.0', 'Post-Addon-1.0.0-Price', '1394'); 
insert into keyvalue VALUES ('61280-1.0.0-Active', '61280-1.0.0', 'Post-Addon-1.0.0-Active', 'false'); 
insert into nestedkeyvalue VALUES ('61280-1.0.0-Description-def', '61280-1.0.0-Description', 'Jelenlegi adatopcióddal 1 GB adat áll rendelkezésedre minden számlázási ciklusban.'); 
insert into nestedkeyvalue VALUES ('61280-1.0.0-Description-eng', '61280-1.0.0-Description', 'Jelenlegi adatopcióddal 1 GB adat áll rendelkezésedre minden számlázási ciklusban.'); 
insert into nestedkeyvalue VALUES ('61280-1.0.0-Description-hun', '61280-1.0.0-Description', 'With your current data option you have 1 GB data till the end of the actual billing cycle.'); 
insert into nestedkeyvalue VALUES ('61280-1.0.0-Description-unLocalized', '61280-1.0.0-Description', null); 
insert into keyvalue VALUES ('61280-1.0.0-Description', '61280-1.0.0', 'Post-Addon-1.0.0-Description', null); 
insert into keyvalue VALUES ('61280-1.0.0-Online_selfcare_id', '61280-1.0.0', 'Post-Addon-1.0.0-Online_selfcare_id', null); 
insert into keyvalue VALUES ('61280-1.0.0-Featured', '61280-1.0.0', 'Post-Addon-1.0.0-Featured', 'false'); 
insert into keyvalue VALUES ('61280-1.0.0-Id', '61280-1.0.0', 'Post-Addon-1.0.0-Id', '61280'); 
insert into keyvalue VALUES ('61280-1.0.0-Type', '61280-1.0.0', 'Post-Addon-1.0.0-Type', 'Recurring'); 
insert into nestedkeyvalue VALUES ('61280-1.0.0-Name-def', '61280-1.0.0-Name', '1 GB PluszAdat (Megújuló)'); 
insert into nestedkeyvalue VALUES ('61280-1.0.0-Name-eng', '61280-1.0.0-Name', '1 GB PluszAdat (Megújuló)'); 
insert into nestedkeyvalue VALUES ('61280-1.0.0-Name-hun', '61280-1.0.0-Name', '1 GB PlusData (Recurring)'); 
insert into nestedkeyvalue VALUES ('61280-1.0.0-Name-unLocalized', '61280-1.0.0-Name', null); 
insert into keyvalue VALUES ('61280-1.0.0-Name', '61280-1.0.0', 'Post-Addon-1.0.0-Name', null); 
insert into object VALUES ('61281-1.0.0', '61281'); 
insert into nestedkeyvalue VALUES ('61281-1.0.0-PSMCodes-Deactivation', '61281-1.0.0-PSMCodes', null); 
insert into nestedkeyvalue VALUES ('61281-1.0.0-PSMCodes-Activation', '61281-1.0.0-PSMCodes', null); 
insert into keyvalue VALUES ('61281-1.0.0-PSMCodes', '61281-1.0.0', 'Post-Addon-1.0.0-PSMCodes', null); 
insert into keyvalue VALUES ('61281-1.0.0-Refill_ids', '61281-1.0.0', 'Post-Addon-1.0.0-Refill_ids', null); 
insert into keyvalue VALUES ('61281-1.0.0-Data_usage_mb', '61281-1.0.0', 'Post-Addon-1.0.0-Data_usage_mb', '2048'); 
insert into keyvalue VALUES ('61281-1.0.0-Price', '61281-1.0.0', 'Post-Addon-1.0.0-Price', '2323'); 
insert into keyvalue VALUES ('61281-1.0.0-Active', '61281-1.0.0', 'Post-Addon-1.0.0-Active', 'false'); 
insert into nestedkeyvalue VALUES ('61281-1.0.0-Description-def', '61281-1.0.0-Description', 'Jelenlegi adatopcióddal 2 GB adat áll rendelkezésedre minden számlázási ciklusban.'); 
insert into nestedkeyvalue VALUES ('61281-1.0.0-Description-eng', '61281-1.0.0-Description', 'Jelenlegi adatopcióddal 2 GB adat áll rendelkezésedre minden számlázási ciklusban.'); 
insert into nestedkeyvalue VALUES ('61281-1.0.0-Description-hun', '61281-1.0.0-Description', 'With your current data option you have 2 GB data till the end of the actual billing cycle.'); 
insert into nestedkeyvalue VALUES ('61281-1.0.0-Description-unLocalized', '61281-1.0.0-Description', null); 
insert into keyvalue VALUES ('61281-1.0.0-Description', '61281-1.0.0', 'Post-Addon-1.0.0-Description', null); 
insert into keyvalue VALUES ('61281-1.0.0-Online_selfcare_id', '61281-1.0.0', 'Post-Addon-1.0.0-Online_selfcare_id', null); 
insert into keyvalue VALUES ('61281-1.0.0-Featured', '61281-1.0.0', 'Post-Addon-1.0.0-Featured', 'false'); 
insert into keyvalue VALUES ('61281-1.0.0-Id', '61281-1.0.0', 'Post-Addon-1.0.0-Id', '61281'); 
insert into keyvalue VALUES ('61281-1.0.0-Type', '61281-1.0.0', 'Post-Addon-1.0.0-Type', 'Recurring'); 
insert into nestedkeyvalue VALUES ('61281-1.0.0-Name-def', '61281-1.0.0-Name', '2 GB PluszAdat (Megújuló)'); 
insert into nestedkeyvalue VALUES ('61281-1.0.0-Name-eng', '61281-1.0.0-Name', '2 GB PluszAdat (Megújuló)'); 
insert into nestedkeyvalue VALUES ('61281-1.0.0-Name-hun', '61281-1.0.0-Name', '2 GB PlusData (Recurring)'); 
insert into nestedkeyvalue VALUES ('61281-1.0.0-Name-unLocalized', '61281-1.0.0-Name', null); 
insert into keyvalue VALUES ('61281-1.0.0-Name', '61281-1.0.0', 'Post-Addon-1.0.0-Name', null); 
insert into object VALUES ('61282-1.0.0', '61282'); 
insert into nestedkeyvalue VALUES ('61282-1.0.0-PSMCodes-Deactivation', '61282-1.0.0-PSMCodes', null); 
insert into nestedkeyvalue VALUES ('61282-1.0.0-PSMCodes-Activation', '61282-1.0.0-PSMCodes', null); 
insert into keyvalue VALUES ('61282-1.0.0-PSMCodes', '61282-1.0.0', 'Post-Addon-1.0.0-PSMCodes', null); 
insert into keyvalue VALUES ('61282-1.0.0-Refill_ids', '61282-1.0.0', 'Post-Addon-1.0.0-Refill_ids', null); 
insert into keyvalue VALUES ('61282-1.0.0-Data_usage_mb', '61282-1.0.0', 'Post-Addon-1.0.0-Data_usage_mb', '500'); 
insert into keyvalue VALUES ('61282-1.0.0-Price', '61282-1.0.0', 'Post-Addon-1.0.0-Price', '1394'); 
insert into keyvalue VALUES ('61282-1.0.0-Active', '61282-1.0.0', 'Post-Addon-1.0.0-Active', 'false'); 
insert into nestedkeyvalue VALUES ('61282-1.0.0-Description-def', '61282-1.0.0-Description', 'Jelenlegi adatopcióddal 500 MB adat áll rendelkezésedre minden számlázási ciklusban.'); 
insert into nestedkeyvalue VALUES ('61282-1.0.0-Description-eng', '61282-1.0.0-Description', 'Jelenlegi adatopcióddal 500 MB adat áll rendelkezésedre minden számlázási ciklusban.'); 
insert into nestedkeyvalue VALUES ('61282-1.0.0-Description-hun', '61282-1.0.0-Description', 'With your current data option you have 500 MB data till the end of the actual billing cycle.'); 
insert into nestedkeyvalue VALUES ('61282-1.0.0-Description-unLocalized', '61282-1.0.0-Description', null); 
insert into keyvalue VALUES ('61282-1.0.0-Description', '61282-1.0.0', 'Post-Addon-1.0.0-Description', null); 
insert into keyvalue VALUES ('61282-1.0.0-Online_selfcare_id', '61282-1.0.0', 'Post-Addon-1.0.0-Online_selfcare_id', null); 
insert into keyvalue VALUES ('61282-1.0.0-Featured', '61282-1.0.0', 'Post-Addon-1.0.0-Featured', 'false'); 
insert into keyvalue VALUES ('61282-1.0.0-Id', '61282-1.0.0', 'Post-Addon-1.0.0-Id', '61282'); 
insert into keyvalue VALUES ('61282-1.0.0-Type', '61282-1.0.0', 'Post-Addon-1.0.0-Type', 'Recurring'); 
insert into nestedkeyvalue VALUES ('61282-1.0.0-Name-def', '61282-1.0.0-Name', '500 MB PluszAdat (Megújuló)'); 
insert into nestedkeyvalue VALUES ('61282-1.0.0-Name-eng', '61282-1.0.0-Name', '500 MB PluszAdat (Megújuló)'); 
insert into nestedkeyvalue VALUES ('61282-1.0.0-Name-hun', '61282-1.0.0-Name', '500 MB PlusData (Recurring)'); 
insert into nestedkeyvalue VALUES ('61282-1.0.0-Name-unLocalized', '61282-1.0.0-Name', null); 
insert into keyvalue VALUES ('61282-1.0.0-Name', '61282-1.0.0', 'Post-Addon-1.0.0-Name', null); 
insert into object VALUES ('61283-1.0.0', '61283'); 
insert into nestedkeyvalue VALUES ('61283-1.0.0-PSMCodes-Deactivation', '61283-1.0.0-PSMCodes', null); 
insert into nestedkeyvalue VALUES ('61283-1.0.0-PSMCodes-Activation', '61283-1.0.0-PSMCodes', null); 
insert into keyvalue VALUES ('61283-1.0.0-PSMCodes', '61283-1.0.0', 'Post-Addon-1.0.0-PSMCodes', null); 
insert into keyvalue VALUES ('61283-1.0.0-Refill_ids', '61283-1.0.0', 'Post-Addon-1.0.0-Refill_ids', null); 
insert into keyvalue VALUES ('61283-1.0.0-Data_usage_mb', '61283-1.0.0', 'Post-Addon-1.0.0-Data_usage_mb', '1024'); 
insert into keyvalue VALUES ('61283-1.0.0-Price', '61283-1.0.0', 'Post-Addon-1.0.0-Price', '2323'); 
insert into keyvalue VALUES ('61283-1.0.0-Active', '61283-1.0.0', 'Post-Addon-1.0.0-Active', 'false'); 
insert into nestedkeyvalue VALUES ('61283-1.0.0-Description-def', '61283-1.0.0-Description', 'Jelenlegi adatopcióddal 1 GB adat áll rendelkezésedre minden számlázási ciklusban.'); 
insert into nestedkeyvalue VALUES ('61283-1.0.0-Description-eng', '61283-1.0.0-Description', 'Jelenlegi adatopcióddal 1 GB adat áll rendelkezésedre minden számlázási ciklusban.'); 
insert into nestedkeyvalue VALUES ('61283-1.0.0-Description-hun', '61283-1.0.0-Description', 'With your current data option you have 1 GB data till the end of the actual billing cycle.'); 
insert into nestedkeyvalue VALUES ('61283-1.0.0-Description-unLocalized', '61283-1.0.0-Description', null); 
insert into keyvalue VALUES ('61283-1.0.0-Description', '61283-1.0.0', 'Post-Addon-1.0.0-Description', null); 
insert into keyvalue VALUES ('61283-1.0.0-Online_selfcare_id', '61283-1.0.0', 'Post-Addon-1.0.0-Online_selfcare_id', null); 
insert into keyvalue VALUES ('61283-1.0.0-Featured', '61283-1.0.0', 'Post-Addon-1.0.0-Featured', 'false'); 
insert into keyvalue VALUES ('61283-1.0.0-Id', '61283-1.0.0', 'Post-Addon-1.0.0-Id', '61283'); 
insert into keyvalue VALUES ('61283-1.0.0-Type', '61283-1.0.0', 'Post-Addon-1.0.0-Type', 'Recurring'); 
insert into nestedkeyvalue VALUES ('61283-1.0.0-Name-def', '61283-1.0.0-Name', '1 GB PluszAdat (Megújuló)'); 
insert into nestedkeyvalue VALUES ('61283-1.0.0-Name-eng', '61283-1.0.0-Name', '1 GB PluszAdat (Megújuló)'); 
insert into nestedkeyvalue VALUES ('61283-1.0.0-Name-hun', '61283-1.0.0-Name', '1 GB PlusData (Recurring)'); 
insert into nestedkeyvalue VALUES ('61283-1.0.0-Name-unLocalized', '61283-1.0.0-Name', null); 
insert into keyvalue VALUES ('61283-1.0.0-Name', '61283-1.0.0', 'Post-Addon-1.0.0-Name', null); 
insert into object VALUES ('61284-1.0.0', '61284'); 
insert into nestedkeyvalue VALUES ('61284-1.0.0-PSMCodes-Deactivation', '61284-1.0.0-PSMCodes', null); 
insert into nestedkeyvalue VALUES ('61284-1.0.0-PSMCodes-Activation', '61284-1.0.0-PSMCodes', null); 
insert into keyvalue VALUES ('61284-1.0.0-PSMCodes', '61284-1.0.0', 'Post-Addon-1.0.0-PSMCodes', null); 
insert into keyvalue VALUES ('61284-1.0.0-Refill_ids', '61284-1.0.0', 'Post-Addon-1.0.0-Refill_ids', null); 
insert into keyvalue VALUES ('61284-1.0.0-Data_usage_mb', '61284-1.0.0', 'Post-Addon-1.0.0-Data_usage_mb', '2048'); 
insert into keyvalue VALUES ('61284-1.0.0-Price', '61284-1.0.0', 'Post-Addon-1.0.0-Price', '4182'); 
insert into keyvalue VALUES ('61284-1.0.0-Active', '61284-1.0.0', 'Post-Addon-1.0.0-Active', 'false'); 
insert into nestedkeyvalue VALUES ('61284-1.0.0-Description-def', '61284-1.0.0-Description', 'Jelenlegi adatopcióddal 2 GB adat áll rendelkezésedre minden számlázási ciklusban.'); 
insert into nestedkeyvalue VALUES ('61284-1.0.0-Description-eng', '61284-1.0.0-Description', 'Jelenlegi adatopcióddal 2 GB adat áll rendelkezésedre minden számlázási ciklusban.'); 
insert into nestedkeyvalue VALUES ('61284-1.0.0-Description-hun', '61284-1.0.0-Description', 'With your current data option you have 2 GB data till the end of the actual billing cycle.'); 
insert into nestedkeyvalue VALUES ('61284-1.0.0-Description-unLocalized', '61284-1.0.0-Description', null); 
insert into keyvalue VALUES ('61284-1.0.0-Description', '61284-1.0.0', 'Post-Addon-1.0.0-Description', null); 
insert into keyvalue VALUES ('61284-1.0.0-Online_selfcare_id', '61284-1.0.0', 'Post-Addon-1.0.0-Online_selfcare_id', null); 
insert into keyvalue VALUES ('61284-1.0.0-Featured', '61284-1.0.0', 'Post-Addon-1.0.0-Featured', 'false'); 
insert into keyvalue VALUES ('61284-1.0.0-Id', '61284-1.0.0', 'Post-Addon-1.0.0-Id', '61284'); 
insert into keyvalue VALUES ('61284-1.0.0-Type', '61284-1.0.0', 'Post-Addon-1.0.0-Type', 'Recurring'); 
insert into nestedkeyvalue VALUES ('61284-1.0.0-Name-def', '61284-1.0.0-Name', '2 GB PluszAdat (Megújuló)'); 
insert into nestedkeyvalue VALUES ('61284-1.0.0-Name-eng', '61284-1.0.0-Name', '2 GB PluszAdat (Megújuló)'); 
insert into nestedkeyvalue VALUES ('61284-1.0.0-Name-hun', '61284-1.0.0-Name', '2 GB PlusData (Recurring)'); 
insert into nestedkeyvalue VALUES ('61284-1.0.0-Name-unLocalized', '61284-1.0.0-Name', null); 
insert into keyvalue VALUES ('61284-1.0.0-Name', '61284-1.0.0', 'Post-Addon-1.0.0-Name', null); 
insert into object VALUES ('60840-1.0.0', '60840'); 
insert into nestedkeyvalue VALUES ('60840-1.0.0-PSMCodes-Deactivation', '60840-1.0.0-PSMCodes', null); 
insert into nestedkeyvalue VALUES ('60840-1.0.0-PSMCodes-Activation', '60840-1.0.0-PSMCodes', null); 
insert into keyvalue VALUES ('60840-1.0.0-PSMCodes', '60840-1.0.0', 'Post-Addon-1.0.0-PSMCodes', null); 
insert into keyvalue VALUES ('60840-1.0.0-Refill_ids', '60840-1.0.0', 'Post-Addon-1.0.0-Refill_ids', null); 
insert into keyvalue VALUES ('60840-1.0.0-Data_usage_mb', '60840-1.0.0', 'Post-Addon-1.0.0-Data_usage_mb', '2048'); 
insert into keyvalue VALUES ('60840-1.0.0-Price', '60840-1.0.0', 'Post-Addon-1.0.0-Price', '0'); 
insert into keyvalue VALUES ('60840-1.0.0-Active', '60840-1.0.0', 'Post-Addon-1.0.0-Active', 'false'); 
insert into nestedkeyvalue VALUES ('60840-1.0.0-Description-def', '60840-1.0.0-Description', 'Ezzel a kiegészítő adatopcióval 2 GB-tal növelheted az adatforgalmadat, a tarifádban foglalt adatmennyiségeden felül. A kiegészítő opció minden hónapban megújul, így nem kell minden hónapban megrendelned újra.'); 
insert into nestedkeyvalue VALUES ('60840-1.0.0-Description-eng', '60840-1.0.0-Description', 'Ezzel a kiegészítő adatopcióval 2 GB-tal növelheted az adatforgalmadat, a tarifádban foglalt adatmennyiségeden felül. A kiegészítő opció minden hónapban megújul, így nem kell minden hónapban megrendelned újra.'); 
insert into nestedkeyvalue VALUES ('60840-1.0.0-Description-hun', '60840-1.0.0-Description', 'This extra data pack will give you an additional 2 GB of mobile internet (on top of the data already included in your tariff) . It will be activated every month at the start of your billing period so you don't have to worry about purchasing extra data every month - after you run out!'); 
insert into nestedkeyvalue VALUES ('60840-1.0.0-Description-unLocalized', '60840-1.0.0-Description', null); 
insert into keyvalue VALUES ('60840-1.0.0-Description', '60840-1.0.0', 'Post-Addon-1.0.0-Description', null); 
insert into keyvalue VALUES ('60840-1.0.0-Online_selfcare_id', '60840-1.0.0', 'Post-Addon-1.0.0-Online_selfcare_id', null); 
insert into keyvalue VALUES ('60840-1.0.0-Featured', '60840-1.0.0', 'Post-Addon-1.0.0-Featured', 'false'); 
insert into keyvalue VALUES ('60840-1.0.0-Id', '60840-1.0.0', 'Post-Addon-1.0.0-Id', '60840'); 
insert into keyvalue VALUES ('60840-1.0.0-Type', '60840-1.0.0', 'Post-Addon-1.0.0-Type', 'Recurring'); 
insert into nestedkeyvalue VALUES ('60840-1.0.0-Name-def', '60840-1.0.0-Name', 'Kiegészítő adatmennyiség 2GB'); 
insert into nestedkeyvalue VALUES ('60840-1.0.0-Name-eng', '60840-1.0.0-Name', 'Kiegészítő adatmennyiség 2GB'); 
insert into nestedkeyvalue VALUES ('60840-1.0.0-Name-hun', '60840-1.0.0-Name', 'ExtraAdat Recurring Add-on 2GB (0 HUF, 24hó)'); 
insert into nestedkeyvalue VALUES ('60840-1.0.0-Name-unLocalized', '60840-1.0.0-Name', null); 
insert into keyvalue VALUES ('60840-1.0.0-Name', '60840-1.0.0', 'Post-Addon-1.0.0-Name', null); 
insert into object VALUES ('60841-1.0.0', '60841'); 
insert into nestedkeyvalue VALUES ('60841-1.0.0-PSMCodes-Deactivation', '60841-1.0.0-PSMCodes', null); 
insert into nestedkeyvalue VALUES ('60841-1.0.0-PSMCodes-Activation', '60841-1.0.0-PSMCodes', null); 
insert into keyvalue VALUES ('60841-1.0.0-PSMCodes', '60841-1.0.0', 'Post-Addon-1.0.0-PSMCodes', null); 
insert into keyvalue VALUES ('60841-1.0.0-Refill_ids', '60841-1.0.0', 'Post-Addon-1.0.0-Refill_ids', null); 
insert into keyvalue VALUES ('60841-1.0.0-Data_usage_mb', '60841-1.0.0', 'Post-Addon-1.0.0-Data_usage_mb', '4096'); 
insert into keyvalue VALUES ('60841-1.0.0-Price', '60841-1.0.0', 'Post-Addon-1.0.0-Price', '0'); 
insert into keyvalue VALUES ('60841-1.0.0-Active', '60841-1.0.0', 'Post-Addon-1.0.0-Active', 'false'); 
insert into nestedkeyvalue VALUES ('60841-1.0.0-Description-def', '60841-1.0.0-Description', 'Ezzel a kiegészítő adatopcióval 4 GB-tal növelheted az adatforgalmadat, a tarifádban foglalt adatmennyiségeden felül. A kiegészítő opció minden hónapban megújul, így nem kell minden hónapban megrendelned újra.'); 
insert into nestedkeyvalue VALUES ('60841-1.0.0-Description-eng', '60841-1.0.0-Description', 'Ezzel a kiegészítő adatopcióval 4 GB-tal növelheted az adatforgalmadat, a tarifádban foglalt adatmennyiségeden felül. A kiegészítő opció minden hónapban megújul, így nem kell minden hónapban megrendelned újra.'); 
insert into nestedkeyvalue VALUES ('60841-1.0.0-Description-hun', '60841-1.0.0-Description', 'This extra data pack will give you an additional 4GB of mobile internet (on top of the data already included in your tariff) . It will be activated every month at the start of your billing period so you don't have to worry about purchasing extra data every month - after you run out!'); 
insert into nestedkeyvalue VALUES ('60841-1.0.0-Description-unLocalized', '60841-1.0.0-Description', null); 
insert into keyvalue VALUES ('60841-1.0.0-Description', '60841-1.0.0', 'Post-Addon-1.0.0-Description', null); 
insert into keyvalue VALUES ('60841-1.0.0-Online_selfcare_id', '60841-1.0.0', 'Post-Addon-1.0.0-Online_selfcare_id', null); 
insert into keyvalue VALUES ('60841-1.0.0-Featured', '60841-1.0.0', 'Post-Addon-1.0.0-Featured', 'false'); 
insert into keyvalue VALUES ('60841-1.0.0-Id', '60841-1.0.0', 'Post-Addon-1.0.0-Id', '60841'); 
insert into keyvalue VALUES ('60841-1.0.0-Type', '60841-1.0.0', 'Post-Addon-1.0.0-Type', 'Recurring'); 
insert into nestedkeyvalue VALUES ('60841-1.0.0-Name-def', '60841-1.0.0-Name', 'Kiegészítő adatmennyiség 4GB'); 
insert into nestedkeyvalue VALUES ('60841-1.0.0-Name-eng', '60841-1.0.0-Name', 'Kiegészítő adatmennyiség 4GB'); 
insert into nestedkeyvalue VALUES ('60841-1.0.0-Name-hun', '60841-1.0.0-Name', 'ExtraAdat Recurring Add-on 4GB (0 HUF, 24hó)'); 
insert into nestedkeyvalue VALUES ('60841-1.0.0-Name-unLocalized', '60841-1.0.0-Name', null); 
insert into keyvalue VALUES ('60841-1.0.0-Name', '60841-1.0.0', 'Post-Addon-1.0.0-Name', null); 
insert into object VALUES ('60842-1.0.0', '60842'); 
insert into nestedkeyvalue VALUES ('60842-1.0.0-PSMCodes-Deactivation', '60842-1.0.0-PSMCodes', null); 
insert into nestedkeyvalue VALUES ('60842-1.0.0-PSMCodes-Activation', '60842-1.0.0-PSMCodes', null); 
insert into keyvalue VALUES ('60842-1.0.0-PSMCodes', '60842-1.0.0', 'Post-Addon-1.0.0-PSMCodes', null); 
insert into keyvalue VALUES ('60842-1.0.0-Refill_ids', '60842-1.0.0', 'Post-Addon-1.0.0-Refill_ids', null); 
insert into keyvalue VALUES ('60842-1.0.0-Data_usage_mb', '60842-1.0.0', 'Post-Addon-1.0.0-Data_usage_mb', '6144'); 
insert into keyvalue VALUES ('60842-1.0.0-Price', '60842-1.0.0', 'Post-Addon-1.0.0-Price', '0'); 
insert into keyvalue VALUES ('60842-1.0.0-Active', '60842-1.0.0', 'Post-Addon-1.0.0-Active', 'false'); 
insert into nestedkeyvalue VALUES ('60842-1.0.0-Description-def', '60842-1.0.0-Description', 'Ezzel a kiegészítő adatopcióval 6 GB-tal növelheted az adatforgalmadat, a tarifádban foglalt adatmennyiségeden felül. A kiegészítő opció minden hónapban megújul, így nem kell minden hónapban megrendelned újra.'); 
insert into nestedkeyvalue VALUES ('60842-1.0.0-Description-eng', '60842-1.0.0-Description', 'Ezzel a kiegészítő adatopcióval 6 GB-tal növelheted az adatforgalmadat, a tarifádban foglalt adatmennyiségeden felül. A kiegészítő opció minden hónapban megújul, így nem kell minden hónapban megrendelned újra.'); 
insert into nestedkeyvalue VALUES ('60842-1.0.0-Description-hun', '60842-1.0.0-Description', 'This extra data pack will give you an additional 6 GB of mobile internet (on top of the data already included in your tariff) . It will be activated every month at the start of your billing period so you don't have to worry about purchasing extra data every month - after you run out!'); 
insert into nestedkeyvalue VALUES ('60842-1.0.0-Description-unLocalized', '60842-1.0.0-Description', null); 
insert into keyvalue VALUES ('60842-1.0.0-Description', '60842-1.0.0', 'Post-Addon-1.0.0-Description', null); 
insert into keyvalue VALUES ('60842-1.0.0-Online_selfcare_id', '60842-1.0.0', 'Post-Addon-1.0.0-Online_selfcare_id', null); 
insert into keyvalue VALUES ('60842-1.0.0-Featured', '60842-1.0.0', 'Post-Addon-1.0.0-Featured', 'false'); 
insert into keyvalue VALUES ('60842-1.0.0-Id', '60842-1.0.0', 'Post-Addon-1.0.0-Id', '60842'); 
insert into keyvalue VALUES ('60842-1.0.0-Type', '60842-1.0.0', 'Post-Addon-1.0.0-Type', 'Recurring'); 
insert into nestedkeyvalue VALUES ('60842-1.0.0-Name-def', '60842-1.0.0-Name', 'Kiegészítő adatmennyiség 6GB'); 
insert into nestedkeyvalue VALUES ('60842-1.0.0-Name-eng', '60842-1.0.0-Name', 'Kiegészítő adatmennyiség 6GB'); 
insert into nestedkeyvalue VALUES ('60842-1.0.0-Name-hun', '60842-1.0.0-Name', 'ExtraAdat Recurring Add-on 6GB (0 HUF, 24hó)'); 
insert into nestedkeyvalue VALUES ('60842-1.0.0-Name-unLocalized', '60842-1.0.0-Name', null); 
insert into keyvalue VALUES ('60842-1.0.0-Name', '60842-1.0.0', 'Post-Addon-1.0.0-Name', null); 
insert into object VALUES ('60843-1.0.0', '60843'); 
insert into nestedkeyvalue VALUES ('60843-1.0.0-PSMCodes-Deactivation', '60843-1.0.0-PSMCodes', null); 
insert into nestedkeyvalue VALUES ('60843-1.0.0-PSMCodes-Activation', '60843-1.0.0-PSMCodes', null); 
insert into keyvalue VALUES ('60843-1.0.0-PSMCodes', '60843-1.0.0', 'Post-Addon-1.0.0-PSMCodes', null); 
insert into keyvalue VALUES ('60843-1.0.0-Refill_ids', '60843-1.0.0', 'Post-Addon-1.0.0-Refill_ids', null); 
insert into keyvalue VALUES ('60843-1.0.0-Data_usage_mb', '60843-1.0.0', 'Post-Addon-1.0.0-Data_usage_mb', '2048'); 
insert into keyvalue VALUES ('60843-1.0.0-Price', '60843-1.0.0', 'Post-Addon-1.0.0-Price', '2714'); 
insert into keyvalue VALUES ('60843-1.0.0-Active', '60843-1.0.0', 'Post-Addon-1.0.0-Active', 'false'); 
insert into nestedkeyvalue VALUES ('60843-1.0.0-Description-def', '60843-1.0.0-Description', 'Ezzel a kiegészítő adatopcióval 2 GB-tal növelheted az adatforgalmadat tarifádban foglalt adatmennyiségeden felül. A kiegészítő opció minden hónapban megújul, így nem kell minden hónapban megrendelned újra.'); 
insert into nestedkeyvalue VALUES ('60843-1.0.0-Description-eng', '60843-1.0.0-Description', 'Ezzel a kiegészítő adatopcióval 2 GB-tal növelheted az adatforgalmadat tarifádban foglalt adatmennyiségeden felül. A kiegészítő opció minden hónapban megújul, így nem kell minden hónapban megrendelned újra.'); 
insert into nestedkeyvalue VALUES ('60843-1.0.0-Description-hun', '60843-1.0.0-Description', 'This extra data pack will give you an additional 2 GB of mobile internet (on top of the data already included in your tariff). It will be activated every month at the start of your billing period so you don't have to worry about purchasing extra data every month - after you run out!'); 
insert into nestedkeyvalue VALUES ('60843-1.0.0-Description-unLocalized', '60843-1.0.0-Description', null); 
insert into keyvalue VALUES ('60843-1.0.0-Description', '60843-1.0.0', 'Post-Addon-1.0.0-Description', null); 
insert into keyvalue VALUES ('60843-1.0.0-Online_selfcare_id', '60843-1.0.0', 'Post-Addon-1.0.0-Online_selfcare_id', null); 
insert into keyvalue VALUES ('60843-1.0.0-Featured', '60843-1.0.0', 'Post-Addon-1.0.0-Featured', 'false'); 
insert into keyvalue VALUES ('60843-1.0.0-Id', '60843-1.0.0', 'Post-Addon-1.0.0-Id', '60843'); 
insert into keyvalue VALUES ('60843-1.0.0-Type', '60843-1.0.0', 'Post-Addon-1.0.0-Type', 'Recurring'); 
insert into nestedkeyvalue VALUES ('60843-1.0.0-Name-def', '60843-1.0.0-Name', 'Kiegészítő adatmennyiség 2GB'); 
insert into nestedkeyvalue VALUES ('60843-1.0.0-Name-eng', '60843-1.0.0-Name', 'Kiegészítő adatmennyiség 2GB'); 
insert into nestedkeyvalue VALUES ('60843-1.0.0-Name-hun', '60843-1.0.0-Name', 'ExtraAdat Recurring Add-on 2GB (2300 HUF)'); 
insert into nestedkeyvalue VALUES ('60843-1.0.0-Name-unLocalized', '60843-1.0.0-Name', null); 
insert into keyvalue VALUES ('60843-1.0.0-Name', '60843-1.0.0', 'Post-Addon-1.0.0-Name', null); 
insert into object VALUES ('60844-1.0.0', '60844'); 
insert into nestedkeyvalue VALUES ('60844-1.0.0-PSMCodes-Deactivation', '60844-1.0.0-PSMCodes', null); 
insert into nestedkeyvalue VALUES ('60844-1.0.0-PSMCodes-Activation', '60844-1.0.0-PSMCodes', null); 
insert into keyvalue VALUES ('60844-1.0.0-PSMCodes', '60844-1.0.0', 'Post-Addon-1.0.0-PSMCodes', null); 
insert into keyvalue VALUES ('60844-1.0.0-Refill_ids', '60844-1.0.0', 'Post-Addon-1.0.0-Refill_ids', null); 
insert into keyvalue VALUES ('60844-1.0.0-Data_usage_mb', '60844-1.0.0', 'Post-Addon-1.0.0-Data_usage_mb', '2048'); 
insert into keyvalue VALUES ('60844-1.0.0-Price', '60844-1.0.0', 'Post-Addon-1.0.0-Price', '2714'); 
insert into keyvalue VALUES ('60844-1.0.0-Active', '60844-1.0.0', 'Post-Addon-1.0.0-Active', 'false'); 
insert into nestedkeyvalue VALUES ('60844-1.0.0-Description-def', '60844-1.0.0-Description', 'Ezzel a kiegészítő adatopcióval 2 GB-tal növelheted az adatforgalmadat tarifádban foglalt adatmennyiségeden felül. A kiegészítő opció minden hónapban megújul, így nem kell minden hónapban megrendelned újra.'); 
insert into nestedkeyvalue VALUES ('60844-1.0.0-Description-eng', '60844-1.0.0-Description', 'Ezzel a kiegészítő adatopcióval 2 GB-tal növelheted az adatforgalmadat tarifádban foglalt adatmennyiségeden felül. A kiegészítő opció minden hónapban megújul, így nem kell minden hónapban megrendelned újra.'); 
insert into nestedkeyvalue VALUES ('60844-1.0.0-Description-hun', '60844-1.0.0-Description', 'This extra data pack will give you an additional 2 GB of mobile internet (on top of the data already included in your tariff). It will be activated every month at the start of your billing period so you don't have to worry about purchasing extra data every month - after you run out!'); 
insert into nestedkeyvalue VALUES ('60844-1.0.0-Description-unLocalized', '60844-1.0.0-Description', null); 
insert into keyvalue VALUES ('60844-1.0.0-Description', '60844-1.0.0', 'Post-Addon-1.0.0-Description', null); 
insert into keyvalue VALUES ('60844-1.0.0-Online_selfcare_id', '60844-1.0.0', 'Post-Addon-1.0.0-Online_selfcare_id', null); 
insert into keyvalue VALUES ('60844-1.0.0-Featured', '60844-1.0.0', 'Post-Addon-1.0.0-Featured', 'false'); 
insert into keyvalue VALUES ('60844-1.0.0-Id', '60844-1.0.0', 'Post-Addon-1.0.0-Id', '60844'); 
insert into keyvalue VALUES ('60844-1.0.0-Type', '60844-1.0.0', 'Post-Addon-1.0.0-Type', 'Recurring'); 
insert into nestedkeyvalue VALUES ('60844-1.0.0-Name-def', '60844-1.0.0-Name', 'Kiegészítő adatmennyiség 2GB'); 
insert into nestedkeyvalue VALUES ('60844-1.0.0-Name-eng', '60844-1.0.0-Name', 'Kiegészítő adatmennyiség 2GB'); 
insert into nestedkeyvalue VALUES ('60844-1.0.0-Name-hun', '60844-1.0.0-Name', 'ExtraAdat Recurring Add-on 2GB (2300 HUF, arrear)'); 
insert into nestedkeyvalue VALUES ('60844-1.0.0-Name-unLocalized', '60844-1.0.0-Name', null); 
insert into keyvalue VALUES ('60844-1.0.0-Name', '60844-1.0.0', 'Post-Addon-1.0.0-Name', null); 
insert into object VALUES ('60845-1.0.0', '60845'); 
insert into nestedkeyvalue VALUES ('60845-1.0.0-PSMCodes-Deactivation', '60845-1.0.0-PSMCodes', null); 
insert into nestedkeyvalue VALUES ('60845-1.0.0-PSMCodes-Activation', '60845-1.0.0-PSMCodes', null); 
insert into keyvalue VALUES ('60845-1.0.0-PSMCodes', '60845-1.0.0', 'Post-Addon-1.0.0-PSMCodes', null); 
insert into keyvalue VALUES ('60845-1.0.0-Refill_ids', '60845-1.0.0', 'Post-Addon-1.0.0-Refill_ids', null); 
insert into keyvalue VALUES ('60845-1.0.0-Data_usage_mb', '60845-1.0.0', 'Post-Addon-1.0.0-Data_usage_mb', '200'); 
insert into keyvalue VALUES ('60845-1.0.0-Price', '60845-1.0.0', 'Post-Addon-1.0.0-Price', '1062'); 
insert into keyvalue VALUES ('60845-1.0.0-Active', '60845-1.0.0', 'Post-Addon-1.0.0-Active', 'false'); 
insert into nestedkeyvalue VALUES ('60845-1.0.0-Description-def', '60845-1.0.0-Description', 'Ezzel a kiegészítő adatopcióval 200 MB-tal növelheted az adatforgalmadat tarifádban foglalt adatmennyiségeden felül. A kiegészítő opció minden hónapban megújul, így nem kell minden hónapban megrendelned újra.'); 
insert into nestedkeyvalue VALUES ('60845-1.0.0-Description-eng', '60845-1.0.0-Description', 'Ezzel a kiegészítő adatopcióval 200 MB-tal növelheted az adatforgalmadat tarifádban foglalt adatmennyiségeden felül. A kiegészítő opció minden hónapban megújul, így nem kell minden hónapban megrendelned újra.'); 
insert into nestedkeyvalue VALUES ('60845-1.0.0-Description-hun', '60845-1.0.0-Description', 'This extra data pack will give you an additional 200 MB of mobile internet (on top of the data already included in your tariff). It will be activated every month at the start of your billing period so you don't have to worry about purchasing extra data every month - after you run out!'); 
insert into nestedkeyvalue VALUES ('60845-1.0.0-Description-unLocalized', '60845-1.0.0-Description', null); 
insert into keyvalue VALUES ('60845-1.0.0-Description', '60845-1.0.0', 'Post-Addon-1.0.0-Description', null); 
insert into keyvalue VALUES ('60845-1.0.0-Online_selfcare_id', '60845-1.0.0', 'Post-Addon-1.0.0-Online_selfcare_id', null); 
insert into keyvalue VALUES ('60845-1.0.0-Featured', '60845-1.0.0', 'Post-Addon-1.0.0-Featured', 'false'); 
insert into keyvalue VALUES ('60845-1.0.0-Id', '60845-1.0.0', 'Post-Addon-1.0.0-Id', '60845'); 
insert into keyvalue VALUES ('60845-1.0.0-Type', '60845-1.0.0', 'Post-Addon-1.0.0-Type', 'Recurring'); 
insert into nestedkeyvalue VALUES ('60845-1.0.0-Name-def', '60845-1.0.0-Name', 'Kiegészítő adatmennyiség 200 MB'); 
insert into nestedkeyvalue VALUES ('60845-1.0.0-Name-eng', '60845-1.0.0-Name', 'Kiegészítő adatmennyiség 200 MB'); 
insert into nestedkeyvalue VALUES ('60845-1.0.0-Name-hun', '60845-1.0.0-Name', 'ExtraAdat Recurring Add-on 200MB (900 HUF)'); 
insert into nestedkeyvalue VALUES ('60845-1.0.0-Name-unLocalized', '60845-1.0.0-Name', null); 
insert into keyvalue VALUES ('60845-1.0.0-Name', '60845-1.0.0', 'Post-Addon-1.0.0-Name', null); 
insert into object VALUES ('60846-1.0.0', '60846'); 
insert into nestedkeyvalue VALUES ('60846-1.0.0-PSMCodes-Deactivation', '60846-1.0.0-PSMCodes', null); 
insert into nestedkeyvalue VALUES ('60846-1.0.0-PSMCodes-Activation', '60846-1.0.0-PSMCodes', null); 
insert into keyvalue VALUES ('60846-1.0.0-PSMCodes', '60846-1.0.0', 'Post-Addon-1.0.0-PSMCodes', null); 
insert into keyvalue VALUES ('60846-1.0.0-Refill_ids', '60846-1.0.0', 'Post-Addon-1.0.0-Refill_ids', null); 
insert into keyvalue VALUES ('60846-1.0.0-Data_usage_mb', '60846-1.0.0', 'Post-Addon-1.0.0-Data_usage_mb', '200'); 
insert into keyvalue VALUES ('60846-1.0.0-Price', '60846-1.0.0', 'Post-Addon-1.0.0-Price', '1062'); 
insert into keyvalue VALUES ('60846-1.0.0-Active', '60846-1.0.0', 'Post-Addon-1.0.0-Active', 'false'); 
insert into nestedkeyvalue VALUES ('60846-1.0.0-Description-def', '60846-1.0.0-Description', 'Ezzel a kiegészítő adatopcióval 200 MB-tal növelheted az adatforgalmadat tarifádban foglalt adatmennyiségeden felül. A kiegészítő opció minden hónapban megújul, így nem kell minden hónapban megrendelned újra.'); 
insert into nestedkeyvalue VALUES ('60846-1.0.0-Description-eng', '60846-1.0.0-Description', 'Ezzel a kiegészítő adatopcióval 200 MB-tal növelheted az adatforgalmadat tarifádban foglalt adatmennyiségeden felül. A kiegészítő opció minden hónapban megújul, így nem kell minden hónapban megrendelned újra.'); 
insert into nestedkeyvalue VALUES ('60846-1.0.0-Description-hun', '60846-1.0.0-Description', 'This extra data pack will give you an additional 200 MB of mobile internet (on top of the data already included in your tariff). It will be activated every month at the start of your billing period so you don't have to worry about purchasing extra data every month - after you run out!'); 
insert into nestedkeyvalue VALUES ('60846-1.0.0-Description-unLocalized', '60846-1.0.0-Description', null); 
insert into keyvalue VALUES ('60846-1.0.0-Description', '60846-1.0.0', 'Post-Addon-1.0.0-Description', null); 
insert into keyvalue VALUES ('60846-1.0.0-Online_selfcare_id', '60846-1.0.0', 'Post-Addon-1.0.0-Online_selfcare_id', null); 
insert into keyvalue VALUES ('60846-1.0.0-Featured', '60846-1.0.0', 'Post-Addon-1.0.0-Featured', 'false'); 
insert into keyvalue VALUES ('60846-1.0.0-Id', '60846-1.0.0', 'Post-Addon-1.0.0-Id', '60846'); 
insert into keyvalue VALUES ('60846-1.0.0-Type', '60846-1.0.0', 'Post-Addon-1.0.0-Type', 'Recurring'); 
insert into nestedkeyvalue VALUES ('60846-1.0.0-Name-def', '60846-1.0.0-Name', 'Kiegészítő adatmennyiség 200 MB'); 
insert into nestedkeyvalue VALUES ('60846-1.0.0-Name-eng', '60846-1.0.0-Name', 'Kiegészítő adatmennyiség 200 MB'); 
insert into nestedkeyvalue VALUES ('60846-1.0.0-Name-hun', '60846-1.0.0-Name', 'ExtraAdat Recurring Add-on 200MB (900 HUF, arrear)'); 
insert into nestedkeyvalue VALUES ('60846-1.0.0-Name-unLocalized', '60846-1.0.0-Name', null); 
insert into keyvalue VALUES ('60846-1.0.0-Name', '60846-1.0.0', 'Post-Addon-1.0.0-Name', null); 
insert into object VALUES ('60847-1.0.0', '60847'); 
insert into nestedkeyvalue VALUES ('60847-1.0.0-PSMCodes-Deactivation', '60847-1.0.0-PSMCodes', null); 
insert into nestedkeyvalue VALUES ('60847-1.0.0-PSMCodes-Activation', '60847-1.0.0-PSMCodes', null); 
insert into keyvalue VALUES ('60847-1.0.0-PSMCodes', '60847-1.0.0', 'Post-Addon-1.0.0-PSMCodes', null); 
insert into keyvalue VALUES ('60847-1.0.0-Refill_ids', '60847-1.0.0', 'Post-Addon-1.0.0-Refill_ids', null); 
insert into keyvalue VALUES ('60847-1.0.0-Data_usage_mb', '60847-1.0.0', 'Post-Addon-1.0.0-Data_usage_mb', '4096'); 
insert into keyvalue VALUES ('60847-1.0.0-Price', '60847-1.0.0', 'Post-Addon-1.0.0-Price', '4012'); 
insert into keyvalue VALUES ('60847-1.0.0-Active', '60847-1.0.0', 'Post-Addon-1.0.0-Active', 'false'); 
insert into nestedkeyvalue VALUES ('60847-1.0.0-Description-def', '60847-1.0.0-Description', 'Ezzel a kiegészítő adatopcióval 4 GB-tal növelheted az adatforgalmadat tarifádban foglalt adatmennyiségeden felül. A kiegészítő opció minden hónapban megújul, így nem kell minden hónapban megrendelned újra.'); 
insert into nestedkeyvalue VALUES ('60847-1.0.0-Description-eng', '60847-1.0.0-Description', 'Ezzel a kiegészítő adatopcióval 4 GB-tal növelheted az adatforgalmadat tarifádban foglalt adatmennyiségeden felül. A kiegészítő opció minden hónapban megújul, így nem kell minden hónapban megrendelned újra.'); 
insert into nestedkeyvalue VALUES ('60847-1.0.0-Description-hun', '60847-1.0.0-Description', 'This extra data pack will give you an additional 4 GB of mobile internet (on top of the data already included in your tariff). It will be activated every month at the start of your billing period so you don't have to worry about purchasing extra data every month - after you run out!'); 
insert into nestedkeyvalue VALUES ('60847-1.0.0-Description-unLocalized', '60847-1.0.0-Description', null); 
insert into keyvalue VALUES ('60847-1.0.0-Description', '60847-1.0.0', 'Post-Addon-1.0.0-Description', null); 
insert into keyvalue VALUES ('60847-1.0.0-Online_selfcare_id', '60847-1.0.0', 'Post-Addon-1.0.0-Online_selfcare_id', null); 
insert into keyvalue VALUES ('60847-1.0.0-Featured', '60847-1.0.0', 'Post-Addon-1.0.0-Featured', 'false'); 
insert into keyvalue VALUES ('60847-1.0.0-Id', '60847-1.0.0', 'Post-Addon-1.0.0-Id', '60847'); 
insert into keyvalue VALUES ('60847-1.0.0-Type', '60847-1.0.0', 'Post-Addon-1.0.0-Type', 'Recurring'); 
insert into nestedkeyvalue VALUES ('60847-1.0.0-Name-def', '60847-1.0.0-Name', 'Kiegészítő adatmennyiség 4GB'); 
insert into nestedkeyvalue VALUES ('60847-1.0.0-Name-eng', '60847-1.0.0-Name', 'Kiegészítő adatmennyiség 4GB'); 
insert into nestedkeyvalue VALUES ('60847-1.0.0-Name-hun', '60847-1.0.0-Name', 'ExtraAdat Recurring Add-on 4GB (3400 HUF)'); 
insert into nestedkeyvalue VALUES ('60847-1.0.0-Name-unLocalized', '60847-1.0.0-Name', null); 
insert into keyvalue VALUES ('60847-1.0.0-Name', '60847-1.0.0', 'Post-Addon-1.0.0-Name', null); 
insert into object VALUES ('60848-1.0.0', '60848'); 
insert into nestedkeyvalue VALUES ('60848-1.0.0-PSMCodes-Deactivation', '60848-1.0.0-PSMCodes', null); 
insert into nestedkeyvalue VALUES ('60848-1.0.0-PSMCodes-Activation', '60848-1.0.0-PSMCodes', null); 
insert into keyvalue VALUES ('60848-1.0.0-PSMCodes', '60848-1.0.0', 'Post-Addon-1.0.0-PSMCodes', null); 
insert into keyvalue VALUES ('60848-1.0.0-Refill_ids', '60848-1.0.0', 'Post-Addon-1.0.0-Refill_ids', null); 
insert into keyvalue VALUES ('60848-1.0.0-Data_usage_mb', '60848-1.0.0', 'Post-Addon-1.0.0-Data_usage_mb', '4096'); 
insert into keyvalue VALUES ('60848-1.0.0-Price', '60848-1.0.0', 'Post-Addon-1.0.0-Price', '4012'); 
insert into keyvalue VALUES ('60848-1.0.0-Active', '60848-1.0.0', 'Post-Addon-1.0.0-Active', 'false'); 
insert into nestedkeyvalue VALUES ('60848-1.0.0-Description-def', '60848-1.0.0-Description', 'Ezzel a kiegészítő adatopcióval 4 GB-tal növelheted az adatforgalmadat tarifádban foglalt adatmennyiségeden felül. A kiegészítő opció minden hónapban megújul, így nem kell minden hónapban megrendelned újra.'); 
insert into nestedkeyvalue VALUES ('60848-1.0.0-Description-eng', '60848-1.0.0-Description', 'Ezzel a kiegészítő adatopcióval 4 GB-tal növelheted az adatforgalmadat tarifádban foglalt adatmennyiségeden felül. A kiegészítő opció minden hónapban megújul, így nem kell minden hónapban megrendelned újra.'); 
insert into nestedkeyvalue VALUES ('60848-1.0.0-Description-hun', '60848-1.0.0-Description', 'This extra data pack will give you an additional 4 GB of mobile internet (on top of the data already included in your tariff). It will be activated every month at the start of your billing period so you don't have to worry about purchasing extra data every month - after you run out!'); 
insert into nestedkeyvalue VALUES ('60848-1.0.0-Description-unLocalized', '60848-1.0.0-Description', null); 
insert into keyvalue VALUES ('60848-1.0.0-Description', '60848-1.0.0', 'Post-Addon-1.0.0-Description', null); 
insert into keyvalue VALUES ('60848-1.0.0-Online_selfcare_id', '60848-1.0.0', 'Post-Addon-1.0.0-Online_selfcare_id', null); 
insert into keyvalue VALUES ('60848-1.0.0-Featured', '60848-1.0.0', 'Post-Addon-1.0.0-Featured', 'false'); 
insert into keyvalue VALUES ('60848-1.0.0-Id', '60848-1.0.0', 'Post-Addon-1.0.0-Id', '60848'); 
insert into keyvalue VALUES ('60848-1.0.0-Type', '60848-1.0.0', 'Post-Addon-1.0.0-Type', 'Recurring'); 
insert into nestedkeyvalue VALUES ('60848-1.0.0-Name-def', '60848-1.0.0-Name', 'Kiegészítő adatmennyiség 4GB'); 
insert into nestedkeyvalue VALUES ('60848-1.0.0-Name-eng', '60848-1.0.0-Name', 'Kiegészítő adatmennyiség 4GB'); 
insert into nestedkeyvalue VALUES ('60848-1.0.0-Name-hun', '60848-1.0.0-Name', 'ExtraAdat Recurring Add-on 4GB (3400 HUF, arrear)'); 
insert into nestedkeyvalue VALUES ('60848-1.0.0-Name-unLocalized', '60848-1.0.0-Name', null); 
insert into keyvalue VALUES ('60848-1.0.0-Name', '60848-1.0.0', 'Post-Addon-1.0.0-Name', null); 
insert into object VALUES ('60849-1.0.0', '60849'); 
insert into nestedkeyvalue VALUES ('60849-1.0.0-PSMCodes-Deactivation', '60849-1.0.0-PSMCodes', null); 
insert into nestedkeyvalue VALUES ('60849-1.0.0-PSMCodes-Activation', '60849-1.0.0-PSMCodes', null); 
insert into keyvalue VALUES ('60849-1.0.0-PSMCodes', '60849-1.0.0', 'Post-Addon-1.0.0-PSMCodes', null); 
insert into keyvalue VALUES ('60849-1.0.0-Refill_ids', '60849-1.0.0', 'Post-Addon-1.0.0-Refill_ids', null); 
insert into keyvalue VALUES ('60849-1.0.0-Data_usage_mb', '60849-1.0.0', 'Post-Addon-1.0.0-Data_usage_mb', '500'); 
insert into keyvalue VALUES ('60849-1.0.0-Price', '60849-1.0.0', 'Post-Addon-1.0.0-Price', '1416'); 
insert into keyvalue VALUES ('60849-1.0.0-Active', '60849-1.0.0', 'Post-Addon-1.0.0-Active', 'false'); 
insert into nestedkeyvalue VALUES ('60849-1.0.0-Description-def', '60849-1.0.0-Description', 'Ezzel a kiegészítő adatopcióval 500 MB-tal növelheted az adatforgalmadat tarifádban foglalt adatmennyiségeden felül. A kiegészítő opció minden hónapban megújul, így nem kell minden hónapban megrendelned újra.'); 
insert into nestedkeyvalue VALUES ('60849-1.0.0-Description-eng', '60849-1.0.0-Description', 'Ezzel a kiegészítő adatopcióval 500 MB-tal növelheted az adatforgalmadat tarifádban foglalt adatmennyiségeden felül. A kiegészítő opció minden hónapban megújul, így nem kell minden hónapban megrendelned újra.'); 
insert into nestedkeyvalue VALUES ('60849-1.0.0-Description-hun', '60849-1.0.0-Description', 'This extra data pack will give you an additional 500 MB of mobile internet (on top of the data already included in your tariff). It will be activated every month at the start of your billing period so you don't have to worry about purchasing extra data every month - after you run out!'); 
insert into nestedkeyvalue VALUES ('60849-1.0.0-Description-unLocalized', '60849-1.0.0-Description', null); 
insert into keyvalue VALUES ('60849-1.0.0-Description', '60849-1.0.0', 'Post-Addon-1.0.0-Description', null); 
insert into keyvalue VALUES ('60849-1.0.0-Online_selfcare_id', '60849-1.0.0', 'Post-Addon-1.0.0-Online_selfcare_id', null); 
insert into keyvalue VALUES ('60849-1.0.0-Featured', '60849-1.0.0', 'Post-Addon-1.0.0-Featured', 'false'); 
insert into keyvalue VALUES ('60849-1.0.0-Id', '60849-1.0.0', 'Post-Addon-1.0.0-Id', '60849'); 
insert into keyvalue VALUES ('60849-1.0.0-Type', '60849-1.0.0', 'Post-Addon-1.0.0-Type', 'Recurring'); 
insert into nestedkeyvalue VALUES ('60849-1.0.0-Name-def', '60849-1.0.0-Name', 'Kiegészítő adatmennyiség 500 MB'); 
insert into nestedkeyvalue VALUES ('60849-1.0.0-Name-eng', '60849-1.0.0-Name', 'Kiegészítő adatmennyiség 500 MB'); 
insert into nestedkeyvalue VALUES ('60849-1.0.0-Name-hun', '60849-1.0.0-Name', 'ExtraAdat Recurring Add-on 500MB (1200 HUF)'); 
insert into nestedkeyvalue VALUES ('60849-1.0.0-Name-unLocalized', '60849-1.0.0-Name', null); 
insert into keyvalue VALUES ('60849-1.0.0-Name', '60849-1.0.0', 'Post-Addon-1.0.0-Name', null); 
insert into object VALUES ('60855-1.0.0', '60855'); 
insert into nestedkeyvalue VALUES ('60855-1.0.0-PSMCodes-Deactivation', '60855-1.0.0-PSMCodes', null); 
insert into nestedkeyvalue VALUES ('60855-1.0.0-PSMCodes-Activation', '60855-1.0.0-PSMCodes', null); 
insert into keyvalue VALUES ('60855-1.0.0-PSMCodes', '60855-1.0.0', 'Post-Addon-1.0.0-PSMCodes', null); 
insert into keyvalue VALUES ('60855-1.0.0-Refill_ids', '60855-1.0.0', 'Post-Addon-1.0.0-Refill_ids', null); 
insert into keyvalue VALUES ('60855-1.0.0-Data_usage_mb', '60855-1.0.0', 'Post-Addon-1.0.0-Data_usage_mb', '20480'); 
insert into keyvalue VALUES ('60855-1.0.0-Price', '60855-1.0.0', 'Post-Addon-1.0.0-Price', '6490'); 
insert into keyvalue VALUES ('60855-1.0.0-Active', '60855-1.0.0', 'Post-Addon-1.0.0-Active', 'false'); 
insert into nestedkeyvalue VALUES ('60855-1.0.0-Description-def', '60855-1.0.0-Description', 'Ezzel a kiegészítő adatopcióval 20GB-tal növelheted az adatforgalmadat tarifádban foglalt adatmennyiségeden felül. A kiegészítő opció minden hónapban megújul, így nem kell minden hónapban megrendelned újra.'); 
insert into nestedkeyvalue VALUES ('60855-1.0.0-Description-eng', '60855-1.0.0-Description', 'Ezzel a kiegészítő adatopcióval 20GB-tal növelheted az adatforgalmadat tarifádban foglalt adatmennyiségeden felül. A kiegészítő opció minden hónapban megújul, így nem kell minden hónapban megrendelned újra.'); 
insert into nestedkeyvalue VALUES ('60855-1.0.0-Description-hun', '60855-1.0.0-Description', 'This extra data pack will give you an additional 20 GB of mobile internet (on top of the data already included in your tariff). It will be activated every month at the start of your billing period so you don't have to worry about purchasing extra data every month - after you run out!'); 
insert into nestedkeyvalue VALUES ('60855-1.0.0-Description-unLocalized', '60855-1.0.0-Description', null); 
insert into keyvalue VALUES ('60855-1.0.0-Description', '60855-1.0.0', 'Post-Addon-1.0.0-Description', null); 
insert into keyvalue VALUES ('60855-1.0.0-Online_selfcare_id', '60855-1.0.0', 'Post-Addon-1.0.0-Online_selfcare_id', null); 
insert into keyvalue VALUES ('60855-1.0.0-Featured', '60855-1.0.0', 'Post-Addon-1.0.0-Featured', 'false'); 
insert into keyvalue VALUES ('60855-1.0.0-Id', '60855-1.0.0', 'Post-Addon-1.0.0-Id', '60855'); 
insert into keyvalue VALUES ('60855-1.0.0-Type', '60855-1.0.0', 'Post-Addon-1.0.0-Type', 'Recurring'); 
insert into nestedkeyvalue VALUES ('60855-1.0.0-Name-def', '60855-1.0.0-Name', 'Vállalati Extra Adat 20GB'); 
insert into nestedkeyvalue VALUES ('60855-1.0.0-Name-eng', '60855-1.0.0-Name', 'Vállalati Extra Adat 20GB'); 
insert into nestedkeyvalue VALUES ('60855-1.0.0-Name-hun', '60855-1.0.0-Name', 'ExtraAdat Recurring Add-on 20GB (5500 HUF, 2év)'); 
insert into nestedkeyvalue VALUES ('60855-1.0.0-Name-unLocalized', '60855-1.0.0-Name', null); 
insert into keyvalue VALUES ('60855-1.0.0-Name', '60855-1.0.0', 'Post-Addon-1.0.0-Name', null); 
insert into object VALUES ('60854-1.0.0', '60854'); 
insert into nestedkeyvalue VALUES ('60854-1.0.0-PSMCodes-Deactivation', '60854-1.0.0-PSMCodes', null); 
insert into nestedkeyvalue VALUES ('60854-1.0.0-PSMCodes-Activation', '60854-1.0.0-PSMCodes', null); 
insert into keyvalue VALUES ('60854-1.0.0-PSMCodes', '60854-1.0.0', 'Post-Addon-1.0.0-PSMCodes', null); 
insert into keyvalue VALUES ('60854-1.0.0-Refill_ids', '60854-1.0.0', 'Post-Addon-1.0.0-Refill_ids', null); 
insert into keyvalue VALUES ('60854-1.0.0-Data_usage_mb', '60854-1.0.0', 'Post-Addon-1.0.0-Data_usage_mb', '20480'); 
insert into keyvalue VALUES ('60854-1.0.0-Price', '60854-1.0.0', 'Post-Addon-1.0.0-Price', '6490'); 
insert into keyvalue VALUES ('60854-1.0.0-Active', '60854-1.0.0', 'Post-Addon-1.0.0-Active', 'false'); 
insert into nestedkeyvalue VALUES ('60854-1.0.0-Description-def', '60854-1.0.0-Description', 'Ezzel a kiegészítő adatopcióval 20 GB-tal növelheted az adatforgalmadat tarifádban foglalt adatmennyiségeden felül. A kiegészítő opció minden hónapban megújul, így nem kell minden hónapban megrendelned újra.'); 
insert into nestedkeyvalue VALUES ('60854-1.0.0-Description-eng', '60854-1.0.0-Description', 'Ezzel a kiegészítő adatopcióval 20 GB-tal növelheted az adatforgalmadat tarifádban foglalt adatmennyiségeden felül. A kiegészítő opció minden hónapban megújul, így nem kell minden hónapban megrendelned újra.'); 
insert into nestedkeyvalue VALUES ('60854-1.0.0-Description-hun', '60854-1.0.0-Description', 'This extra data pack will give you an additional 20 GB of mobile internet (on top of the data already included in your tariff). It will be activated every month at the start of your billing period so you don't have to worry about purchasing extra data every month - after you run out!'); 
insert into nestedkeyvalue VALUES ('60854-1.0.0-Description-unLocalized', '60854-1.0.0-Description', null); 
insert into keyvalue VALUES ('60854-1.0.0-Description', '60854-1.0.0', 'Post-Addon-1.0.0-Description', null); 
insert into keyvalue VALUES ('60854-1.0.0-Online_selfcare_id', '60854-1.0.0', 'Post-Addon-1.0.0-Online_selfcare_id', null); 
insert into keyvalue VALUES ('60854-1.0.0-Featured', '60854-1.0.0', 'Post-Addon-1.0.0-Featured', 'false'); 
insert into keyvalue VALUES ('60854-1.0.0-Id', '60854-1.0.0', 'Post-Addon-1.0.0-Id', '60854'); 
insert into keyvalue VALUES ('60854-1.0.0-Type', '60854-1.0.0', 'Post-Addon-1.0.0-Type', 'Recurring'); 
insert into nestedkeyvalue VALUES ('60854-1.0.0-Name-def', '60854-1.0.0-Name', 'Vállalati Extra Adat 20GB'); 
insert into nestedkeyvalue VALUES ('60854-1.0.0-Name-eng', '60854-1.0.0-Name', 'Vállalati Extra Adat 20GB'); 
insert into nestedkeyvalue VALUES ('60854-1.0.0-Name-hun', '60854-1.0.0-Name', 'ExtraAdat Recurring Add-on 20GB (5500 HUF, 1év)'); 
insert into nestedkeyvalue VALUES ('60854-1.0.0-Name-unLocalized', '60854-1.0.0-Name', null); 
insert into keyvalue VALUES ('60854-1.0.0-Name', '60854-1.0.0', 'Post-Addon-1.0.0-Name', null); 
insert into object VALUES ('60853-1.0.0', '60853'); 
insert into nestedkeyvalue VALUES ('60853-1.0.0-PSMCodes-Deactivation', '60853-1.0.0-PSMCodes', null); 
insert into nestedkeyvalue VALUES ('60853-1.0.0-PSMCodes-Activation', '60853-1.0.0-PSMCodes', null); 
insert into keyvalue VALUES ('60853-1.0.0-PSMCodes', '60853-1.0.0', 'Post-Addon-1.0.0-PSMCodes', null); 
insert into keyvalue VALUES ('60853-1.0.0-Refill_ids', '60853-1.0.0', 'Post-Addon-1.0.0-Refill_ids', null); 
insert into keyvalue VALUES ('60853-1.0.0-Data_usage_mb', '60853-1.0.0', 'Post-Addon-1.0.0-Data_usage_mb', '20480'); 
insert into keyvalue VALUES ('60853-1.0.0-Price', '60853-1.0.0', 'Post-Addon-1.0.0-Price', '6490'); 
insert into keyvalue VALUES ('60853-1.0.0-Active', '60853-1.0.0', 'Post-Addon-1.0.0-Active', 'false'); 
insert into nestedkeyvalue VALUES ('60853-1.0.0-Description-def', '60853-1.0.0-Description', 'Ezzel a kiegészítő adatopcióval 20 GB-tal növelheted az adatforgalmadat tarifádban foglalt adatmennyiségeden felül. A kiegészítő opció minden hónapban megújul, így nem kell minden hónapban megrendelned újra.'); 
insert into nestedkeyvalue VALUES ('60853-1.0.0-Description-eng', '60853-1.0.0-Description', 'Ezzel a kiegészítő adatopcióval 20 GB-tal növelheted az adatforgalmadat tarifádban foglalt adatmennyiségeden felül. A kiegészítő opció minden hónapban megújul, így nem kell minden hónapban megrendelned újra.'); 
insert into nestedkeyvalue VALUES ('60853-1.0.0-Description-hun', '60853-1.0.0-Description', 'This extra data pack will give you an additional 20 GB of mobile internet (on top of the data already included in your tariff). It will be activated every month at the start of your billing period so you don't have to worry about purchasing extra data every month - after you run out!'); 
insert into nestedkeyvalue VALUES ('60853-1.0.0-Description-unLocalized', '60853-1.0.0-Description', null); 
insert into keyvalue VALUES ('60853-1.0.0-Description', '60853-1.0.0', 'Post-Addon-1.0.0-Description', null); 
insert into keyvalue VALUES ('60853-1.0.0-Online_selfcare_id', '60853-1.0.0', 'Post-Addon-1.0.0-Online_selfcare_id', null); 
insert into keyvalue VALUES ('60853-1.0.0-Featured', '60853-1.0.0', 'Post-Addon-1.0.0-Featured', 'false'); 
insert into keyvalue VALUES ('60853-1.0.0-Id', '60853-1.0.0', 'Post-Addon-1.0.0-Id', '60853'); 
insert into keyvalue VALUES ('60853-1.0.0-Type', '60853-1.0.0', 'Post-Addon-1.0.0-Type', 'Recurring'); 
insert into nestedkeyvalue VALUES ('60853-1.0.0-Name-def', '60853-1.0.0-Name', 'Vállalati Extra Adat 20GB'); 
insert into nestedkeyvalue VALUES ('60853-1.0.0-Name-eng', '60853-1.0.0-Name', 'Vállalati Extra Adat 20GB'); 
insert into nestedkeyvalue VALUES ('60853-1.0.0-Name-hun', '60853-1.0.0-Name', 'ExtraAdat Recurring Add-on 20GB (5500 HUF)'); 
insert into nestedkeyvalue VALUES ('60853-1.0.0-Name-unLocalized', '60853-1.0.0-Name', null); 
insert into keyvalue VALUES ('60853-1.0.0-Name', '60853-1.0.0', 'Post-Addon-1.0.0-Name', null); 
insert into object VALUES ('60852-1.0.0', '60852'); 
insert into nestedkeyvalue VALUES ('60852-1.0.0-PSMCodes-Deactivation', '60852-1.0.0-PSMCodes', null); 
insert into nestedkeyvalue VALUES ('60852-1.0.0-PSMCodes-Activation', '60852-1.0.0-PSMCodes', null); 
insert into keyvalue VALUES ('60852-1.0.0-PSMCodes', '60852-1.0.0', 'Post-Addon-1.0.0-PSMCodes', null); 
insert into keyvalue VALUES ('60852-1.0.0-Refill_ids', '60852-1.0.0', 'Post-Addon-1.0.0-Refill_ids', null); 
insert into keyvalue VALUES ('60852-1.0.0-Data_usage_mb', '60852-1.0.0', 'Post-Addon-1.0.0-Data_usage_mb', '10240'); 
insert into keyvalue VALUES ('60852-1.0.0-Price', '60852-1.0.0', 'Post-Addon-1.0.0-Price', '4602'); 
insert into keyvalue VALUES ('60852-1.0.0-Active', '60852-1.0.0', 'Post-Addon-1.0.0-Active', 'false'); 
insert into nestedkeyvalue VALUES ('60852-1.0.0-Description-def', '60852-1.0.0-Description', 'Ezzel a kiegészítő adatopcióval 10 GB-tal növelheted az adatforgalmadat tarifádban foglalt adatmennyiségeden felül. A kiegészítő opció minden hónapban megújul, így nem kell minden hónapban megrendelned újra.'); 
insert into nestedkeyvalue VALUES ('60852-1.0.0-Description-eng', '60852-1.0.0-Description', 'Ezzel a kiegészítő adatopcióval 10 GB-tal növelheted az adatforgalmadat tarifádban foglalt adatmennyiségeden felül. A kiegészítő opció minden hónapban megújul, így nem kell minden hónapban megrendelned újra.'); 
insert into nestedkeyvalue VALUES ('60852-1.0.0-Description-hun', '60852-1.0.0-Description', 'This extra data pack will give you an additional 10 GB of mobile internet (on top of the data already included in your tariff). It will be activated every month at the start of your billing period so you don't have to worry about purchasing extra data every month - after you run out!'); 
insert into nestedkeyvalue VALUES ('60852-1.0.0-Description-unLocalized', '60852-1.0.0-Description', null); 
insert into keyvalue VALUES ('60852-1.0.0-Description', '60852-1.0.0', 'Post-Addon-1.0.0-Description', null); 
insert into keyvalue VALUES ('60852-1.0.0-Online_selfcare_id', '60852-1.0.0', 'Post-Addon-1.0.0-Online_selfcare_id', null); 
insert into keyvalue VALUES ('60852-1.0.0-Featured', '60852-1.0.0', 'Post-Addon-1.0.0-Featured', 'false'); 
insert into keyvalue VALUES ('60852-1.0.0-Id', '60852-1.0.0', 'Post-Addon-1.0.0-Id', '60852'); 
insert into keyvalue VALUES ('60852-1.0.0-Type', '60852-1.0.0', 'Post-Addon-1.0.0-Type', 'Recurring'); 
insert into nestedkeyvalue VALUES ('60852-1.0.0-Name-def', '60852-1.0.0-Name', 'Vállalati Extra Adat 10GB'); 
insert into nestedkeyvalue VALUES ('60852-1.0.0-Name-eng', '60852-1.0.0-Name', 'Vállalati Extra Adat 10GB'); 
insert into nestedkeyvalue VALUES ('60852-1.0.0-Name-hun', '60852-1.0.0-Name', 'ExtraAdat Recurring Add-on 10GB (3900 HUF, 2év)'); 
insert into nestedkeyvalue VALUES ('60852-1.0.0-Name-unLocalized', '60852-1.0.0-Name', null); 
insert into keyvalue VALUES ('60852-1.0.0-Name', '60852-1.0.0', 'Post-Addon-1.0.0-Name', null); 
insert into object VALUES ('60851-1.0.0', '60851'); 
insert into nestedkeyvalue VALUES ('60851-1.0.0-PSMCodes-Deactivation', '60851-1.0.0-PSMCodes', null); 
insert into nestedkeyvalue VALUES ('60851-1.0.0-PSMCodes-Activation', '60851-1.0.0-PSMCodes', null); 
insert into keyvalue VALUES ('60851-1.0.0-PSMCodes', '60851-1.0.0', 'Post-Addon-1.0.0-PSMCodes', null); 
insert into keyvalue VALUES ('60851-1.0.0-Refill_ids', '60851-1.0.0', 'Post-Addon-1.0.0-Refill_ids', null); 
insert into keyvalue VALUES ('60851-1.0.0-Data_usage_mb', '60851-1.0.0', 'Post-Addon-1.0.0-Data_usage_mb', '10240'); 
insert into keyvalue VALUES ('60851-1.0.0-Price', '60851-1.0.0', 'Post-Addon-1.0.0-Price', '4602'); 
insert into keyvalue VALUES ('60851-1.0.0-Active', '60851-1.0.0', 'Post-Addon-1.0.0-Active', 'false'); 
insert into nestedkeyvalue VALUES ('60851-1.0.0-Description-def', '60851-1.0.0-Description', 'Ezzel a kiegészítő adatopcióval 10 GB-tal növelheted az adatforgalmadat tarifádban foglalt adatmennyiségeden felül. A kiegészítő opció minden hónapban megújul, így nem kell minden hónapban megrendelned újra.'); 
insert into nestedkeyvalue VALUES ('60851-1.0.0-Description-eng', '60851-1.0.0-Description', 'Ezzel a kiegészítő adatopcióval 10 GB-tal növelheted az adatforgalmadat tarifádban foglalt adatmennyiségeden felül. A kiegészítő opció minden hónapban megújul, így nem kell minden hónapban megrendelned újra.'); 
insert into nestedkeyvalue VALUES ('60851-1.0.0-Description-hun', '60851-1.0.0-Description', 'This extra data pack will give you an additional 10 GB of mobile internet (on top of the data already included in your tariff). It will be activated every month at the start of your billing period so you don't have to worry about purchasing extra data every month - after you run out!'); 
insert into nestedkeyvalue VALUES ('60851-1.0.0-Description-unLocalized', '60851-1.0.0-Description', null); 
insert into keyvalue VALUES ('60851-1.0.0-Description', '60851-1.0.0', 'Post-Addon-1.0.0-Description', null); 
insert into keyvalue VALUES ('60851-1.0.0-Online_selfcare_id', '60851-1.0.0', 'Post-Addon-1.0.0-Online_selfcare_id', null); 
insert into keyvalue VALUES ('60851-1.0.0-Featured', '60851-1.0.0', 'Post-Addon-1.0.0-Featured', 'false'); 
insert into keyvalue VALUES ('60851-1.0.0-Id', '60851-1.0.0', 'Post-Addon-1.0.0-Id', '60851'); 
insert into keyvalue VALUES ('60851-1.0.0-Type', '60851-1.0.0', 'Post-Addon-1.0.0-Type', 'Recurring'); 
insert into nestedkeyvalue VALUES ('60851-1.0.0-Name-def', '60851-1.0.0-Name', 'Vállalati Extra Adat 10GB'); 
insert into nestedkeyvalue VALUES ('60851-1.0.0-Name-eng', '60851-1.0.0-Name', 'Vállalati Extra Adat 10GB'); 
insert into nestedkeyvalue VALUES ('60851-1.0.0-Name-hun', '60851-1.0.0-Name', 'ExtraAdat Recurring Add-on 10GB (3900 HUF, 1év)'); 
insert into nestedkeyvalue VALUES ('60851-1.0.0-Name-unLocalized', '60851-1.0.0-Name', null); 
insert into keyvalue VALUES ('60851-1.0.0-Name', '60851-1.0.0', 'Post-Addon-1.0.0-Name', null); 
insert into object VALUES ('60850-1.0.0', '60850'); 
insert into nestedkeyvalue VALUES ('60850-1.0.0-PSMCodes-Deactivation', '60850-1.0.0-PSMCodes', null); 
insert into nestedkeyvalue VALUES ('60850-1.0.0-PSMCodes-Activation', '60850-1.0.0-PSMCodes', null); 
insert into keyvalue VALUES ('60850-1.0.0-PSMCodes', '60850-1.0.0', 'Post-Addon-1.0.0-PSMCodes', null); 
insert into keyvalue VALUES ('60850-1.0.0-Refill_ids', '60850-1.0.0', 'Post-Addon-1.0.0-Refill_ids', null); 
insert into keyvalue VALUES ('60850-1.0.0-Data_usage_mb', '60850-1.0.0', 'Post-Addon-1.0.0-Data_usage_mb', '10240'); 
insert into keyvalue VALUES ('60850-1.0.0-Price', '60850-1.0.0', 'Post-Addon-1.0.0-Price', '4602'); 
insert into keyvalue VALUES ('60850-1.0.0-Active', '60850-1.0.0', 'Post-Addon-1.0.0-Active', 'false'); 
insert into nestedkeyvalue VALUES ('60850-1.0.0-Description-def', '60850-1.0.0-Description', 'Ezzel a kiegészítő adatopcióval 10 GB-tal növelheted az adatforgalmadat tarifádban foglalt adatmennyiségeden felül. A kiegészítő opció minden hónapban megújul, így nem kell minden hónapban megrendelned újra.'); 
insert into nestedkeyvalue VALUES ('60850-1.0.0-Description-eng', '60850-1.0.0-Description', 'Ezzel a kiegészítő adatopcióval 10 GB-tal növelheted az adatforgalmadat tarifádban foglalt adatmennyiségeden felül. A kiegészítő opció minden hónapban megújul, így nem kell minden hónapban megrendelned újra.'); 
insert into nestedkeyvalue VALUES ('60850-1.0.0-Description-hun', '60850-1.0.0-Description', 'This extra data pack will give you an additional 10 GB of mobile internet (on top of the data already included in your tariff). It will be activated every month at the start of your billing period so you don't have to worry about purchasing extra data every month - after you run out!'); 
insert into nestedkeyvalue VALUES ('60850-1.0.0-Description-unLocalized', '60850-1.0.0-Description', null); 
insert into keyvalue VALUES ('60850-1.0.0-Description', '60850-1.0.0', 'Post-Addon-1.0.0-Description', null); 
insert into keyvalue VALUES ('60850-1.0.0-Online_selfcare_id', '60850-1.0.0', 'Post-Addon-1.0.0-Online_selfcare_id', null); 
insert into keyvalue VALUES ('60850-1.0.0-Featured', '60850-1.0.0', 'Post-Addon-1.0.0-Featured', 'false'); 
insert into keyvalue VALUES ('60850-1.0.0-Id', '60850-1.0.0', 'Post-Addon-1.0.0-Id', '60850'); 
insert into keyvalue VALUES ('60850-1.0.0-Type', '60850-1.0.0', 'Post-Addon-1.0.0-Type', 'Recurring'); 
insert into nestedkeyvalue VALUES ('60850-1.0.0-Name-def', '60850-1.0.0-Name', 'Vállalati Extra Adat 10GB'); 
insert into nestedkeyvalue VALUES ('60850-1.0.0-Name-eng', '60850-1.0.0-Name', 'Vállalati Extra Adat 10GB'); 
insert into nestedkeyvalue VALUES ('60850-1.0.0-Name-hun', '60850-1.0.0-Name', 'ExtraAdat Recurring Add-on 10GB (3900 HUF)'); 
insert into nestedkeyvalue VALUES ('60850-1.0.0-Name-unLocalized', '60850-1.0.0-Name', null); 
insert into keyvalue VALUES ('60850-1.0.0-Name', '60850-1.0.0', 'Post-Addon-1.0.0-Name', null); 
insert into object VALUES ('60861-1.0.0', '60861'); 
insert into nestedkeyvalue VALUES ('60861-1.0.0-PSMCodes-Deactivation', '60861-1.0.0-PSMCodes', null); 
insert into nestedkeyvalue VALUES ('60861-1.0.0-PSMCodes-Activation', '60861-1.0.0-PSMCodes', null); 
insert into keyvalue VALUES ('60861-1.0.0-PSMCodes', '60861-1.0.0', 'Post-Addon-1.0.0-PSMCodes', null); 
insert into keyvalue VALUES ('60861-1.0.0-Refill_ids', '60861-1.0.0', 'Post-Addon-1.0.0-Refill_ids', null); 
insert into keyvalue VALUES ('60861-1.0.0-Data_usage_mb', '60861-1.0.0', 'Post-Addon-1.0.0-Data_usage_mb', '5120'); 
insert into keyvalue VALUES ('60861-1.0.0-Price', '60861-1.0.0', 'Post-Addon-1.0.0-Price', '2832'); 
insert into keyvalue VALUES ('60861-1.0.0-Active', '60861-1.0.0', 'Post-Addon-1.0.0-Active', 'false'); 
insert into nestedkeyvalue VALUES ('60861-1.0.0-Description-def', '60861-1.0.0-Description', 'Ezzel a kiegészítő adatopcióval 5 GB-tal növelheted az adatforgalmadat tarifádban foglalt adatmennyiségeden felül. A kiegészítő opció minden hónapban megújul, így nem kell minden hónapban megrendelned újra.'); 
insert into nestedkeyvalue VALUES ('60861-1.0.0-Description-eng', '60861-1.0.0-Description', 'Ezzel a kiegészítő adatopcióval 5 GB-tal növelheted az adatforgalmadat tarifádban foglalt adatmennyiségeden felül. A kiegészítő opció minden hónapban megújul, így nem kell minden hónapban megrendelned újra.'); 
insert into nestedkeyvalue VALUES ('60861-1.0.0-Description-hun', '60861-1.0.0-Description', 'This extra data pack will give you an additional 5 GB of mobile internet (on top of the data already included in your tariff). It will be activated every month at the start of your billing period so you don't have to worry about purchasing extra data every month - after you run out!'); 
insert into nestedkeyvalue VALUES ('60861-1.0.0-Description-unLocalized', '60861-1.0.0-Description', null); 
insert into keyvalue VALUES ('60861-1.0.0-Description', '60861-1.0.0', 'Post-Addon-1.0.0-Description', null); 
insert into keyvalue VALUES ('60861-1.0.0-Online_selfcare_id', '60861-1.0.0', 'Post-Addon-1.0.0-Online_selfcare_id', null); 
insert into keyvalue VALUES ('60861-1.0.0-Featured', '60861-1.0.0', 'Post-Addon-1.0.0-Featured', 'false'); 
insert into keyvalue VALUES ('60861-1.0.0-Id', '60861-1.0.0', 'Post-Addon-1.0.0-Id', '60861'); 
insert into keyvalue VALUES ('60861-1.0.0-Type', '60861-1.0.0', 'Post-Addon-1.0.0-Type', 'Recurring'); 
insert into nestedkeyvalue VALUES ('60861-1.0.0-Name-def', '60861-1.0.0-Name', 'Vállalati Extra Adat 5GB'); 
insert into nestedkeyvalue VALUES ('60861-1.0.0-Name-eng', '60861-1.0.0-Name', 'Vállalati Extra Adat 5GB'); 
insert into nestedkeyvalue VALUES ('60861-1.0.0-Name-hun', '60861-1.0.0-Name', 'ExtraAdat Recurring Add-on 5GB (2400 HUF, 2év)'); 
insert into nestedkeyvalue VALUES ('60861-1.0.0-Name-unLocalized', '60861-1.0.0-Name', null); 
insert into keyvalue VALUES ('60861-1.0.0-Name', '60861-1.0.0', 'Post-Addon-1.0.0-Name', null); 
insert into object VALUES ('60860-1.0.0', '60860'); 
insert into nestedkeyvalue VALUES ('60860-1.0.0-PSMCodes-Deactivation', '60860-1.0.0-PSMCodes', 'XPLUSZ1GBMEGUJULO'); 
insert into nestedkeyvalue VALUES ('60860-1.0.0-PSMCodes-Activation', '60860-1.0.0-PSMCodes', 'PLUSZ1GBMEGUJULO'); 
insert into keyvalue VALUES ('60860-1.0.0-PSMCodes', '60860-1.0.0', 'Post-Addon-1.0.0-PSMCodes', null); 
insert into keyvalue VALUES ('60860-1.0.0-Refill_ids', '60860-1.0.0', 'Post-Addon-1.0.0-Refill_ids', null); 
insert into keyvalue VALUES ('60860-1.0.0-Data_usage_mb', '60860-1.0.0', 'Post-Addon-1.0.0-Data_usage_mb', '5120'); 
insert into keyvalue VALUES ('60860-1.0.0-Price', '60860-1.0.0', 'Post-Addon-1.0.0-Price', '2832'); 
insert into keyvalue VALUES ('60860-1.0.0-Active', '60860-1.0.0', 'Post-Addon-1.0.0-Active', 'true'); 
insert into nestedkeyvalue VALUES ('60860-1.0.0-Description-def', '60860-1.0.0-Description', 'Ezzel a kiegészítő adatopcióval 5 GB-tal növelheted az adatforgalmadat tarifádban foglalt adatmennyiségeden felül. A kiegészítő opció minden hónapban megújul, így nem kell minden hónapban megrendelned újra.'); 
insert into nestedkeyvalue VALUES ('60860-1.0.0-Description-eng', '60860-1.0.0-Description', 'Ezzel a kiegészítő adatopcióval 5 GB-tal növelheted az adatforgalmadat tarifádban foglalt adatmennyiségeden felül. A kiegészítő opció minden hónapban megújul, így nem kell minden hónapban megrendelned újra.'); 
insert into nestedkeyvalue VALUES ('60860-1.0.0-Description-hun', '60860-1.0.0-Description', 'This extra data pack will give you an additional 5 GB of mobile internet (on top of the data already included in your tariff). It will be activated every month at the start of your billing period so you don't have to worry about purchasing extra data every month - after you run out!'); 
insert into nestedkeyvalue VALUES ('60860-1.0.0-Description-unLocalized', '60860-1.0.0-Description', null); 
insert into keyvalue VALUES ('60860-1.0.0-Description', '60860-1.0.0', 'Post-Addon-1.0.0-Description', null); 
insert into keyvalue VALUES ('60860-1.0.0-Online_selfcare_id', '60860-1.0.0', 'Post-Addon-1.0.0-Online_selfcare_id', null); 
insert into keyvalue VALUES ('60860-1.0.0-Featured', '60860-1.0.0', 'Post-Addon-1.0.0-Featured', 'false'); 
insert into keyvalue VALUES ('60860-1.0.0-Id', '60860-1.0.0', 'Post-Addon-1.0.0-Id', '60860'); 
insert into keyvalue VALUES ('60860-1.0.0-Type', '60860-1.0.0', 'Post-Addon-1.0.0-Type', 'Recurring'); 
insert into nestedkeyvalue VALUES ('60860-1.0.0-Name-def', '60860-1.0.0-Name', 'Vállalati Extra Adat 5GB'); 
insert into nestedkeyvalue VALUES ('60860-1.0.0-Name-eng', '60860-1.0.0-Name', 'Vállalati Extra Adat 5GB'); 
insert into nestedkeyvalue VALUES ('60860-1.0.0-Name-hun', '60860-1.0.0-Name', 'ExtraAdat Recurring Add-on 5GB (2400 HUF, 1év)'); 
insert into nestedkeyvalue VALUES ('60860-1.0.0-Name-unLocalized', '60860-1.0.0-Name', null); 
insert into keyvalue VALUES ('60860-1.0.0-Name', '60860-1.0.0', 'Post-Addon-1.0.0-Name', null); 
insert into object VALUES ('60858-1.0.0', '60858'); 
insert into nestedkeyvalue VALUES ('60858-1.0.0-PSMCodes-Deactivation', '60858-1.0.0-PSMCodes', null); 
insert into nestedkeyvalue VALUES ('60858-1.0.0-PSMCodes-Activation', '60858-1.0.0-PSMCodes', null); 
insert into keyvalue VALUES ('60858-1.0.0-PSMCodes', '60858-1.0.0', 'Post-Addon-1.0.0-PSMCodes', null); 
insert into keyvalue VALUES ('60858-1.0.0-Refill_ids', '60858-1.0.0', 'Post-Addon-1.0.0-Refill_ids', null); 
insert into keyvalue VALUES ('60858-1.0.0-Data_usage_mb', '60858-1.0.0', 'Post-Addon-1.0.0-Data_usage_mb', '2048'); 
insert into keyvalue VALUES ('60858-1.0.0-Price', '60858-1.0.0', 'Post-Addon-1.0.0-Price', '1888'); 
insert into keyvalue VALUES ('60858-1.0.0-Active', '60858-1.0.0', 'Post-Addon-1.0.0-Active', 'false'); 
insert into nestedkeyvalue VALUES ('60858-1.0.0-Description-def', '60858-1.0.0-Description', 'Ezzel a kiegészítő adatopcióval 2 GB-tal növelheted az adatforgalmadat tarifádban foglalt adatmennyiségeden felül. A kiegészítő opció minden hónapban megújul, így nem kell minden hónapban megrendelned újra.'); 
insert into nestedkeyvalue VALUES ('60858-1.0.0-Description-eng', '60858-1.0.0-Description', 'Ezzel a kiegészítő adatopcióval 2 GB-tal növelheted az adatforgalmadat tarifádban foglalt adatmennyiségeden felül. A kiegészítő opció minden hónapban megújul, így nem kell minden hónapban megrendelned újra.'); 
insert into nestedkeyvalue VALUES ('60858-1.0.0-Description-hun', '60858-1.0.0-Description', 'This extra data pack will give you an additional 2 GB of mobile internet (on top of the data already included in your tariff). It will be activated every month at the start of your billing period so you don't have to worry about purchasing extra data every month - after you run out!'); 
insert into nestedkeyvalue VALUES ('60858-1.0.0-Description-unLocalized', '60858-1.0.0-Description', null); 
insert into keyvalue VALUES ('60858-1.0.0-Description', '60858-1.0.0', 'Post-Addon-1.0.0-Description', null); 
insert into keyvalue VALUES ('60858-1.0.0-Online_selfcare_id', '60858-1.0.0', 'Post-Addon-1.0.0-Online_selfcare_id', null); 
insert into keyvalue VALUES ('60858-1.0.0-Featured', '60858-1.0.0', 'Post-Addon-1.0.0-Featured', 'false'); 
insert into keyvalue VALUES ('60858-1.0.0-Id', '60858-1.0.0', 'Post-Addon-1.0.0-Id', '60858'); 
insert into keyvalue VALUES ('60858-1.0.0-Type', '60858-1.0.0', 'Post-Addon-1.0.0-Type', 'Recurring'); 
insert into nestedkeyvalue VALUES ('60858-1.0.0-Name-def', '60858-1.0.0-Name', 'Vállalati Extra Adat 2GB'); 
insert into nestedkeyvalue VALUES ('60858-1.0.0-Name-eng', '60858-1.0.0-Name', 'Vállalati Extra Adat 2GB'); 
insert into nestedkeyvalue VALUES ('60858-1.0.0-Name-hun', '60858-1.0.0-Name', 'ExtraAdat Recurring Add-on 2GB (1600 HUF, 2év)'); 
insert into nestedkeyvalue VALUES ('60858-1.0.0-Name-unLocalized', '60858-1.0.0-Name', null); 
insert into keyvalue VALUES ('60858-1.0.0-Name', '60858-1.0.0', 'Post-Addon-1.0.0-Name', null); 
insert into object VALUES ('60857-1.0.0', '60857'); 
insert into nestedkeyvalue VALUES ('60857-1.0.0-PSMCodes-Deactivation', '60857-1.0.0-PSMCodes', null); 
insert into nestedkeyvalue VALUES ('60857-1.0.0-PSMCodes-Activation', '60857-1.0.0-PSMCodes', null); 
insert into keyvalue VALUES ('60857-1.0.0-PSMCodes', '60857-1.0.0', 'Post-Addon-1.0.0-PSMCodes', null); 
insert into keyvalue VALUES ('60857-1.0.0-Refill_ids', '60857-1.0.0', 'Post-Addon-1.0.0-Refill_ids', null); 
insert into keyvalue VALUES ('60857-1.0.0-Data_usage_mb', '60857-1.0.0', 'Post-Addon-1.0.0-Data_usage_mb', '2048'); 
insert into keyvalue VALUES ('60857-1.0.0-Price', '60857-1.0.0', 'Post-Addon-1.0.0-Price', '1888'); 
insert into keyvalue VALUES ('60857-1.0.0-Active', '60857-1.0.0', 'Post-Addon-1.0.0-Active', 'false'); 
insert into nestedkeyvalue VALUES ('60857-1.0.0-Description-def', '60857-1.0.0-Description', 'Ezzel a kiegészítő adatopcióval 2 GB-tal növelheted az adatforgalmadat tarifádban foglalt adatmennyiségeden felül. A kiegészítő opció minden hónapban megújul, így nem kell minden hónapban megrendelned újra.'); 
insert into nestedkeyvalue VALUES ('60857-1.0.0-Description-eng', '60857-1.0.0-Description', 'Ezzel a kiegészítő adatopcióval 2 GB-tal növelheted az adatforgalmadat tarifádban foglalt adatmennyiségeden felül. A kiegészítő opció minden hónapban megújul, így nem kell minden hónapban megrendelned újra.'); 
insert into nestedkeyvalue VALUES ('60857-1.0.0-Description-hun', '60857-1.0.0-Description', 'This extra data pack will give you an additional 2 GB of mobile internet (on top of the data already included in your tariff). It will be activated every month at the start of your billing period so you don't have to worry about purchasing extra data every month - after you run out!'); 
insert into nestedkeyvalue VALUES ('60857-1.0.0-Description-unLocalized', '60857-1.0.0-Description', null); 
insert into keyvalue VALUES ('60857-1.0.0-Description', '60857-1.0.0', 'Post-Addon-1.0.0-Description', null); 
insert into keyvalue VALUES ('60857-1.0.0-Online_selfcare_id', '60857-1.0.0', 'Post-Addon-1.0.0-Online_selfcare_id', null); 
insert into keyvalue VALUES ('60857-1.0.0-Featured', '60857-1.0.0', 'Post-Addon-1.0.0-Featured', 'false'); 
insert into keyvalue VALUES ('60857-1.0.0-Id', '60857-1.0.0', 'Post-Addon-1.0.0-Id', '60857'); 
insert into keyvalue VALUES ('60857-1.0.0-Type', '60857-1.0.0', 'Post-Addon-1.0.0-Type', 'Recurring'); 
insert into nestedkeyvalue VALUES ('60857-1.0.0-Name-def', '60857-1.0.0-Name', 'Vállalati Extra Adat 2GB'); 
insert into nestedkeyvalue VALUES ('60857-1.0.0-Name-eng', '60857-1.0.0-Name', 'Vállalati Extra Adat 2GB'); 
insert into nestedkeyvalue VALUES ('60857-1.0.0-Name-hun', '60857-1.0.0-Name', 'ExtraAdat Recurring Add-on 2GB (1600 HUF, 1év)'); 
insert into nestedkeyvalue VALUES ('60857-1.0.0-Name-unLocalized', '60857-1.0.0-Name', null); 
insert into keyvalue VALUES ('60857-1.0.0-Name', '60857-1.0.0', 'Post-Addon-1.0.0-Name', null); 
insert into object VALUES ('60856-1.0.0', '60856'); 
insert into nestedkeyvalue VALUES ('60856-1.0.0-PSMCodes-Deactivation', '60856-1.0.0-PSMCodes', null); 
insert into nestedkeyvalue VALUES ('60856-1.0.0-PSMCodes-Activation', '60856-1.0.0-PSMCodes', null); 
insert into keyvalue VALUES ('60856-1.0.0-PSMCodes', '60856-1.0.0', 'Post-Addon-1.0.0-PSMCodes', null); 
insert into keyvalue VALUES ('60856-1.0.0-Refill_ids', '60856-1.0.0', 'Post-Addon-1.0.0-Refill_ids', null); 
insert into keyvalue VALUES ('60856-1.0.0-Data_usage_mb', '60856-1.0.0', 'Post-Addon-1.0.0-Data_usage_mb', '2048'); 
insert into keyvalue VALUES ('60856-1.0.0-Price', '60856-1.0.0', 'Post-Addon-1.0.0-Price', '1888'); 
insert into keyvalue VALUES ('60856-1.0.0-Active', '60856-1.0.0', 'Post-Addon-1.0.0-Active', 'false'); 
insert into nestedkeyvalue VALUES ('60856-1.0.0-Description-def', '60856-1.0.0-Description', 'Ezzel a kiegészítő adatopcióval 2 GB-tal növelheted az adatforgalmadat tarifádban foglalt adatmennyiségeden felül. A kiegészítő opció minden hónapban megújul, így nem kell minden hónapban megrendelned újra.'); 
insert into nestedkeyvalue VALUES ('60856-1.0.0-Description-eng', '60856-1.0.0-Description', 'Ezzel a kiegészítő adatopcióval 2 GB-tal növelheted az adatforgalmadat tarifádban foglalt adatmennyiségeden felül. A kiegészítő opció minden hónapban megújul, így nem kell minden hónapban megrendelned újra.'); 
insert into nestedkeyvalue VALUES ('60856-1.0.0-Description-hun', '60856-1.0.0-Description', 'This extra data pack will give you an additional 2 GB of mobile internet (on top of the data already included in your tariff). It will be activated every month at the start of your billing period so you don't have to worry about purchasing extra data every month - after you run out!'); 
insert into nestedkeyvalue VALUES ('60856-1.0.0-Description-unLocalized', '60856-1.0.0-Description', null); 
insert into keyvalue VALUES ('60856-1.0.0-Description', '60856-1.0.0', 'Post-Addon-1.0.0-Description', null); 
insert into keyvalue VALUES ('60856-1.0.0-Online_selfcare_id', '60856-1.0.0', 'Post-Addon-1.0.0-Online_selfcare_id', null); 
insert into keyvalue VALUES ('60856-1.0.0-Featured', '60856-1.0.0', 'Post-Addon-1.0.0-Featured', 'false'); 
insert into keyvalue VALUES ('60856-1.0.0-Id', '60856-1.0.0', 'Post-Addon-1.0.0-Id', '60856'); 
insert into keyvalue VALUES ('60856-1.0.0-Type', '60856-1.0.0', 'Post-Addon-1.0.0-Type', 'Recurring'); 
insert into nestedkeyvalue VALUES ('60856-1.0.0-Name-def', '60856-1.0.0-Name', 'Vállalati Extra Adat 2GB'); 
insert into nestedkeyvalue VALUES ('60856-1.0.0-Name-eng', '60856-1.0.0-Name', 'Vállalati Extra Adat 2GB'); 
insert into nestedkeyvalue VALUES ('60856-1.0.0-Name-hun', '60856-1.0.0-Name', 'ExtraAdat Recurring Add-on 2GB (1600 HUF)'); 
insert into nestedkeyvalue VALUES ('60856-1.0.0-Name-unLocalized', '60856-1.0.0-Name', null); 
insert into keyvalue VALUES ('60856-1.0.0-Name', '60856-1.0.0', 'Post-Addon-1.0.0-Name', null); 
insert into object VALUES ('61365-1.0.0', '61365'); 
insert into nestedkeyvalue VALUES ('61365-1.0.0-PSMCodes-Activation', '61365-1.0.0-PSMCodes', null); 
insert into keyvalue VALUES ('61365-1.0.0-PSMCodes', '61365-1.0.0', 'Post-Addon-1.0.0-PSMCodes', null); 
insert into keyvalue VALUES ('61365-1.0.0-Refill_ids', '61365-1.0.0', 'Post-Addon-1.0.0-Refill_ids', null); 
insert into keyvalue VALUES ('61365-1.0.0-Data_usage_mb', '61365-1.0.0', 'Post-Addon-1.0.0-Data_usage_mb', '50'); 
insert into keyvalue VALUES ('61365-1.0.0-Price', '61365-1.0.0', 'Post-Addon-1.0.0-Price', '0'); 
insert into keyvalue VALUES ('61365-1.0.0-Active', '61365-1.0.0', 'Post-Addon-1.0.0-Active', 'false'); 
insert into nestedkeyvalue VALUES ('61365-1.0.0-Description-def', '61365-1.0.0-Description', 'Töltsd fel kódod a „Netre szomjazol?” játékban, és kódonként 50 MB-ot jóváírunk egyenlegeden, melyet ma éjfélig használhatsz fel belföldön. SMS-ben értesítünk, ha promóciós adatforgalmad elfogy, egy nap maximum 3x50 MB-ot gyűjthetsz!'); 
insert into nestedkeyvalue VALUES ('61365-1.0.0-Description-eng', '61365-1.0.0-Description', 'Töltsd fel kódod a „Netre szomjazol?” játékban, és kódonként 50 MB-ot jóváírunk egyenlegeden, melyet ma éjfélig használhatsz fel belföldön. SMS-ben értesítünk, ha promóciós adatforgalmad elfogy, egy nap maximum 3x50 MB-ot gyűjthetsz!'); 
insert into nestedkeyvalue VALUES ('61365-1.0.0-Description-hun', '61365-1.0.0-Description', 'Upload your code in the „Netre Szomjazol?” game and we give 50 MB extra data for domestic use, which can be consumed until this midnight. We are going to send SMS notification, if you run out of it. You can collect max 3x50 MB per day.'); 
insert into nestedkeyvalue VALUES ('61365-1.0.0-Description-unLocalized', '61365-1.0.0-Description', null); 
insert into keyvalue VALUES ('61365-1.0.0-Description', '61365-1.0.0', 'Post-Addon-1.0.0-Description', null); 
insert into keyvalue VALUES ('61365-1.0.0-Online_selfcare_id', '61365-1.0.0', 'Post-Addon-1.0.0-Online_selfcare_id', null); 
insert into keyvalue VALUES ('61365-1.0.0-Featured', '61365-1.0.0', 'Post-Addon-1.0.0-Featured', 'false'); 
insert into keyvalue VALUES ('61365-1.0.0-Id', '61365-1.0.0', 'Post-Addon-1.0.0-Id', '61365'); 
insert into keyvalue VALUES ('61365-1.0.0-Type', '61365-1.0.0', 'Post-Addon-1.0.0-Type', 'Emergency'); 
insert into nestedkeyvalue VALUES ('61365-1.0.0-Name-def', '61365-1.0.0-Name', 'Netre szomjazol adat'); 
insert into nestedkeyvalue VALUES ('61365-1.0.0-Name-eng', '61365-1.0.0-Name', 'Netre szomjazol adat'); 
insert into nestedkeyvalue VALUES ('61365-1.0.0-Name-hun', '61365-1.0.0-Name', 'Netre szomjazol data'); 
insert into nestedkeyvalue VALUES ('61365-1.0.0-Name-unLocalized', '61365-1.0.0-Name', null); 
insert into keyvalue VALUES ('61365-1.0.0-Name', '61365-1.0.0', 'Post-Addon-1.0.0-Name', null); 
insert into object VALUES ('61364-1.0.0', '61364'); 
insert into nestedkeyvalue VALUES ('61364-1.0.0-PSMCodes-Activation', '61364-1.0.0-PSMCodes', null); 
insert into keyvalue VALUES ('61364-1.0.0-PSMCodes', '61364-1.0.0', 'Post-Addon-1.0.0-PSMCodes', null); 
insert into keyvalue VALUES ('61364-1.0.0-Refill_ids', '61364-1.0.0', 'Post-Addon-1.0.0-Refill_ids', null); 
insert into keyvalue VALUES ('61364-1.0.0-Data_usage_mb', '61364-1.0.0', 'Post-Addon-1.0.0-Data_usage_mb', '1024'); 
insert into keyvalue VALUES ('61364-1.0.0-Price', '61364-1.0.0', 'Post-Addon-1.0.0-Price', '0'); 
insert into keyvalue VALUES ('61364-1.0.0-Active', '61364-1.0.0', 'Post-Addon-1.0.0-Active', 'false'); 
insert into nestedkeyvalue VALUES ('61364-1.0.0-Description-def', '61364-1.0.0-Description', 'A „Netre szomjazol?” játékban heti nyereményed 1GB adatforgalom, mely 30 napig, illetve nyeremény aktiválását követő számlázási ciklus végéig használható fel belföldön.'); 
insert into nestedkeyvalue VALUES ('61364-1.0.0-Description-eng', '61364-1.0.0-Description', 'A „Netre szomjazol?” játékban heti nyereményed 1GB adatforgalom, mely 30 napig, illetve nyeremény aktiválását követő számlázási ciklus végéig használható fel belföldön.'); 
insert into nestedkeyvalue VALUES ('61364-1.0.0-Description-hun', '61364-1.0.0-Description', '1 GB extra data is the monthly prize of the „Netre szomjazol?” game, which is for domestic use and can be consumed in 30 days or until the next billing cycle after the activation. We are going to send SMS notification, if you run out of it.'); 
insert into nestedkeyvalue VALUES ('61364-1.0.0-Description-unLocalized', '61364-1.0.0-Description', null); 
insert into keyvalue VALUES ('61364-1.0.0-Description', '61364-1.0.0', 'Post-Addon-1.0.0-Description', null); 
insert into keyvalue VALUES ('61364-1.0.0-Online_selfcare_id', '61364-1.0.0', 'Post-Addon-1.0.0-Online_selfcare_id', null); 
insert into keyvalue VALUES ('61364-1.0.0-Featured', '61364-1.0.0', 'Post-Addon-1.0.0-Featured', 'false'); 
insert into keyvalue VALUES ('61364-1.0.0-Id', '61364-1.0.0', 'Post-Addon-1.0.0-Id', '61364'); 
insert into keyvalue VALUES ('61364-1.0.0-Type', '61364-1.0.0', 'Post-Addon-1.0.0-Type', 'Multicycle'); 
insert into nestedkeyvalue VALUES ('61364-1.0.0-Name-def', '61364-1.0.0-Name', 'Netre szomjazol 1 GB'); 
insert into nestedkeyvalue VALUES ('61364-1.0.0-Name-eng', '61364-1.0.0-Name', 'Netre szomjazol 1 GB'); 
insert into nestedkeyvalue VALUES ('61364-1.0.0-Name-hun', '61364-1.0.0-Name', 'Netre szomjazol 1 GB'); 
insert into nestedkeyvalue VALUES ('61364-1.0.0-Name-unLocalized', '61364-1.0.0-Name', null); 
insert into keyvalue VALUES ('61364-1.0.0-Name', '61364-1.0.0', 'Post-Addon-1.0.0-Name', null); 
insert into object VALUES ('60783-1.0.0', '60783'); 
insert into nestedkeyvalue VALUES ('60783-1.0.0-PSMCodes-Deactivation', '60783-1.0.0-PSMCodes', null); 
insert into nestedkeyvalue VALUES ('60783-1.0.0-PSMCodes-Activation', '60783-1.0.0-PSMCodes', 'EXTRA200MB'); 
insert into keyvalue VALUES ('60783-1.0.0-PSMCodes', '60783-1.0.0', 'Post-Addon-1.0.0-PSMCodes', null); 
insert into objectrelation VALUES ('60783-1.0.0-Refill_ids-O_EXREF2_393c7', '60783-1.0.0-Refill_ids', 'O_EXREF2_393c7-1.0.0'); 
insert into keyvalue VALUES ('60783-1.0.0-Refill_ids', '60783-1.0.0', 'Post-Addon-1.0.0-Refill_ids', null); 
insert into keyvalue VALUES ('60783-1.0.0-Data_usage_mb', '60783-1.0.0', 'Post-Addon-1.0.0-Data_usage_mb', '200'); 
insert into keyvalue VALUES ('60783-1.0.0-Price', '60783-1.0.0', 'Post-Addon-1.0.0-Price', '465'); 
insert into keyvalue VALUES ('60783-1.0.0-Active', '60783-1.0.0', 'Post-Addon-1.0.0-Active', 'true'); 
insert into nestedkeyvalue VALUES ('60783-1.0.0-Description-def', '60783-1.0.0-Description', 'Válaszd ezt az adatopciót és növeld meg a tarifádban foglalt adatkeretedet 200 MB-tal, amit egészen számlazárásig felhasználhatsz. Az opció ára 465 Ft.'); 
insert into nestedkeyvalue VALUES ('60783-1.0.0-Description-eng', '60783-1.0.0-Description', 'Válaszd ezt az adatopciót és növeld meg a tarifádban foglalt adatkeretedet 200 MB-tal, amit egészen számlazárásig felhasználhatsz. Az opció ára 465 Ft.'); 
insert into nestedkeyvalue VALUES ('60783-1.0.0-Description-hun', '60783-1.0.0-Description', 'This extra data pack will give you an additional 200 MB of mobile internet until the end of your current bill cycle for 465 Ft.'); 
insert into nestedkeyvalue VALUES ('60783-1.0.0-Description-unLocalized', '60783-1.0.0-Description', null); 
insert into keyvalue VALUES ('60783-1.0.0-Description', '60783-1.0.0', 'Post-Addon-1.0.0-Description', null); 
insert into keyvalue VALUES ('60783-1.0.0-Online_selfcare_id', '60783-1.0.0', 'Post-Addon-1.0.0-Online_selfcare_id', null); 
insert into keyvalue VALUES ('60783-1.0.0-Featured', '60783-1.0.0', 'Post-Addon-1.0.0-Featured', 'false'); 
insert into keyvalue VALUES ('60783-1.0.0-Id', '60783-1.0.0', 'Post-Addon-1.0.0-Id', '60783'); 
insert into keyvalue VALUES ('60783-1.0.0-Type', '60783-1.0.0', 'Post-Addon-1.0.0-Type', 'One Time'); 
insert into nestedkeyvalue VALUES ('60783-1.0.0-Name-def', '60783-1.0.0-Name', '200 MB ExtraAdat'); 
insert into nestedkeyvalue VALUES ('60783-1.0.0-Name-eng', '60783-1.0.0-Name', '200 MB ExtraAdat'); 
insert into nestedkeyvalue VALUES ('60783-1.0.0-Name-hun', '60783-1.0.0-Name', '200 MB ExtraAdat'); 
insert into nestedkeyvalue VALUES ('60783-1.0.0-Name-unLocalized', '60783-1.0.0-Name', null); 
insert into keyvalue VALUES ('60783-1.0.0-Name', '60783-1.0.0', 'Post-Addon-1.0.0-Name', null); 
insert into object VALUES ('60859-1.0.0', '60859'); 
insert into nestedkeyvalue VALUES ('60859-1.0.0-PSMCodes-Deactivation', '60859-1.0.0-PSMCodes', 'XEXTRA5GB-M'); 
insert into nestedkeyvalue VALUES ('60859-1.0.0-PSMCodes-Activation', '60859-1.0.0-PSMCodes', 'EXTRA5GB-M'); 
insert into keyvalue VALUES ('60859-1.0.0-PSMCodes', '60859-1.0.0', 'Post-Addon-1.0.0-PSMCodes', null); 
insert into keyvalue VALUES ('60859-1.0.0-Refill_ids', '60859-1.0.0', 'Post-Addon-1.0.0-Refill_ids', null); 
insert into keyvalue VALUES ('60859-1.0.0-Data_usage_mb', '60859-1.0.0', 'Post-Addon-1.0.0-Data_usage_mb', '5120'); 
insert into keyvalue VALUES ('60859-1.0.0-Price', '60859-1.0.0', 'Post-Addon-1.0.0-Price', '2832'); 
insert into keyvalue VALUES ('60859-1.0.0-Active', '60859-1.0.0', 'Post-Addon-1.0.0-Active', 'true'); 
insert into nestedkeyvalue VALUES ('60859-1.0.0-Description-def', '60859-1.0.0-Description', 'Válaszd ezt az adatopciót és növeld meg a tarifádban foglalt adatkeretedet 5 GB-tal, amit egészen számlazárásig felhasználhatsz. Ez az adatopció minden hónapban automatikusan megújul, így nem kell havonta újra megrendelned és bármikor lemondhatod. Az opció ára 2832 Ft.'); 
insert into nestedkeyvalue VALUES ('60859-1.0.0-Description-eng', '60859-1.0.0-Description', 'Válaszd ezt az adatopciót és növeld meg a tarifádban foglalt adatkeretedet 5 GB-tal, amit egészen számlazárásig felhasználhatsz. Ez az adatopció minden hónapban automatikusan megújul, így nem kell havonta újra megrendelned és bármikor lemondhatod. Az opció ára 2832 Ft.'); 
insert into nestedkeyvalue VALUES ('60859-1.0.0-Description-hun', '60859-1.0.0-Description', 'This extra data pack will give you additional 5GB of mobile internet (on top of the data already included in your tariff) for 2832 Ft. It will be activated every month at the start of your billing period so you don't have to worry about purchasing extra data every month - after you run out! You can cancel this extra data pack at any time.'); 
insert into nestedkeyvalue VALUES ('60859-1.0.0-Description-unLocalized', '60859-1.0.0-Description', null); 
insert into keyvalue VALUES ('60859-1.0.0-Description', '60859-1.0.0', 'Post-Addon-1.0.0-Description', null); 
insert into keyvalue VALUES ('60859-1.0.0-Online_selfcare_id', '60859-1.0.0', 'Post-Addon-1.0.0-Online_selfcare_id', null); 
insert into keyvalue VALUES ('60859-1.0.0-Featured', '60859-1.0.0', 'Post-Addon-1.0.0-Featured', 'false'); 
insert into keyvalue VALUES ('60859-1.0.0-Id', '60859-1.0.0', 'Post-Addon-1.0.0-Id', '60859'); 
insert into keyvalue VALUES ('60859-1.0.0-Type', '60859-1.0.0', 'Post-Addon-1.0.0-Type', 'Recurring'); 
insert into nestedkeyvalue VALUES ('60859-1.0.0-Name-def', '60859-1.0.0-Name', '5 GB ExtraAdat (Megújuló)'); 
insert into nestedkeyvalue VALUES ('60859-1.0.0-Name-eng', '60859-1.0.0-Name', '5 GB ExtraAdat (Megújuló)'); 
insert into nestedkeyvalue VALUES ('60859-1.0.0-Name-hun', '60859-1.0.0-Name', '5 GB ExtraAdat (Recurring)'); 
insert into nestedkeyvalue VALUES ('60859-1.0.0-Name-unLocalized', '60859-1.0.0-Name', null); 
insert into keyvalue VALUES ('60859-1.0.0-Name', '60859-1.0.0', 'Post-Addon-1.0.0-Name', null); 
insert into object VALUES ('62611-1.0.0', '62611'); 
insert into nestedkeyvalue VALUES ('62611-1.0.0-PSMCodes-Deactivation', '62611-1.0.0-PSMCodes', 'XPLUSZ200MB-auto'); 
insert into nestedkeyvalue VALUES ('62611-1.0.0-PSMCodes-Activation', '62611-1.0.0-PSMCodes', 'PLUSZ200MB-auto'); 
insert into keyvalue VALUES ('62611-1.0.0-PSMCodes', '62611-1.0.0', 'Post-Addon-1.0.0-PSMCodes', null); 
insert into keyvalue VALUES ('62611-1.0.0-Refill_ids', '62611-1.0.0', 'Post-Addon-1.0.0-Refill_ids', null); 
insert into keyvalue VALUES ('62611-1.0.0-Data_usage_mb', '62611-1.0.0', 'Post-Addon-1.0.0-Data_usage_mb', '200'); 
insert into keyvalue VALUES ('62611-1.0.0-Price', '62611-1.0.0', 'Post-Addon-1.0.0-Price', '465'); 
insert into keyvalue VALUES ('62611-1.0.0-Active', '62611-1.0.0', 'Post-Addon-1.0.0-Active', 'true'); 
insert into nestedkeyvalue VALUES ('62611-1.0.0-Description-def', '62611-1.0.0-Description', 'Válaszd ezt az adatopciót és növeld meg a tarifádban foglalt adatkeretedet 200 MB-tal, amit egészen számlazárásig felhasználhatsz. Az opció ára 465 Ft.'); 
insert into nestedkeyvalue VALUES ('62611-1.0.0-Description-eng', '62611-1.0.0-Description', 'Válaszd ezt az adatopciót és növeld meg a tarifádban foglalt adatkeretedet 200 MB-tal, amit egészen számlazárásig felhasználhatsz. Az opció ára 465 Ft.'); 
insert into nestedkeyvalue VALUES ('62611-1.0.0-Description-hun', '62611-1.0.0-Description', 'This extra data pack will give you an additional 200 MB of mobile internet until the end of your current bill cycle for 465 Ft.'); 
insert into nestedkeyvalue VALUES ('62611-1.0.0-Description-unLocalized', '62611-1.0.0-Description', null); 
insert into keyvalue VALUES ('62611-1.0.0-Description', '62611-1.0.0', 'Post-Addon-1.0.0-Description', null); 
insert into keyvalue VALUES ('62611-1.0.0-Online_selfcare_id', '62611-1.0.0', 'Post-Addon-1.0.0-Online_selfcare_id', null); 
insert into keyvalue VALUES ('62611-1.0.0-Featured', '62611-1.0.0', 'Post-Addon-1.0.0-Featured', 'false'); 
insert into keyvalue VALUES ('62611-1.0.0-Id', '62611-1.0.0', 'Post-Addon-1.0.0-Id', '62611'); 
insert into keyvalue VALUES ('62611-1.0.0-Type', '62611-1.0.0', 'Post-Addon-1.0.0-Type', 'autoAO'); 
insert into nestedkeyvalue VALUES ('62611-1.0.0-Name-def', '62611-1.0.0-Name', 'Automatikus PluszAdat 200 MB'); 
insert into nestedkeyvalue VALUES ('62611-1.0.0-Name-eng', '62611-1.0.0-Name', 'Automatikus PluszAdat 200 MB'); 
insert into nestedkeyvalue VALUES ('62611-1.0.0-Name-hun', '62611-1.0.0-Name', 'Automatic PluszAdat 200 MB'); 
insert into nestedkeyvalue VALUES ('62611-1.0.0-Name-unLocalized', '62611-1.0.0-Name', null); 
insert into keyvalue VALUES ('62611-1.0.0-Name', '62611-1.0.0', 'Post-Addon-1.0.0-Name', null); 
insert into object VALUES ('62615-1.0.0', '62615'); 
insert into nestedkeyvalue VALUES ('62615-1.0.0-PSMCodes-Deactivation', '62615-1.0.0-PSMCodes', 'XPLUSZ200MB-H'); 
insert into nestedkeyvalue VALUES ('62615-1.0.0-PSMCodes-Activation', '62615-1.0.0-PSMCodes', 'PLUSZ200MB-H'); 
insert into keyvalue VALUES ('62615-1.0.0-PSMCodes', '62615-1.0.0', 'Post-Addon-1.0.0-PSMCodes', null); 
insert into keyvalue VALUES ('62615-1.0.0-Refill_ids', '62615-1.0.0', 'Post-Addon-1.0.0-Refill_ids', null); 
insert into keyvalue VALUES ('62615-1.0.0-Data_usage_mb', '62615-1.0.0', 'Post-Addon-1.0.0-Data_usage_mb', '200'); 
insert into keyvalue VALUES ('62615-1.0.0-Price', '62615-1.0.0', 'Post-Addon-1.0.0-Price', '372'); 
insert into keyvalue VALUES ('62615-1.0.0-Active', '62615-1.0.0', 'Post-Addon-1.0.0-Active', 'true'); 
insert into nestedkeyvalue VALUES ('62615-1.0.0-Description-def', '62615-1.0.0-Description', 'Ezzel a kiegészítő adatopcióval 200 MB-tal növelheted az adatforgalmadat hav 372 Ft-ért a tarifádban, valamit az Automatikus PluszAdat opciódba foglalt adatmennyiségeden felül. A kiegészítő opció minden hónapban megújul, így nem kell minden hónapban megrendelned újra. Az opciót a tarifádban vállalt előfizetési idő végéig csak kötbér ellenében mondhatod le, ami az ÁSZF 12.6.12 pontjában írtak szerint a kedvezményes opció havi előfizetési díjának a tarifáddal megvásárolható Plusz Adat havi díjához képest számított, igénybe vett kedvezménnyel azonos mértékű. A határozott idő lejártát követően a kedvezményes opciót kötbér nélkül bármikor lemondhatod.'); 
insert into nestedkeyvalue VALUES ('62615-1.0.0-Description-eng', '62615-1.0.0-Description', 'Ezzel a kiegészítő adatopcióval 200 MB-tal növelheted az adatforgalmadat hav 372 Ft-ért a tarifádban, valamit az Automatikus PluszAdat opciódba foglalt adatmennyiségeden felül. A kiegészítő opció minden hónapban megújul, így nem kell minden hónapban megrendelned újra. Az opciót a tarifádban vállalt előfizetési idő végéig csak kötbér ellenében mondhatod le, ami az ÁSZF 12.6.12 pontjában írtak szerint a kedvezményes opció havi előfizetési díjának a tarifáddal megvásárolható Plusz Adat havi díjához képest számított, igénybe vett kedvezménnyel azonos mértékű. A határozott idő lejártát követően a kedvezményes opciót kötbér nélkül bármikor lemondhatod.'); 
insert into nestedkeyvalue VALUES ('62615-1.0.0-Description-hun', '62615-1.0.0-Description', 'This extra data pack will give you an additional 200 MB of mobile internet (on top of the data already included in your tariff or Automatikus PluszAdat option) for 372 Ft. It will be activated every month at the start of your billing period so you don't have to worry about purchasing extra data every month - after you run out! Cancelation of the option within your contract period entails a contractual fee, as described in GTC 12.6.12, which equals to the amount of discount granted in the monthly subscription fee of the preferential option, as compared to the monthly fee of the Plus Data option included in your tariff. After the fixed term contract expires you can opt out without any additional fee.'); 
insert into nestedkeyvalue VALUES ('62615-1.0.0-Description-unLocalized', '62615-1.0.0-Description', null); 
insert into keyvalue VALUES ('62615-1.0.0-Description', '62615-1.0.0', 'Post-Addon-1.0.0-Description', null); 
insert into keyvalue VALUES ('62615-1.0.0-Online_selfcare_id', '62615-1.0.0', 'Post-Addon-1.0.0-Online_selfcare_id', null); 
insert into keyvalue VALUES ('62615-1.0.0-Featured', '62615-1.0.0', 'Post-Addon-1.0.0-Featured', 'false'); 
insert into keyvalue VALUES ('62615-1.0.0-Id', '62615-1.0.0', 'Post-Addon-1.0.0-Id', '62615'); 
insert into keyvalue VALUES ('62615-1.0.0-Type', '62615-1.0.0', 'Post-Addon-1.0.0-Type', 'Recurring'); 
insert into nestedkeyvalue VALUES ('62615-1.0.0-Name-def', '62615-1.0.0-Name', 'Kedvezményes Megújuló PluszAdat 200MB'); 
insert into nestedkeyvalue VALUES ('62615-1.0.0-Name-eng', '62615-1.0.0-Name', 'Kedvezményes Megújuló PluszAdat 200MB'); 
insert into nestedkeyvalue VALUES ('62615-1.0.0-Name-hun', '62615-1.0.0-Name', 'PluszAdat  200 MB (Discount)'); 
insert into nestedkeyvalue VALUES ('62615-1.0.0-Name-unLocalized', '62615-1.0.0-Name', null); 
insert into keyvalue VALUES ('62615-1.0.0-Name', '62615-1.0.0', 'Post-Addon-1.0.0-Name', null); 
insert into object VALUES ('62612-1.0.0', '62612'); 
insert into nestedkeyvalue VALUES ('62612-1.0.0-PSMCodes-Deactivation', '62612-1.0.0-PSMCodes', 'XPLUSZ200MB'); 
insert into nestedkeyvalue VALUES ('62612-1.0.0-PSMCodes-Activation', '62612-1.0.0-PSMCodes', 'PLUSZ200MB'); 
insert into keyvalue VALUES ('62612-1.0.0-PSMCodes', '62612-1.0.0', 'Post-Addon-1.0.0-PSMCodes', null); 
insert into objectrelation VALUES ('62612-1.0.0-Refill_ids-O_REFIL200_590c55', '62612-1.0.0-Refill_ids', 'O_REFIL200_590c55-1.0.0'); 
insert into keyvalue VALUES ('62612-1.0.0-Refill_ids', '62612-1.0.0', 'Post-Addon-1.0.0-Refill_ids', null); 
insert into keyvalue VALUES ('62612-1.0.0-Data_usage_mb', '62612-1.0.0', 'Post-Addon-1.0.0-Data_usage_mb', '200'); 
insert into keyvalue VALUES ('62612-1.0.0-Price', '62612-1.0.0', 'Post-Addon-1.0.0-Price', '697'); 
insert into keyvalue VALUES ('62612-1.0.0-Active', '62612-1.0.0', 'Post-Addon-1.0.0-Active', 'true'); 
insert into nestedkeyvalue VALUES ('62612-1.0.0-Description-def', '62612-1.0.0-Description', 'Ha ezt a kiegészítő adat opciót választod, akkor számlazárásig adatforgalmadat 200 MB-tal növelheted 697 Ft-ért.'); 
insert into nestedkeyvalue VALUES ('62612-1.0.0-Description-eng', '62612-1.0.0-Description', 'Ha ezt a kiegészítő adat opciót választod, akkor számlazárásig adatforgalmadat 200 MB-tal növelheted 697 Ft-ért.'); 
insert into nestedkeyvalue VALUES ('62612-1.0.0-Description-hun', '62612-1.0.0-Description', 'This extra data pack will give you an additional 200 MB of mobile internet until the end of your current bill cycle for 697 Ft.'); 
insert into nestedkeyvalue VALUES ('62612-1.0.0-Description-unLocalized', '62612-1.0.0-Description', null); 
insert into keyvalue VALUES ('62612-1.0.0-Description', '62612-1.0.0', 'Post-Addon-1.0.0-Description', null); 
insert into keyvalue VALUES ('62612-1.0.0-Online_selfcare_id', '62612-1.0.0', 'Post-Addon-1.0.0-Online_selfcare_id', null); 
insert into keyvalue VALUES ('62612-1.0.0-Featured', '62612-1.0.0', 'Post-Addon-1.0.0-Featured', 'false'); 
insert into keyvalue VALUES ('62612-1.0.0-Id', '62612-1.0.0', 'Post-Addon-1.0.0-Id', '62612'); 
insert into keyvalue VALUES ('62612-1.0.0-Type', '62612-1.0.0', 'Post-Addon-1.0.0-Type', 'One Time'); 
insert into nestedkeyvalue VALUES ('62612-1.0.0-Name-def', '62612-1.0.0-Name', 'PluszAdat 200 MB'); 
insert into nestedkeyvalue VALUES ('62612-1.0.0-Name-eng', '62612-1.0.0-Name', 'PluszAdat 200 MB'); 
insert into nestedkeyvalue VALUES ('62612-1.0.0-Name-hun', '62612-1.0.0-Name', 'PluszAdat 200 MB'); 
insert into nestedkeyvalue VALUES ('62612-1.0.0-Name-unLocalized', '62612-1.0.0-Name', null); 
insert into keyvalue VALUES ('62612-1.0.0-Name', '62612-1.0.0', 'Post-Addon-1.0.0-Name', null); 
insert into object VALUES ('62616-1.0.0', '62616'); 
insert into nestedkeyvalue VALUES ('62616-1.0.0-PSMCodes-Deactivation', '62616-1.0.0-PSMCodes', 'XPLUSZ500MB-H'); 
insert into nestedkeyvalue VALUES ('62616-1.0.0-PSMCodes-Activation', '62616-1.0.0-PSMCodes', 'PLUSZ500MB-H'); 
insert into keyvalue VALUES ('62616-1.0.0-PSMCodes', '62616-1.0.0', 'Post-Addon-1.0.0-PSMCodes', null); 
insert into keyvalue VALUES ('62616-1.0.0-Refill_ids', '62616-1.0.0', 'Post-Addon-1.0.0-Refill_ids', null); 
insert into keyvalue VALUES ('62616-1.0.0-Data_usage_mb', '62616-1.0.0', 'Post-Addon-1.0.0-Data_usage_mb', '500'); 
insert into keyvalue VALUES ('62616-1.0.0-Price', '62616-1.0.0', 'Post-Addon-1.0.0-Price', '465'); 
insert into keyvalue VALUES ('62616-1.0.0-Active', '62616-1.0.0', 'Post-Addon-1.0.0-Active', 'true'); 
insert into nestedkeyvalue VALUES ('62616-1.0.0-Description-def', '62616-1.0.0-Description', 'Ezzel a kiegészítő adatopcióval 500 MB-tal növelheted az adatforgalmadat hav 465 Ft-ért a tarifádban, valamit az Automatikus PluszAdat opciódba foglalt adatmennyiségeden felül. A kiegészítő opció minden hónapban megújul, így nem kell minden hónapban megrendelned újra. Az opciót a tarifádban vállalt előfizetési idő végéig csak kötbér ellenében mondhatod le, ami az ÁSZF 12.6.12 pontjában írtak szerint a kedvezményes opció havi előfizetési díjának a tarifáddal megvásárolható Plusz Adat havi díjához képest számított, igénybe vett kedvezménnyel azonos mértékű. A határozott idő lejártát követően a kedvezményes opciót kötbér nélkül bármikor lemondhatod.'); 
insert into nestedkeyvalue VALUES ('62616-1.0.0-Description-eng', '62616-1.0.0-Description', 'Ezzel a kiegészítő adatopcióval 500 MB-tal növelheted az adatforgalmadat hav 465 Ft-ért a tarifádban, valamit az Automatikus PluszAdat opciódba foglalt adatmennyiségeden felül. A kiegészítő opció minden hónapban megújul, így nem kell minden hónapban megrendelned újra. Az opciót a tarifádban vállalt előfizetési idő végéig csak kötbér ellenében mondhatod le, ami az ÁSZF 12.6.12 pontjában írtak szerint a kedvezményes opció havi előfizetési díjának a tarifáddal megvásárolható Plusz Adat havi díjához képest számított, igénybe vett kedvezménnyel azonos mértékű. A határozott idő lejártát követően a kedvezményes opciót kötbér nélkül bármikor lemondhatod.'); 
insert into nestedkeyvalue VALUES ('62616-1.0.0-Description-hun', '62616-1.0.0-Description', 'This extra data pack will give you an additional 500 MB of mobile internet (on top of the data already included in your tariff or Automatikus PluszAdat option) for 465 Ft. It will be activated every month at the start of your billing period so you don't have to worry about purchasing extra data every month - after you run out! Cancelation of the option within your contract period entails a contractual fee, as described in GTC 12.6.12, which equals to the amount of discount granted in the monthly subscription fee of the preferential option, as compared to the monthly fee of the Plus Data option included in your tariff. After the fixed term contract expires you can opt out without any additional fee.'); 
insert into nestedkeyvalue VALUES ('62616-1.0.0-Description-unLocalized', '62616-1.0.0-Description', null); 
insert into keyvalue VALUES ('62616-1.0.0-Description', '62616-1.0.0', 'Post-Addon-1.0.0-Description', null); 
insert into keyvalue VALUES ('62616-1.0.0-Online_selfcare_id', '62616-1.0.0', 'Post-Addon-1.0.0-Online_selfcare_id', null); 
insert into keyvalue VALUES ('62616-1.0.0-Featured', '62616-1.0.0', 'Post-Addon-1.0.0-Featured', 'false'); 
insert into keyvalue VALUES ('62616-1.0.0-Id', '62616-1.0.0', 'Post-Addon-1.0.0-Id', '62616'); 
insert into keyvalue VALUES ('62616-1.0.0-Type', '62616-1.0.0', 'Post-Addon-1.0.0-Type', 'Recurring'); 
insert into nestedkeyvalue VALUES ('62616-1.0.0-Name-def', '62616-1.0.0-Name', 'Kedvezményes Megújuló PluszAdat 500MB'); 
insert into nestedkeyvalue VALUES ('62616-1.0.0-Name-eng', '62616-1.0.0-Name', 'Kedvezményes Megújuló PluszAdat 500MB'); 
insert into nestedkeyvalue VALUES ('62616-1.0.0-Name-hun', '62616-1.0.0-Name', 'PluszAdat 500 MB (Discount)'); 
insert into nestedkeyvalue VALUES ('62616-1.0.0-Name-unLocalized', '62616-1.0.0-Name', null); 
insert into keyvalue VALUES ('62616-1.0.0-Name', '62616-1.0.0', 'Post-Addon-1.0.0-Name', null); 
insert into object VALUES ('62617-1.0.0', '62617'); 
insert into nestedkeyvalue VALUES ('62617-1.0.0-PSMCodes-Deactivation', '62617-1.0.0-PSMCodes', 'XPLUSZ1GB-H'); 
insert into nestedkeyvalue VALUES ('62617-1.0.0-PSMCodes-Activation', '62617-1.0.0-PSMCodes', 'PLUSZ1GB-H'); 
insert into keyvalue VALUES ('62617-1.0.0-PSMCodes', '62617-1.0.0', 'Post-Addon-1.0.0-PSMCodes', null); 
insert into keyvalue VALUES ('62617-1.0.0-Refill_ids', '62617-1.0.0', 'Post-Addon-1.0.0-Refill_ids', null); 
insert into keyvalue VALUES ('62617-1.0.0-Data_usage_mb', '62617-1.0.0', 'Post-Addon-1.0.0-Data_usage_mb', '1024'); 
insert into keyvalue VALUES ('62617-1.0.0-Price', '62617-1.0.0', 'Post-Addon-1.0.0-Price', '930'); 
insert into keyvalue VALUES ('62617-1.0.0-Active', '62617-1.0.0', 'Post-Addon-1.0.0-Active', 'true'); 
insert into nestedkeyvalue VALUES ('62617-1.0.0-Description-def', '62617-1.0.0-Description', 'Ezzel a kiegészítő adatopcióval 1GB-tal növelheted az adatforgalmadat hav 929 Ft-ért a tarifádban, valamit az Automatikus PluszAdat opciódba foglalt adatmennyiségeden felül. A kiegészítő opció minden hónapban megújul, így nem kell minden hónapban megrendelned újra. Az opciót a tarifádban vállalt előfizetési idő végéig csak kötbér ellenében mondhatod le, ami az ÁSZF 12.6.12 pontjában írtak szerint a kedvezményes opció havi előfizetési díjának a tarifáddal megvásárolható Plusz Adat havi díjához képest számított, igénybe vett kedvezménnyel azonos mértékű. A határozott idő lejártát követően a kedvezményes opciót kötbér nélkül bármikor lemondhatod.'); 
insert into nestedkeyvalue VALUES ('62617-1.0.0-Description-eng', '62617-1.0.0-Description', 'Ezzel a kiegészítő adatopcióval 1GB-tal növelheted az adatforgalmadat hav 929 Ft-ért a tarifádban, valamit az Automatikus PluszAdat opciódba foglalt adatmennyiségeden felül. A kiegészítő opció minden hónapban megújul, így nem kell minden hónapban megrendelned újra. Az opciót a tarifádban vállalt előfizetési idő végéig csak kötbér ellenében mondhatod le, ami az ÁSZF 12.6.12 pontjában írtak szerint a kedvezményes opció havi előfizetési díjának a tarifáddal megvásárolható Plusz Adat havi díjához képest számított, igénybe vett kedvezménnyel azonos mértékű. A határozott idő lejártát követően a kedvezményes opciót kötbér nélkül bármikor lemondhatod.'); 
insert into nestedkeyvalue VALUES ('62617-1.0.0-Description-hun', '62617-1.0.0-Description', 'This extra data pack will give you an additional 1GB of mobile internet (on top of the data already included in your tariff or Automatikus PluszAdat option) for 929 Ft. It will be activated every month at the start of your billing period so you don't have to worry about purchasing extra data every month - after you run out! Cancelation of the option within your contract period entails a contractual fee, as described in GTC 12.6.12, which equals to the amount of discount granted in the monthly subscription fee of the preferential option, as compared to the monthly fee of the Plus Data option included in your tariff. After the fixed term contract expires you can opt out without any additional fee.'); 
insert into nestedkeyvalue VALUES ('62617-1.0.0-Description-unLocalized', '62617-1.0.0-Description', null); 
insert into keyvalue VALUES ('62617-1.0.0-Description', '62617-1.0.0', 'Post-Addon-1.0.0-Description', null); 
insert into keyvalue VALUES ('62617-1.0.0-Online_selfcare_id', '62617-1.0.0', 'Post-Addon-1.0.0-Online_selfcare_id', null); 
insert into keyvalue VALUES ('62617-1.0.0-Featured', '62617-1.0.0', 'Post-Addon-1.0.0-Featured', 'false'); 
insert into keyvalue VALUES ('62617-1.0.0-Id', '62617-1.0.0', 'Post-Addon-1.0.0-Id', '62617'); 
insert into keyvalue VALUES ('62617-1.0.0-Type', '62617-1.0.0', 'Post-Addon-1.0.0-Type', 'Recurring'); 
insert into nestedkeyvalue VALUES ('62617-1.0.0-Name-def', '62617-1.0.0-Name', 'Kedvezményes Megújuló PluszAdat 1GB'); 
insert into nestedkeyvalue VALUES ('62617-1.0.0-Name-eng', '62617-1.0.0-Name', 'Kedvezményes Megújuló PluszAdat 1GB'); 
insert into nestedkeyvalue VALUES ('62617-1.0.0-Name-hun', '62617-1.0.0-Name', 'PluszAdat 1GB (Discount)'); 
insert into nestedkeyvalue VALUES ('62617-1.0.0-Name-unLocalized', '62617-1.0.0-Name', null); 
insert into keyvalue VALUES ('62617-1.0.0-Name', '62617-1.0.0', 'Post-Addon-1.0.0-Name', null); 
insert into object VALUES ('62613-1.0.0', '62613'); 
insert into nestedkeyvalue VALUES ('62613-1.0.0-PSMCodes-Deactivation', '62613-1.0.0-PSMCodes', 'XPLUSZ3GB'); 
insert into nestedkeyvalue VALUES ('62613-1.0.0-PSMCodes-Activation', '62613-1.0.0-PSMCodes', 'PLUSZ3GB'); 
insert into keyvalue VALUES ('62613-1.0.0-PSMCodes', '62613-1.0.0', 'Post-Addon-1.0.0-PSMCodes', null); 
insert into objectrelation VALUES ('62613-1.0.0-Refill_ids-O_REFIL_3543c31', '62613-1.0.0-Refill_ids', 'O_REFIL_3543c31-1.0.0'); 
insert into keyvalue VALUES ('62613-1.0.0-Refill_ids', '62613-1.0.0', 'Post-Addon-1.0.0-Refill_ids', null); 
insert into keyvalue VALUES ('62613-1.0.0-Data_usage_mb', '62613-1.0.0', 'Post-Addon-1.0.0-Data_usage_mb', '3072'); 
insert into keyvalue VALUES ('62613-1.0.0-Price', '62613-1.0.0', 'Post-Addon-1.0.0-Price', '4181'); 
insert into keyvalue VALUES ('62613-1.0.0-Active', '62613-1.0.0', 'Post-Addon-1.0.0-Active', 'false'); 
insert into nestedkeyvalue VALUES ('62613-1.0.0-Description-def', '62613-1.0.0-Description', 'Ha ezt a kiegészítő adat opciót választod, akkor számlazárásig adatforgalmadat 3GB-tal növelheted 4181 Ft-ért.'); 
insert into nestedkeyvalue VALUES ('62613-1.0.0-Description-eng', '62613-1.0.0-Description', 'Ha ezt a kiegészítő adat opciót választod, akkor számlazárásig adatforgalmadat 3GB-tal növelheted 4181 Ft-ért.'); 
insert into nestedkeyvalue VALUES ('62613-1.0.0-Description-hun', '62613-1.0.0-Description', 'This extra data pack will give you an additional 3GB of mobile internet until the end of your current bill cycle for 4181 Ft.'); 
insert into nestedkeyvalue VALUES ('62613-1.0.0-Description-unLocalized', '62613-1.0.0-Description', null); 
insert into keyvalue VALUES ('62613-1.0.0-Description', '62613-1.0.0', 'Post-Addon-1.0.0-Description', null); 
insert into keyvalue VALUES ('62613-1.0.0-Online_selfcare_id', '62613-1.0.0', 'Post-Addon-1.0.0-Online_selfcare_id', null); 
insert into keyvalue VALUES ('62613-1.0.0-Featured', '62613-1.0.0', 'Post-Addon-1.0.0-Featured', 'false'); 
insert into keyvalue VALUES ('62613-1.0.0-Id', '62613-1.0.0', 'Post-Addon-1.0.0-Id', '62613'); 
insert into keyvalue VALUES ('62613-1.0.0-Type', '62613-1.0.0', 'Post-Addon-1.0.0-Type', 'One Time'); 
insert into nestedkeyvalue VALUES ('62613-1.0.0-Name-def', '62613-1.0.0-Name', 'PluszAdat 3GB'); 
insert into nestedkeyvalue VALUES ('62613-1.0.0-Name-eng', '62613-1.0.0-Name', 'PluszAdat 3GB'); 
insert into nestedkeyvalue VALUES ('62613-1.0.0-Name-hun', '62613-1.0.0-Name', 'PluszAdat 3GB'); 
insert into nestedkeyvalue VALUES ('62613-1.0.0-Name-unLocalized', '62613-1.0.0-Name', null); 
insert into keyvalue VALUES ('62613-1.0.0-Name', '62613-1.0.0', 'Post-Addon-1.0.0-Name', null); 
insert into object VALUES ('62618-1.0.0', '62618'); 
insert into nestedkeyvalue VALUES ('62618-1.0.0-PSMCodes-Deactivation', '62618-1.0.0-PSMCodes', 'XPLUSZ3GB-H'); 
insert into nestedkeyvalue VALUES ('62618-1.0.0-PSMCodes-Activation', '62618-1.0.0-PSMCodes', 'PLUSZ3GB-H'); 
insert into keyvalue VALUES ('62618-1.0.0-PSMCodes', '62618-1.0.0', 'Post-Addon-1.0.0-PSMCodes', null); 
insert into keyvalue VALUES ('62618-1.0.0-Refill_ids', '62618-1.0.0', 'Post-Addon-1.0.0-Refill_ids', null); 
insert into keyvalue VALUES ('62618-1.0.0-Data_usage_mb', '62618-1.0.0', 'Post-Addon-1.0.0-Data_usage_mb', '3072'); 
insert into keyvalue VALUES ('62618-1.0.0-Price', '62618-1.0.0', 'Post-Addon-1.0.0-Price', '2788'); 
insert into keyvalue VALUES ('62618-1.0.0-Active', '62618-1.0.0', 'Post-Addon-1.0.0-Active', 'true'); 
insert into nestedkeyvalue VALUES ('62618-1.0.0-Description-def', '62618-1.0.0-Description', 'Ezzel a kiegészítő adatopcióval 3GB-tal növelheted az adatforgalmadat hav 2787 Ft-ért a tarifádban, valamit az Automatikus PluszAdat opciódba foglalt adatmennyiségeden felül. A kiegészítő opció minden hónapban megújul, így nem kell minden hónapban megrendelned újra. Az opciót a tarifádban vállalt előfizetési idő végéig csak kötbér ellenében mondhatod le, ami az ÁSZF 12.6.12 pontjában írtak szerint a kedvezményes opció havi előfizetési díjának a tarifáddal megvásárolható Plusz Adat havi díjához képest számított, igénybe vett kedvezménnyel azonos mértékű. A határozott idő lejártát követően a kedvezményes opciót kötbér nélkül bármikor lemondhatod.'); 
insert into nestedkeyvalue VALUES ('62618-1.0.0-Description-eng', '62618-1.0.0-Description', 'Ezzel a kiegészítő adatopcióval 3GB-tal növelheted az adatforgalmadat hav 2787 Ft-ért a tarifádban, valamit az Automatikus PluszAdat opciódba foglalt adatmennyiségeden felül. A kiegészítő opció minden hónapban megújul, így nem kell minden hónapban megrendelned újra. Az opciót a tarifádban vállalt előfizetési idő végéig csak kötbér ellenében mondhatod le, ami az ÁSZF 12.6.12 pontjában írtak szerint a kedvezményes opció havi előfizetési díjának a tarifáddal megvásárolható Plusz Adat havi díjához képest számított, igénybe vett kedvezménnyel azonos mértékű. A határozott idő lejártát követően a kedvezményes opciót kötbér nélkül bármikor lemondhatod.'); 
insert into nestedkeyvalue VALUES ('62618-1.0.0-Description-hun', '62618-1.0.0-Description', 'This extra data pack will give you an additional 3GB of mobile internet (on top of the data already included in your tariff or Automatikus PluszAdat option) for 2787 Ft. It will be activated every month at the start of your billing period so you don't have to worry about purchasing extra data every month - after you run out! Cancelation of the option within your contract period entails a contractual fee, as described in GTC 12.6.12, which equals to the amount of discount granted in the monthly subscription fee of the preferential option, as compared to the monthly fee of the Plus Data option included in your tariff. After the fixed term contract expires you can opt out without any additional fee.'); 
insert into nestedkeyvalue VALUES ('62618-1.0.0-Description-unLocalized', '62618-1.0.0-Description', null); 
insert into keyvalue VALUES ('62618-1.0.0-Description', '62618-1.0.0', 'Post-Addon-1.0.0-Description', null); 
insert into keyvalue VALUES ('62618-1.0.0-Online_selfcare_id', '62618-1.0.0', 'Post-Addon-1.0.0-Online_selfcare_id', null); 
insert into keyvalue VALUES ('62618-1.0.0-Featured', '62618-1.0.0', 'Post-Addon-1.0.0-Featured', 'false'); 
insert into keyvalue VALUES ('62618-1.0.0-Id', '62618-1.0.0', 'Post-Addon-1.0.0-Id', '62618'); 
insert into keyvalue VALUES ('62618-1.0.0-Type', '62618-1.0.0', 'Post-Addon-1.0.0-Type', 'Recurring'); 
insert into nestedkeyvalue VALUES ('62618-1.0.0-Name-def', '62618-1.0.0-Name', 'Kedvezményes Megújuló PluszAdat 3GB'); 
insert into nestedkeyvalue VALUES ('62618-1.0.0-Name-eng', '62618-1.0.0-Name', 'Kedvezményes Megújuló PluszAdat 3GB'); 
insert into nestedkeyvalue VALUES ('62618-1.0.0-Name-hun', '62618-1.0.0-Name', 'PluszAdat 3GB (Discount)'); 
insert into nestedkeyvalue VALUES ('62618-1.0.0-Name-unLocalized', '62618-1.0.0-Name', null); 
insert into keyvalue VALUES ('62618-1.0.0-Name', '62618-1.0.0', 'Post-Addon-1.0.0-Name', null); 
insert into object VALUES ('62614-1.0.0', '62614'); 
insert into nestedkeyvalue VALUES ('62614-1.0.0-PSMCodes-Deactivation', '62614-1.0.0-PSMCodes', 'XPLUSZ5GB'); 
insert into nestedkeyvalue VALUES ('62614-1.0.0-PSMCodes-Activation', '62614-1.0.0-PSMCodes', 'PLUSZ5GB'); 
insert into keyvalue VALUES ('62614-1.0.0-PSMCodes', '62614-1.0.0', 'Post-Addon-1.0.0-PSMCodes', null); 
insert into objectrelation VALUES ('62614-1.0.0-Refill_ids-O_REFIL_5118c11', '62614-1.0.0-Refill_ids', 'O_REFIL_5118c11-1.0.0'); 
insert into keyvalue VALUES ('62614-1.0.0-Refill_ids', '62614-1.0.0', 'Post-Addon-1.0.0-Refill_ids', null); 
insert into keyvalue VALUES ('62614-1.0.0-Data_usage_mb', '62614-1.0.0', 'Post-Addon-1.0.0-Data_usage_mb', '5120'); 
insert into keyvalue VALUES ('62614-1.0.0-Price', '62614-1.0.0', 'Post-Addon-1.0.0-Price', '6039'); 
insert into keyvalue VALUES ('62614-1.0.0-Active', '62614-1.0.0', 'Post-Addon-1.0.0-Active', 'false'); 
insert into nestedkeyvalue VALUES ('62614-1.0.0-Description-def', '62614-1.0.0-Description', 'Ha ezt a kiegészítő adat opciót választod, akkor számlazárásig adatforgalmadat 5GB-tal növelheted 6039 Ft-ért.'); 
insert into nestedkeyvalue VALUES ('62614-1.0.0-Description-eng', '62614-1.0.0-Description', 'Ha ezt a kiegészítő adat opciót választod, akkor számlazárásig adatforgalmadat 5GB-tal növelheted 6039 Ft-ért.'); 
insert into nestedkeyvalue VALUES ('62614-1.0.0-Description-hun', '62614-1.0.0-Description', 'This extra data pack will give you an additional 5GB of mobile internet until the end of your current bill cycle for 6039 Ft.'); 
insert into nestedkeyvalue VALUES ('62614-1.0.0-Description-unLocalized', '62614-1.0.0-Description', null); 
insert into keyvalue VALUES ('62614-1.0.0-Description', '62614-1.0.0', 'Post-Addon-1.0.0-Description', null); 
insert into keyvalue VALUES ('62614-1.0.0-Online_selfcare_id', '62614-1.0.0', 'Post-Addon-1.0.0-Online_selfcare_id', null); 
insert into keyvalue VALUES ('62614-1.0.0-Featured', '62614-1.0.0', 'Post-Addon-1.0.0-Featured', 'false'); 
insert into keyvalue VALUES ('62614-1.0.0-Id', '62614-1.0.0', 'Post-Addon-1.0.0-Id', '62614'); 
insert into keyvalue VALUES ('62614-1.0.0-Type', '62614-1.0.0', 'Post-Addon-1.0.0-Type', 'One Time'); 
insert into nestedkeyvalue VALUES ('62614-1.0.0-Name-def', '62614-1.0.0-Name', 'PluszAdat 5GB'); 
insert into nestedkeyvalue VALUES ('62614-1.0.0-Name-eng', '62614-1.0.0-Name', 'PluszAdat 5GB'); 
insert into nestedkeyvalue VALUES ('62614-1.0.0-Name-hun', '62614-1.0.0-Name', 'PluszAdat 5GB'); 
insert into nestedkeyvalue VALUES ('62614-1.0.0-Name-unLocalized', '62614-1.0.0-Name', null); 
insert into keyvalue VALUES ('62614-1.0.0-Name', '62614-1.0.0', 'Post-Addon-1.0.0-Name', null); 
insert into object VALUES ('62619-1.0.0', '62619'); 
insert into nestedkeyvalue VALUES ('62619-1.0.0-PSMCodes-Deactivation', '62619-1.0.0-PSMCodes', 'XPLUSZ5GB-H'); 
insert into nestedkeyvalue VALUES ('62619-1.0.0-PSMCodes-Activation', '62619-1.0.0-PSMCodes', 'PLUSZ5GB-H'); 
insert into keyvalue VALUES ('62619-1.0.0-PSMCodes', '62619-1.0.0', 'Post-Addon-1.0.0-PSMCodes', null); 
insert into keyvalue VALUES ('62619-1.0.0-Refill_ids', '62619-1.0.0', 'Post-Addon-1.0.0-Refill_ids', null); 
insert into keyvalue VALUES ('62619-1.0.0-Data_usage_mb', '62619-1.0.0', 'Post-Addon-1.0.0-Data_usage_mb', '5120'); 
insert into keyvalue VALUES ('62619-1.0.0-Price', '62619-1.0.0', 'Post-Addon-1.0.0-Price', '3717'); 
insert into keyvalue VALUES ('62619-1.0.0-Active', '62619-1.0.0', 'Post-Addon-1.0.0-Active', 'true'); 
insert into nestedkeyvalue VALUES ('62619-1.0.0-Description-def', '62619-1.0.0-Description', 'Ezzel a kiegészítő adatopcióval 5GB-tal növelheted az adatforgalmadat havi 3 717 Ft-ért a tarifádban, valamit az Automatikus PluszAdat opciódba foglalt adatmennyiségeden felül. A kiegészítő opció minden hónapban megújul, így nem kell minden hónapban megrendelned újra. Az opciót a tarifádban vállalt előfizetési idő végéig csak kötbér ellenében mondhatod le, ami az ÁSZF 12.6.12 pontjában írtak szerint a kedvezményes opció havi előfizetési díjának a tarifáddal megvásárolható Plusz Adat havi díjához képest számított, igénybe vett kedvezménnyel azonos mértékű. A határozott idő lejártát követően a kedvezményes opciót kötbér nélkül bármikor lemondhatod.'); 
insert into nestedkeyvalue VALUES ('62619-1.0.0-Description-eng', '62619-1.0.0-Description', 'Ezzel a kiegészítő adatopcióval 5GB-tal növelheted az adatforgalmadat havi 3 717 Ft-ért a tarifádban, valamit az Automatikus PluszAdat opciódba foglalt adatmennyiségeden felül. A kiegészítő opció minden hónapban megújul, így nem kell minden hónapban megrendelned újra. Az opciót a tarifádban vállalt előfizetési idő végéig csak kötbér ellenében mondhatod le, ami az ÁSZF 12.6.12 pontjában írtak szerint a kedvezményes opció havi előfizetési díjának a tarifáddal megvásárolható Plusz Adat havi díjához képest számított, igénybe vett kedvezménnyel azonos mértékű. A határozott idő lejártát követően a kedvezményes opciót kötbér nélkül bármikor lemondhatod.'); 
insert into nestedkeyvalue VALUES ('62619-1.0.0-Description-hun', '62619-1.0.0-Description', 'This extra data pack will give you an additional 5GB of mobile internet (on top of the data already included in your tariff or Automatikus PluszAdat option) for 3 717 Ft. It will be activated every month at the start of your billing period so you don't have to worry about purchasing extra data every month - after you run out! Cancelation of the option within your contract period entails a contractual fee, as described in GTC 12.6.12, which equals to the amount of discount granted in the monthly subscription fee of the preferential option, as compared to the monthly fee of the Plus Data option included in your tariff. After the fixed term contract expires you can opt out without any additional fee.'); 
insert into nestedkeyvalue VALUES ('62619-1.0.0-Description-unLocalized', '62619-1.0.0-Description', null); 
insert into keyvalue VALUES ('62619-1.0.0-Description', '62619-1.0.0', 'Post-Addon-1.0.0-Description', null); 
insert into keyvalue VALUES ('62619-1.0.0-Online_selfcare_id', '62619-1.0.0', 'Post-Addon-1.0.0-Online_selfcare_id', null); 
insert into keyvalue VALUES ('62619-1.0.0-Featured', '62619-1.0.0', 'Post-Addon-1.0.0-Featured', 'false'); 
insert into keyvalue VALUES ('62619-1.0.0-Id', '62619-1.0.0', 'Post-Addon-1.0.0-Id', '62619'); 
insert into keyvalue VALUES ('62619-1.0.0-Type', '62619-1.0.0', 'Post-Addon-1.0.0-Type', 'Recurring'); 
insert into nestedkeyvalue VALUES ('62619-1.0.0-Name-def', '62619-1.0.0-Name', 'Kedvezményes Megújuló PluszAdat 5GB'); 
insert into nestedkeyvalue VALUES ('62619-1.0.0-Name-eng', '62619-1.0.0-Name', 'Kedvezményes Megújuló PluszAdat 5GB'); 
insert into nestedkeyvalue VALUES ('62619-1.0.0-Name-hun', '62619-1.0.0-Name', 'PluszAdat 5GB (Discount)'); 
insert into nestedkeyvalue VALUES ('62619-1.0.0-Name-unLocalized', '62619-1.0.0-Name', null); 
insert into keyvalue VALUES ('62619-1.0.0-Name', '62619-1.0.0', 'Post-Addon-1.0.0-Name', null); 
insert into object VALUES ('62123-1.0.0', '62123'); 
insert into nestedkeyvalue VALUES ('62123-1.0.0-PSMCodes-Deactivation', '62123-1.0.0-PSMCodes', 'XEXTRA5GB-M2'); 
insert into nestedkeyvalue VALUES ('62123-1.0.0-PSMCodes-Activation', '62123-1.0.0-PSMCodes', 'EXTRA5GB-M2'); 
insert into keyvalue VALUES ('62123-1.0.0-PSMCodes', '62123-1.0.0', 'Post-Addon-1.0.0-PSMCodes', null); 
insert into objectrelation VALUES ('62123-1.0.0-Refill_ids-O_EXREF_2748c03', '62123-1.0.0-Refill_ids', 'O_EXREF_2748c03-1.0.0'); 
insert into keyvalue VALUES ('62123-1.0.0-Refill_ids', '62123-1.0.0', 'Post-Addon-1.0.0-Refill_ids', null); 
insert into keyvalue VALUES ('62123-1.0.0-Data_usage_mb', '62123-1.0.0', 'Post-Addon-1.0.0-Data_usage_mb', '5120'); 
insert into keyvalue VALUES ('62123-1.0.0-Price', '62123-1.0.0', 'Post-Addon-1.0.0-Price', '3243'); 
insert into keyvalue VALUES ('62123-1.0.0-Active', '62123-1.0.0', 'Post-Addon-1.0.0-Active', 'true'); 
insert into nestedkeyvalue VALUES ('62123-1.0.0-Description-def', '62123-1.0.0-Description', 'Válaszd ezt az adatopciót és növeld meg a tarifádban foglalt adatkeretedet 5 GB-tal, amit egészen számlazárásig felhasználhatsz. Ez az adatopció minden hónapban automatikusan megújul, így nem kell  havonta újra megrendelned és bármikor lemondhatod. Az opció ára 3243 Ft.'); 
insert into nestedkeyvalue VALUES ('62123-1.0.0-Description-eng', '62123-1.0.0-Description', 'Válaszd ezt az adatopciót és növeld meg a tarifádban foglalt adatkeretedet 5 GB-tal, amit egészen számlazárásig felhasználhatsz. Ez az adatopció minden hónapban automatikusan megújul, így nem kell  havonta újra megrendelned és bármikor lemondhatod. Az opció ára 3243 Ft.'); 
insert into nestedkeyvalue VALUES ('62123-1.0.0-Description-hun', '62123-1.0.0-Description', 'This extra data pack will give you additional 5GB of mobile internet (on top of the data already included in your tariff) for 3243 Ft. It will be activated every month at the start of your billing period so you don't have to worry about purchasing extra data every month - after you run out! You can cancel this extra data pack at any time.'); 
insert into nestedkeyvalue VALUES ('62123-1.0.0-Description-unLocalized', '62123-1.0.0-Description', null); 
insert into keyvalue VALUES ('62123-1.0.0-Description', '62123-1.0.0', 'Post-Addon-1.0.0-Description', null); 
insert into keyvalue VALUES ('62123-1.0.0-Online_selfcare_id', '62123-1.0.0', 'Post-Addon-1.0.0-Online_selfcare_id', null); 
insert into keyvalue VALUES ('62123-1.0.0-Featured', '62123-1.0.0', 'Post-Addon-1.0.0-Featured', 'false'); 
insert into keyvalue VALUES ('62123-1.0.0-Id', '62123-1.0.0', 'Post-Addon-1.0.0-Id', '62123'); 
insert into keyvalue VALUES ('62123-1.0.0-Type', '62123-1.0.0', 'Post-Addon-1.0.0-Type', 'Recurring'); 
insert into nestedkeyvalue VALUES ('62123-1.0.0-Name-def', '62123-1.0.0-Name', '5 GB ExtraAdat (Megújuló)'); 
insert into nestedkeyvalue VALUES ('62123-1.0.0-Name-eng', '62123-1.0.0-Name', '5 GB ExtraAdat (Megújuló)'); 
insert into nestedkeyvalue VALUES ('62123-1.0.0-Name-hun', '62123-1.0.0-Name', '5 GB ExtraAdat (Recurring)'); 
insert into nestedkeyvalue VALUES ('62123-1.0.0-Name-unLocalized', '62123-1.0.0-Name', null); 
insert into keyvalue VALUES ('62123-1.0.0-Name', '62123-1.0.0', 'Post-Addon-1.0.0-Name', null); 
insert into object VALUES ('62126-1.0.0', '62126'); 
insert into nestedkeyvalue VALUES ('62126-1.0.0-PSMCodes-Deactivation', '62126-1.0.0-PSMCodes', 'XEXTRA10GB-M'); 
insert into nestedkeyvalue VALUES ('62126-1.0.0-PSMCodes-Activation', '62126-1.0.0-PSMCodes', 'EXTRA10GB-M'); 
insert into keyvalue VALUES ('62126-1.0.0-PSMCodes', '62126-1.0.0', 'Post-Addon-1.0.0-PSMCodes', null); 
insert into objectrelation VALUES ('62126-1.0.0-Refill_ids-O_EXREF_3929c13', '62126-1.0.0-Refill_ids', 'O_EXREF_3929c13-1.0.0'); 
insert into keyvalue VALUES ('62126-1.0.0-Refill_ids', '62126-1.0.0', 'Post-Addon-1.0.0-Refill_ids', null); 
insert into keyvalue VALUES ('62126-1.0.0-Data_usage_mb', '62126-1.0.0', 'Post-Addon-1.0.0-Data_usage_mb', '10240'); 
insert into keyvalue VALUES ('62126-1.0.0-Price', '62126-1.0.0', 'Post-Addon-1.0.0-Price', '4637'); 
insert into keyvalue VALUES ('62126-1.0.0-Active', '62126-1.0.0', 'Post-Addon-1.0.0-Active', 'true'); 
insert into nestedkeyvalue VALUES ('62126-1.0.0-Description-def', '62126-1.0.0-Description', 'Válaszd ezt az adatopciót és növeld meg a tarifádban foglalt adatkeretedet 10 GB-tal, amit egészen számlazárásig felhasználhatsz. Ez az adatopció minden hónapban automatikusan megújul, így nem kell  havonta újra megrendelned és bármikor lemondhatod. Az opció ára 4636 Ft.'); 
insert into nestedkeyvalue VALUES ('62126-1.0.0-Description-eng', '62126-1.0.0-Description', 'Válaszd ezt az adatopciót és növeld meg a tarifádban foglalt adatkeretedet 10 GB-tal, amit egészen számlazárásig felhasználhatsz. Ez az adatopció minden hónapban automatikusan megújul, így nem kell  havonta újra megrendelned és bármikor lemondhatod. Az opció ára 4636 Ft.'); 
insert into nestedkeyvalue VALUES ('62126-1.0.0-Description-hun', '62126-1.0.0-Description', 'This extra data pack will give you additional 10GB of mobile internet (on top of the data already included in your tariff) for 4636 Ft. It will be activated every month at the start of your billing period so you don't have to worry about purchasing extra data every month - after you run out! You can cancel this extra data pack at any time.'); 
insert into nestedkeyvalue VALUES ('62126-1.0.0-Description-unLocalized', '62126-1.0.0-Description', null); 
insert into keyvalue VALUES ('62126-1.0.0-Description', '62126-1.0.0', 'Post-Addon-1.0.0-Description', null); 
insert into keyvalue VALUES ('62126-1.0.0-Online_selfcare_id', '62126-1.0.0', 'Post-Addon-1.0.0-Online_selfcare_id', null); 
insert into keyvalue VALUES ('62126-1.0.0-Featured', '62126-1.0.0', 'Post-Addon-1.0.0-Featured', 'false'); 
insert into keyvalue VALUES ('62126-1.0.0-Id', '62126-1.0.0', 'Post-Addon-1.0.0-Id', '62126'); 
insert into keyvalue VALUES ('62126-1.0.0-Type', '62126-1.0.0', 'Post-Addon-1.0.0-Type', 'Recurring'); 
insert into nestedkeyvalue VALUES ('62126-1.0.0-Name-def', '62126-1.0.0-Name', '10 GB ExtraAdat (Megújuló)'); 
insert into nestedkeyvalue VALUES ('62126-1.0.0-Name-eng', '62126-1.0.0-Name', '10 GB ExtraAdat (Megújuló)'); 
insert into nestedkeyvalue VALUES ('62126-1.0.0-Name-hun', '62126-1.0.0-Name', '10 GB ExtraAdat (Recurring)'); 
insert into nestedkeyvalue VALUES ('62126-1.0.0-Name-unLocalized', '62126-1.0.0-Name', null); 
insert into keyvalue VALUES ('62126-1.0.0-Name', '62126-1.0.0', 'Post-Addon-1.0.0-Name', null); 
insert into object VALUES ('62129-1.0.0', '62129'); 
insert into nestedkeyvalue VALUES ('62129-1.0.0-PSMCodes-Deactivation', '62129-1.0.0-PSMCodes', 'XEXTRA5GB'); 
insert into nestedkeyvalue VALUES ('62129-1.0.0-PSMCodes-Activation', '62129-1.0.0-PSMCodes', 'EXTRA5GB'); 
insert into keyvalue VALUES ('62129-1.0.0-PSMCodes', '62129-1.0.0', 'Post-Addon-1.0.0-PSMCodes', null); 
insert into objectrelation VALUES ('62129-1.0.0-Refill_ids-O_EXREF_3141c73', '62129-1.0.0-Refill_ids', 'O_EXREF_3141c73-1.0.0'); 
insert into keyvalue VALUES ('62129-1.0.0-Refill_ids', '62129-1.0.0', 'Post-Addon-1.0.0-Refill_ids', null); 
insert into keyvalue VALUES ('62129-1.0.0-Data_usage_mb', '62129-1.0.0', 'Post-Addon-1.0.0-Data_usage_mb', '5120'); 
insert into keyvalue VALUES ('62129-1.0.0-Price', '62129-1.0.0', 'Post-Addon-1.0.0-Price', '3707'); 
insert into keyvalue VALUES ('62129-1.0.0-Active', '62129-1.0.0', 'Post-Addon-1.0.0-Active', 'true'); 
insert into nestedkeyvalue VALUES ('62129-1.0.0-Description-def', '62129-1.0.0-Description', 'Válaszd ezt az adatopciót és növeld meg a tarifádban foglalt adatkeretedet 5 GB-tal, amit egészen számlazárásig felhasználhatsz. Az opció ára 3707 Ft.'); 
insert into nestedkeyvalue VALUES ('62129-1.0.0-Description-eng', '62129-1.0.0-Description', 'Válaszd ezt az adatopciót és növeld meg a tarifádban foglalt adatkeretedet 5 GB-tal, amit egészen számlazárásig felhasználhatsz. Az opció ára 3707 Ft.'); 
insert into nestedkeyvalue VALUES ('62129-1.0.0-Description-hun', '62129-1.0.0-Description', 'This extra data pack will give you additional 5GB of mobile internet (on top of the data already included in your tariff) until the end of your current bill cycle for 3707 Ft. You can cancel this extra data pack at any time.'); 
insert into nestedkeyvalue VALUES ('62129-1.0.0-Description-unLocalized', '62129-1.0.0-Description', null); 
insert into keyvalue VALUES ('62129-1.0.0-Description', '62129-1.0.0', 'Post-Addon-1.0.0-Description', null); 
insert into keyvalue VALUES ('62129-1.0.0-Online_selfcare_id', '62129-1.0.0', 'Post-Addon-1.0.0-Online_selfcare_id', null); 
insert into keyvalue VALUES ('62129-1.0.0-Featured', '62129-1.0.0', 'Post-Addon-1.0.0-Featured', 'false'); 
insert into keyvalue VALUES ('62129-1.0.0-Id', '62129-1.0.0', 'Post-Addon-1.0.0-Id', '62129'); 
insert into keyvalue VALUES ('62129-1.0.0-Type', '62129-1.0.0', 'Post-Addon-1.0.0-Type', 'One Time'); 
insert into nestedkeyvalue VALUES ('62129-1.0.0-Name-def', '62129-1.0.0-Name', '5 GB ExtraAdat (Egyszeri)'); 
insert into nestedkeyvalue VALUES ('62129-1.0.0-Name-eng', '62129-1.0.0-Name', '5 GB ExtraAdat (Egyszeri)'); 
insert into nestedkeyvalue VALUES ('62129-1.0.0-Name-hun', '62129-1.0.0-Name', '5 GB ExtraAdat (One-time)'); 
insert into nestedkeyvalue VALUES ('62129-1.0.0-Name-unLocalized', '62129-1.0.0-Name', null); 
insert into keyvalue VALUES ('62129-1.0.0-Name', '62129-1.0.0', 'Post-Addon-1.0.0-Name', null); 
insert into object VALUES ('62846-1.0.0', '62846'); 
insert into nestedkeyvalue VALUES ('62846-1.0.0-PSMCodes-Deactivation', '62846-1.0.0-PSMCodes', 'XKOMP100MB'); 
insert into nestedkeyvalue VALUES ('62846-1.0.0-PSMCodes-Activation', '62846-1.0.0-PSMCodes', 'KOMP100MB'); 
insert into keyvalue VALUES ('62846-1.0.0-PSMCodes', '62846-1.0.0', 'Post-Addon-1.0.0-PSMCodes', null); 
insert into keyvalue VALUES ('62846-1.0.0-Refill_ids', '62846-1.0.0', 'Post-Addon-1.0.0-Refill_ids', null); 
insert into keyvalue VALUES ('62846-1.0.0-Data_usage_mb', '62846-1.0.0', 'Post-Addon-1.0.0-Data_usage_mb', '100'); 
insert into keyvalue VALUES ('62846-1.0.0-Price', '62846-1.0.0', 'Post-Addon-1.0.0-Price', '0'); 
insert into keyvalue VALUES ('62846-1.0.0-Active', '62846-1.0.0', 'Post-Addon-1.0.0-Active', 'false'); 
insert into nestedkeyvalue VALUES ('62846-1.0.0-Description-def', '62846-1.0.0-Description', 'A tarifacsomagban foglalt adaton felüli, hálózati problémák kompenzációjaként biztosított 100MB adat belföldi felhasználásra.'); 
insert into nestedkeyvalue VALUES ('62846-1.0.0-Description-eng', '62846-1.0.0-Description', 'A tarifacsomagban foglalt adaton felüli, hálózati problémák kompenzációjaként biztosított 100MB adat belföldi felhasználásra.'); 
insert into nestedkeyvalue VALUES ('62846-1.0.0-Description-hun', '62846-1.0.0-Description', 'Out of the plan extra 100MB network issue compensation data for domestic use.'); 
insert into nestedkeyvalue VALUES ('62846-1.0.0-Description-unLocalized', '62846-1.0.0-Description', null); 
insert into keyvalue VALUES ('62846-1.0.0-Description', '62846-1.0.0', 'Post-Addon-1.0.0-Description', null); 
insert into keyvalue VALUES ('62846-1.0.0-Online_selfcare_id', '62846-1.0.0', 'Post-Addon-1.0.0-Online_selfcare_id', null); 
insert into keyvalue VALUES ('62846-1.0.0-Featured', '62846-1.0.0', 'Post-Addon-1.0.0-Featured', 'false'); 
insert into keyvalue VALUES ('62846-1.0.0-Id', '62846-1.0.0', 'Post-Addon-1.0.0-Id', '62846'); 
insert into keyvalue VALUES ('62846-1.0.0-Type', '62846-1.0.0', 'Post-Addon-1.0.0-Type', 'Multicycle'); 
insert into nestedkeyvalue VALUES ('62846-1.0.0-Name-def', '62846-1.0.0-Name', 'Hálózati kompenzáció belföldi 100MB'); 
insert into nestedkeyvalue VALUES ('62846-1.0.0-Name-eng', '62846-1.0.0-Name', 'Hálózati kompenzáció belföldi 100MB'); 
insert into nestedkeyvalue VALUES ('62846-1.0.0-Name-hun', '62846-1.0.0-Name', 'Network compensation 100MB data allowance'); 
insert into nestedkeyvalue VALUES ('62846-1.0.0-Name-unLocalized', '62846-1.0.0-Name', null); 
insert into keyvalue VALUES ('62846-1.0.0-Name', '62846-1.0.0', 'Post-Addon-1.0.0-Name', null); 
insert into object VALUES ('62847-1.0.0', '62847'); 
insert into nestedkeyvalue VALUES ('62847-1.0.0-PSMCodes-Deactivation', '62847-1.0.0-PSMCodes', 'XKOMP500MB'); 
insert into nestedkeyvalue VALUES ('62847-1.0.0-PSMCodes-Activation', '62847-1.0.0-PSMCodes', 'KOMP500MB'); 
insert into keyvalue VALUES ('62847-1.0.0-PSMCodes', '62847-1.0.0', 'Post-Addon-1.0.0-PSMCodes', null); 
insert into keyvalue VALUES ('62847-1.0.0-Refill_ids', '62847-1.0.0', 'Post-Addon-1.0.0-Refill_ids', null); 
insert into keyvalue VALUES ('62847-1.0.0-Data_usage_mb', '62847-1.0.0', 'Post-Addon-1.0.0-Data_usage_mb', '500'); 
insert into keyvalue VALUES ('62847-1.0.0-Price', '62847-1.0.0', 'Post-Addon-1.0.0-Price', '0'); 
insert into keyvalue VALUES ('62847-1.0.0-Active', '62847-1.0.0', 'Post-Addon-1.0.0-Active', 'false'); 
insert into nestedkeyvalue VALUES ('62847-1.0.0-Description-def', '62847-1.0.0-Description', 'A tarifacsomagban foglalt adaton felüli, hálózati problémák kompenzációjaként biztosított 500MB adat belföldi felhasználásra.'); 
insert into nestedkeyvalue VALUES ('62847-1.0.0-Description-eng', '62847-1.0.0-Description', 'A tarifacsomagban foglalt adaton felüli, hálózati problémák kompenzációjaként biztosított 500MB adat belföldi felhasználásra.'); 
insert into nestedkeyvalue VALUES ('62847-1.0.0-Description-hun', '62847-1.0.0-Description', 'Out of the plan extra 500MB network issue compensation data for domestic use.'); 
insert into nestedkeyvalue VALUES ('62847-1.0.0-Description-unLocalized', '62847-1.0.0-Description', null); 
insert into keyvalue VALUES ('62847-1.0.0-Description', '62847-1.0.0', 'Post-Addon-1.0.0-Description', null); 
insert into keyvalue VALUES ('62847-1.0.0-Online_selfcare_id', '62847-1.0.0', 'Post-Addon-1.0.0-Online_selfcare_id', null); 
insert into keyvalue VALUES ('62847-1.0.0-Featured', '62847-1.0.0', 'Post-Addon-1.0.0-Featured', 'false'); 
insert into keyvalue VALUES ('62847-1.0.0-Id', '62847-1.0.0', 'Post-Addon-1.0.0-Id', '62847'); 
insert into keyvalue VALUES ('62847-1.0.0-Type', '62847-1.0.0', 'Post-Addon-1.0.0-Type', 'Multicycle'); 
insert into nestedkeyvalue VALUES ('62847-1.0.0-Name-def', '62847-1.0.0-Name', 'Hálózati kompenzáció belföldi 500MB'); 
insert into nestedkeyvalue VALUES ('62847-1.0.0-Name-eng', '62847-1.0.0-Name', 'Hálózati kompenzáció belföldi 500MB'); 
insert into nestedkeyvalue VALUES ('62847-1.0.0-Name-hun', '62847-1.0.0-Name', 'Network compensation 500MB data allowance'); 
insert into nestedkeyvalue VALUES ('62847-1.0.0-Name-unLocalized', '62847-1.0.0-Name', null); 
insert into keyvalue VALUES ('62847-1.0.0-Name', '62847-1.0.0', 'Post-Addon-1.0.0-Name', null); 
insert into object VALUES ('62848-1.0.0', '62848'); 
insert into nestedkeyvalue VALUES ('62848-1.0.0-PSMCodes-Deactivation', '62848-1.0.0-PSMCodes', 'XKOMP1GB'); 
insert into nestedkeyvalue VALUES ('62848-1.0.0-PSMCodes-Activation', '62848-1.0.0-PSMCodes', 'KOMP1GB'); 
insert into keyvalue VALUES ('62848-1.0.0-PSMCodes', '62848-1.0.0', 'Post-Addon-1.0.0-PSMCodes', null); 
insert into keyvalue VALUES ('62848-1.0.0-Refill_ids', '62848-1.0.0', 'Post-Addon-1.0.0-Refill_ids', null); 
insert into keyvalue VALUES ('62848-1.0.0-Data_usage_mb', '62848-1.0.0', 'Post-Addon-1.0.0-Data_usage_mb', '1024'); 
insert into keyvalue VALUES ('62848-1.0.0-Price', '62848-1.0.0', 'Post-Addon-1.0.0-Price', '0'); 
insert into keyvalue VALUES ('62848-1.0.0-Active', '62848-1.0.0', 'Post-Addon-1.0.0-Active', 'false'); 
insert into nestedkeyvalue VALUES ('62848-1.0.0-Description-def', '62848-1.0.0-Description', 'A tarifacsomagban foglalt adatot kiegészítő, hálózati problémák kompenzációjaként biztosított 1GB adat belföldre történő felhasználásra.'); 
insert into nestedkeyvalue VALUES ('62848-1.0.0-Description-eng', '62848-1.0.0-Description', 'A tarifacsomagban foglalt adatot kiegészítő, hálózati problémák kompenzációjaként biztosított 1GB adat belföldre történő felhasználásra.'); 
insert into nestedkeyvalue VALUES ('62848-1.0.0-Description-hun', '62848-1.0.0-Description', 'Out of the plan extra 1GB network issue compensation data for domestic use.'); 
insert into nestedkeyvalue VALUES ('62848-1.0.0-Description-unLocalized', '62848-1.0.0-Description', null); 
insert into keyvalue VALUES ('62848-1.0.0-Description', '62848-1.0.0', 'Post-Addon-1.0.0-Description', null); 
insert into keyvalue VALUES ('62848-1.0.0-Online_selfcare_id', '62848-1.0.0', 'Post-Addon-1.0.0-Online_selfcare_id', null); 
insert into keyvalue VALUES ('62848-1.0.0-Featured', '62848-1.0.0', 'Post-Addon-1.0.0-Featured', 'false'); 
insert into keyvalue VALUES ('62848-1.0.0-Id', '62848-1.0.0', 'Post-Addon-1.0.0-Id', '62848'); 
insert into keyvalue VALUES ('62848-1.0.0-Type', '62848-1.0.0', 'Post-Addon-1.0.0-Type', 'Multicycle'); 
insert into nestedkeyvalue VALUES ('62848-1.0.0-Name-def', '62848-1.0.0-Name', 'Hálózati kompenzáció belföldi 1GB'); 
insert into nestedkeyvalue VALUES ('62848-1.0.0-Name-eng', '62848-1.0.0-Name', 'Hálózati kompenzáció belföldi 1GB'); 
insert into nestedkeyvalue VALUES ('62848-1.0.0-Name-hun', '62848-1.0.0-Name', 'Network compensation 1GB data allowance'); 
insert into nestedkeyvalue VALUES ('62848-1.0.0-Name-unLocalized', '62848-1.0.0-Name', null); 
insert into keyvalue VALUES ('62848-1.0.0-Name', '62848-1.0.0', 'Post-Addon-1.0.0-Name', null); 
insert into object VALUES ('62849-1.0.0', '62849'); 
insert into nestedkeyvalue VALUES ('62849-1.0.0-PSMCodes-Deactivation', '62849-1.0.0-PSMCodes', 'XKOMP3GB'); 
insert into nestedkeyvalue VALUES ('62849-1.0.0-PSMCodes-Activation', '62849-1.0.0-PSMCodes', 'KOMP3GB'); 
insert into keyvalue VALUES ('62849-1.0.0-PSMCodes', '62849-1.0.0', 'Post-Addon-1.0.0-PSMCodes', null); 
insert into keyvalue VALUES ('62849-1.0.0-Refill_ids', '62849-1.0.0', 'Post-Addon-1.0.0-Refill_ids', null); 
insert into keyvalue VALUES ('62849-1.0.0-Data_usage_mb', '62849-1.0.0', 'Post-Addon-1.0.0-Data_usage_mb', '3072'); 
insert into keyvalue VALUES ('62849-1.0.0-Price', '62849-1.0.0', 'Post-Addon-1.0.0-Price', '0'); 
insert into keyvalue VALUES ('62849-1.0.0-Active', '62849-1.0.0', 'Post-Addon-1.0.0-Active', 'false'); 
insert into nestedkeyvalue VALUES ('62849-1.0.0-Description-def', '62849-1.0.0-Description', 'A tarifacsomagban foglalt adaton felüli, hálózati problémák kompenzációjaként biztosított 3GB adat belföldi felhasználásra.'); 
insert into nestedkeyvalue VALUES ('62849-1.0.0-Description-eng', '62849-1.0.0-Description', 'A tarifacsomagban foglalt adaton felüli, hálózati problémák kompenzációjaként biztosított 3GB adat belföldi felhasználásra.'); 
insert into nestedkeyvalue VALUES ('62849-1.0.0-Description-hun', '62849-1.0.0-Description', 'Out of the plan extra 3GB network issue compensation data for domestic use.'); 
insert into nestedkeyvalue VALUES ('62849-1.0.0-Description-unLocalized', '62849-1.0.0-Description', null); 
insert into keyvalue VALUES ('62849-1.0.0-Description', '62849-1.0.0', 'Post-Addon-1.0.0-Description', null); 
insert into keyvalue VALUES ('62849-1.0.0-Online_selfcare_id', '62849-1.0.0', 'Post-Addon-1.0.0-Online_selfcare_id', null); 
insert into keyvalue VALUES ('62849-1.0.0-Featured', '62849-1.0.0', 'Post-Addon-1.0.0-Featured', 'false'); 
insert into keyvalue VALUES ('62849-1.0.0-Id', '62849-1.0.0', 'Post-Addon-1.0.0-Id', '62849'); 
insert into keyvalue VALUES ('62849-1.0.0-Type', '62849-1.0.0', 'Post-Addon-1.0.0-Type', 'Multicycle'); 
insert into nestedkeyvalue VALUES ('62849-1.0.0-Name-def', '62849-1.0.0-Name', 'Hálózati kompenzáció belföldi 3GB'); 
insert into nestedkeyvalue VALUES ('62849-1.0.0-Name-eng', '62849-1.0.0-Name', 'Hálózati kompenzáció belföldi 3GB'); 
insert into nestedkeyvalue VALUES ('62849-1.0.0-Name-hun', '62849-1.0.0-Name', 'Network compensation 3GB data allowance'); 
insert into nestedkeyvalue VALUES ('62849-1.0.0-Name-unLocalized', '62849-1.0.0-Name', null); 
insert into keyvalue VALUES ('62849-1.0.0-Name', '62849-1.0.0', 'Post-Addon-1.0.0-Name', null); 
insert into object VALUES ('63057-1.0.0', '63057'); 
insert into nestedkeyvalue VALUES ('63057-1.0.0-PSMCodes-Deactivation', '63057-1.0.0-PSMCodes', 'XBOOKING1GB'); 
insert into nestedkeyvalue VALUES ('63057-1.0.0-PSMCodes-Activation', '63057-1.0.0-PSMCodes', 'BOOKING1GB'); 
insert into keyvalue VALUES ('63057-1.0.0-PSMCodes', '63057-1.0.0', 'Post-Addon-1.0.0-PSMCodes', null); 
insert into keyvalue VALUES ('63057-1.0.0-Refill_ids', '63057-1.0.0', 'Post-Addon-1.0.0-Refill_ids', null); 
insert into keyvalue VALUES ('63057-1.0.0-Data_usage_mb', '63057-1.0.0', 'Post-Addon-1.0.0-Data_usage_mb', '1024'); 
insert into keyvalue VALUES ('63057-1.0.0-Price', '63057-1.0.0', 'Post-Addon-1.0.0-Price', '0'); 
insert into keyvalue VALUES ('63057-1.0.0-Active', '63057-1.0.0', 'Post-Addon-1.0.0-Active', 'false'); 
insert into nestedkeyvalue VALUES ('63057-1.0.0-Description-def', '63057-1.0.0-Description', '2016-ban a Booking.com-on foglalt nyaralásért járó 1 GB adat RED-es ügyfelek számára, mely 2016. augusztus 31-ig használhó fel az EU-ban.'); 
insert into nestedkeyvalue VALUES ('63057-1.0.0-Description-eng', '63057-1.0.0-Description', '2016-ban a Booking.com-on foglalt nyaralásért járó 1 GB adat RED-es ügyfelek számára, mely 2016. augusztus 31-ig használhó fel az EU-ban.'); 
insert into nestedkeyvalue VALUES ('63057-1.0.0-Description-hun', '63057-1.0.0-Description', 'Extra 1 GB data for usage within the EU received by RED subscribers for holidays booked on Booking.com during the summer of 2016. The expiry date is 31.08.2016.'); 
insert into nestedkeyvalue VALUES ('63057-1.0.0-Description-unLocalized', '63057-1.0.0-Description', null); 
insert into keyvalue VALUES ('63057-1.0.0-Description', '63057-1.0.0', 'Post-Addon-1.0.0-Description', null); 
insert into keyvalue VALUES ('63057-1.0.0-Online_selfcare_id', '63057-1.0.0', 'Post-Addon-1.0.0-Online_selfcare_id', null); 
insert into keyvalue VALUES ('63057-1.0.0-Featured', '63057-1.0.0', 'Post-Addon-1.0.0-Featured', 'false'); 
insert into keyvalue VALUES ('63057-1.0.0-Id', '63057-1.0.0', 'Post-Addon-1.0.0-Id', '63057'); 
insert into keyvalue VALUES ('63057-1.0.0-Type', '63057-1.0.0', 'Post-Addon-1.0.0-Type', 'One Time'); 
insert into nestedkeyvalue VALUES ('63057-1.0.0-Name-def', '63057-1.0.0-Name', 'PluszAdat 1 GB Booking.com Promo'); 
insert into nestedkeyvalue VALUES ('63057-1.0.0-Name-eng', '63057-1.0.0-Name', 'PluszAdat 1 GB Booking.com Promo'); 
insert into nestedkeyvalue VALUES ('63057-1.0.0-Name-hun', '63057-1.0.0-Name', 'PluszAdat 1 GB Booking.com Promo'); 
insert into nestedkeyvalue VALUES ('63057-1.0.0-Name-unLocalized', '63057-1.0.0-Name', null); 
insert into keyvalue VALUES ('63057-1.0.0-Name', '63057-1.0.0', 'Post-Addon-1.0.0-Name', null); 
insert into object VALUES ('63056-1.0.0', '63056'); 
insert into nestedkeyvalue VALUES ('63056-1.0.0-PSMCodes-Deactivation', '63056-1.0.0-PSMCodes', 'XPLUSZ1GB0FT'); 
insert into nestedkeyvalue VALUES ('63056-1.0.0-PSMCodes-Activation', '63056-1.0.0-PSMCodes', 'PLUSZ1GB0FT'); 
insert into keyvalue VALUES ('63056-1.0.0-PSMCodes', '63056-1.0.0', 'Post-Addon-1.0.0-PSMCodes', null); 
insert into keyvalue VALUES ('63056-1.0.0-Refill_ids', '63056-1.0.0', 'Post-Addon-1.0.0-Refill_ids', null); 
insert into keyvalue VALUES ('63056-1.0.0-Data_usage_mb', '63056-1.0.0', 'Post-Addon-1.0.0-Data_usage_mb', '1024'); 
insert into keyvalue VALUES ('63056-1.0.0-Price', '63056-1.0.0', 'Post-Addon-1.0.0-Price', '0'); 
insert into keyvalue VALUES ('63056-1.0.0-Active', '63056-1.0.0', 'Post-Addon-1.0.0-Active', 'false'); 
insert into nestedkeyvalue VALUES ('63056-1.0.0-Description-def', '63056-1.0.0-Description', 'A tarifacsomagban foglalt adaton felüli díjmentes 1GB  adat EU-n belüli felhasználásra.'); 
insert into nestedkeyvalue VALUES ('63056-1.0.0-Description-eng', '63056-1.0.0-Description', 'A tarifacsomagban foglalt adaton felüli díjmentes 1GB  adat EU-n belüli felhasználásra.'); 
insert into nestedkeyvalue VALUES ('63056-1.0.0-Description-hun', '63056-1.0.0-Description', 'Out of the plan extra 1 GB data for usage within the EU.'); 
insert into nestedkeyvalue VALUES ('63056-1.0.0-Description-unLocalized', '63056-1.0.0-Description', null); 
insert into keyvalue VALUES ('63056-1.0.0-Description', '63056-1.0.0', 'Post-Addon-1.0.0-Description', null); 
insert into keyvalue VALUES ('63056-1.0.0-Online_selfcare_id', '63056-1.0.0', 'Post-Addon-1.0.0-Online_selfcare_id', null); 
insert into keyvalue VALUES ('63056-1.0.0-Featured', '63056-1.0.0', 'Post-Addon-1.0.0-Featured', 'false'); 
insert into keyvalue VALUES ('63056-1.0.0-Id', '63056-1.0.0', 'Post-Addon-1.0.0-Id', '63056'); 
insert into keyvalue VALUES ('63056-1.0.0-Type', '63056-1.0.0', 'Post-Addon-1.0.0-Type', 'One Time'); 
insert into nestedkeyvalue VALUES ('63056-1.0.0-Name-def', '63056-1.0.0-Name', 'PluszAdat 1 GB (0 Ft)'); 
insert into nestedkeyvalue VALUES ('63056-1.0.0-Name-eng', '63056-1.0.0-Name', 'PluszAdat 1 GB (0 Ft)'); 
insert into nestedkeyvalue VALUES ('63056-1.0.0-Name-hun', '63056-1.0.0-Name', 'PluszAdat 1 GB (0 Ft)'); 
insert into nestedkeyvalue VALUES ('63056-1.0.0-Name-unLocalized', '63056-1.0.0-Name', null); 
insert into keyvalue VALUES ('63056-1.0.0-Name', '63056-1.0.0', 'Post-Addon-1.0.0-Name', null); 
insert into object VALUES ('62850-1.0.0', '62850'); 
insert into nestedkeyvalue VALUES ('62850-1.0.0-PSMCodes-Deactivation', '62850-1.0.0-PSMCodes', 'XPLUSZ3GBB-H'); 
insert into nestedkeyvalue VALUES ('62850-1.0.0-PSMCodes-Activation', '62850-1.0.0-PSMCodes', 'PLUSZ3GBB-H'); 
insert into keyvalue VALUES ('62850-1.0.0-PSMCodes', '62850-1.0.0', 'Post-Addon-1.0.0-PSMCodes', null); 
insert into keyvalue VALUES ('62850-1.0.0-Refill_ids', '62850-1.0.0', 'Post-Addon-1.0.0-Refill_ids', null); 
insert into keyvalue VALUES ('62850-1.0.0-Data_usage_mb', '62850-1.0.0', 'Post-Addon-1.0.0-Data_usage_mb', '3072'); 
insert into keyvalue VALUES ('62850-1.0.0-Price', '62850-1.0.0', 'Post-Addon-1.0.0-Price', '2788'); 
insert into keyvalue VALUES ('62850-1.0.0-Active', '62850-1.0.0', 'Post-Addon-1.0.0-Active', 'false'); 
insert into nestedkeyvalue VALUES ('62850-1.0.0-Description-def', '62850-1.0.0-Description', 'Ezzel a kiegészítő adatopcióval 3GB-tal növelheted az adatforgalmadat havi 2782 Ft-ért a tarifádban, valamit az Automatikus PluszAdat opciódba foglalt adatmennyiségeden felül. A kiegészítő opció minden hónapban megújul, így nem kell minden hónapban megrendelned újra. Az opciót a tarifádban vállalt előfizetési idő végéig csak kötbér ellenében mondhatod le, ami az ÁSZF 12.6.12 pontjában írtak szerint a kedvezményes opció havi előfizetési díjának a tarifáddal megvásárolható Plusz Adat havi díjához képest számított, igénybe vett kedvezménnyel azonos mértékű. A határozott idő lejártát követően a kedvezményes opciót kötbér nélkül bármikor lemondhatod.'); 
insert into nestedkeyvalue VALUES ('62850-1.0.0-Description-eng', '62850-1.0.0-Description', 'Ezzel a kiegészítő adatopcióval 3GB-tal növelheted az adatforgalmadat havi 2782 Ft-ért a tarifádban, valamit az Automatikus PluszAdat opciódba foglalt adatmennyiségeden felül. A kiegészítő opció minden hónapban megújul, így nem kell minden hónapban megrendelned újra. Az opciót a tarifádban vállalt előfizetési idő végéig csak kötbér ellenében mondhatod le, ami az ÁSZF 12.6.12 pontjában írtak szerint a kedvezményes opció havi előfizetési díjának a tarifáddal megvásárolható Plusz Adat havi díjához képest számított, igénybe vett kedvezménnyel azonos mértékű. A határozott idő lejártát követően a kedvezményes opciót kötbér nélkül bármikor lemondhatod.'); 
insert into nestedkeyvalue VALUES ('62850-1.0.0-Description-hun', '62850-1.0.0-Description', 'This extra data pack will give you an additional 3GB of mobile internet (on top of the data already included in your tariff or Automatikus PluszAdat option) for 2787 Ft. It will be activated every month at the start of your billing period so you don't have to worry about purchasing extra data every month - after you run out! Cancelation of the option within your contract period entails a contractual fee, as described in GTC 12.6.12, which equals to the amount of discount granted in the monthly subscription fee of the preferential option, as compared to the monthly fee of the Plus Data option included in your tariff. After the fixed term contract expires you can opt out without any additional fee.'); 
insert into nestedkeyvalue VALUES ('62850-1.0.0-Description-unLocalized', '62850-1.0.0-Description', null); 
insert into keyvalue VALUES ('62850-1.0.0-Description', '62850-1.0.0', 'Post-Addon-1.0.0-Description', null); 
insert into keyvalue VALUES ('62850-1.0.0-Online_selfcare_id', '62850-1.0.0', 'Post-Addon-1.0.0-Online_selfcare_id', null); 
insert into keyvalue VALUES ('62850-1.0.0-Featured', '62850-1.0.0', 'Post-Addon-1.0.0-Featured', 'false'); 
insert into keyvalue VALUES ('62850-1.0.0-Id', '62850-1.0.0', 'Post-Addon-1.0.0-Id', '62850'); 
insert into keyvalue VALUES ('62850-1.0.0-Type', '62850-1.0.0', 'Post-Addon-1.0.0-Type', 'Recurring'); 
insert into nestedkeyvalue VALUES ('62850-1.0.0-Name-def', '62850-1.0.0-Name', 'Kedvezményes Megújuló PluszAdat 3GB'); 
insert into nestedkeyvalue VALUES ('62850-1.0.0-Name-eng', '62850-1.0.0-Name', 'Kedvezményes Megújuló PluszAdat 3GB'); 
insert into nestedkeyvalue VALUES ('62850-1.0.0-Name-hun', '62850-1.0.0-Name', 'PluszAdat 3GB (Discount)'); 
insert into nestedkeyvalue VALUES ('62850-1.0.0-Name-unLocalized', '62850-1.0.0-Name', null); 
insert into keyvalue VALUES ('62850-1.0.0-Name', '62850-1.0.0', 'Post-Addon-1.0.0-Name', null); 
insert into object VALUES ('60690-1.0.0', '60690'); 
insert into nestedkeyvalue VALUES ('60690-1.0.0-PSMCodes-Deactivation', '60690-1.0.0-PSMCodes', 'XPLUSZ1GB3HO'); 
insert into nestedkeyvalue VALUES ('60690-1.0.0-PSMCodes-Activation', '60690-1.0.0-PSMCodes', 'PLUSZ1GB3HO'); 
insert into keyvalue VALUES ('60690-1.0.0-PSMCodes', '60690-1.0.0', 'Post-Addon-1.0.0-PSMCodes', null); 
insert into keyvalue VALUES ('60690-1.0.0-Refill_ids', '60690-1.0.0', 'Post-Addon-1.0.0-Refill_ids', null); 
insert into keyvalue VALUES ('60690-1.0.0-Data_usage_mb', '60690-1.0.0', 'Post-Addon-1.0.0-Data_usage_mb', '1024'); 
insert into keyvalue VALUES ('60690-1.0.0-Price', '60690-1.0.0', 'Post-Addon-1.0.0-Price', '0'); 
insert into keyvalue VALUES ('60690-1.0.0-Active', '60690-1.0.0', 'Post-Addon-1.0.0-Active', 'false'); 
insert into nestedkeyvalue VALUES ('60690-1.0.0-Description-def', '60690-1.0.0-Description', 'Díjmentes 1 GB adatopció, mely 3 hónapig használható fel az EU-ban.'); 
insert into nestedkeyvalue VALUES ('60690-1.0.0-Description-eng', '60690-1.0.0-Description', 'Díjmentes 1 GB adatopció, mely 3 hónapig használható fel az EU-ban.'); 
insert into nestedkeyvalue VALUES ('60690-1.0.0-Description-hun', '60690-1.0.0-Description', 'Extra 1 GB data for 3 months with usage within the EU free of charge.'); 
insert into nestedkeyvalue VALUES ('60690-1.0.0-Description-unLocalized', '60690-1.0.0-Description', null); 
insert into keyvalue VALUES ('60690-1.0.0-Description', '60690-1.0.0', 'Post-Addon-1.0.0-Description', null); 
insert into keyvalue VALUES ('60690-1.0.0-Online_selfcare_id', '60690-1.0.0', 'Post-Addon-1.0.0-Online_selfcare_id', null); 
insert into keyvalue VALUES ('60690-1.0.0-Featured', '60690-1.0.0', 'Post-Addon-1.0.0-Featured', 'false'); 
insert into keyvalue VALUES ('60690-1.0.0-Id', '60690-1.0.0', 'Post-Addon-1.0.0-Id', '60690'); 
insert into keyvalue VALUES ('60690-1.0.0-Type', '60690-1.0.0', 'Post-Addon-1.0.0-Type', 'One Time'); 
insert into nestedkeyvalue VALUES ('60690-1.0.0-Name-def', '60690-1.0.0-Name', 'PluszAdat 1 GB (0 Ft, 3 hó)'); 
insert into nestedkeyvalue VALUES ('60690-1.0.0-Name-eng', '60690-1.0.0-Name', 'PluszAdat 1 GB (0 Ft, 3 hó)'); 
insert into nestedkeyvalue VALUES ('60690-1.0.0-Name-hun', '60690-1.0.0-Name', 'PluszAdat 1 GB (0 Ft, 3 mo)'); 
insert into nestedkeyvalue VALUES ('60690-1.0.0-Name-unLocalized', '60690-1.0.0-Name', null); 
insert into keyvalue VALUES ('60690-1.0.0-Name', '60690-1.0.0', 'Post-Addon-1.0.0-Name', null); 
insert into object VALUES ('63202-1.0.0', '63202'); 
insert into nestedkeyvalue VALUES ('63202-1.0.0-PSMCodes-Deactivation', '63202-1.0.0-PSMCodes', 'XUZLETI200MB-auto'); 
insert into nestedkeyvalue VALUES ('63202-1.0.0-PSMCodes-Activation', '63202-1.0.0-PSMCodes', 'UZLETI200MB-auto'); 
insert into keyvalue VALUES ('63202-1.0.0-PSMCodes', '63202-1.0.0', 'Post-Addon-1.0.0-PSMCodes', null); 
insert into keyvalue VALUES ('63202-1.0.0-Refill_ids', '63202-1.0.0', 'Post-Addon-1.0.0-Refill_ids', null); 
insert into keyvalue VALUES ('63202-1.0.0-Data_usage_mb', '63202-1.0.0', 'Post-Addon-1.0.0-Data_usage_mb', '200'); 
insert into keyvalue VALUES ('63202-1.0.0-Price', '63202-1.0.0', 'Post-Addon-1.0.0-Price', '465'); 
insert into keyvalue VALUES ('63202-1.0.0-Active', '63202-1.0.0', 'Post-Addon-1.0.0-Active', 'true'); 
insert into nestedkeyvalue VALUES ('63202-1.0.0-Description-def', '63202-1.0.0-Description', 'Válaszd ezt az adatopciót és növeld meg a tarifádban foglalt adatkeretedet 200 MB-tal, amit egészen számlazárásig felhasználhatsz. Az opció ára 465 Ft.'); 
insert into nestedkeyvalue VALUES ('63202-1.0.0-Description-eng', '63202-1.0.0-Description', 'Válaszd ezt az adatopciót és növeld meg a tarifádban foglalt adatkeretedet 200 MB-tal, amit egészen számlazárásig felhasználhatsz. Az opció ára 465 Ft.'); 
insert into nestedkeyvalue VALUES ('63202-1.0.0-Description-hun', '63202-1.0.0-Description', 'This extra data pack will give you an additional 200 MB of mobile internet until the end of your current bill cycle for 465 Ft.'); 
insert into nestedkeyvalue VALUES ('63202-1.0.0-Description-unLocalized', '63202-1.0.0-Description', null); 
insert into keyvalue VALUES ('63202-1.0.0-Description', '63202-1.0.0', 'Post-Addon-1.0.0-Description', null); 
insert into keyvalue VALUES ('63202-1.0.0-Online_selfcare_id', '63202-1.0.0', 'Post-Addon-1.0.0-Online_selfcare_id', null); 
insert into keyvalue VALUES ('63202-1.0.0-Featured', '63202-1.0.0', 'Post-Addon-1.0.0-Featured', 'false'); 
insert into keyvalue VALUES ('63202-1.0.0-Id', '63202-1.0.0', 'Post-Addon-1.0.0-Id', '63202'); 
insert into keyvalue VALUES ('63202-1.0.0-Type', '63202-1.0.0', 'Post-Addon-1.0.0-Type', 'Recurring'); 
insert into nestedkeyvalue VALUES ('63202-1.0.0-Name-def', '63202-1.0.0-Name', 'Automatikus kiegészítő adat'); 
insert into nestedkeyvalue VALUES ('63202-1.0.0-Name-eng', '63202-1.0.0-Name', 'Automatikus kiegészítő adat'); 
insert into nestedkeyvalue VALUES ('63202-1.0.0-Name-hun', '63202-1.0.0-Name', 'Auto add-on'); 
insert into nestedkeyvalue VALUES ('63202-1.0.0-Name-unLocalized', '63202-1.0.0-Name', null); 
insert into keyvalue VALUES ('63202-1.0.0-Name', '63202-1.0.0', 'Post-Addon-1.0.0-Name', null); 
insert into object VALUES ('63209-1.0.0', '63209'); 
insert into nestedkeyvalue VALUES ('63209-1.0.0-PSMCodes-Deactivation', '63209-1.0.0-PSMCodes', 'XUZLETI10GBMEGUJULO'); 
insert into nestedkeyvalue VALUES ('63209-1.0.0-PSMCodes-Activation', '63209-1.0.0-PSMCodes', 'UZLETI10GBMEGUJULO'); 
insert into keyvalue VALUES ('63209-1.0.0-PSMCodes', '63209-1.0.0', 'Post-Addon-1.0.0-PSMCodes', null); 
insert into keyvalue VALUES ('63209-1.0.0-Refill_ids', '63209-1.0.0', 'Post-Addon-1.0.0-Refill_ids', null); 
insert into keyvalue VALUES ('63209-1.0.0-Data_usage_mb', '63209-1.0.0', 'Post-Addon-1.0.0-Data_usage_mb', '10240'); 
insert into keyvalue VALUES ('63209-1.0.0-Price', '63209-1.0.0', 'Post-Addon-1.0.0-Price', '5575'); 
insert into keyvalue VALUES ('63209-1.0.0-Active', '63209-1.0.0', 'Post-Addon-1.0.0-Active', 'true'); 
insert into nestedkeyvalue VALUES ('63209-1.0.0-Description-def', '63209-1.0.0-Description', 'Válaszd ezt az adatopciót és növeld meg a tarifádban foglalt adatkeretedet 10GB-tal, ami lemondásig minden hónapban megújul. Az opciót a tarifádban vállalt előfizetési idő végéig csak kötbér ellenében mondhatod le, a kedvezményes opció havi előfizetési díjának a tarifáddal megvásárolható kiegészítő adatopció havi díjához képest számított, igénybe vett kedvezménnyel azonos mértékű. A határozott idő lejáratát követően a kedvezményes opciót kötbér nélkül bármikor lemondhatod.  Az opció ára 5575 Ft.'); 
insert into nestedkeyvalue VALUES ('63209-1.0.0-Description-eng', '63209-1.0.0-Description', 'Válaszd ezt az adatopciót és növeld meg a tarifádban foglalt adatkeretedet 10GB-tal, ami lemondásig minden hónapban megújul. Az opciót a tarifádban vállalt előfizetési idő végéig csak kötbér ellenében mondhatod le, a kedvezményes opció havi előfizetési díjának a tarifáddal megvásárolható kiegészítő adatopció havi díjához képest számított, igénybe vett kedvezménnyel azonos mértékű. A határozott idő lejáratát követően a kedvezményes opciót kötbér nélkül bármikor lemondhatod.  Az opció ára 5575 Ft.'); 
insert into nestedkeyvalue VALUES ('63209-1.0.0-Description-hun', '63209-1.0.0-Description', 'This extra data pack will give you an additional 10 GB of mobile internet and will renew every month for 5575 Ft. Cancelation of the option within your contract period entails a contractual fee, which equals to the amount of discount granted in the monthly subscription fee of the preferential option, as compared to the monthly fee of the one time data add-on option included in your tariff. After the fixed term contract expires you can opt out without any additional fee.'); 
insert into nestedkeyvalue VALUES ('63209-1.0.0-Description-unLocalized', '63209-1.0.0-Description', null); 
insert into keyvalue VALUES ('63209-1.0.0-Description', '63209-1.0.0', 'Post-Addon-1.0.0-Description', null); 
insert into keyvalue VALUES ('63209-1.0.0-Online_selfcare_id', '63209-1.0.0', 'Post-Addon-1.0.0-Online_selfcare_id', null); 
insert into keyvalue VALUES ('63209-1.0.0-Featured', '63209-1.0.0', 'Post-Addon-1.0.0-Featured', 'false'); 
insert into keyvalue VALUES ('63209-1.0.0-Id', '63209-1.0.0', 'Post-Addon-1.0.0-Id', '63209'); 
insert into keyvalue VALUES ('63209-1.0.0-Type', '63209-1.0.0', 'Post-Addon-1.0.0-Type', 'Recurring'); 
insert into nestedkeyvalue VALUES ('63209-1.0.0-Name-def', '63209-1.0.0-Name', 'Kedvezményes kiegészítő adat 10GB'); 
insert into nestedkeyvalue VALUES ('63209-1.0.0-Name-eng', '63209-1.0.0-Name', 'Kedvezményes kiegészítő adat 10GB'); 
insert into nestedkeyvalue VALUES ('63209-1.0.0-Name-hun', '63209-1.0.0-Name', 'Recurring data add-on 10GB'); 
insert into nestedkeyvalue VALUES ('63209-1.0.0-Name-unLocalized', '63209-1.0.0-Name', null); 
insert into keyvalue VALUES ('63209-1.0.0-Name', '63209-1.0.0', 'Post-Addon-1.0.0-Name', null); 
insert into object VALUES ('63208-1.0.0', '63208'); 
insert into nestedkeyvalue VALUES ('63208-1.0.0-PSMCodes-Deactivation', '63208-1.0.0-PSMCodes', 'XUZLETI5GBMEGUJULO'); 
insert into nestedkeyvalue VALUES ('63208-1.0.0-PSMCodes-Activation', '63208-1.0.0-PSMCodes', 'UZLETI5GBMEGUJULO'); 
insert into keyvalue VALUES ('63208-1.0.0-PSMCodes', '63208-1.0.0', 'Post-Addon-1.0.0-PSMCodes', null); 
insert into keyvalue VALUES ('63208-1.0.0-Refill_ids', '63208-1.0.0', 'Post-Addon-1.0.0-Refill_ids', null); 
insert into keyvalue VALUES ('63208-1.0.0-Data_usage_mb', '63208-1.0.0', 'Post-Addon-1.0.0-Data_usage_mb', '5120'); 
insert into keyvalue VALUES ('63208-1.0.0-Price', '63208-1.0.0', 'Post-Addon-1.0.0-Price', '3717'); 
insert into keyvalue VALUES ('63208-1.0.0-Active', '63208-1.0.0', 'Post-Addon-1.0.0-Active', 'true'); 
insert into nestedkeyvalue VALUES ('63208-1.0.0-Description-def', '63208-1.0.0-Description', 'Válaszd ezt az adatopciót és növeld meg a tarifádban foglalt adatkeretedet 5GB-tal, ami lemondásig minden hónapban megújul. Az opciót a tarifádban vállalt előfizetési idő végéig csak kötbér ellenében mondhatod le, a kedvezményes opció havi előfizetési díjának a tarifáddal megvásárolható kiegészítő adatopció havi díjához képest számított, igénybe vett kedvezménnyel azonos mértékű. A határozott idő lejáratát követően a kedvezményes opciót kötbér nélkül bármikor lemondhatod.  Az opció ára 3717 Ft.'); 
insert into nestedkeyvalue VALUES ('63208-1.0.0-Description-eng', '63208-1.0.0-Description', 'Válaszd ezt az adatopciót és növeld meg a tarifádban foglalt adatkeretedet 5GB-tal, ami lemondásig minden hónapban megújul. Az opciót a tarifádban vállalt előfizetési idő végéig csak kötbér ellenében mondhatod le, a kedvezményes opció havi előfizetési díjának a tarifáddal megvásárolható kiegészítő adatopció havi díjához képest számított, igénybe vett kedvezménnyel azonos mértékű. A határozott idő lejáratát követően a kedvezményes opciót kötbér nélkül bármikor lemondhatod.  Az opció ára 3717 Ft.'); 
insert into nestedkeyvalue VALUES ('63208-1.0.0-Description-hun', '63208-1.0.0-Description', 'This extra data pack will give you an additional 5 GB of mobile internet and will renew every month for 3717 Ft. Cancelation of the option within your contract period entails a contractual fee, which equals to the amount of discount granted in the monthly subscription fee of the preferential option, as compared to the monthly fee of the one time data add-on option included in your tariff. After the fixed term contract expires you can opt out without any additional fee.'); 
insert into nestedkeyvalue VALUES ('63208-1.0.0-Description-unLocalized', '63208-1.0.0-Description', null); 
insert into keyvalue VALUES ('63208-1.0.0-Description', '63208-1.0.0', 'Post-Addon-1.0.0-Description', null); 
insert into keyvalue VALUES ('63208-1.0.0-Online_selfcare_id', '63208-1.0.0', 'Post-Addon-1.0.0-Online_selfcare_id', null); 
insert into keyvalue VALUES ('63208-1.0.0-Featured', '63208-1.0.0', 'Post-Addon-1.0.0-Featured', 'false'); 
insert into keyvalue VALUES ('63208-1.0.0-Id', '63208-1.0.0', 'Post-Addon-1.0.0-Id', '63208'); 
insert into keyvalue VALUES ('63208-1.0.0-Type', '63208-1.0.0', 'Post-Addon-1.0.0-Type', 'Recurring'); 
insert into nestedkeyvalue VALUES ('63208-1.0.0-Name-def', '63208-1.0.0-Name', 'Kedvezményes kiegészítő adat 5GB'); 
insert into nestedkeyvalue VALUES ('63208-1.0.0-Name-eng', '63208-1.0.0-Name', 'Kedvezményes kiegészítő adat 5GB'); 
insert into nestedkeyvalue VALUES ('63208-1.0.0-Name-hun', '63208-1.0.0-Name', 'Recurring data add-on 5GB'); 
insert into nestedkeyvalue VALUES ('63208-1.0.0-Name-unLocalized', '63208-1.0.0-Name', null); 
insert into keyvalue VALUES ('63208-1.0.0-Name', '63208-1.0.0', 'Post-Addon-1.0.0-Name', null); 
insert into object VALUES ('63207-1.0.0', '63207'); 
insert into nestedkeyvalue VALUES ('63207-1.0.0-PSMCodes-Deactivation', '63207-1.0.0-PSMCodes', 'XUZLETI1GBMEGUJULO'); 
insert into nestedkeyvalue VALUES ('63207-1.0.0-PSMCodes-Activation', '63207-1.0.0-PSMCodes', 'UZLETI1GBMEGUJULO'); 
insert into keyvalue VALUES ('63207-1.0.0-PSMCodes', '63207-1.0.0', 'Post-Addon-1.0.0-PSMCodes', null); 
insert into keyvalue VALUES ('63207-1.0.0-Refill_ids', '63207-1.0.0', 'Post-Addon-1.0.0-Refill_ids', null); 
insert into keyvalue VALUES ('63207-1.0.0-Data_usage_mb', '63207-1.0.0', 'Post-Addon-1.0.0-Data_usage_mb', '1024'); 
insert into keyvalue VALUES ('63207-1.0.0-Price', '63207-1.0.0', 'Post-Addon-1.0.0-Price', '930'); 
insert into keyvalue VALUES ('63207-1.0.0-Active', '63207-1.0.0', 'Post-Addon-1.0.0-Active', 'true'); 
insert into nestedkeyvalue VALUES ('63207-1.0.0-Description-def', '63207-1.0.0-Description', 'Válaszd ezt az adatopciót és növeld meg a tarifádban foglalt adatkeretedet 1GB-tal, ami lemondásig minden hónapban megújul. Az opciót a tarifádban vállalt előfizetési idő végéig csak kötbér ellenében mondhatod le, a kedvezményes opció havi előfizetési díjának a tarifáddal megvásárolható kiegészítő adatopció havi díjához képest számított, igénybe vett kedvezménnyel azonos mértékű. A határozott idő lejáratát követően a kedvezményes opciót kötbér nélkül bármikor lemondhatod.  Az opció ára 929 Ft.'); 
insert into nestedkeyvalue VALUES ('63207-1.0.0-Description-eng', '63207-1.0.0-Description', 'Válaszd ezt az adatopciót és növeld meg a tarifádban foglalt adatkeretedet 1GB-tal, ami lemondásig minden hónapban megújul. Az opciót a tarifádban vállalt előfizetési idő végéig csak kötbér ellenében mondhatod le, a kedvezményes opció havi előfizetési díjának a tarifáddal megvásárolható kiegészítő adatopció havi díjához képest számított, igénybe vett kedvezménnyel azonos mértékű. A határozott idő lejáratát követően a kedvezményes opciót kötbér nélkül bármikor lemondhatod.  Az opció ára 929 Ft.'); 
insert into nestedkeyvalue VALUES ('63207-1.0.0-Description-hun', '63207-1.0.0-Description', 'This extra data pack will give you an additional 1 GB of mobile internet and will renew every month for 929 Ft. Cancelation of the option within your contract period entails a contractual fee, which equals to the amount of discount granted in the monthly subscription fee of the preferential option, as compared to the monthly fee of the one time data add-on option included in your tariff. After the fixed term contract expires you can opt out without any additional fee.'); 
insert into nestedkeyvalue VALUES ('63207-1.0.0-Description-unLocalized', '63207-1.0.0-Description', null); 
insert into keyvalue VALUES ('63207-1.0.0-Description', '63207-1.0.0', 'Post-Addon-1.0.0-Description', null); 
insert into keyvalue VALUES ('63207-1.0.0-Online_selfcare_id', '63207-1.0.0', 'Post-Addon-1.0.0-Online_selfcare_id', null); 
insert into keyvalue VALUES ('63207-1.0.0-Featured', '63207-1.0.0', 'Post-Addon-1.0.0-Featured', 'true'); 
insert into keyvalue VALUES ('63207-1.0.0-Id', '63207-1.0.0', 'Post-Addon-1.0.0-Id', '63207'); 
insert into keyvalue VALUES ('63207-1.0.0-Type', '63207-1.0.0', 'Post-Addon-1.0.0-Type', 'Recurring'); 
insert into nestedkeyvalue VALUES ('63207-1.0.0-Name-def', '63207-1.0.0-Name', 'Kedvezményes kiegészítő adat 1GB'); 
insert into nestedkeyvalue VALUES ('63207-1.0.0-Name-eng', '63207-1.0.0-Name', 'Kedvezményes kiegészítő adat 1GB'); 
insert into nestedkeyvalue VALUES ('63207-1.0.0-Name-hun', '63207-1.0.0-Name', 'Recurring data add-on 1GB'); 
insert into nestedkeyvalue VALUES ('63207-1.0.0-Name-unLocalized', '63207-1.0.0-Name', null); 
insert into keyvalue VALUES ('63207-1.0.0-Name', '63207-1.0.0', 'Post-Addon-1.0.0-Name', null); 
insert into object VALUES ('63216-1.0.0', '63216'); 
insert into nestedkeyvalue VALUES ('63216-1.0.0-PSMCodes-Deactivation', '63216-1.0.0-PSMCodes', 'XUZLETI5GB'); 
insert into nestedkeyvalue VALUES ('63216-1.0.0-PSMCodes-Activation', '63216-1.0.0-PSMCodes', 'UZLETI5GB'); 
insert into keyvalue VALUES ('63216-1.0.0-PSMCodes', '63216-1.0.0', 'Post-Addon-1.0.0-PSMCodes', null); 
insert into objectrelation VALUES ('63216-1.0.0-Refill_ids-O_KREF_3937c01', '63216-1.0.0-Refill_ids', 'O_KREF_3937c01-1.0.0'); 
insert into keyvalue VALUES ('63216-1.0.0-Refill_ids', '63216-1.0.0', 'Post-Addon-1.0.0-Refill_ids', null); 
insert into keyvalue VALUES ('63216-1.0.0-Data_usage_mb', '63216-1.0.0', 'Post-Addon-1.0.0-Data_usage_mb', '5120'); 
insert into keyvalue VALUES ('63216-1.0.0-Price', '63216-1.0.0', 'Post-Addon-1.0.0-Price', '4646'); 
insert into keyvalue VALUES ('63216-1.0.0-Active', '63216-1.0.0', 'Post-Addon-1.0.0-Active', 'true'); 
insert into nestedkeyvalue VALUES ('63216-1.0.0-Description-def', '63216-1.0.0-Description', 'Válaszd ezt az adatopciót és növeld meg a tarifádban foglalt adatkeretedet 5GB-tal, amit egészen számlazárásig felhasználhatsz. Az opció ára 4646 Ft.'); 
insert into nestedkeyvalue VALUES ('63216-1.0.0-Description-eng', '63216-1.0.0-Description', 'Válaszd ezt az adatopciót és növeld meg a tarifádban foglalt adatkeretedet 5GB-tal, amit egészen számlazárásig felhasználhatsz. Az opció ára 4646 Ft.'); 
insert into nestedkeyvalue VALUES ('63216-1.0.0-Description-hun', '63216-1.0.0-Description', 'This extra data pack will give you an additional 5 GB of mobile internet until the end of your current bill cycle for 4646 Ft.'); 
insert into nestedkeyvalue VALUES ('63216-1.0.0-Description-unLocalized', '63216-1.0.0-Description', null); 
insert into keyvalue VALUES ('63216-1.0.0-Description', '63216-1.0.0', 'Post-Addon-1.0.0-Description', null); 
insert into keyvalue VALUES ('63216-1.0.0-Online_selfcare_id', '63216-1.0.0', 'Post-Addon-1.0.0-Online_selfcare_id', null); 
insert into keyvalue VALUES ('63216-1.0.0-Featured', '63216-1.0.0', 'Post-Addon-1.0.0-Featured', 'false'); 
insert into keyvalue VALUES ('63216-1.0.0-Id', '63216-1.0.0', 'Post-Addon-1.0.0-Id', '63216'); 
insert into keyvalue VALUES ('63216-1.0.0-Type', '63216-1.0.0', 'Post-Addon-1.0.0-Type', 'One Time'); 
insert into nestedkeyvalue VALUES ('63216-1.0.0-Name-def', '63216-1.0.0-Name', 'Kiegészítő adat 5GB'); 
insert into nestedkeyvalue VALUES ('63216-1.0.0-Name-eng', '63216-1.0.0-Name', 'Kiegészítő adat 5GB'); 
insert into nestedkeyvalue VALUES ('63216-1.0.0-Name-hun', '63216-1.0.0-Name', 'Business data add-on 5GB'); 
insert into nestedkeyvalue VALUES ('63216-1.0.0-Name-unLocalized', '63216-1.0.0-Name', null); 
insert into keyvalue VALUES ('63216-1.0.0-Name', '63216-1.0.0', 'Post-Addon-1.0.0-Name', null); 
insert into object VALUES ('63206-1.0.0', '63206'); 
insert into nestedkeyvalue VALUES ('63206-1.0.0-PSMCodes-Deactivation', '63206-1.0.0-PSMCodes', 'XUZLETI1GB'); 
insert into nestedkeyvalue VALUES ('63206-1.0.0-PSMCodes-Activation', '63206-1.0.0-PSMCodes', 'UZLETI1GB'); 
insert into keyvalue VALUES ('63206-1.0.0-PSMCodes', '63206-1.0.0', 'Post-Addon-1.0.0-PSMCodes', null); 
insert into objectrelation VALUES ('63206-1.0.0-Refill_ids-O_KREF_1574c8', '63206-1.0.0-Refill_ids', 'O_KREF_1574c8-1.0.0'); 
insert into keyvalue VALUES ('63206-1.0.0-Refill_ids', '63206-1.0.0', 'Post-Addon-1.0.0-Refill_ids', null); 
insert into keyvalue VALUES ('63206-1.0.0-Data_usage_mb', '63206-1.0.0', 'Post-Addon-1.0.0-Data_usage_mb', '1024'); 
insert into keyvalue VALUES ('63206-1.0.0-Price', '63206-1.0.0', 'Post-Addon-1.0.0-Price', '1859'); 
insert into keyvalue VALUES ('63206-1.0.0-Active', '63206-1.0.0', 'Post-Addon-1.0.0-Active', 'true'); 
insert into nestedkeyvalue VALUES ('63206-1.0.0-Description-def', '63206-1.0.0-Description', 'Válaszd ezt az adatopciót és növeld meg a tarifádban foglalt adatkeretedet 1GB-tal, amit egészen számlazárásig felhasználhatsz. Az opció ára 1858 Ft.'); 
insert into nestedkeyvalue VALUES ('63206-1.0.0-Description-eng', '63206-1.0.0-Description', 'Válaszd ezt az adatopciót és növeld meg a tarifádban foglalt adatkeretedet 1GB-tal, amit egészen számlazárásig felhasználhatsz. Az opció ára 1858 Ft.'); 
insert into nestedkeyvalue VALUES ('63206-1.0.0-Description-hun', '63206-1.0.0-Description', 'This extra data pack will give you an additional 1 GB of mobile internet until the end of your current bill cycle for 1858 Ft.'); 
insert into nestedkeyvalue VALUES ('63206-1.0.0-Description-unLocalized', '63206-1.0.0-Description', null); 
insert into keyvalue VALUES ('63206-1.0.0-Description', '63206-1.0.0', 'Post-Addon-1.0.0-Description', null); 
insert into keyvalue VALUES ('63206-1.0.0-Online_selfcare_id', '63206-1.0.0', 'Post-Addon-1.0.0-Online_selfcare_id', null); 
insert into keyvalue VALUES ('63206-1.0.0-Featured', '63206-1.0.0', 'Post-Addon-1.0.0-Featured', 'true'); 
insert into keyvalue VALUES ('63206-1.0.0-Id', '63206-1.0.0', 'Post-Addon-1.0.0-Id', '63206'); 
insert into keyvalue VALUES ('63206-1.0.0-Type', '63206-1.0.0', 'Post-Addon-1.0.0-Type', 'One Time'); 
insert into nestedkeyvalue VALUES ('63206-1.0.0-Name-def', '63206-1.0.0-Name', 'Kiegészítő adat 1GB'); 
insert into nestedkeyvalue VALUES ('63206-1.0.0-Name-eng', '63206-1.0.0-Name', 'Kiegészítő adat 1GB'); 
insert into nestedkeyvalue VALUES ('63206-1.0.0-Name-hun', '63206-1.0.0-Name', 'Business data add-on 1GB'); 
insert into nestedkeyvalue VALUES ('63206-1.0.0-Name-unLocalized', '63206-1.0.0-Name', null); 
insert into keyvalue VALUES ('63206-1.0.0-Name', '63206-1.0.0', 'Post-Addon-1.0.0-Name', null); 
insert into object VALUES ('63205-1.0.0', '63205'); 
insert into nestedkeyvalue VALUES ('63205-1.0.0-PSMCodes-Deactivation', '63205-1.0.0-PSMCodes', 'XUZLETI500MB'); 
insert into nestedkeyvalue VALUES ('63205-1.0.0-PSMCodes-Activation', '63205-1.0.0-PSMCodes', 'UZLETI500MB'); 
insert into keyvalue VALUES ('63205-1.0.0-PSMCodes', '63205-1.0.0', 'Post-Addon-1.0.0-PSMCodes', null); 
insert into objectrelation VALUES ('63205-1.0.0-Refill_ids-O_KREF_787c4', '63205-1.0.0-Refill_ids', 'O_KREF_787c4-1.0.0'); 
insert into keyvalue VALUES ('63205-1.0.0-Refill_ids', '63205-1.0.0', 'Post-Addon-1.0.0-Refill_ids', null); 
insert into keyvalue VALUES ('63205-1.0.0-Data_usage_mb', '63205-1.0.0', 'Post-Addon-1.0.0-Data_usage_mb', '500'); 
insert into keyvalue VALUES ('63205-1.0.0-Price', '63205-1.0.0', 'Post-Addon-1.0.0-Price', '930'); 
insert into keyvalue VALUES ('63205-1.0.0-Active', '63205-1.0.0', 'Post-Addon-1.0.0-Active', 'true'); 
insert into nestedkeyvalue VALUES ('63205-1.0.0-Description-def', '63205-1.0.0-Description', 'Válaszd ezt az adatopciót és növeld meg a tarifádban foglalt adatkeretedet 500MB-tal, amit egészen számlazárásig felhasználhatsz. Az opció ára 929 Ft.'); 
insert into nestedkeyvalue VALUES ('63205-1.0.0-Description-eng', '63205-1.0.0-Description', 'Válaszd ezt az adatopciót és növeld meg a tarifádban foglalt adatkeretedet 500MB-tal, amit egészen számlazárásig felhasználhatsz. Az opció ára 929 Ft.'); 
insert into nestedkeyvalue VALUES ('63205-1.0.0-Description-hun', '63205-1.0.0-Description', 'This extra data pack will give you an additional 500 MB of mobile internet until the end of your current bill cycle for 929 Ft.'); 
insert into nestedkeyvalue VALUES ('63205-1.0.0-Description-unLocalized', '63205-1.0.0-Description', null); 
insert into keyvalue VALUES ('63205-1.0.0-Description', '63205-1.0.0', 'Post-Addon-1.0.0-Description', null); 
insert into keyvalue VALUES ('63205-1.0.0-Online_selfcare_id', '63205-1.0.0', 'Post-Addon-1.0.0-Online_selfcare_id', null); 
insert into keyvalue VALUES ('63205-1.0.0-Featured', '63205-1.0.0', 'Post-Addon-1.0.0-Featured', 'true'); 
insert into keyvalue VALUES ('63205-1.0.0-Id', '63205-1.0.0', 'Post-Addon-1.0.0-Id', '63205'); 
insert into keyvalue VALUES ('63205-1.0.0-Type', '63205-1.0.0', 'Post-Addon-1.0.0-Type', 'One Time'); 
insert into nestedkeyvalue VALUES ('63205-1.0.0-Name-def', '63205-1.0.0-Name', 'Kiegészítő adat 500MB'); 
insert into nestedkeyvalue VALUES ('63205-1.0.0-Name-eng', '63205-1.0.0-Name', 'Kiegészítő adat 500MB'); 
insert into nestedkeyvalue VALUES ('63205-1.0.0-Name-hun', '63205-1.0.0-Name', 'Business data add-on 500MB'); 
insert into nestedkeyvalue VALUES ('63205-1.0.0-Name-unLocalized', '63205-1.0.0-Name', null); 
insert into keyvalue VALUES ('63205-1.0.0-Name', '63205-1.0.0', 'Post-Addon-1.0.0-Name', null); 
insert into object VALUES ('63527-1.0.0', '63527'); 
insert into nestedkeyvalue VALUES ('63527-1.0.0-PSMCodes-Activation', '63527-1.0.0-PSMCodes', null); 
insert into keyvalue VALUES ('63527-1.0.0-PSMCodes', '63527-1.0.0', 'Post-Addon-1.0.0-PSMCodes', null); 
insert into keyvalue VALUES ('63527-1.0.0-Refill_ids', '63527-1.0.0', 'Post-Addon-1.0.0-Refill_ids', null); 
insert into keyvalue VALUES ('63527-1.0.0-Data_usage_mb', '63527-1.0.0', 'Post-Addon-1.0.0-Data_usage_mb', '500'); 
insert into keyvalue VALUES ('63527-1.0.0-Price', '63527-1.0.0', 'Post-Addon-1.0.0-Price', '0'); 
insert into keyvalue VALUES ('63527-1.0.0-Active', '63527-1.0.0', 'Post-Addon-1.0.0-Active', 'false'); 
insert into nestedkeyvalue VALUES ('63527-1.0.0-Description-def', '63527-1.0.0-Description', 'We reward your loyalty with an extra 500MB data add-on, that can be used for 30 days after the activation date domestically or according to the terms of your active roaming option.'); 
insert into nestedkeyvalue VALUES ('63527-1.0.0-Description-eng', '63527-1.0.0-Description', 'We reward your loyalty with an extra 500MB data add-on, that can be used for 30 days after the activation date domestically or according to the terms of your active roaming option.'); 
insert into nestedkeyvalue VALUES ('63527-1.0.0-Description-hun', '63527-1.0.0-Description', 'We reward your loyalty with an extra 500MB data add-on, that can be used for 30 days after the activation date domestically or according to the terms of your active roaming option.'); 
insert into nestedkeyvalue VALUES ('63527-1.0.0-Description-unLocalized', '63527-1.0.0-Description', null); 
insert into keyvalue VALUES ('63527-1.0.0-Description', '63527-1.0.0', 'Post-Addon-1.0.0-Description', null); 
insert into keyvalue VALUES ('63527-1.0.0-Online_selfcare_id', '63527-1.0.0', 'Post-Addon-1.0.0-Online_selfcare_id', null); 
insert into keyvalue VALUES ('63527-1.0.0-Featured', '63527-1.0.0', 'Post-Addon-1.0.0-Featured', 'false'); 
insert into keyvalue VALUES ('63527-1.0.0-Id', '63527-1.0.0', 'Post-Addon-1.0.0-Id', '63527'); 
insert into keyvalue VALUES ('63527-1.0.0-Type', '63527-1.0.0', 'Post-Addon-1.0.0-Type', 'Emergency'); 
insert into nestedkeyvalue VALUES ('63527-1.0.0-Name-def', '63527-1.0.0-Name', '500 MB data for 30 days'); 
insert into nestedkeyvalue VALUES ('63527-1.0.0-Name-eng', '63527-1.0.0-Name', '500 MB data for 30 days'); 
insert into nestedkeyvalue VALUES ('63527-1.0.0-Name-hun', '63527-1.0.0-Name', '500 MB data for 30 days'); 
insert into nestedkeyvalue VALUES ('63527-1.0.0-Name-unLocalized', '63527-1.0.0-Name', null); 
insert into keyvalue VALUES ('63527-1.0.0-Name', '63527-1.0.0', 'Post-Addon-1.0.0-Name', null); 
insert into object VALUES ('63420-1.0.0', '63420'); 
insert into nestedkeyvalue VALUES ('63420-1.0.0-PSMCodes-Activation', '63420-1.0.0-PSMCodes', null); 
insert into keyvalue VALUES ('63420-1.0.0-PSMCodes', '63420-1.0.0', 'Post-Addon-1.0.0-PSMCodes', null); 
insert into keyvalue VALUES ('63420-1.0.0-Refill_ids', '63420-1.0.0', 'Post-Addon-1.0.0-Refill_ids', null); 
insert into keyvalue VALUES ('63420-1.0.0-Data_usage_mb', '63420-1.0.0', 'Post-Addon-1.0.0-Data_usage_mb', '1024'); 
insert into keyvalue VALUES ('63420-1.0.0-Price', '63420-1.0.0', 'Post-Addon-1.0.0-Price', '0'); 
insert into keyvalue VALUES ('63420-1.0.0-Active', '63420-1.0.0', 'Post-Addon-1.0.0-Active', 'false'); 
insert into nestedkeyvalue VALUES ('63420-1.0.0-Description-def', '63420-1.0.0-Description', 'Hűségedet 1GB extra adatforgalommal jutalmazzuk, mely az aktiválástól számítva 30 napig használható fel belföldön, illetve az aktív roaming opciódban foglalt feltételek szerint.'); 
insert into nestedkeyvalue VALUES ('63420-1.0.0-Description-eng', '63420-1.0.0-Description', 'Hűségedet 1GB extra adatforgalommal jutalmazzuk, mely az aktiválástól számítva 30 napig használható fel belföldön, illetve az aktív roaming opciódban foglalt feltételek szerint.'); 
insert into nestedkeyvalue VALUES ('63420-1.0.0-Description-hun', '63420-1.0.0-Description', 'We reward your loyalty with an extra 1GB data add-on, that can be used for 30 days after the activation date domestically or according to the terms of your active roaming option.'); 
insert into nestedkeyvalue VALUES ('63420-1.0.0-Description-unLocalized', '63420-1.0.0-Description', null); 
insert into keyvalue VALUES ('63420-1.0.0-Description', '63420-1.0.0', 'Post-Addon-1.0.0-Description', null); 
insert into keyvalue VALUES ('63420-1.0.0-Online_selfcare_id', '63420-1.0.0', 'Post-Addon-1.0.0-Online_selfcare_id', null); 
insert into keyvalue VALUES ('63420-1.0.0-Featured', '63420-1.0.0', 'Post-Addon-1.0.0-Featured', 'false'); 
insert into keyvalue VALUES ('63420-1.0.0-Id', '63420-1.0.0', 'Post-Addon-1.0.0-Id', '63420'); 
insert into keyvalue VALUES ('63420-1.0.0-Type', '63420-1.0.0', 'Post-Addon-1.0.0-Type', 'Emergency'); 
insert into nestedkeyvalue VALUES ('63420-1.0.0-Name-def', '63420-1.0.0-Name', '1 GB adat 30 napra'); 
insert into nestedkeyvalue VALUES ('63420-1.0.0-Name-eng', '63420-1.0.0-Name', '1 GB adat 30 napra'); 
insert into nestedkeyvalue VALUES ('63420-1.0.0-Name-hun', '63420-1.0.0-Name', '1 GB data for 30 days'); 
insert into nestedkeyvalue VALUES ('63420-1.0.0-Name-unLocalized', '63420-1.0.0-Name', null); 
insert into keyvalue VALUES ('63420-1.0.0-Name', '63420-1.0.0', 'Post-Addon-1.0.0-Name', null); 
insert into object VALUES ('63422-1.0.0', '63422'); 
insert into nestedkeyvalue VALUES ('63422-1.0.0-PSMCodes-Activation', '63422-1.0.0-PSMCodes', null); 
insert into keyvalue VALUES ('63422-1.0.0-PSMCodes', '63422-1.0.0', 'Post-Addon-1.0.0-PSMCodes', null); 
insert into keyvalue VALUES ('63422-1.0.0-Refill_ids', '63422-1.0.0', 'Post-Addon-1.0.0-Refill_ids', null); 
insert into keyvalue VALUES ('63422-1.0.0-Data_usage_mb', '63422-1.0.0', 'Post-Addon-1.0.0-Data_usage_mb', '5120'); 
insert into keyvalue VALUES ('63422-1.0.0-Price', '63422-1.0.0', 'Post-Addon-1.0.0-Price', '0'); 
insert into keyvalue VALUES ('63422-1.0.0-Active', '63422-1.0.0', 'Post-Addon-1.0.0-Active', 'false'); 
insert into nestedkeyvalue VALUES ('63422-1.0.0-Description-def', '63422-1.0.0-Description', 'Hűségedet 5GB extra adatforgalommal jutalmazzuk, mely az aktiválástól számítva 30 napig használható fel belföldön, illetve az aktív roaming opciódban foglalt feltételek szerint.'); 
insert into nestedkeyvalue VALUES ('63422-1.0.0-Description-eng', '63422-1.0.0-Description', 'Hűségedet 5GB extra adatforgalommal jutalmazzuk, mely az aktiválástól számítva 30 napig használható fel belföldön, illetve az aktív roaming opciódban foglalt feltételek szerint.'); 
insert into nestedkeyvalue VALUES ('63422-1.0.0-Description-hun', '63422-1.0.0-Description', 'We reward your loyalty with an extra 5GB data add-on, that can be used for 30 days after the activation date domestically or according to the terms of your active roaming option.'); 
insert into nestedkeyvalue VALUES ('63422-1.0.0-Description-unLocalized', '63422-1.0.0-Description', null); 
insert into keyvalue VALUES ('63422-1.0.0-Description', '63422-1.0.0', 'Post-Addon-1.0.0-Description', null); 
insert into keyvalue VALUES ('63422-1.0.0-Online_selfcare_id', '63422-1.0.0', 'Post-Addon-1.0.0-Online_selfcare_id', null); 
insert into keyvalue VALUES ('63422-1.0.0-Featured', '63422-1.0.0', 'Post-Addon-1.0.0-Featured', 'false'); 
insert into keyvalue VALUES ('63422-1.0.0-Id', '63422-1.0.0', 'Post-Addon-1.0.0-Id', '63422'); 
insert into keyvalue VALUES ('63422-1.0.0-Type', '63422-1.0.0', 'Post-Addon-1.0.0-Type', 'Emergency'); 
insert into nestedkeyvalue VALUES ('63422-1.0.0-Name-def', '63422-1.0.0-Name', '5 GB adat 30 napra'); 
insert into nestedkeyvalue VALUES ('63422-1.0.0-Name-eng', '63422-1.0.0-Name', '5 GB adat 30 napra'); 
insert into nestedkeyvalue VALUES ('63422-1.0.0-Name-hun', '63422-1.0.0-Name', '5 GB data for 30 days'); 
insert into nestedkeyvalue VALUES ('63422-1.0.0-Name-unLocalized', '63422-1.0.0-Name', null); 
insert into keyvalue VALUES ('63422-1.0.0-Name', '63422-1.0.0', 'Post-Addon-1.0.0-Name', null); 
insert into object VALUES ('63407-1.0.0', '63407'); 
insert into nestedkeyvalue VALUES ('63407-1.0.0-PSMCodes-Activation', '63407-1.0.0-PSMCodes', null); 
insert into keyvalue VALUES ('63407-1.0.0-PSMCodes', '63407-1.0.0', 'Post-Addon-1.0.0-PSMCodes', null); 
insert into keyvalue VALUES ('63407-1.0.0-Refill_ids', '63407-1.0.0', 'Post-Addon-1.0.0-Refill_ids', null); 
insert into keyvalue VALUES ('63407-1.0.0-Data_usage_mb', '63407-1.0.0', 'Post-Addon-1.0.0-Data_usage_mb', '102400'); 
insert into keyvalue VALUES ('63407-1.0.0-Price', '63407-1.0.0', 'Post-Addon-1.0.0-Price', '0'); 
insert into keyvalue VALUES ('63407-1.0.0-Active', '63407-1.0.0', 'Post-Addon-1.0.0-Active', 'false'); 
insert into nestedkeyvalue VALUES ('63407-1.0.0-Description-def', '63407-1.0.0-Description', 'Hűségedet 100GB adatforgalommal jutalmazzuk, mely az aktiválástól számítva, a következő nap éjfélig használható fel belföldön, illetve az aktív roaming opciódban foglalt feltételek szerint.'); 
insert into nestedkeyvalue VALUES ('63407-1.0.0-Description-eng', '63407-1.0.0-Description', 'Hűségedet 100GB adatforgalommal jutalmazzuk, mely az aktiválástól számítva, a következő nap éjfélig használható fel belföldön, illetve az aktív roaming opciódban foglalt feltételek szerint.'); 
insert into nestedkeyvalue VALUES ('63407-1.0.0-Description-hun', '63407-1.0.0-Description', 'We reward your loyalty with an extra 100GB data add-on, that can be used next day until midnight domestically or according to the terms of your active roaming option.'); 
insert into nestedkeyvalue VALUES ('63407-1.0.0-Description-unLocalized', '63407-1.0.0-Description', null); 
insert into keyvalue VALUES ('63407-1.0.0-Description', '63407-1.0.0', 'Post-Addon-1.0.0-Description', null); 
insert into keyvalue VALUES ('63407-1.0.0-Online_selfcare_id', '63407-1.0.0', 'Post-Addon-1.0.0-Online_selfcare_id', null); 
insert into keyvalue VALUES ('63407-1.0.0-Featured', '63407-1.0.0', 'Post-Addon-1.0.0-Featured', 'false'); 
insert into keyvalue VALUES ('63407-1.0.0-Id', '63407-1.0.0', 'Post-Addon-1.0.0-Id', '63407'); 
insert into keyvalue VALUES ('63407-1.0.0-Type', '63407-1.0.0', 'Post-Addon-1.0.0-Type', 'Emergency'); 
insert into nestedkeyvalue VALUES ('63407-1.0.0-Name-def', '63407-1.0.0-Name', 'Korlátlan adat 1 napra'); 
insert into nestedkeyvalue VALUES ('63407-1.0.0-Name-eng', '63407-1.0.0-Name', 'Korlátlan adat 1 napra'); 
insert into nestedkeyvalue VALUES ('63407-1.0.0-Name-hun', '63407-1.0.0-Name', '1 day unlimited data'); 
insert into nestedkeyvalue VALUES ('63407-1.0.0-Name-unLocalized', '63407-1.0.0-Name', null); 
insert into keyvalue VALUES ('63407-1.0.0-Name', '63407-1.0.0', 'Post-Addon-1.0.0-Name', null); 
insert into object VALUES ('63408-1.0.0', '63408'); 
insert into nestedkeyvalue VALUES ('63408-1.0.0-PSMCodes-Activation', '63408-1.0.0-PSMCodes', null); 
insert into keyvalue VALUES ('63408-1.0.0-PSMCodes', '63408-1.0.0', 'Post-Addon-1.0.0-PSMCodes', null); 
insert into keyvalue VALUES ('63408-1.0.0-Refill_ids', '63408-1.0.0', 'Post-Addon-1.0.0-Refill_ids', null); 
insert into keyvalue VALUES ('63408-1.0.0-Data_usage_mb', '63408-1.0.0', 'Post-Addon-1.0.0-Data_usage_mb', '102400'); 
insert into keyvalue VALUES ('63408-1.0.0-Price', '63408-1.0.0', 'Post-Addon-1.0.0-Price', '0'); 
insert into keyvalue VALUES ('63408-1.0.0-Active', '63408-1.0.0', 'Post-Addon-1.0.0-Active', 'false'); 
insert into nestedkeyvalue VALUES ('63408-1.0.0-Description-def', '63408-1.0.0-Description', 'Hűségedet 100GB adatforgalommal jutalmazzuk, mely az aktiválástól számítva, a következő nap éjfélig használható fel belföldön, illetve az aktív roaming opciódban foglalt feltételek szerint.'); 
insert into nestedkeyvalue VALUES ('63408-1.0.0-Description-eng', '63408-1.0.0-Description', 'Hűségedet 100GB adatforgalommal jutalmazzuk, mely az aktiválástól számítva, a következő nap éjfélig használható fel belföldön, illetve az aktív roaming opciódban foglalt feltételek szerint.'); 
insert into nestedkeyvalue VALUES ('63408-1.0.0-Description-hun', '63408-1.0.0-Description', 'We reward your loyalty with an extra 100GB data add-on, that can be used next day until midnight domestically or according to the terms of your active roaming option.'); 
insert into nestedkeyvalue VALUES ('63408-1.0.0-Description-unLocalized', '63408-1.0.0-Description', null); 
insert into keyvalue VALUES ('63408-1.0.0-Description', '63408-1.0.0', 'Post-Addon-1.0.0-Description', null); 
insert into keyvalue VALUES ('63408-1.0.0-Online_selfcare_id', '63408-1.0.0', 'Post-Addon-1.0.0-Online_selfcare_id', null); 
insert into keyvalue VALUES ('63408-1.0.0-Featured', '63408-1.0.0', 'Post-Addon-1.0.0-Featured', 'false'); 
insert into keyvalue VALUES ('63408-1.0.0-Id', '63408-1.0.0', 'Post-Addon-1.0.0-Id', '63408'); 
insert into keyvalue VALUES ('63408-1.0.0-Type', '63408-1.0.0', 'Post-Addon-1.0.0-Type', 'Emergency'); 
insert into nestedkeyvalue VALUES ('63408-1.0.0-Name-def', '63408-1.0.0-Name', 'Korlátlan adat 1 napra'); 
insert into nestedkeyvalue VALUES ('63408-1.0.0-Name-eng', '63408-1.0.0-Name', 'Korlátlan adat 1 napra'); 
insert into nestedkeyvalue VALUES ('63408-1.0.0-Name-hun', '63408-1.0.0-Name', '1 day unlimited data'); 
insert into nestedkeyvalue VALUES ('63408-1.0.0-Name-unLocalized', '63408-1.0.0-Name', null); 
insert into keyvalue VALUES ('63408-1.0.0-Name', '63408-1.0.0', 'Post-Addon-1.0.0-Name', null); 
insert into object VALUES ('60654-1.0.0', '60654'); 
insert into nestedkeyvalue VALUES ('60654-1.0.0-PSMCodes-Deactivation', '60654-1.0.0-PSMCodes', 'none'); 
insert into nestedkeyvalue VALUES ('60654-1.0.0-PSMCodes-Activation', '60654-1.0.0-PSMCodes', 'PLUSZ8GB-M'); 
insert into keyvalue VALUES ('60654-1.0.0-PSMCodes', '60654-1.0.0', 'Post-Addon-1.0.0-PSMCodes', null); 
insert into keyvalue VALUES ('60654-1.0.0-Refill_ids', '60654-1.0.0', 'Post-Addon-1.0.0-Refill_ids', null); 
insert into keyvalue VALUES ('60654-1.0.0-Data_usage_mb', '60654-1.0.0', 'Post-Addon-1.0.0-Data_usage_mb', '8192'); 
insert into keyvalue VALUES ('60654-1.0.0-Price', '60654-1.0.0', 'Post-Addon-1.0.0-Price', '3708'); 
insert into keyvalue VALUES ('60654-1.0.0-Active', '60654-1.0.0', 'Post-Addon-1.0.0-Active', 'false'); 
insert into nestedkeyvalue VALUES ('60654-1.0.0-Description-def', '60654-1.0.0-Description', 'Ezzel a 2 év határozott időre szóló kegészítő adatopcióval 8 GB adat áll rendelkezésedre minden számlázási ciklusban.'); 
insert into nestedkeyvalue VALUES ('60654-1.0.0-Description-eng', '60654-1.0.0-Description', 'Ezzel a 2 év határozott időre szóló kegészítő adatopcióval 8 GB adat áll rendelkezésedre minden számlázási ciklusban.'); 
insert into nestedkeyvalue VALUES ('60654-1.0.0-Description-hun', '60654-1.0.0-Description', 'This 2 year loyalty data option has 8 GB of mobile internet included in each monthly billing period.'); 
insert into nestedkeyvalue VALUES ('60654-1.0.0-Description-unLocalized', '60654-1.0.0-Description', null); 
insert into keyvalue VALUES ('60654-1.0.0-Description', '60654-1.0.0', 'Post-Addon-1.0.0-Description', null); 
insert into keyvalue VALUES ('60654-1.0.0-Online_selfcare_id', '60654-1.0.0', 'Post-Addon-1.0.0-Online_selfcare_id', null); 
insert into keyvalue VALUES ('60654-1.0.0-Featured', '60654-1.0.0', 'Post-Addon-1.0.0-Featured', 'false'); 
insert into keyvalue VALUES ('60654-1.0.0-Id', '60654-1.0.0', 'Post-Addon-1.0.0-Id', '60654'); 
insert into keyvalue VALUES ('60654-1.0.0-Type', '60654-1.0.0', 'Post-Addon-1.0.0-Type', 'recurring'); 
insert into nestedkeyvalue VALUES ('60654-1.0.0-Name-def', '60654-1.0.0-Name', 'Plusz Adat 8 GB adatforgalom (2 év)'); 
insert into nestedkeyvalue VALUES ('60654-1.0.0-Name-eng', '60654-1.0.0-Name', 'Plusz Adat 8 GB adatforgalom (2 év)'); 
insert into nestedkeyvalue VALUES ('60654-1.0.0-Name-hun', '60654-1.0.0-Name', 'Plusz Adat 8 GB data (2 years)'); 
insert into nestedkeyvalue VALUES ('60654-1.0.0-Name-unLocalized', '60654-1.0.0-Name', null); 
insert into keyvalue VALUES ('60654-1.0.0-Name', '60654-1.0.0', 'Post-Addon-1.0.0-Name', null); 
insert into object VALUES ('60657-1.0.0', '60657'); 
insert into nestedkeyvalue VALUES ('60657-1.0.0-PSMCodes-Deactivation', '60657-1.0.0-PSMCodes', 'none'); 
insert into nestedkeyvalue VALUES ('60657-1.0.0-PSMCodes-Activation', '60657-1.0.0-PSMCodes', 'PLUSZ12GB-M'); 
insert into keyvalue VALUES ('60657-1.0.0-PSMCodes', '60657-1.0.0', 'Post-Addon-1.0.0-PSMCodes', null); 
insert into keyvalue VALUES ('60657-1.0.0-Refill_ids', '60657-1.0.0', 'Post-Addon-1.0.0-Refill_ids', null); 
insert into keyvalue VALUES ('60657-1.0.0-Data_usage_mb', '60657-1.0.0', 'Post-Addon-1.0.0-Data_usage_mb', '12288'); 
insert into keyvalue VALUES ('60657-1.0.0-Price', '60657-1.0.0', 'Post-Addon-1.0.0-Price', '5101'); 
insert into keyvalue VALUES ('60657-1.0.0-Active', '60657-1.0.0', 'Post-Addon-1.0.0-Active', 'false'); 
insert into nestedkeyvalue VALUES ('60657-1.0.0-Description-def', '60657-1.0.0-Description', 'Ezzel a 2 év határozott időre szóló kegészítő adatopcióval 12 GB adat áll rendelkezésedre minden számlázási ciklusban.'); 
insert into nestedkeyvalue VALUES ('60657-1.0.0-Description-eng', '60657-1.0.0-Description', 'Ezzel a 2 év határozott időre szóló kegészítő adatopcióval 12 GB adat áll rendelkezésedre minden számlázási ciklusban.'); 
insert into nestedkeyvalue VALUES ('60657-1.0.0-Description-hun', '60657-1.0.0-Description', 'This 2 year loyalty data option has 12 GB of mobile internet included in each monthly billing period.'); 
insert into nestedkeyvalue VALUES ('60657-1.0.0-Description-unLocalized', '60657-1.0.0-Description', null); 
insert into keyvalue VALUES ('60657-1.0.0-Description', '60657-1.0.0', 'Post-Addon-1.0.0-Description', null); 
insert into keyvalue VALUES ('60657-1.0.0-Online_selfcare_id', '60657-1.0.0', 'Post-Addon-1.0.0-Online_selfcare_id', null); 
insert into keyvalue VALUES ('60657-1.0.0-Featured', '60657-1.0.0', 'Post-Addon-1.0.0-Featured', 'false'); 
insert into keyvalue VALUES ('60657-1.0.0-Id', '60657-1.0.0', 'Post-Addon-1.0.0-Id', '60657'); 
insert into keyvalue VALUES ('60657-1.0.0-Type', '60657-1.0.0', 'Post-Addon-1.0.0-Type', 'recurring'); 
insert into nestedkeyvalue VALUES ('60657-1.0.0-Name-def', '60657-1.0.0-Name', 'Plusz Adat 12 GB adatforgalom (2 év)'); 
insert into nestedkeyvalue VALUES ('60657-1.0.0-Name-eng', '60657-1.0.0-Name', 'Plusz Adat 12 GB adatforgalom (2 év)'); 
insert into nestedkeyvalue VALUES ('60657-1.0.0-Name-hun', '60657-1.0.0-Name', 'Plusz Adat 12 GB data (2 years)'); 
insert into nestedkeyvalue VALUES ('60657-1.0.0-Name-unLocalized', '60657-1.0.0-Name', null); 
insert into keyvalue VALUES ('60657-1.0.0-Name', '60657-1.0.0', 'Post-Addon-1.0.0-Name', null); 
insert into object VALUES ('63549-1.0.0', '63549'); 
insert into nestedkeyvalue VALUES ('63549-1.0.0-PSMCodes-Activation', '63549-1.0.0-PSMCodes', null); 
insert into keyvalue VALUES ('63549-1.0.0-PSMCodes', '63549-1.0.0', 'Post-Addon-1.0.0-PSMCodes', null); 
insert into keyvalue VALUES ('63549-1.0.0-Refill_ids', '63549-1.0.0', 'Post-Addon-1.0.0-Refill_ids', null); 
insert into keyvalue VALUES ('63549-1.0.0-Data_usage_mb', '63549-1.0.0', 'Post-Addon-1.0.0-Data_usage_mb', '50'); 
insert into keyvalue VALUES ('63549-1.0.0-Price', '63549-1.0.0', 'Post-Addon-1.0.0-Price', '0'); 
insert into keyvalue VALUES ('63549-1.0.0-Active', '63549-1.0.0', 'Post-Addon-1.0.0-Active', 'false'); 
insert into nestedkeyvalue VALUES ('63549-1.0.0-Description-def', '63549-1.0.0-Description', 'Ezzel a díjmentes kiegészítő adatopcióval 50 MB áll rendelkezésedre, melyet ma éjfélig használhatsz fel az EU-n belül. SMS-ben értesítünk, ha az opcióba foglalt adatforgalmad elfogy.'); 
insert into nestedkeyvalue VALUES ('63549-1.0.0-Description-eng', '63549-1.0.0-Description', 'Ezzel a díjmentes kiegészítő adatopcióval 50 MB áll rendelkezésedre, melyet ma éjfélig használhatsz fel az EU-n belül. SMS-ben értesítünk, ha az opcióba foglalt adatforgalmad elfogy.'); 
insert into nestedkeyvalue VALUES ('63549-1.0.0-Description-hun', '63549-1.0.0-Description', 'This extra data pack gives you an additional 50 MB  free of charge, which can be consumed until this midnight within the EU. We are going to send an SMS notification, if you run out of it.'); 
insert into nestedkeyvalue VALUES ('63549-1.0.0-Description-unLocalized', '63549-1.0.0-Description', null); 
insert into keyvalue VALUES ('63549-1.0.0-Description', '63549-1.0.0', 'Post-Addon-1.0.0-Description', null); 
insert into keyvalue VALUES ('63549-1.0.0-Online_selfcare_id', '63549-1.0.0', 'Post-Addon-1.0.0-Online_selfcare_id', null); 
insert into keyvalue VALUES ('63549-1.0.0-Featured', '63549-1.0.0', 'Post-Addon-1.0.0-Featured', 'false'); 
insert into keyvalue VALUES ('63549-1.0.0-Id', '63549-1.0.0', 'Post-Addon-1.0.0-Id', '63549'); 
insert into keyvalue VALUES ('63549-1.0.0-Type', '63549-1.0.0', 'Post-Addon-1.0.0-Type', 'One Time'); 
insert into nestedkeyvalue VALUES ('63549-1.0.0-Name-def', '63549-1.0.0-Name', 'PluszAdat 50 MB'); 
insert into nestedkeyvalue VALUES ('63549-1.0.0-Name-eng', '63549-1.0.0-Name', 'PluszAdat 50 MB'); 
insert into nestedkeyvalue VALUES ('63549-1.0.0-Name-hun', '63549-1.0.0-Name', 'PluszAdat 50 MB'); 
insert into nestedkeyvalue VALUES ('63549-1.0.0-Name-unLocalized', '63549-1.0.0-Name', null); 
insert into keyvalue VALUES ('63549-1.0.0-Name', '63549-1.0.0', 'Post-Addon-1.0.0-Name', null); 
insert into object VALUES ('63550-1.0.0', '63550'); 
insert into nestedkeyvalue VALUES ('63550-1.0.0-PSMCodes-Activation', '63550-1.0.0-PSMCodes', null); 
insert into keyvalue VALUES ('63550-1.0.0-PSMCodes', '63550-1.0.0', 'Post-Addon-1.0.0-PSMCodes', null); 
insert into keyvalue VALUES ('63550-1.0.0-Refill_ids', '63550-1.0.0', 'Post-Addon-1.0.0-Refill_ids', null); 
insert into keyvalue VALUES ('63550-1.0.0-Data_usage_mb', '63550-1.0.0', 'Post-Addon-1.0.0-Data_usage_mb', '2048'); 
insert into keyvalue VALUES ('63550-1.0.0-Price', '63550-1.0.0', 'Post-Addon-1.0.0-Price', '0'); 
insert into keyvalue VALUES ('63550-1.0.0-Active', '63550-1.0.0', 'Post-Addon-1.0.0-Active', 'false'); 
insert into nestedkeyvalue VALUES ('63550-1.0.0-Description-def', '63550-1.0.0-Description', 'Ezzel a díjmentes kiegészítő adatopcióval 2GB adat áll rendelkezésedre minden számlázási ciklusban, melyet az EU-n belül használhatsz fel. Ha többre van szükséged, válassz további adatopcióink közül.'); 
insert into nestedkeyvalue VALUES ('63550-1.0.0-Description-eng', '63550-1.0.0-Description', 'Ezzel a díjmentes kiegészítő adatopcióval 2GB adat áll rendelkezésedre minden számlázási ciklusban, melyet az EU-n belül használhatsz fel. Ha többre van szükséged, válassz további adatopcióink közül.'); 
insert into nestedkeyvalue VALUES ('63550-1.0.0-Description-hun', '63550-1.0.0-Description', 'This extra data pack has 2GB of mobile internet included in each monthly billing period free of charge  for usage within the EU. If you need more data, you can choose from our offers below to stay connected at full speed.'); 
insert into nestedkeyvalue VALUES ('63550-1.0.0-Description-unLocalized', '63550-1.0.0-Description', null); 
insert into keyvalue VALUES ('63550-1.0.0-Description', '63550-1.0.0', 'Post-Addon-1.0.0-Description', null); 
insert into keyvalue VALUES ('63550-1.0.0-Online_selfcare_id', '63550-1.0.0', 'Post-Addon-1.0.0-Online_selfcare_id', null); 
insert into keyvalue VALUES ('63550-1.0.0-Featured', '63550-1.0.0', 'Post-Addon-1.0.0-Featured', 'false'); 
insert into keyvalue VALUES ('63550-1.0.0-Id', '63550-1.0.0', 'Post-Addon-1.0.0-Id', '63550'); 
insert into keyvalue VALUES ('63550-1.0.0-Type', '63550-1.0.0', 'Post-Addon-1.0.0-Type', 'recurring'); 
insert into nestedkeyvalue VALUES ('63550-1.0.0-Name-def', '63550-1.0.0-Name', 'Vodafone You 2GB'); 
insert into nestedkeyvalue VALUES ('63550-1.0.0-Name-eng', '63550-1.0.0-Name', 'Vodafone You 2GB'); 
insert into nestedkeyvalue VALUES ('63550-1.0.0-Name-hun', '63550-1.0.0-Name', 'Vodafone You 2GB'); 
insert into nestedkeyvalue VALUES ('63550-1.0.0-Name-unLocalized', '63550-1.0.0-Name', null); 
insert into keyvalue VALUES ('63550-1.0.0-Name', '63550-1.0.0', 'Post-Addon-1.0.0-Name', null); 
insert into object VALUES ('60780-1.0.0', '60780'); 
insert into nestedkeyvalue VALUES ('60780-1.0.0-PSMCodes-Deactivation', '60780-1.0.0-PSMCodes', null); 
insert into nestedkeyvalue VALUES ('60780-1.0.0-PSMCodes-Activation', '60780-1.0.0-PSMCodes', null); 
insert into keyvalue VALUES ('60780-1.0.0-PSMCodes', '60780-1.0.0', 'Post-Addon-1.0.0-PSMCodes', null); 
insert into keyvalue VALUES ('60780-1.0.0-Refill_ids', '60780-1.0.0', 'Post-Addon-1.0.0-Refill_ids', null); 
insert into keyvalue VALUES ('60780-1.0.0-Data_usage_mb', '60780-1.0.0', 'Post-Addon-1.0.0-Data_usage_mb', '1024'); 
insert into keyvalue VALUES ('60780-1.0.0-Price', '60780-1.0.0', 'Post-Addon-1.0.0-Price', '0'); 
insert into keyvalue VALUES ('60780-1.0.0-Active', '60780-1.0.0', 'Post-Addon-1.0.0-Active', 'false'); 
insert into nestedkeyvalue VALUES ('60780-1.0.0-Description-def', '60780-1.0.0-Description', 'Ezzel a díjmentes adatopcióval a tarifádba foglalt adatkeretedet 1 GB-tal növeljük, amit egészen számlazárásig felhasználhatsz. A kiegészítő opció minden hónapban automatikusan megújul az opció lejárati dátumáig.'); 
insert into nestedkeyvalue VALUES ('60780-1.0.0-Description-eng', '60780-1.0.0-Description', 'Ezzel a díjmentes adatopcióval a tarifádba foglalt adatkeretedet 1 GB-tal növeljük, amit egészen számlazárásig felhasználhatsz. A kiegészítő opció minden hónapban automatikusan megújul az opció lejárati dátumáig.'); 
insert into nestedkeyvalue VALUES ('60780-1.0.0-Description-hun', '60780-1.0.0-Description', 'This extra data pack will give you additional 1GB of mobile internet (on top of the data already included in your tariff) free of charge. It will be activated every month at the start of your billing period until the expiry date of the option.'); 
insert into nestedkeyvalue VALUES ('60780-1.0.0-Description-unLocalized', '60780-1.0.0-Description', null); 
insert into keyvalue VALUES ('60780-1.0.0-Description', '60780-1.0.0', 'Post-Addon-1.0.0-Description', null); 
insert into keyvalue VALUES ('60780-1.0.0-Online_selfcare_id', '60780-1.0.0', 'Post-Addon-1.0.0-Online_selfcare_id', null); 
insert into keyvalue VALUES ('60780-1.0.0-Featured', '60780-1.0.0', 'Post-Addon-1.0.0-Featured', 'false'); 
insert into keyvalue VALUES ('60780-1.0.0-Id', '60780-1.0.0', 'Post-Addon-1.0.0-Id', '60780'); 
insert into keyvalue VALUES ('60780-1.0.0-Type', '60780-1.0.0', 'Post-Addon-1.0.0-Type', 'Recurring'); 
insert into nestedkeyvalue VALUES ('60780-1.0.0-Name-def', '60780-1.0.0-Name', '1 GB PluszAdat (Megújuló)'); 
insert into nestedkeyvalue VALUES ('60780-1.0.0-Name-eng', '60780-1.0.0-Name', '1 GB PluszAdat (Megújuló)'); 
insert into nestedkeyvalue VALUES ('60780-1.0.0-Name-hun', '60780-1.0.0-Name', '1 GB PluszAdat (Recurring)'); 
insert into nestedkeyvalue VALUES ('60780-1.0.0-Name-unLocalized', '60780-1.0.0-Name', null); 
insert into keyvalue VALUES ('60780-1.0.0-Name', '60780-1.0.0', 'Post-Addon-1.0.0-Name', null); 
insert into object VALUES ('60782-1.0.0', '60782'); 
insert into nestedkeyvalue VALUES ('60782-1.0.0-PSMCodes-Deactivation', '60782-1.0.0-PSMCodes', null); 
insert into nestedkeyvalue VALUES ('60782-1.0.0-PSMCodes-Activation', '60782-1.0.0-PSMCodes', null); 
insert into keyvalue VALUES ('60782-1.0.0-PSMCodes', '60782-1.0.0', 'Post-Addon-1.0.0-PSMCodes', null); 
insert into keyvalue VALUES ('60782-1.0.0-Refill_ids', '60782-1.0.0', 'Post-Addon-1.0.0-Refill_ids', null); 
insert into keyvalue VALUES ('60782-1.0.0-Data_usage_mb', '60782-1.0.0', 'Post-Addon-1.0.0-Data_usage_mb', '2048'); 
insert into keyvalue VALUES ('60782-1.0.0-Price', '60782-1.0.0', 'Post-Addon-1.0.0-Price', '0'); 
insert into keyvalue VALUES ('60782-1.0.0-Active', '60782-1.0.0', 'Post-Addon-1.0.0-Active', 'false'); 
insert into nestedkeyvalue VALUES ('60782-1.0.0-Description-def', '60782-1.0.0-Description', 'Ezzel a díjmentes adatopcióval a tarifádba foglalt adatkeretedet 2 GB-tal növeljük, amit egészen számlazárásig felhasználhatsz. A kiegészítő opció minden hónapban automatikusan megújul az opció lejárati dátumáig.'); 
insert into nestedkeyvalue VALUES ('60782-1.0.0-Description-eng', '60782-1.0.0-Description', 'Ezzel a díjmentes adatopcióval a tarifádba foglalt adatkeretedet 2 GB-tal növeljük, amit egészen számlazárásig felhasználhatsz. A kiegészítő opció minden hónapban automatikusan megújul az opció lejárati dátumáig.'); 
insert into nestedkeyvalue VALUES ('60782-1.0.0-Description-hun', '60782-1.0.0-Description', 'This extra data pack will give you additional 2GB of mobile internet (on top of the data already included in your tariff) free of charge. It will be activated every month at the start of your billing period until the expiry date of the option.'); 
insert into nestedkeyvalue VALUES ('60782-1.0.0-Description-unLocalized', '60782-1.0.0-Description', null); 
insert into keyvalue VALUES ('60782-1.0.0-Description', '60782-1.0.0', 'Post-Addon-1.0.0-Description', null); 
insert into keyvalue VALUES ('60782-1.0.0-Online_selfcare_id', '60782-1.0.0', 'Post-Addon-1.0.0-Online_selfcare_id', null); 
insert into keyvalue VALUES ('60782-1.0.0-Featured', '60782-1.0.0', 'Post-Addon-1.0.0-Featured', 'false'); 
insert into keyvalue VALUES ('60782-1.0.0-Id', '60782-1.0.0', 'Post-Addon-1.0.0-Id', '60782'); 
insert into keyvalue VALUES ('60782-1.0.0-Type', '60782-1.0.0', 'Post-Addon-1.0.0-Type', 'Recurring'); 
insert into nestedkeyvalue VALUES ('60782-1.0.0-Name-def', '60782-1.0.0-Name', '2 GB PluszAdat (Megújuló)'); 
insert into nestedkeyvalue VALUES ('60782-1.0.0-Name-eng', '60782-1.0.0-Name', '2 GB PluszAdat (Megújuló)'); 
insert into nestedkeyvalue VALUES ('60782-1.0.0-Name-hun', '60782-1.0.0-Name', '2 GB PluszAdat (Recurring)'); 
insert into nestedkeyvalue VALUES ('60782-1.0.0-Name-unLocalized', '60782-1.0.0-Name', null); 
insert into keyvalue VALUES ('60782-1.0.0-Name', '60782-1.0.0', 'Post-Addon-1.0.0-Name', null); 
insert into object VALUES ('63972-1.0.0', '63972'); 
insert into nestedkeyvalue VALUES ('63972-1.0.0-PSMCodes-Deactivation', '63972-1.0.0-PSMCodes', 'xplusz20mbuzleti'); 
insert into nestedkeyvalue VALUES ('63972-1.0.0-PSMCodes-Activation', '63972-1.0.0-PSMCodes', 'plusz20mbuzleti'); 
insert into keyvalue VALUES ('63972-1.0.0-PSMCodes', '63972-1.0.0', 'Post-Addon-1.0.0-PSMCodes', null); 
insert into keyvalue VALUES ('63972-1.0.0-Refill_ids', '63972-1.0.0', 'Post-Addon-1.0.0-Refill_ids', null); 
insert into keyvalue VALUES ('63972-1.0.0-Data_usage_mb', '63972-1.0.0', 'Post-Addon-1.0.0-Data_usage_mb', '20'); 
insert into keyvalue VALUES ('63972-1.0.0-Price', '63972-1.0.0', 'Post-Addon-1.0.0-Price', '140'); 
insert into keyvalue VALUES ('63972-1.0.0-Active', '63972-1.0.0', 'Post-Addon-1.0.0-Active', 'true'); 
insert into nestedkeyvalue VALUES ('63972-1.0.0-Description-def', '63972-1.0.0-Description', 'Válaszd ezt az adatopciót és növeld meg a tarifádban foglalt adatkeretedet 20 Mb-tal, amit egészen számlazárásig felhasználhatsz. Az opció ára 140 Ft.'); 
insert into nestedkeyvalue VALUES ('63972-1.0.0-Description-eng', '63972-1.0.0-Description', 'Válaszd ezt az adatopciót és növeld meg a tarifádban foglalt adatkeretedet 20 Mb-tal, amit egészen számlazárásig felhasználhatsz. Az opció ára 140 Ft.'); 
insert into nestedkeyvalue VALUES ('63972-1.0.0-Description-hun', '63972-1.0.0-Description', 'This extra data pack will give you an additional 20 MB of mobile internet until the end of your current bill cycle for 140 Ft.'); 
insert into nestedkeyvalue VALUES ('63972-1.0.0-Description-unLocalized', '63972-1.0.0-Description', null); 
insert into keyvalue VALUES ('63972-1.0.0-Description', '63972-1.0.0', 'Post-Addon-1.0.0-Description', null); 
insert into keyvalue VALUES ('63972-1.0.0-Online_selfcare_id', '63972-1.0.0', 'Post-Addon-1.0.0-Online_selfcare_id', null); 
insert into keyvalue VALUES ('63972-1.0.0-Featured', '63972-1.0.0', 'Post-Addon-1.0.0-Featured', 'false'); 
insert into keyvalue VALUES ('63972-1.0.0-Id', '63972-1.0.0', 'Post-Addon-1.0.0-Id', '63972'); 
insert into keyvalue VALUES ('63972-1.0.0-Type', '63972-1.0.0', 'Post-Addon-1.0.0-Type', 'One Time'); 
insert into nestedkeyvalue VALUES ('63972-1.0.0-Name-def', '63972-1.0.0-Name', 'Business egyszeri adat 20 MB'); 
insert into nestedkeyvalue VALUES ('63972-1.0.0-Name-eng', '63972-1.0.0-Name', 'Business egyszeri adat 20 MB'); 
insert into nestedkeyvalue VALUES ('63972-1.0.0-Name-hun', '63972-1.0.0-Name', 'Business one time add-on 20 MB'); 
insert into nestedkeyvalue VALUES ('63972-1.0.0-Name-unLocalized', '63972-1.0.0-Name', null); 
insert into keyvalue VALUES ('63972-1.0.0-Name', '63972-1.0.0', 'Post-Addon-1.0.0-Name', null); 
insert into object VALUES ('63976-1.0.0', '63976'); 
insert into nestedkeyvalue VALUES ('63976-1.0.0-PSMCodes-Deactivation', '63976-1.0.0-PSMCodes', 'xplusz50mbuzleti'); 
insert into nestedkeyvalue VALUES ('63976-1.0.0-PSMCodes-Activation', '63976-1.0.0-PSMCodes', 'plusz50mbuzleti'); 
insert into keyvalue VALUES ('63976-1.0.0-PSMCodes', '63976-1.0.0', 'Post-Addon-1.0.0-PSMCodes', null); 
insert into keyvalue VALUES ('63976-1.0.0-Refill_ids', '63976-1.0.0', 'Post-Addon-1.0.0-Refill_ids', null); 
insert into keyvalue VALUES ('63976-1.0.0-Data_usage_mb', '63976-1.0.0', 'Post-Addon-1.0.0-Data_usage_mb', '50'); 
insert into keyvalue VALUES ('63976-1.0.0-Price', '63976-1.0.0', 'Post-Addon-1.0.0-Price', '186'); 
insert into keyvalue VALUES ('63976-1.0.0-Active', '63976-1.0.0', 'Post-Addon-1.0.0-Active', 'true'); 
insert into nestedkeyvalue VALUES ('63976-1.0.0-Description-def', '63976-1.0.0-Description', 'Válaszd ezt az adatopciót és növeld meg a tarifádban foglalt adatkeretedet 50 Mb-tal, amit egészen számlazárásig felhasználhatsz. Az opció ára 186 Ft.'); 
insert into nestedkeyvalue VALUES ('63976-1.0.0-Description-eng', '63976-1.0.0-Description', 'Válaszd ezt az adatopciót és növeld meg a tarifádban foglalt adatkeretedet 50 Mb-tal, amit egészen számlazárásig felhasználhatsz. Az opció ára 186 Ft.'); 
insert into nestedkeyvalue VALUES ('63976-1.0.0-Description-hun', '63976-1.0.0-Description', 'This extra data pack will give you an additional 50 MB of mobile internet until the end of your current bill cycle for 186 Ft.'); 
insert into nestedkeyvalue VALUES ('63976-1.0.0-Description-unLocalized', '63976-1.0.0-Description', null); 
insert into keyvalue VALUES ('63976-1.0.0-Description', '63976-1.0.0', 'Post-Addon-1.0.0-Description', null); 
insert into keyvalue VALUES ('63976-1.0.0-Online_selfcare_id', '63976-1.0.0', 'Post-Addon-1.0.0-Online_selfcare_id', null); 
insert into keyvalue VALUES ('63976-1.0.0-Featured', '63976-1.0.0', 'Post-Addon-1.0.0-Featured', 'false'); 
insert into keyvalue VALUES ('63976-1.0.0-Id', '63976-1.0.0', 'Post-Addon-1.0.0-Id', '63976'); 
insert into keyvalue VALUES ('63976-1.0.0-Type', '63976-1.0.0', 'Post-Addon-1.0.0-Type', 'One Time'); 
insert into nestedkeyvalue VALUES ('63976-1.0.0-Name-def', '63976-1.0.0-Name', 'Business egyszeri adat 50 MB'); 
insert into nestedkeyvalue VALUES ('63976-1.0.0-Name-eng', '63976-1.0.0-Name', 'Business egyszeri adat 50 MB'); 
insert into nestedkeyvalue VALUES ('63976-1.0.0-Name-hun', '63976-1.0.0-Name', 'Business one time add-on 50 MB'); 
insert into nestedkeyvalue VALUES ('63976-1.0.0-Name-unLocalized', '63976-1.0.0-Name', null); 
insert into keyvalue VALUES ('63976-1.0.0-Name', '63976-1.0.0', 'Post-Addon-1.0.0-Name', null); 
insert into object VALUES ('63984-1.0.0', '63984'); 
insert into nestedkeyvalue VALUES ('63984-1.0.0-PSMCodes-Deactivation', '63984-1.0.0-PSMCodes', 'xplusz100mbuzleti'); 
insert into nestedkeyvalue VALUES ('63984-1.0.0-PSMCodes-Activation', '63984-1.0.0-PSMCodes', 'plusz100mbuzleti'); 
insert into keyvalue VALUES ('63984-1.0.0-PSMCodes', '63984-1.0.0', 'Post-Addon-1.0.0-PSMCodes', null); 
insert into keyvalue VALUES ('63984-1.0.0-Refill_ids', '63984-1.0.0', 'Post-Addon-1.0.0-Refill_ids', null); 
insert into keyvalue VALUES ('63984-1.0.0-Data_usage_mb', '63984-1.0.0', 'Post-Addon-1.0.0-Data_usage_mb', '100'); 
insert into keyvalue VALUES ('63984-1.0.0-Price', '63984-1.0.0', 'Post-Addon-1.0.0-Price', '279'); 
insert into keyvalue VALUES ('63984-1.0.0-Active', '63984-1.0.0', 'Post-Addon-1.0.0-Active', 'true'); 
insert into nestedkeyvalue VALUES ('63984-1.0.0-Description-def', '63984-1.0.0-Description', 'Válaszd ezt az adatopciót és növeld meg a tarifádban foglalt adatkeretedet 100 Mb-tal, amit egészen számlazárásig felhasználhatsz. Az opció ára 279 Ft.'); 
insert into nestedkeyvalue VALUES ('63984-1.0.0-Description-eng', '63984-1.0.0-Description', 'Válaszd ezt az adatopciót és növeld meg a tarifádban foglalt adatkeretedet 100 Mb-tal, amit egészen számlazárásig felhasználhatsz. Az opció ára 279 Ft.'); 
insert into nestedkeyvalue VALUES ('63984-1.0.0-Description-hun', '63984-1.0.0-Description', 'This extra data pack will give you an additional 100 MB of mobile internet until the end of your current bill cycle for 279 Ft.'); 
insert into nestedkeyvalue VALUES ('63984-1.0.0-Description-unLocalized', '63984-1.0.0-Description', null); 
insert into keyvalue VALUES ('63984-1.0.0-Description', '63984-1.0.0', 'Post-Addon-1.0.0-Description', null); 
insert into keyvalue VALUES ('63984-1.0.0-Online_selfcare_id', '63984-1.0.0', 'Post-Addon-1.0.0-Online_selfcare_id', null); 
insert into keyvalue VALUES ('63984-1.0.0-Featured', '63984-1.0.0', 'Post-Addon-1.0.0-Featured', 'false'); 
insert into keyvalue VALUES ('63984-1.0.0-Id', '63984-1.0.0', 'Post-Addon-1.0.0-Id', '63984'); 
insert into keyvalue VALUES ('63984-1.0.0-Type', '63984-1.0.0', 'Post-Addon-1.0.0-Type', 'One Time'); 
insert into nestedkeyvalue VALUES ('63984-1.0.0-Name-def', '63984-1.0.0-Name', 'Business egyszeri adat 100 MB'); 
insert into nestedkeyvalue VALUES ('63984-1.0.0-Name-eng', '63984-1.0.0-Name', 'Business egyszeri adat 100 MB'); 
insert into nestedkeyvalue VALUES ('63984-1.0.0-Name-hun', '63984-1.0.0-Name', 'Business one time add-on 100 MB'); 
insert into nestedkeyvalue VALUES ('63984-1.0.0-Name-unLocalized', '63984-1.0.0-Name', null); 
insert into keyvalue VALUES ('63984-1.0.0-Name', '63984-1.0.0', 'Post-Addon-1.0.0-Name', null); 
insert into object VALUES ('63989-1.0.0', '63989'); 
insert into nestedkeyvalue VALUES ('63989-1.0.0-PSMCodes-Deactivation', '63989-1.0.0-PSMCodes', 'xplusz150mbuzleti'); 
insert into nestedkeyvalue VALUES ('63989-1.0.0-PSMCodes-Activation', '63989-1.0.0-PSMCodes', 'plusz150mbuzleti'); 
insert into keyvalue VALUES ('63989-1.0.0-PSMCodes', '63989-1.0.0', 'Post-Addon-1.0.0-PSMCodes', null); 
insert into keyvalue VALUES ('63989-1.0.0-Refill_ids', '63989-1.0.0', 'Post-Addon-1.0.0-Refill_ids', null); 
insert into keyvalue VALUES ('63989-1.0.0-Data_usage_mb', '63989-1.0.0', 'Post-Addon-1.0.0-Data_usage_mb', '150'); 
insert into keyvalue VALUES ('63989-1.0.0-Price', '63989-1.0.0', 'Post-Addon-1.0.0-Price', '372'); 
insert into keyvalue VALUES ('63989-1.0.0-Active', '63989-1.0.0', 'Post-Addon-1.0.0-Active', 'true'); 
insert into nestedkeyvalue VALUES ('63989-1.0.0-Description-def', '63989-1.0.0-Description', 'Válaszd ezt az adatopciót és növeld meg a tarifádban foglalt adatkeretedet 150 Mb-tal, amit egészen számlazárásig felhasználhatsz. Az opció ára 372 Ft.'); 
insert into nestedkeyvalue VALUES ('63989-1.0.0-Description-eng', '63989-1.0.0-Description', 'Válaszd ezt az adatopciót és növeld meg a tarifádban foglalt adatkeretedet 150 Mb-tal, amit egészen számlazárásig felhasználhatsz. Az opció ára 372 Ft.'); 
insert into nestedkeyvalue VALUES ('63989-1.0.0-Description-hun', '63989-1.0.0-Description', 'This extra data pack will give you an additional 150 MB of mobile internet until the end of your current bill cycle for 372 Ft.'); 
insert into nestedkeyvalue VALUES ('63989-1.0.0-Description-unLocalized', '63989-1.0.0-Description', null); 
insert into keyvalue VALUES ('63989-1.0.0-Description', '63989-1.0.0', 'Post-Addon-1.0.0-Description', null); 
insert into keyvalue VALUES ('63989-1.0.0-Online_selfcare_id', '63989-1.0.0', 'Post-Addon-1.0.0-Online_selfcare_id', null); 
insert into keyvalue VALUES ('63989-1.0.0-Featured', '63989-1.0.0', 'Post-Addon-1.0.0-Featured', 'false'); 
insert into keyvalue VALUES ('63989-1.0.0-Id', '63989-1.0.0', 'Post-Addon-1.0.0-Id', '63989'); 
insert into keyvalue VALUES ('63989-1.0.0-Type', '63989-1.0.0', 'Post-Addon-1.0.0-Type', 'One Time'); 
insert into nestedkeyvalue VALUES ('63989-1.0.0-Name-def', '63989-1.0.0-Name', 'Business egyszeri adat 150 MB'); 
insert into nestedkeyvalue VALUES ('63989-1.0.0-Name-eng', '63989-1.0.0-Name', 'Business egyszeri adat 150 MB'); 
insert into nestedkeyvalue VALUES ('63989-1.0.0-Name-hun', '63989-1.0.0-Name', 'Business one time add-on 150 MB'); 
insert into nestedkeyvalue VALUES ('63989-1.0.0-Name-unLocalized', '63989-1.0.0-Name', null); 
insert into keyvalue VALUES ('63989-1.0.0-Name', '63989-1.0.0', 'Post-Addon-1.0.0-Name', null); 
insert into object VALUES ('63993-1.0.0', '63993'); 
insert into nestedkeyvalue VALUES ('63993-1.0.0-PSMCodes-Deactivation', '63993-1.0.0-PSMCodes', 'xplusz200mbuzleti'); 
insert into nestedkeyvalue VALUES ('63993-1.0.0-PSMCodes-Activation', '63993-1.0.0-PSMCodes', 'plusz200mbuzleti'); 
insert into keyvalue VALUES ('63993-1.0.0-PSMCodes', '63993-1.0.0', 'Post-Addon-1.0.0-PSMCodes', null); 
insert into keyvalue VALUES ('63993-1.0.0-Refill_ids', '63993-1.0.0', 'Post-Addon-1.0.0-Refill_ids', null); 
insert into keyvalue VALUES ('63993-1.0.0-Data_usage_mb', '63993-1.0.0', 'Post-Addon-1.0.0-Data_usage_mb', '200'); 
insert into keyvalue VALUES ('63993-1.0.0-Price', '63993-1.0.0', 'Post-Addon-1.0.0-Price', '465'); 
insert into keyvalue VALUES ('63993-1.0.0-Active', '63993-1.0.0', 'Post-Addon-1.0.0-Active', 'true'); 
insert into nestedkeyvalue VALUES ('63993-1.0.0-Description-def', '63993-1.0.0-Description', 'Válaszd ezt az adatopciót és növeld meg a tarifádban foglalt adatkeretedet 200 Mb-tal, amit egészen számlazárásig felhasználhatsz. Az opció ára 465 Ft.'); 
insert into nestedkeyvalue VALUES ('63993-1.0.0-Description-eng', '63993-1.0.0-Description', 'Válaszd ezt az adatopciót és növeld meg a tarifádban foglalt adatkeretedet 200 Mb-tal, amit egészen számlazárásig felhasználhatsz. Az opció ára 465 Ft.'); 
insert into nestedkeyvalue VALUES ('63993-1.0.0-Description-hun', '63993-1.0.0-Description', 'This extra data pack will give you an additional 200 MB of mobile internet until the end of your current bill cycle for 465 Ft.'); 
insert into nestedkeyvalue VALUES ('63993-1.0.0-Description-unLocalized', '63993-1.0.0-Description', null); 
insert into keyvalue VALUES ('63993-1.0.0-Description', '63993-1.0.0', 'Post-Addon-1.0.0-Description', null); 
insert into keyvalue VALUES ('63993-1.0.0-Online_selfcare_id', '63993-1.0.0', 'Post-Addon-1.0.0-Online_selfcare_id', null); 
insert into keyvalue VALUES ('63993-1.0.0-Featured', '63993-1.0.0', 'Post-Addon-1.0.0-Featured', 'false'); 
insert into keyvalue VALUES ('63993-1.0.0-Id', '63993-1.0.0', 'Post-Addon-1.0.0-Id', '63993'); 
insert into keyvalue VALUES ('63993-1.0.0-Type', '63993-1.0.0', 'Post-Addon-1.0.0-Type', 'One Time'); 
insert into nestedkeyvalue VALUES ('63993-1.0.0-Name-def', '63993-1.0.0-Name', 'Business egyszeri adat 200 MB'); 
insert into nestedkeyvalue VALUES ('63993-1.0.0-Name-eng', '63993-1.0.0-Name', 'Business egyszeri adat 200 MB'); 
insert into nestedkeyvalue VALUES ('63993-1.0.0-Name-hun', '63993-1.0.0-Name', 'Business one time add-on 200 MB'); 
insert into nestedkeyvalue VALUES ('63993-1.0.0-Name-unLocalized', '63993-1.0.0-Name', null); 
insert into keyvalue VALUES ('63993-1.0.0-Name', '63993-1.0.0', 'Post-Addon-1.0.0-Name', null); 
insert into object VALUES ('64000-1.0.0', '64000'); 
insert into nestedkeyvalue VALUES ('64000-1.0.0-PSMCodes-Deactivation', '64000-1.0.0-PSMCodes', 'xplusz250mbuzleti'); 
insert into nestedkeyvalue VALUES ('64000-1.0.0-PSMCodes-Activation', '64000-1.0.0-PSMCodes', 'plusz250mbuzleti'); 
insert into keyvalue VALUES ('64000-1.0.0-PSMCodes', '64000-1.0.0', 'Post-Addon-1.0.0-PSMCodes', null); 
insert into keyvalue VALUES ('64000-1.0.0-Refill_ids', '64000-1.0.0', 'Post-Addon-1.0.0-Refill_ids', null); 
insert into keyvalue VALUES ('64000-1.0.0-Data_usage_mb', '64000-1.0.0', 'Post-Addon-1.0.0-Data_usage_mb', '250'); 
insert into keyvalue VALUES ('64000-1.0.0-Price', '64000-1.0.0', 'Post-Addon-1.0.0-Price', '558'); 
insert into keyvalue VALUES ('64000-1.0.0-Active', '64000-1.0.0', 'Post-Addon-1.0.0-Active', 'true'); 
insert into nestedkeyvalue VALUES ('64000-1.0.0-Description-def', '64000-1.0.0-Description', 'Válaszd ezt az adatopciót és növeld meg a tarifádban foglalt adatkeretedet 250 Mb-tal, amit egészen számlazárásig felhasználhatsz. Az opció ára 558 Ft.'); 
insert into nestedkeyvalue VALUES ('64000-1.0.0-Description-eng', '64000-1.0.0-Description', 'Válaszd ezt az adatopciót és növeld meg a tarifádban foglalt adatkeretedet 250 Mb-tal, amit egészen számlazárásig felhasználhatsz. Az opció ára 558 Ft.'); 
insert into nestedkeyvalue VALUES ('64000-1.0.0-Description-hun', '64000-1.0.0-Description', 'This extra data pack will give you an additional 250 MB of mobile internet until the end of your current bill cycle for 558 Ft.'); 
insert into nestedkeyvalue VALUES ('64000-1.0.0-Description-unLocalized', '64000-1.0.0-Description', null); 
insert into keyvalue VALUES ('64000-1.0.0-Description', '64000-1.0.0', 'Post-Addon-1.0.0-Description', null); 
insert into keyvalue VALUES ('64000-1.0.0-Online_selfcare_id', '64000-1.0.0', 'Post-Addon-1.0.0-Online_selfcare_id', null); 
insert into keyvalue VALUES ('64000-1.0.0-Featured', '64000-1.0.0', 'Post-Addon-1.0.0-Featured', 'false'); 
insert into keyvalue VALUES ('64000-1.0.0-Id', '64000-1.0.0', 'Post-Addon-1.0.0-Id', '64000'); 
insert into keyvalue VALUES ('64000-1.0.0-Type', '64000-1.0.0', 'Post-Addon-1.0.0-Type', 'One Time'); 
insert into nestedkeyvalue VALUES ('64000-1.0.0-Name-def', '64000-1.0.0-Name', 'Business egyszeri adat 250 MB'); 
insert into nestedkeyvalue VALUES ('64000-1.0.0-Name-eng', '64000-1.0.0-Name', 'Business egyszeri adat 250 MB'); 
insert into nestedkeyvalue VALUES ('64000-1.0.0-Name-hun', '64000-1.0.0-Name', 'Business one time add-on 250 MB'); 
insert into nestedkeyvalue VALUES ('64000-1.0.0-Name-unLocalized', '64000-1.0.0-Name', null); 
insert into keyvalue VALUES ('64000-1.0.0-Name', '64000-1.0.0', 'Post-Addon-1.0.0-Name', null); 
insert into object VALUES ('64003-1.0.0', '64003'); 
insert into nestedkeyvalue VALUES ('64003-1.0.0-PSMCodes-Deactivation', '64003-1.0.0-PSMCodes', 'xplusz2gbuzleti'); 
insert into nestedkeyvalue VALUES ('64003-1.0.0-PSMCodes-Activation', '64003-1.0.0-PSMCodes', 'plusz2gbuzleti'); 
insert into keyvalue VALUES ('64003-1.0.0-PSMCodes', '64003-1.0.0', 'Post-Addon-1.0.0-PSMCodes', null); 
insert into keyvalue VALUES ('64003-1.0.0-Refill_ids', '64003-1.0.0', 'Post-Addon-1.0.0-Refill_ids', null); 
insert into keyvalue VALUES ('64003-1.0.0-Data_usage_mb', '64003-1.0.0', 'Post-Addon-1.0.0-Data_usage_mb', '2048'); 
insert into keyvalue VALUES ('64003-1.0.0-Price', '64003-1.0.0', 'Post-Addon-1.0.0-Price', '2788'); 
insert into keyvalue VALUES ('64003-1.0.0-Active', '64003-1.0.0', 'Post-Addon-1.0.0-Active', 'true'); 
insert into nestedkeyvalue VALUES ('64003-1.0.0-Description-def', '64003-1.0.0-Description', 'Válaszd ezt az adatopciót és növeld meg a tarifádban foglalt adatkeretedet 2GB-tal, amit egészen számlazárásig felhasználhatsz. Az opció ára 2788 Ft.'); 
insert into nestedkeyvalue VALUES ('64003-1.0.0-Description-eng', '64003-1.0.0-Description', 'Válaszd ezt az adatopciót és növeld meg a tarifádban foglalt adatkeretedet 2GB-tal, amit egészen számlazárásig felhasználhatsz. Az opció ára 2788 Ft.'); 
insert into nestedkeyvalue VALUES ('64003-1.0.0-Description-hun', '64003-1.0.0-Description', 'This extra data pack will give you an additional 2 GB of mobile internet until the end of your current bill cycle for 2788 Ft.'); 
insert into nestedkeyvalue VALUES ('64003-1.0.0-Description-unLocalized', '64003-1.0.0-Description', null); 
insert into keyvalue VALUES ('64003-1.0.0-Description', '64003-1.0.0', 'Post-Addon-1.0.0-Description', null); 
insert into keyvalue VALUES ('64003-1.0.0-Online_selfcare_id', '64003-1.0.0', 'Post-Addon-1.0.0-Online_selfcare_id', null); 
insert into keyvalue VALUES ('64003-1.0.0-Featured', '64003-1.0.0', 'Post-Addon-1.0.0-Featured', 'false'); 
insert into keyvalue VALUES ('64003-1.0.0-Id', '64003-1.0.0', 'Post-Addon-1.0.0-Id', '64003'); 
insert into keyvalue VALUES ('64003-1.0.0-Type', '64003-1.0.0', 'Post-Addon-1.0.0-Type', 'One Time'); 
insert into nestedkeyvalue VALUES ('64003-1.0.0-Name-def', '64003-1.0.0-Name', 'Business egyszeri adat 2 GB'); 
insert into nestedkeyvalue VALUES ('64003-1.0.0-Name-eng', '64003-1.0.0-Name', 'Business egyszeri adat 2 GB'); 
insert into nestedkeyvalue VALUES ('64003-1.0.0-Name-hun', '64003-1.0.0-Name', 'Business one time add-on 2 GB'); 
insert into nestedkeyvalue VALUES ('64003-1.0.0-Name-unLocalized', '64003-1.0.0-Name', null); 
insert into keyvalue VALUES ('64003-1.0.0-Name', '64003-1.0.0', 'Post-Addon-1.0.0-Name', null); 
insert into object VALUES ('64012-1.0.0', '64012'); 
insert into nestedkeyvalue VALUES ('64012-1.0.0-PSMCodes-Deactivation', '64012-1.0.0-PSMCodes', 'xplusz3gbuzleti'); 
insert into nestedkeyvalue VALUES ('64012-1.0.0-PSMCodes-Activation', '64012-1.0.0-PSMCodes', 'plusz3gbuzleti'); 
insert into keyvalue VALUES ('64012-1.0.0-PSMCodes', '64012-1.0.0', 'Post-Addon-1.0.0-PSMCodes', null); 
insert into keyvalue VALUES ('64012-1.0.0-Refill_ids', '64012-1.0.0', 'Post-Addon-1.0.0-Refill_ids', null); 
insert into keyvalue VALUES ('64012-1.0.0-Data_usage_mb', '64012-1.0.0', 'Post-Addon-1.0.0-Data_usage_mb', '3072'); 
insert into keyvalue VALUES ('64012-1.0.0-Price', '64012-1.0.0', 'Post-Addon-1.0.0-Price', '3717'); 
insert into keyvalue VALUES ('64012-1.0.0-Active', '64012-1.0.0', 'Post-Addon-1.0.0-Active', 'true'); 
insert into nestedkeyvalue VALUES ('64012-1.0.0-Description-def', '64012-1.0.0-Description', 'Válaszd ezt az adatopciót és növeld meg a tarifádban foglalt adatkeretedet 3GB-tal, amit egészen számlazárásig felhasználhatsz. Az opció ára 3717 Ft.'); 
insert into nestedkeyvalue VALUES ('64012-1.0.0-Description-eng', '64012-1.0.0-Description', 'Válaszd ezt az adatopciót és növeld meg a tarifádban foglalt adatkeretedet 3GB-tal, amit egészen számlazárásig felhasználhatsz. Az opció ára 3717 Ft.'); 
insert into nestedkeyvalue VALUES ('64012-1.0.0-Description-hun', '64012-1.0.0-Description', 'This extra data pack will give you an additional 3 GB of mobile internet until the end of your current bill cycle for 3717 Ft.'); 
insert into nestedkeyvalue VALUES ('64012-1.0.0-Description-unLocalized', '64012-1.0.0-Description', null); 
insert into keyvalue VALUES ('64012-1.0.0-Description', '64012-1.0.0', 'Post-Addon-1.0.0-Description', null); 
insert into keyvalue VALUES ('64012-1.0.0-Online_selfcare_id', '64012-1.0.0', 'Post-Addon-1.0.0-Online_selfcare_id', null); 
insert into keyvalue VALUES ('64012-1.0.0-Featured', '64012-1.0.0', 'Post-Addon-1.0.0-Featured', 'false'); 
insert into keyvalue VALUES ('64012-1.0.0-Id', '64012-1.0.0', 'Post-Addon-1.0.0-Id', '64012'); 
insert into keyvalue VALUES ('64012-1.0.0-Type', '64012-1.0.0', 'Post-Addon-1.0.0-Type', 'One Time'); 
insert into nestedkeyvalue VALUES ('64012-1.0.0-Name-def', '64012-1.0.0-Name', 'Business egyszeri adat 3 GB'); 
insert into nestedkeyvalue VALUES ('64012-1.0.0-Name-eng', '64012-1.0.0-Name', 'Business egyszeri adat 3 GB'); 
insert into nestedkeyvalue VALUES ('64012-1.0.0-Name-hun', '64012-1.0.0-Name', 'Business one time add-on 3 GB'); 
insert into nestedkeyvalue VALUES ('64012-1.0.0-Name-unLocalized', '64012-1.0.0-Name', null); 
insert into keyvalue VALUES ('64012-1.0.0-Name', '64012-1.0.0', 'Post-Addon-1.0.0-Name', null); 
insert into object VALUES ('64022-1.0.0', '64022'); 
insert into nestedkeyvalue VALUES ('64022-1.0.0-PSMCodes-Deactivation', '64022-1.0.0-PSMCodes', 'xplusz4gbuzleti'); 
insert into nestedkeyvalue VALUES ('64022-1.0.0-PSMCodes-Activation', '64022-1.0.0-PSMCodes', 'plusz4gbuzleti'); 
insert into keyvalue VALUES ('64022-1.0.0-PSMCodes', '64022-1.0.0', 'Post-Addon-1.0.0-PSMCodes', null); 
insert into keyvalue VALUES ('64022-1.0.0-Refill_ids', '64022-1.0.0', 'Post-Addon-1.0.0-Refill_ids', null); 
insert into keyvalue VALUES ('64022-1.0.0-Data_usage_mb', '64022-1.0.0', 'Post-Addon-1.0.0-Data_usage_mb', '4096'); 
insert into keyvalue VALUES ('64022-1.0.0-Price', '64022-1.0.0', 'Post-Addon-1.0.0-Price', '4182'); 
insert into keyvalue VALUES ('64022-1.0.0-Active', '64022-1.0.0', 'Post-Addon-1.0.0-Active', 'true'); 
insert into nestedkeyvalue VALUES ('64022-1.0.0-Description-def', '64022-1.0.0-Description', 'Válaszd ezt az adatopciót és növeld meg a tarifádban foglalt adatkeretedet 4GB-tal, amit egészen számlazárásig felhasználhatsz. Az opció ára 4182 Ft.'); 
insert into nestedkeyvalue VALUES ('64022-1.0.0-Description-eng', '64022-1.0.0-Description', 'Válaszd ezt az adatopciót és növeld meg a tarifádban foglalt adatkeretedet 4GB-tal, amit egészen számlazárásig felhasználhatsz. Az opció ára 4182 Ft.'); 
insert into nestedkeyvalue VALUES ('64022-1.0.0-Description-hun', '64022-1.0.0-Description', 'This extra data pack will give you an additional 4 GB of mobile internet until the end of your current bill cycle for 4182 Ft.'); 
insert into nestedkeyvalue VALUES ('64022-1.0.0-Description-unLocalized', '64022-1.0.0-Description', null); 
insert into keyvalue VALUES ('64022-1.0.0-Description', '64022-1.0.0', 'Post-Addon-1.0.0-Description', null); 
insert into keyvalue VALUES ('64022-1.0.0-Online_selfcare_id', '64022-1.0.0', 'Post-Addon-1.0.0-Online_selfcare_id', null); 
insert into keyvalue VALUES ('64022-1.0.0-Featured', '64022-1.0.0', 'Post-Addon-1.0.0-Featured', 'false'); 
insert into keyvalue VALUES ('64022-1.0.0-Id', '64022-1.0.0', 'Post-Addon-1.0.0-Id', '64022'); 
insert into keyvalue VALUES ('64022-1.0.0-Type', '64022-1.0.0', 'Post-Addon-1.0.0-Type', 'One Time'); 
insert into nestedkeyvalue VALUES ('64022-1.0.0-Name-def', '64022-1.0.0-Name', 'Business egyszeri adat 4 GB'); 
insert into nestedkeyvalue VALUES ('64022-1.0.0-Name-eng', '64022-1.0.0-Name', 'Business egyszeri adat 4 GB'); 
insert into nestedkeyvalue VALUES ('64022-1.0.0-Name-hun', '64022-1.0.0-Name', 'Business one time add-on 4 GB'); 
insert into nestedkeyvalue VALUES ('64022-1.0.0-Name-unLocalized', '64022-1.0.0-Name', null); 
insert into keyvalue VALUES ('64022-1.0.0-Name', '64022-1.0.0', 'Post-Addon-1.0.0-Name', null); 
insert into object VALUES ('64025-1.0.0', '64025'); 
insert into nestedkeyvalue VALUES ('64025-1.0.0-PSMCodes-Deactivation', '64025-1.0.0-PSMCodes', 'xplusz8gbuzleti'); 
insert into nestedkeyvalue VALUES ('64025-1.0.0-PSMCodes-Activation', '64025-1.0.0-PSMCodes', 'plusz8gbuzleti'); 
insert into keyvalue VALUES ('64025-1.0.0-PSMCodes', '64025-1.0.0', 'Post-Addon-1.0.0-PSMCodes', null); 
insert into keyvalue VALUES ('64025-1.0.0-Refill_ids', '64025-1.0.0', 'Post-Addon-1.0.0-Refill_ids', null); 
insert into keyvalue VALUES ('64025-1.0.0-Data_usage_mb', '64025-1.0.0', 'Post-Addon-1.0.0-Data_usage_mb', '8192'); 
insert into keyvalue VALUES ('64025-1.0.0-Price', '64025-1.0.0', 'Post-Addon-1.0.0-Price', '5575'); 
insert into keyvalue VALUES ('64025-1.0.0-Active', '64025-1.0.0', 'Post-Addon-1.0.0-Active', 'true'); 
insert into nestedkeyvalue VALUES ('64025-1.0.0-Description-def', '64025-1.0.0-Description', 'Válaszd ezt az adatopciót és növeld meg a tarifádban foglalt adatkeretedet 8GB-tal, amit egészen számlazárásig felhasználhatsz. Az opció ára 5575 Ft.'); 
insert into nestedkeyvalue VALUES ('64025-1.0.0-Description-eng', '64025-1.0.0-Description', 'Válaszd ezt az adatopciót és növeld meg a tarifádban foglalt adatkeretedet 8GB-tal, amit egészen számlazárásig felhasználhatsz. Az opció ára 5575 Ft.'); 
insert into nestedkeyvalue VALUES ('64025-1.0.0-Description-hun', '64025-1.0.0-Description', 'This extra data pack will give you an additional 8 GB of mobile internet until the end of your current bill cycle for 5575 Ft.'); 
insert into nestedkeyvalue VALUES ('64025-1.0.0-Description-unLocalized', '64025-1.0.0-Description', null); 
insert into keyvalue VALUES ('64025-1.0.0-Description', '64025-1.0.0', 'Post-Addon-1.0.0-Description', null); 
insert into keyvalue VALUES ('64025-1.0.0-Online_selfcare_id', '64025-1.0.0', 'Post-Addon-1.0.0-Online_selfcare_id', null); 
insert into keyvalue VALUES ('64025-1.0.0-Featured', '64025-1.0.0', 'Post-Addon-1.0.0-Featured', 'false'); 
insert into keyvalue VALUES ('64025-1.0.0-Id', '64025-1.0.0', 'Post-Addon-1.0.0-Id', '64025'); 
insert into keyvalue VALUES ('64025-1.0.0-Type', '64025-1.0.0', 'Post-Addon-1.0.0-Type', 'One Time'); 
insert into nestedkeyvalue VALUES ('64025-1.0.0-Name-def', '64025-1.0.0-Name', 'Business egyszeri adat 8 GB'); 
insert into nestedkeyvalue VALUES ('64025-1.0.0-Name-eng', '64025-1.0.0-Name', 'Business egyszeri adat 8 GB'); 
insert into nestedkeyvalue VALUES ('64025-1.0.0-Name-hun', '64025-1.0.0-Name', 'Business one time add-on 8 GB'); 
insert into nestedkeyvalue VALUES ('64025-1.0.0-Name-unLocalized', '64025-1.0.0-Name', null); 
insert into keyvalue VALUES ('64025-1.0.0-Name', '64025-1.0.0', 'Post-Addon-1.0.0-Name', null); 
insert into object VALUES ('64028-1.0.0', '64028'); 
insert into nestedkeyvalue VALUES ('64028-1.0.0-PSMCodes-Deactivation', '64028-1.0.0-PSMCodes', 'xplusz10gbuzleti'); 
insert into nestedkeyvalue VALUES ('64028-1.0.0-PSMCodes-Activation', '64028-1.0.0-PSMCodes', 'plusz10gbuzleti'); 
insert into keyvalue VALUES ('64028-1.0.0-PSMCodes', '64028-1.0.0', 'Post-Addon-1.0.0-PSMCodes', null); 
insert into keyvalue VALUES ('64028-1.0.0-Refill_ids', '64028-1.0.0', 'Post-Addon-1.0.0-Refill_ids', null); 
insert into keyvalue VALUES ('64028-1.0.0-Data_usage_mb', '64028-1.0.0', 'Post-Addon-1.0.0-Data_usage_mb', '10240'); 
insert into keyvalue VALUES ('64028-1.0.0-Price', '64028-1.0.0', 'Post-Addon-1.0.0-Price', '6504'); 
insert into keyvalue VALUES ('64028-1.0.0-Active', '64028-1.0.0', 'Post-Addon-1.0.0-Active', 'true'); 
insert into nestedkeyvalue VALUES ('64028-1.0.0-Description-def', '64028-1.0.0-Description', 'Válaszd ezt az adatopciót és növeld meg a tarifádban foglalt adatkeretedet 10 GB-tal, amit egészen számlazárásig felhasználhatsz. Az opció ára 6504 Ft.'); 
insert into nestedkeyvalue VALUES ('64028-1.0.0-Description-eng', '64028-1.0.0-Description', 'Válaszd ezt az adatopciót és növeld meg a tarifádban foglalt adatkeretedet 10 GB-tal, amit egészen számlazárásig felhasználhatsz. Az opció ára 6504 Ft.'); 
insert into nestedkeyvalue VALUES ('64028-1.0.0-Description-hun', '64028-1.0.0-Description', 'This extra data pack will give you an additional 10 GB of mobile internet until the end of your current bill cycle for 6504 Ft.'); 
insert into nestedkeyvalue VALUES ('64028-1.0.0-Description-unLocalized', '64028-1.0.0-Description', null); 
insert into keyvalue VALUES ('64028-1.0.0-Description', '64028-1.0.0', 'Post-Addon-1.0.0-Description', null); 
insert into keyvalue VALUES ('64028-1.0.0-Online_selfcare_id', '64028-1.0.0', 'Post-Addon-1.0.0-Online_selfcare_id', null); 
insert into keyvalue VALUES ('64028-1.0.0-Featured', '64028-1.0.0', 'Post-Addon-1.0.0-Featured', 'false'); 
insert into keyvalue VALUES ('64028-1.0.0-Id', '64028-1.0.0', 'Post-Addon-1.0.0-Id', '64028'); 
insert into keyvalue VALUES ('64028-1.0.0-Type', '64028-1.0.0', 'Post-Addon-1.0.0-Type', 'One Time'); 
insert into nestedkeyvalue VALUES ('64028-1.0.0-Name-def', '64028-1.0.0-Name', 'Business egyszeri adat 10 GB'); 
insert into nestedkeyvalue VALUES ('64028-1.0.0-Name-eng', '64028-1.0.0-Name', 'Business egyszeri adat 10 GB'); 
insert into nestedkeyvalue VALUES ('64028-1.0.0-Name-hun', '64028-1.0.0-Name', 'Business one time add-on 10 GB'); 
insert into nestedkeyvalue VALUES ('64028-1.0.0-Name-unLocalized', '64028-1.0.0-Name', null); 
insert into keyvalue VALUES ('64028-1.0.0-Name', '64028-1.0.0', 'Post-Addon-1.0.0-Name', null); 
insert into object VALUES ('63894-1.0.0', '63894'); 
insert into nestedkeyvalue VALUES ('63894-1.0.0-PSMCodes-Deactivation', '63894-1.0.0-PSMCodes', 'XEXTRA2GB-M'); 
insert into nestedkeyvalue VALUES ('63894-1.0.0-PSMCodes-Activation', '63894-1.0.0-PSMCodes', 'EXTRA2GB-M'); 
insert into keyvalue VALUES ('63894-1.0.0-PSMCodes', '63894-1.0.0', 'Post-Addon-1.0.0-PSMCodes', null); 
insert into objectrelation VALUES ('63894-1.0.0-Refill_ids-O_EXREF_838c98', '63894-1.0.0-Refill_ids', 'O_EXREF_838c98-1.0.0'); 
insert into keyvalue VALUES ('63894-1.0.0-Refill_ids', '63894-1.0.0', 'Post-Addon-1.0.0-Refill_ids', null); 
insert into keyvalue VALUES ('63894-1.0.0-Data_usage_mb', '63894-1.0.0', 'Post-Addon-1.0.0-Data_usage_mb', '2048'); 
insert into keyvalue VALUES ('63894-1.0.0-Price', '63894-1.0.0', 'Post-Addon-1.0.0-Price', '990'); 
insert into keyvalue VALUES ('63894-1.0.0-Active', '63894-1.0.0', 'Post-Addon-1.0.0-Active', 'true'); 
insert into nestedkeyvalue VALUES ('63894-1.0.0-Description-def', '63894-1.0.0-Description', 'Válaszd ezt az adatopciót és növeld meg a tarifádban foglalt adatkeretedet 2 GB-tal, amit egészen számlazárásig felhasználhatsz. Ez az adatopció minden hónapban automatikusan megújul, így nem kell  havonta újra megrendelned és bármikor lemondhatod. Az opció ára 990 Ft.'); 
insert into nestedkeyvalue VALUES ('63894-1.0.0-Description-eng', '63894-1.0.0-Description', 'Válaszd ezt az adatopciót és növeld meg a tarifádban foglalt adatkeretedet 2 GB-tal, amit egészen számlazárásig felhasználhatsz. Ez az adatopció minden hónapban automatikusan megújul, így nem kell  havonta újra megrendelned és bármikor lemondhatod. Az opció ára 990 Ft.'); 
insert into nestedkeyvalue VALUES ('63894-1.0.0-Description-hun', '63894-1.0.0-Description', 'This extra data pack will give you additional 2GB of mobile internet (on top of the data already included in your tariff) for 90 Ft. It will be activated every month at the start of your billing period so you don't have to worry about purchasing extra data every month - after you run out! You can cancel this extra data pack at any time.'); 
insert into nestedkeyvalue VALUES ('63894-1.0.0-Description-unLocalized', '63894-1.0.0-Description', null); 
insert into keyvalue VALUES ('63894-1.0.0-Description', '63894-1.0.0', 'Post-Addon-1.0.0-Description', null); 
insert into keyvalue VALUES ('63894-1.0.0-Online_selfcare_id', '63894-1.0.0', 'Post-Addon-1.0.0-Online_selfcare_id', null); 
insert into keyvalue VALUES ('63894-1.0.0-Featured', '63894-1.0.0', 'Post-Addon-1.0.0-Featured', 'true'); 
insert into keyvalue VALUES ('63894-1.0.0-Id', '63894-1.0.0', 'Post-Addon-1.0.0-Id', '63894'); 
insert into keyvalue VALUES ('63894-1.0.0-Type', '63894-1.0.0', 'Post-Addon-1.0.0-Type', 'Recurring'); 
insert into nestedkeyvalue VALUES ('63894-1.0.0-Name-def', '63894-1.0.0-Name', 'Megújuló ExtraAdat 2GB'); 
insert into nestedkeyvalue VALUES ('63894-1.0.0-Name-eng', '63894-1.0.0-Name', 'Megújuló ExtraAdat 2GB'); 
insert into nestedkeyvalue VALUES ('63894-1.0.0-Name-hun', '63894-1.0.0-Name', ' Recurring ExtraData 2GB'); 
insert into nestedkeyvalue VALUES ('63894-1.0.0-Name-unLocalized', '63894-1.0.0-Name', null); 
insert into keyvalue VALUES ('63894-1.0.0-Name', '63894-1.0.0', 'Post-Addon-1.0.0-Name', null); 
insert into object VALUES ('63893-1.0.0', '63893'); 
insert into nestedkeyvalue VALUES ('63893-1.0.0-PSMCodes-Activation', '63893-1.0.0-PSMCodes', null); 
insert into keyvalue VALUES ('63893-1.0.0-PSMCodes', '63893-1.0.0', 'Post-Addon-1.0.0-PSMCodes', null); 
insert into keyvalue VALUES ('63893-1.0.0-Refill_ids', '63893-1.0.0', 'Post-Addon-1.0.0-Refill_ids', null); 
insert into keyvalue VALUES ('63893-1.0.0-Data_usage_mb', '63893-1.0.0', 'Post-Addon-1.0.0-Data_usage_mb', '153600'); 
insert into keyvalue VALUES ('63893-1.0.0-Price', '63893-1.0.0', 'Post-Addon-1.0.0-Price', '3219'); 
insert into keyvalue VALUES ('63893-1.0.0-Active', '63893-1.0.0', 'Post-Addon-1.0.0-Active', 'false'); 
insert into nestedkeyvalue VALUES ('63893-1.0.0-Description-def', '63893-1.0.0-Description', '150 GB éjszakai kiegészítő adat opció (24:00-06:00). Ez az 150 GB felhasználható, de a fenti adatkijelző sávon nem látható.'); 
insert into nestedkeyvalue VALUES ('63893-1.0.0-Description-eng', '63893-1.0.0-Description', '150 GB éjszakai kiegészítő adat opció (24:00-06:00). Ez az 150 GB felhasználható, de a fenti adatkijelző sávon nem látható.'); 
insert into nestedkeyvalue VALUES ('63893-1.0.0-Description-hun', '63893-1.0.0-Description', '150 GB off peak extra data (24:00-06:00). This is available for use with your tariff but it is not visible in the usage bar above.'); 
insert into nestedkeyvalue VALUES ('63893-1.0.0-Description-unLocalized', '63893-1.0.0-Description', null); 
insert into keyvalue VALUES ('63893-1.0.0-Description', '63893-1.0.0', 'Post-Addon-1.0.0-Description', null); 
insert into keyvalue VALUES ('63893-1.0.0-Online_selfcare_id', '63893-1.0.0', 'Post-Addon-1.0.0-Online_selfcare_id', null); 
insert into keyvalue VALUES ('63893-1.0.0-Featured', '63893-1.0.0', 'Post-Addon-1.0.0-Featured', 'true'); 
insert into keyvalue VALUES ('63893-1.0.0-Id', '63893-1.0.0', 'Post-Addon-1.0.0-Id', '63893'); 
insert into keyvalue VALUES ('63893-1.0.0-Type', '63893-1.0.0', 'Post-Addon-1.0.0-Type', 'Recurring'); 
insert into nestedkeyvalue VALUES ('63893-1.0.0-Name-def', '63893-1.0.0-Name', 'ExtraAdat Recurring Off-peak Add-on 150 GB'); 
insert into nestedkeyvalue VALUES ('63893-1.0.0-Name-eng', '63893-1.0.0-Name', 'ExtraAdat Recurring Off-peak Add-on 150 GB'); 
insert into nestedkeyvalue VALUES ('63893-1.0.0-Name-hun', '63893-1.0.0-Name', ' ExtraData Recurring Off-peak Add-on 150 GB'); 
insert into nestedkeyvalue VALUES ('63893-1.0.0-Name-unLocalized', '63893-1.0.0-Name', null); 
insert into keyvalue VALUES ('63893-1.0.0-Name', '63893-1.0.0', 'Post-Addon-1.0.0-Name', null); 
insert into object VALUES ('66036-1.0.0', '66036'); 
insert into nestedkeyvalue VALUES ('66036-1.0.0-PSMCodes-Deactivation', '66036-1.0.0-PSMCodes', 'XEXTRA50MB-MPLUSZ'); 
insert into nestedkeyvalue VALUES ('66036-1.0.0-PSMCodes-Activation', '66036-1.0.0-PSMCodes', 'EXTRA50MB-MPLUSZ'); 
insert into keyvalue VALUES ('66036-1.0.0-PSMCodes', '66036-1.0.0', 'Post-Addon-1.0.0-PSMCodes', null); 
insert into keyvalue VALUES ('66036-1.0.0-Refill_ids', '66036-1.0.0', 'Post-Addon-1.0.0-Refill_ids', null); 
insert into keyvalue VALUES ('66036-1.0.0-Data_usage_mb', '66036-1.0.0', 'Post-Addon-1.0.0-Data_usage_mb', '50'); 
insert into keyvalue VALUES ('66036-1.0.0-Price', '66036-1.0.0', 'Post-Addon-1.0.0-Price', '290'); 
insert into keyvalue VALUES ('66036-1.0.0-Active', '66036-1.0.0', 'Post-Addon-1.0.0-Active', 'true'); 
insert into nestedkeyvalue VALUES ('66036-1.0.0-Description-def', '66036-1.0.0-Description', 'Ha ezt a kiegészítő adat opciót választod, akkor számlazárásig adatforgalmadat 50 MB-tal növelheted 290 Ft-ért.'); 
insert into nestedkeyvalue VALUES ('66036-1.0.0-Description-eng', '66036-1.0.0-Description', 'Ha ezt a kiegészítő adat opciót választod, akkor számlazárásig adatforgalmadat 50 MB-tal növelheted 290 Ft-ért.'); 
insert into nestedkeyvalue VALUES ('66036-1.0.0-Description-hun', '66036-1.0.0-Description', 'This extra data pack will give you an additional 50 MB of mobile internet until the end of your current bill cycle for 290 Ft.'); 
insert into nestedkeyvalue VALUES ('66036-1.0.0-Description-unLocalized', '66036-1.0.0-Description', null); 
insert into keyvalue VALUES ('66036-1.0.0-Description', '66036-1.0.0', 'Post-Addon-1.0.0-Description', null); 
insert into keyvalue VALUES ('66036-1.0.0-Online_selfcare_id', '66036-1.0.0', 'Post-Addon-1.0.0-Online_selfcare_id', null); 
insert into keyvalue VALUES ('66036-1.0.0-Featured', '66036-1.0.0', 'Post-Addon-1.0.0-Featured', 'false'); 
insert into keyvalue VALUES ('66036-1.0.0-Id', '66036-1.0.0', 'Post-Addon-1.0.0-Id', '66036'); 
insert into keyvalue VALUES ('66036-1.0.0-Type', '66036-1.0.0', 'Post-Addon-1.0.0-Type', 'One Time'); 
insert into nestedkeyvalue VALUES ('66036-1.0.0-Name-def', '66036-1.0.0-Name', 'PluszAdat 50 MB'); 
insert into nestedkeyvalue VALUES ('66036-1.0.0-Name-eng', '66036-1.0.0-Name', 'PluszAdat 50 MB'); 
insert into nestedkeyvalue VALUES ('66036-1.0.0-Name-hun', '66036-1.0.0-Name', 'PluszAdat 50 MB'); 
insert into nestedkeyvalue VALUES ('66036-1.0.0-Name-unLocalized', '66036-1.0.0-Name', null); 
insert into keyvalue VALUES ('66036-1.0.0-Name', '66036-1.0.0', 'Post-Addon-1.0.0-Name', null); 
insert into object VALUES ('63897-1.0.0', '63897'); 
insert into nestedkeyvalue VALUES ('63897-1.0.0-PSMCodes-Deactivation', '63897-1.0.0-PSMCodes', null); 
insert into nestedkeyvalue VALUES ('63897-1.0.0-PSMCodes-Activation', '63897-1.0.0-PSMCodes', null); 
insert into keyvalue VALUES ('63897-1.0.0-PSMCodes', '63897-1.0.0', 'Post-Addon-1.0.0-PSMCodes', null); 
insert into keyvalue VALUES ('63897-1.0.0-Refill_ids', '63897-1.0.0', 'Post-Addon-1.0.0-Refill_ids', null); 
insert into keyvalue VALUES ('63897-1.0.0-Data_usage_mb', '63897-1.0.0', 'Post-Addon-1.0.0-Data_usage_mb', '1024'); 
insert into keyvalue VALUES ('63897-1.0.0-Price', '63897-1.0.0', 'Post-Addon-1.0.0-Price', '1000'); 
insert into keyvalue VALUES ('63897-1.0.0-Active', '63897-1.0.0', 'Post-Addon-1.0.0-Active', 'false'); 
insert into nestedkeyvalue VALUES ('63897-1.0.0-Description-def', '63897-1.0.0-Description', '1 GB éjszakai kiegészítő adat opció (24:00-06:00). Ez az 1 GB felhasználható, de a fenti adatkijelző sávon nem látható.'); 
insert into nestedkeyvalue VALUES ('63897-1.0.0-Description-eng', '63897-1.0.0-Description', '1 GB éjszakai kiegészítő adat opció (24:00-06:00). Ez az 1 GB felhasználható, de a fenti adatkijelző sávon nem látható.'); 
insert into nestedkeyvalue VALUES ('63897-1.0.0-Description-hun', '63897-1.0.0-Description', '1 GB off peak extra data (24:00-06:00). This is available for use with your tariff but it is not visible in the usage bar above.'); 
insert into nestedkeyvalue VALUES ('63897-1.0.0-Description-unLocalized', '63897-1.0.0-Description', null); 
insert into keyvalue VALUES ('63897-1.0.0-Description', '63897-1.0.0', 'Post-Addon-1.0.0-Description', null); 
insert into keyvalue VALUES ('63897-1.0.0-Online_selfcare_id', '63897-1.0.0', 'Post-Addon-1.0.0-Online_selfcare_id', null); 
insert into keyvalue VALUES ('63897-1.0.0-Featured', '63897-1.0.0', 'Post-Addon-1.0.0-Featured', 'true'); 
insert into keyvalue VALUES ('63897-1.0.0-Id', '63897-1.0.0', 'Post-Addon-1.0.0-Id', '63897'); 
insert into keyvalue VALUES ('63897-1.0.0-Type', '63897-1.0.0', 'Post-Addon-1.0.0-Type', 'Recurring'); 
insert into nestedkeyvalue VALUES ('63897-1.0.0-Name-def', '63897-1.0.0-Name', 'ExtraAdat Recurring Off-peak Add-on 1 GB'); 
insert into nestedkeyvalue VALUES ('63897-1.0.0-Name-eng', '63897-1.0.0-Name', 'ExtraAdat Recurring Off-peak Add-on 1 GB'); 
insert into nestedkeyvalue VALUES ('63897-1.0.0-Name-hun', '63897-1.0.0-Name', 'ExtraData Recurring Off-peak Add-on 1 GB'); 
insert into nestedkeyvalue VALUES ('63897-1.0.0-Name-unLocalized', '63897-1.0.0-Name', null); 
insert into keyvalue VALUES ('63897-1.0.0-Name', '63897-1.0.0', 'Post-Addon-1.0.0-Name', null); 
insert into object VALUES ('63898-1.0.0', '63898'); 
insert into nestedkeyvalue VALUES ('63898-1.0.0-PSMCodes-Deactivation', '63898-1.0.0-PSMCodes', null); 
insert into nestedkeyvalue VALUES ('63898-1.0.0-PSMCodes-Activation', '63898-1.0.0-PSMCodes', null); 
insert into keyvalue VALUES ('63898-1.0.0-PSMCodes', '63898-1.0.0', 'Post-Addon-1.0.0-PSMCodes', null); 
insert into keyvalue VALUES ('63898-1.0.0-Refill_ids', '63898-1.0.0', 'Post-Addon-1.0.0-Refill_ids', null); 
insert into keyvalue VALUES ('63898-1.0.0-Data_usage_mb', '63898-1.0.0', 'Post-Addon-1.0.0-Data_usage_mb', '2048'); 
insert into keyvalue VALUES ('63898-1.0.0-Price', '63898-1.0.0', 'Post-Addon-1.0.0-Price', '2000'); 
insert into keyvalue VALUES ('63898-1.0.0-Active', '63898-1.0.0', 'Post-Addon-1.0.0-Active', 'false'); 
insert into nestedkeyvalue VALUES ('63898-1.0.0-Description-def', '63898-1.0.0-Description', '2 GB éjszakai kiegészítő adat opció (24:00-06:00). Ez az 2 GB felhasználható, de a fenti adatkijelző sávon nem látható.'); 
insert into nestedkeyvalue VALUES ('63898-1.0.0-Description-eng', '63898-1.0.0-Description', '2 GB éjszakai kiegészítő adat opció (24:00-06:00). Ez az 2 GB felhasználható, de a fenti adatkijelző sávon nem látható.'); 
insert into nestedkeyvalue VALUES ('63898-1.0.0-Description-hun', '63898-1.0.0-Description', '2 GB off peak extra data (24:00-06:00). This is available for use with your tariff but it is not visible in the usage bar above.'); 
insert into nestedkeyvalue VALUES ('63898-1.0.0-Description-unLocalized', '63898-1.0.0-Description', null); 
insert into keyvalue VALUES ('63898-1.0.0-Description', '63898-1.0.0', 'Post-Addon-1.0.0-Description', null); 
insert into keyvalue VALUES ('63898-1.0.0-Online_selfcare_id', '63898-1.0.0', 'Post-Addon-1.0.0-Online_selfcare_id', null); 
insert into keyvalue VALUES ('63898-1.0.0-Featured', '63898-1.0.0', 'Post-Addon-1.0.0-Featured', 'true'); 
insert into keyvalue VALUES ('63898-1.0.0-Id', '63898-1.0.0', 'Post-Addon-1.0.0-Id', '63898'); 
insert into keyvalue VALUES ('63898-1.0.0-Type', '63898-1.0.0', 'Post-Addon-1.0.0-Type', 'Recurring'); 
insert into nestedkeyvalue VALUES ('63898-1.0.0-Name-def', '63898-1.0.0-Name', 'ExtraAdat Recurring Off-peak Add-on 2 GB'); 
insert into nestedkeyvalue VALUES ('63898-1.0.0-Name-eng', '63898-1.0.0-Name', 'ExtraAdat Recurring Off-peak Add-on 2 GB'); 
insert into nestedkeyvalue VALUES ('63898-1.0.0-Name-hun', '63898-1.0.0-Name', 'ExtraData Recurring Off-peak Add-on 2 GB'); 
insert into nestedkeyvalue VALUES ('63898-1.0.0-Name-unLocalized', '63898-1.0.0-Name', null); 
insert into keyvalue VALUES ('63898-1.0.0-Name', '63898-1.0.0', 'Post-Addon-1.0.0-Name', null); 
insert into object VALUES ('63899-1.0.0', '63899'); 
insert into nestedkeyvalue VALUES ('63899-1.0.0-PSMCodes-Deactivation', '63899-1.0.0-PSMCodes', null); 
insert into nestedkeyvalue VALUES ('63899-1.0.0-PSMCodes-Activation', '63899-1.0.0-PSMCodes', null); 
insert into keyvalue VALUES ('63899-1.0.0-PSMCodes', '63899-1.0.0', 'Post-Addon-1.0.0-PSMCodes', null); 
insert into keyvalue VALUES ('63899-1.0.0-Refill_ids', '63899-1.0.0', 'Post-Addon-1.0.0-Refill_ids', null); 
insert into keyvalue VALUES ('63899-1.0.0-Data_usage_mb', '63899-1.0.0', 'Post-Addon-1.0.0-Data_usage_mb', '3072'); 
insert into keyvalue VALUES ('63899-1.0.0-Price', '63899-1.0.0', 'Post-Addon-1.0.0-Price', '3000'); 
insert into keyvalue VALUES ('63899-1.0.0-Active', '63899-1.0.0', 'Post-Addon-1.0.0-Active', 'false'); 
insert into nestedkeyvalue VALUES ('63899-1.0.0-Description-def', '63899-1.0.0-Description', '3 GB éjszakai kiegészítő adat opció (24:00-06:00). Ez az 3 GB felhasználható, de a fenti adatkijelző sávon nem látható.'); 
insert into nestedkeyvalue VALUES ('63899-1.0.0-Description-eng', '63899-1.0.0-Description', '3 GB éjszakai kiegészítő adat opció (24:00-06:00). Ez az 3 GB felhasználható, de a fenti adatkijelző sávon nem látható.'); 
insert into nestedkeyvalue VALUES ('63899-1.0.0-Description-hun', '63899-1.0.0-Description', '3 GB off peak extra data (24:00-06:00). This is available for use with your tariff but it is not visible in the usage bar above.'); 
insert into nestedkeyvalue VALUES ('63899-1.0.0-Description-unLocalized', '63899-1.0.0-Description', null); 
insert into keyvalue VALUES ('63899-1.0.0-Description', '63899-1.0.0', 'Post-Addon-1.0.0-Description', null); 
insert into keyvalue VALUES ('63899-1.0.0-Online_selfcare_id', '63899-1.0.0', 'Post-Addon-1.0.0-Online_selfcare_id', null); 
insert into keyvalue VALUES ('63899-1.0.0-Featured', '63899-1.0.0', 'Post-Addon-1.0.0-Featured', 'true'); 
insert into keyvalue VALUES ('63899-1.0.0-Id', '63899-1.0.0', 'Post-Addon-1.0.0-Id', '63899'); 
insert into keyvalue VALUES ('63899-1.0.0-Type', '63899-1.0.0', 'Post-Addon-1.0.0-Type', 'Recurring'); 
insert into nestedkeyvalue VALUES ('63899-1.0.0-Name-def', '63899-1.0.0-Name', 'ExtraAdat Recurring Off-peak Add-on 3 GB'); 
insert into nestedkeyvalue VALUES ('63899-1.0.0-Name-eng', '63899-1.0.0-Name', 'ExtraAdat Recurring Off-peak Add-on 3 GB'); 
insert into nestedkeyvalue VALUES ('63899-1.0.0-Name-hun', '63899-1.0.0-Name', 'ExtraData Recurring Off-peak Add-on 3 GB'); 
insert into nestedkeyvalue VALUES ('63899-1.0.0-Name-unLocalized', '63899-1.0.0-Name', null); 
insert into keyvalue VALUES ('63899-1.0.0-Name', '63899-1.0.0', 'Post-Addon-1.0.0-Name', null); 
insert into object VALUES ('63900-1.0.0', '63900'); 
insert into nestedkeyvalue VALUES ('63900-1.0.0-PSMCodes-Deactivation', '63900-1.0.0-PSMCodes', null); 
insert into nestedkeyvalue VALUES ('63900-1.0.0-PSMCodes-Activation', '63900-1.0.0-PSMCodes', null); 
insert into keyvalue VALUES ('63900-1.0.0-PSMCodes', '63900-1.0.0', 'Post-Addon-1.0.0-PSMCodes', null); 
insert into keyvalue VALUES ('63900-1.0.0-Refill_ids', '63900-1.0.0', 'Post-Addon-1.0.0-Refill_ids', null); 
insert into keyvalue VALUES ('63900-1.0.0-Data_usage_mb', '63900-1.0.0', 'Post-Addon-1.0.0-Data_usage_mb', '5120'); 
insert into keyvalue VALUES ('63900-1.0.0-Price', '63900-1.0.0', 'Post-Addon-1.0.0-Price', '5000'); 
insert into keyvalue VALUES ('63900-1.0.0-Active', '63900-1.0.0', 'Post-Addon-1.0.0-Active', 'false'); 
insert into nestedkeyvalue VALUES ('63900-1.0.0-Description-def', '63900-1.0.0-Description', '5 GB éjszakai kiegészítő adat opció (24:00-06:00). Ez az 5 GB felhasználható, de a fenti adatkijelző sávon nem látható.'); 
insert into nestedkeyvalue VALUES ('63900-1.0.0-Description-eng', '63900-1.0.0-Description', '5 GB éjszakai kiegészítő adat opció (24:00-06:00). Ez az 5 GB felhasználható, de a fenti adatkijelző sávon nem látható.'); 
insert into nestedkeyvalue VALUES ('63900-1.0.0-Description-hun', '63900-1.0.0-Description', '5 GB off peak extra data (24:00-06:00). This is available for use with your tariff but it is not visible in the usage bar above.'); 
insert into nestedkeyvalue VALUES ('63900-1.0.0-Description-unLocalized', '63900-1.0.0-Description', null); 
insert into keyvalue VALUES ('63900-1.0.0-Description', '63900-1.0.0', 'Post-Addon-1.0.0-Description', null); 
insert into keyvalue VALUES ('63900-1.0.0-Online_selfcare_id', '63900-1.0.0', 'Post-Addon-1.0.0-Online_selfcare_id', null); 
insert into keyvalue VALUES ('63900-1.0.0-Featured', '63900-1.0.0', 'Post-Addon-1.0.0-Featured', 'true'); 
insert into keyvalue VALUES ('63900-1.0.0-Id', '63900-1.0.0', 'Post-Addon-1.0.0-Id', '63900'); 
insert into keyvalue VALUES ('63900-1.0.0-Type', '63900-1.0.0', 'Post-Addon-1.0.0-Type', 'Recurring'); 
insert into nestedkeyvalue VALUES ('63900-1.0.0-Name-def', '63900-1.0.0-Name', 'ExtraAdat Recurring Off-peak Add-on 5 GB small'); 
insert into nestedkeyvalue VALUES ('63900-1.0.0-Name-eng', '63900-1.0.0-Name', 'ExtraAdat Recurring Off-peak Add-on 5 GB small'); 
insert into nestedkeyvalue VALUES ('63900-1.0.0-Name-hun', '63900-1.0.0-Name', 'ExtraData Recurring Off-peak Add-on 5 GB small'); 
insert into nestedkeyvalue VALUES ('63900-1.0.0-Name-unLocalized', '63900-1.0.0-Name', null); 
insert into keyvalue VALUES ('63900-1.0.0-Name', '63900-1.0.0', 'Post-Addon-1.0.0-Name', null); 
insert into object VALUES ('63901-1.0.0', '63901'); 
insert into nestedkeyvalue VALUES ('63901-1.0.0-PSMCodes-Deactivation', '63901-1.0.0-PSMCodes', null); 
insert into nestedkeyvalue VALUES ('63901-1.0.0-PSMCodes-Activation', '63901-1.0.0-PSMCodes', null); 
insert into keyvalue VALUES ('63901-1.0.0-PSMCodes', '63901-1.0.0', 'Post-Addon-1.0.0-PSMCodes', null); 
insert into keyvalue VALUES ('63901-1.0.0-Refill_ids', '63901-1.0.0', 'Post-Addon-1.0.0-Refill_ids', null); 
insert into keyvalue VALUES ('63901-1.0.0-Data_usage_mb', '63901-1.0.0', 'Post-Addon-1.0.0-Data_usage_mb', '8192'); 
insert into keyvalue VALUES ('63901-1.0.0-Price', '63901-1.0.0', 'Post-Addon-1.0.0-Price', '8000'); 
insert into keyvalue VALUES ('63901-1.0.0-Active', '63901-1.0.0', 'Post-Addon-1.0.0-Active', 'false'); 
insert into nestedkeyvalue VALUES ('63901-1.0.0-Description-def', '63901-1.0.0-Description', '8 GB éjszakai kiegészítő adat opció (24:00-06:00). Ez az 8 GB felhasználható, de a fenti adatkijelző sávon nem látható.'); 
insert into nestedkeyvalue VALUES ('63901-1.0.0-Description-eng', '63901-1.0.0-Description', '8 GB éjszakai kiegészítő adat opció (24:00-06:00). Ez az 8 GB felhasználható, de a fenti adatkijelző sávon nem látható.'); 
insert into nestedkeyvalue VALUES ('63901-1.0.0-Description-hun', '63901-1.0.0-Description', '8 GB off peak extra data (24:00-06:00). This is available for use with your tariff but it is not visible in the usage bar above.'); 
insert into nestedkeyvalue VALUES ('63901-1.0.0-Description-unLocalized', '63901-1.0.0-Description', null); 
insert into keyvalue VALUES ('63901-1.0.0-Description', '63901-1.0.0', 'Post-Addon-1.0.0-Description', null); 
insert into keyvalue VALUES ('63901-1.0.0-Online_selfcare_id', '63901-1.0.0', 'Post-Addon-1.0.0-Online_selfcare_id', null); 
insert into keyvalue VALUES ('63901-1.0.0-Featured', '63901-1.0.0', 'Post-Addon-1.0.0-Featured', 'true'); 
insert into keyvalue VALUES ('63901-1.0.0-Id', '63901-1.0.0', 'Post-Addon-1.0.0-Id', '63901'); 
insert into keyvalue VALUES ('63901-1.0.0-Type', '63901-1.0.0', 'Post-Addon-1.0.0-Type', 'Recurring'); 
insert into nestedkeyvalue VALUES ('63901-1.0.0-Name-def', '63901-1.0.0-Name', 'ExtraAdat Recurring Off-peak Add-on 8 GB'); 
insert into nestedkeyvalue VALUES ('63901-1.0.0-Name-eng', '63901-1.0.0-Name', 'ExtraAdat Recurring Off-peak Add-on 8 GB'); 
insert into nestedkeyvalue VALUES ('63901-1.0.0-Name-hun', '63901-1.0.0-Name', 'ExtraData Recurring Off-peak Add-on 8 GB'); 
insert into nestedkeyvalue VALUES ('63901-1.0.0-Name-unLocalized', '63901-1.0.0-Name', null); 
insert into keyvalue VALUES ('63901-1.0.0-Name', '63901-1.0.0', 'Post-Addon-1.0.0-Name', null); 
insert into object VALUES ('63902-1.0.0', '63902'); 
insert into nestedkeyvalue VALUES ('63902-1.0.0-PSMCodes-Deactivation', '63902-1.0.0-PSMCodes', null); 
insert into nestedkeyvalue VALUES ('63902-1.0.0-PSMCodes-Activation', '63902-1.0.0-PSMCodes', null); 
insert into keyvalue VALUES ('63902-1.0.0-PSMCodes', '63902-1.0.0', 'Post-Addon-1.0.0-PSMCodes', null); 
insert into keyvalue VALUES ('63902-1.0.0-Refill_ids', '63902-1.0.0', 'Post-Addon-1.0.0-Refill_ids', null); 
insert into keyvalue VALUES ('63902-1.0.0-Data_usage_mb', '63902-1.0.0', 'Post-Addon-1.0.0-Data_usage_mb', '5120'); 
insert into keyvalue VALUES ('63902-1.0.0-Price', '63902-1.0.0', 'Post-Addon-1.0.0-Price', '1000'); 
insert into keyvalue VALUES ('63902-1.0.0-Active', '63902-1.0.0', 'Post-Addon-1.0.0-Active', 'false'); 
insert into nestedkeyvalue VALUES ('63902-1.0.0-Description-def', '63902-1.0.0-Description', '5 GB éjszakai kiegészítő adat opció (24:00-06:00). Ez az 5 GB felhasználható, de a fenti adatkijelző sávon nem látható.'); 
insert into nestedkeyvalue VALUES ('63902-1.0.0-Description-eng', '63902-1.0.0-Description', '5 GB éjszakai kiegészítő adat opció (24:00-06:00). Ez az 5 GB felhasználható, de a fenti adatkijelző sávon nem látható.'); 
insert into nestedkeyvalue VALUES ('63902-1.0.0-Description-hun', '63902-1.0.0-Description', '5 GB off peak extra data (24:00-06:00). This is available for use with your tariff but it is not visible in the usage bar above.'); 
insert into nestedkeyvalue VALUES ('63902-1.0.0-Description-unLocalized', '63902-1.0.0-Description', null); 
insert into keyvalue VALUES ('63902-1.0.0-Description', '63902-1.0.0', 'Post-Addon-1.0.0-Description', null); 
insert into keyvalue VALUES ('63902-1.0.0-Online_selfcare_id', '63902-1.0.0', 'Post-Addon-1.0.0-Online_selfcare_id', null); 
insert into keyvalue VALUES ('63902-1.0.0-Featured', '63902-1.0.0', 'Post-Addon-1.0.0-Featured', 'true'); 
insert into keyvalue VALUES ('63902-1.0.0-Id', '63902-1.0.0', 'Post-Addon-1.0.0-Id', '63902'); 
insert into keyvalue VALUES ('63902-1.0.0-Type', '63902-1.0.0', 'Post-Addon-1.0.0-Type', 'Recurring'); 
insert into nestedkeyvalue VALUES ('63902-1.0.0-Name-def', '63902-1.0.0-Name', 'ExtraAdat Recurring Off-peak Add-on 5 GB'); 
insert into nestedkeyvalue VALUES ('63902-1.0.0-Name-eng', '63902-1.0.0-Name', 'ExtraAdat Recurring Off-peak Add-on 5 GB'); 
insert into nestedkeyvalue VALUES ('63902-1.0.0-Name-hun', '63902-1.0.0-Name', 'ExtraData Recurring Off-peak Add-on 5 GB'); 
insert into nestedkeyvalue VALUES ('63902-1.0.0-Name-unLocalized', '63902-1.0.0-Name', null); 
insert into keyvalue VALUES ('63902-1.0.0-Name', '63902-1.0.0', 'Post-Addon-1.0.0-Name', null); 
insert into object VALUES ('63903-1.0.0', '63903'); 
insert into nestedkeyvalue VALUES ('63903-1.0.0-PSMCodes-Deactivation', '63903-1.0.0-PSMCodes', null); 
insert into nestedkeyvalue VALUES ('63903-1.0.0-PSMCodes-Activation', '63903-1.0.0-PSMCodes', null); 
insert into keyvalue VALUES ('63903-1.0.0-PSMCodes', '63903-1.0.0', 'Post-Addon-1.0.0-PSMCodes', null); 
insert into keyvalue VALUES ('63903-1.0.0-Refill_ids', '63903-1.0.0', 'Post-Addon-1.0.0-Refill_ids', null); 
insert into keyvalue VALUES ('63903-1.0.0-Data_usage_mb', '63903-1.0.0', 'Post-Addon-1.0.0-Data_usage_mb', '10240'); 
insert into keyvalue VALUES ('63903-1.0.0-Price', '63903-1.0.0', 'Post-Addon-1.0.0-Price', '2000'); 
insert into keyvalue VALUES ('63903-1.0.0-Active', '63903-1.0.0', 'Post-Addon-1.0.0-Active', 'false'); 
insert into nestedkeyvalue VALUES ('63903-1.0.0-Description-def', '63903-1.0.0-Description', '10 GB éjszakai kiegészítő adat opció (24:00-06:00). Ez az 10 GB felhasználható, de a fenti adatkijelző sávon nem látható.'); 
insert into nestedkeyvalue VALUES ('63903-1.0.0-Description-eng', '63903-1.0.0-Description', '10 GB éjszakai kiegészítő adat opció (24:00-06:00). Ez az 10 GB felhasználható, de a fenti adatkijelző sávon nem látható.'); 
insert into nestedkeyvalue VALUES ('63903-1.0.0-Description-hun', '63903-1.0.0-Description', '10 GB off peak extra data (24:00-06:00). This is available for use with your tariff but it is not visible in the usage bar above.'); 
insert into nestedkeyvalue VALUES ('63903-1.0.0-Description-unLocalized', '63903-1.0.0-Description', null); 
insert into keyvalue VALUES ('63903-1.0.0-Description', '63903-1.0.0', 'Post-Addon-1.0.0-Description', null); 
insert into keyvalue VALUES ('63903-1.0.0-Online_selfcare_id', '63903-1.0.0', 'Post-Addon-1.0.0-Online_selfcare_id', null); 
insert into keyvalue VALUES ('63903-1.0.0-Featured', '63903-1.0.0', 'Post-Addon-1.0.0-Featured', 'true'); 
insert into keyvalue VALUES ('63903-1.0.0-Id', '63903-1.0.0', 'Post-Addon-1.0.0-Id', '63903'); 
insert into keyvalue VALUES ('63903-1.0.0-Type', '63903-1.0.0', 'Post-Addon-1.0.0-Type', 'Recurring'); 
insert into nestedkeyvalue VALUES ('63903-1.0.0-Name-def', '63903-1.0.0-Name', 'ExtraAdat Recurring Off-peak Add-on 10 GB'); 
insert into nestedkeyvalue VALUES ('63903-1.0.0-Name-eng', '63903-1.0.0-Name', 'ExtraAdat Recurring Off-peak Add-on 10 GB'); 
insert into nestedkeyvalue VALUES ('63903-1.0.0-Name-hun', '63903-1.0.0-Name', 'ExtraData Recurring Off-peak Add-on 10 GB'); 
insert into nestedkeyvalue VALUES ('63903-1.0.0-Name-unLocalized', '63903-1.0.0-Name', null); 
insert into keyvalue VALUES ('63903-1.0.0-Name', '63903-1.0.0', 'Post-Addon-1.0.0-Name', null); 
insert into object VALUES ('63904-1.0.0', '63904'); 
insert into nestedkeyvalue VALUES ('63904-1.0.0-PSMCodes-Deactivation', '63904-1.0.0-PSMCodes', null); 
insert into nestedkeyvalue VALUES ('63904-1.0.0-PSMCodes-Activation', '63904-1.0.0-PSMCodes', null); 
insert into keyvalue VALUES ('63904-1.0.0-PSMCodes', '63904-1.0.0', 'Post-Addon-1.0.0-PSMCodes', null); 
insert into keyvalue VALUES ('63904-1.0.0-Refill_ids', '63904-1.0.0', 'Post-Addon-1.0.0-Refill_ids', null); 
insert into keyvalue VALUES ('63904-1.0.0-Data_usage_mb', '63904-1.0.0', 'Post-Addon-1.0.0-Data_usage_mb', '20480'); 
insert into keyvalue VALUES ('63904-1.0.0-Price', '63904-1.0.0', 'Post-Addon-1.0.0-Price', '3000'); 
insert into keyvalue VALUES ('63904-1.0.0-Active', '63904-1.0.0', 'Post-Addon-1.0.0-Active', 'false'); 
insert into nestedkeyvalue VALUES ('63904-1.0.0-Description-def', '63904-1.0.0-Description', '20 GB éjszakai kiegészítő adat opció (24:00-06:00). Ez az 20 GB felhasználható, de a fenti adatkijelző sávon nem látható.'); 
insert into nestedkeyvalue VALUES ('63904-1.0.0-Description-eng', '63904-1.0.0-Description', '20 GB éjszakai kiegészítő adat opció (24:00-06:00). Ez az 20 GB felhasználható, de a fenti adatkijelző sávon nem látható.'); 
insert into nestedkeyvalue VALUES ('63904-1.0.0-Description-hun', '63904-1.0.0-Description', '20 GB off peak extra data (24:00-06:00). This is available for use with your tariff but it is not visible in the usage bar above.'); 
insert into nestedkeyvalue VALUES ('63904-1.0.0-Description-unLocalized', '63904-1.0.0-Description', null); 
insert into keyvalue VALUES ('63904-1.0.0-Description', '63904-1.0.0', 'Post-Addon-1.0.0-Description', null); 
insert into keyvalue VALUES ('63904-1.0.0-Online_selfcare_id', '63904-1.0.0', 'Post-Addon-1.0.0-Online_selfcare_id', null); 
insert into keyvalue VALUES ('63904-1.0.0-Featured', '63904-1.0.0', 'Post-Addon-1.0.0-Featured', 'true'); 
insert into keyvalue VALUES ('63904-1.0.0-Id', '63904-1.0.0', 'Post-Addon-1.0.0-Id', '63904'); 
insert into keyvalue VALUES ('63904-1.0.0-Type', '63904-1.0.0', 'Post-Addon-1.0.0-Type', 'Recurring'); 
insert into nestedkeyvalue VALUES ('63904-1.0.0-Name-def', '63904-1.0.0-Name', 'ExtraAdat Recurring Off-peak Add-on 20 GB'); 
insert into nestedkeyvalue VALUES ('63904-1.0.0-Name-eng', '63904-1.0.0-Name', 'ExtraAdat Recurring Off-peak Add-on 20 GB'); 
insert into nestedkeyvalue VALUES ('63904-1.0.0-Name-hun', '63904-1.0.0-Name', 'ExtraData Recurring Off-peak Add-on 20 GB'); 
insert into nestedkeyvalue VALUES ('63904-1.0.0-Name-unLocalized', '63904-1.0.0-Name', null); 
insert into keyvalue VALUES ('63904-1.0.0-Name', '63904-1.0.0', 'Post-Addon-1.0.0-Name', null); 
insert into object VALUES ('63905-1.0.0', '63905'); 
insert into nestedkeyvalue VALUES ('63905-1.0.0-PSMCodes-Deactivation', '63905-1.0.0-PSMCodes', null); 
insert into nestedkeyvalue VALUES ('63905-1.0.0-PSMCodes-Activation', '63905-1.0.0-PSMCodes', null); 
insert into keyvalue VALUES ('63905-1.0.0-PSMCodes', '63905-1.0.0', 'Post-Addon-1.0.0-PSMCodes', null); 
insert into keyvalue VALUES ('63905-1.0.0-Refill_ids', '63905-1.0.0', 'Post-Addon-1.0.0-Refill_ids', null); 
insert into keyvalue VALUES ('63905-1.0.0-Data_usage_mb', '63905-1.0.0', 'Post-Addon-1.0.0-Data_usage_mb', '30720'); 
insert into keyvalue VALUES ('63905-1.0.0-Price', '63905-1.0.0', 'Post-Addon-1.0.0-Price', '5000'); 
insert into keyvalue VALUES ('63905-1.0.0-Active', '63905-1.0.0', 'Post-Addon-1.0.0-Active', 'false'); 
insert into nestedkeyvalue VALUES ('63905-1.0.0-Description-def', '63905-1.0.0-Description', '30 GB éjszakai kiegészítő adat opció (24:00-06:00). Ez az 30 GB felhasználható, de a fenti adatkijelző sávon nem látható.'); 
insert into nestedkeyvalue VALUES ('63905-1.0.0-Description-eng', '63905-1.0.0-Description', '30 GB éjszakai kiegészítő adat opció (24:00-06:00). Ez az 30 GB felhasználható, de a fenti adatkijelző sávon nem látható.'); 
insert into nestedkeyvalue VALUES ('63905-1.0.0-Description-hun', '63905-1.0.0-Description', '30 GB off peak extra data (24:00-06:00). This is available for use with your tariff but it is not visible in the usage bar above.'); 
insert into nestedkeyvalue VALUES ('63905-1.0.0-Description-unLocalized', '63905-1.0.0-Description', null); 
insert into keyvalue VALUES ('63905-1.0.0-Description', '63905-1.0.0', 'Post-Addon-1.0.0-Description', null); 
insert into keyvalue VALUES ('63905-1.0.0-Online_selfcare_id', '63905-1.0.0', 'Post-Addon-1.0.0-Online_selfcare_id', null); 
insert into keyvalue VALUES ('63905-1.0.0-Featured', '63905-1.0.0', 'Post-Addon-1.0.0-Featured', 'true'); 
insert into keyvalue VALUES ('63905-1.0.0-Id', '63905-1.0.0', 'Post-Addon-1.0.0-Id', '63905'); 
insert into keyvalue VALUES ('63905-1.0.0-Type', '63905-1.0.0', 'Post-Addon-1.0.0-Type', 'Recurring'); 
insert into nestedkeyvalue VALUES ('63905-1.0.0-Name-def', '63905-1.0.0-Name', 'ExtraAdat Recurring Off-peak Add-on 30 GB'); 
insert into nestedkeyvalue VALUES ('63905-1.0.0-Name-eng', '63905-1.0.0-Name', 'ExtraAdat Recurring Off-peak Add-on 30 GB'); 
insert into nestedkeyvalue VALUES ('63905-1.0.0-Name-hun', '63905-1.0.0-Name', 'ExtraData Recurring Off-peak Add-on 30 GB'); 
insert into nestedkeyvalue VALUES ('63905-1.0.0-Name-unLocalized', '63905-1.0.0-Name', null); 
insert into keyvalue VALUES ('63905-1.0.0-Name', '63905-1.0.0', 'Post-Addon-1.0.0-Name', null); 
insert into object VALUES ('63906-1.0.0', '63906'); 
insert into nestedkeyvalue VALUES ('63906-1.0.0-PSMCodes-Deactivation', '63906-1.0.0-PSMCodes', null); 
insert into nestedkeyvalue VALUES ('63906-1.0.0-PSMCodes-Activation', '63906-1.0.0-PSMCodes', null); 
insert into keyvalue VALUES ('63906-1.0.0-PSMCodes', '63906-1.0.0', 'Post-Addon-1.0.0-PSMCodes', null); 
insert into keyvalue VALUES ('63906-1.0.0-Refill_ids', '63906-1.0.0', 'Post-Addon-1.0.0-Refill_ids', null); 
insert into keyvalue VALUES ('63906-1.0.0-Data_usage_mb', '63906-1.0.0', 'Post-Addon-1.0.0-Data_usage_mb', '40960'); 
insert into keyvalue VALUES ('63906-1.0.0-Price', '63906-1.0.0', 'Post-Addon-1.0.0-Price', '8000'); 
insert into keyvalue VALUES ('63906-1.0.0-Active', '63906-1.0.0', 'Post-Addon-1.0.0-Active', 'false'); 
insert into nestedkeyvalue VALUES ('63906-1.0.0-Description-def', '63906-1.0.0-Description', '40 GB éjszakai kiegészítő adat opció (24:00-06:00). Ez az 40 GB felhasználható, de a fenti adatkijelző sávon nem látható.'); 
insert into nestedkeyvalue VALUES ('63906-1.0.0-Description-eng', '63906-1.0.0-Description', '40 GB éjszakai kiegészítő adat opció (24:00-06:00). Ez az 40 GB felhasználható, de a fenti adatkijelző sávon nem látható.'); 
insert into nestedkeyvalue VALUES ('63906-1.0.0-Description-hun', '63906-1.0.0-Description', '40 GB off peak extra data (24:00-06:00). This is available for use with your tariff but it is not visible in the usage bar above.'); 
insert into nestedkeyvalue VALUES ('63906-1.0.0-Description-unLocalized', '63906-1.0.0-Description', null); 
insert into keyvalue VALUES ('63906-1.0.0-Description', '63906-1.0.0', 'Post-Addon-1.0.0-Description', null); 
insert into keyvalue VALUES ('63906-1.0.0-Online_selfcare_id', '63906-1.0.0', 'Post-Addon-1.0.0-Online_selfcare_id', null); 
insert into keyvalue VALUES ('63906-1.0.0-Featured', '63906-1.0.0', 'Post-Addon-1.0.0-Featured', 'true'); 
insert into keyvalue VALUES ('63906-1.0.0-Id', '63906-1.0.0', 'Post-Addon-1.0.0-Id', '63906'); 
insert into keyvalue VALUES ('63906-1.0.0-Type', '63906-1.0.0', 'Post-Addon-1.0.0-Type', 'Recurring'); 
insert into nestedkeyvalue VALUES ('63906-1.0.0-Name-def', '63906-1.0.0-Name', 'ExtraAdat Recurring Off-peak Add-on 40 GB'); 
insert into nestedkeyvalue VALUES ('63906-1.0.0-Name-eng', '63906-1.0.0-Name', 'ExtraAdat Recurring Off-peak Add-on 40 GB'); 
insert into nestedkeyvalue VALUES ('63906-1.0.0-Name-hun', '63906-1.0.0-Name', 'ExtraData Recurring Off-peak Add-on 40 GB'); 
insert into nestedkeyvalue VALUES ('63906-1.0.0-Name-unLocalized', '63906-1.0.0-Name', null); 
insert into keyvalue VALUES ('63906-1.0.0-Name', '63906-1.0.0', 'Post-Addon-1.0.0-Name', null); 
insert into object VALUES ('66038-1.0.0', '66038'); 
insert into nestedkeyvalue VALUES ('66038-1.0.0-PSMCodes-Activation', '66038-1.0.0-PSMCodes', null); 
insert into keyvalue VALUES ('66038-1.0.0-PSMCodes', '66038-1.0.0', 'Post-Addon-1.0.0-PSMCodes', null); 
insert into keyvalue VALUES ('66038-1.0.0-Refill_ids', '66038-1.0.0', 'Post-Addon-1.0.0-Refill_ids', null); 
insert into keyvalue VALUES ('66038-1.0.0-Data_usage_mb', '66038-1.0.0', 'Post-Addon-1.0.0-Data_usage_mb', '102400'); 
insert into keyvalue VALUES ('66038-1.0.0-Price', '66038-1.0.0', 'Post-Addon-1.0.0-Price', '0'); 
insert into keyvalue VALUES ('66038-1.0.0-Active', '66038-1.0.0', 'Post-Addon-1.0.0-Active', 'false'); 
insert into nestedkeyvalue VALUES ('66038-1.0.0-Description-def', '66038-1.0.0-Description', 'Három napig korlátlan belföldi netezés a Vodafone Magyarország hálózatán, extra költségek nélkül, mely a 3. nap éjfélig használható. A tarifában foglalt vagy vásárolt adatforgalom ez idő alatt nem kerül felhasználásra. A maximum felhasználható adatmennyiség 100 GB.'); 
insert into nestedkeyvalue VALUES ('66038-1.0.0-Description-eng', '66038-1.0.0-Description', 'Három napig korlátlan belföldi netezés a Vodafone Magyarország hálózatán, extra költségek nélkül, mely a 3. nap éjfélig használható. A tarifában foglalt vagy vásárolt adatforgalom ez idő alatt nem kerül felhasználásra. A maximum felhasználható adatmennyiség 100 GB.'); 
insert into nestedkeyvalue VALUES ('66038-1.0.0-Description-hun', '66038-1.0.0-Description', 'An extra 100GB data add-on, that can be used until midnight on the third day domestically or according to the terms of your active roaming option. The data included in your plan will not be used during this period.'); 
insert into nestedkeyvalue VALUES ('66038-1.0.0-Description-unLocalized', '66038-1.0.0-Description', null); 
insert into keyvalue VALUES ('66038-1.0.0-Description', '66038-1.0.0', 'Post-Addon-1.0.0-Description', null); 
insert into keyvalue VALUES ('66038-1.0.0-Online_selfcare_id', '66038-1.0.0', 'Post-Addon-1.0.0-Online_selfcare_id', null); 
insert into keyvalue VALUES ('66038-1.0.0-Featured', '66038-1.0.0', 'Post-Addon-1.0.0-Featured', 'false'); 
insert into keyvalue VALUES ('66038-1.0.0-Id', '66038-1.0.0', 'Post-Addon-1.0.0-Id', '66038'); 
insert into keyvalue VALUES ('66038-1.0.0-Type', '66038-1.0.0', 'Post-Addon-1.0.0-Type', 'Emergency'); 
insert into nestedkeyvalue VALUES ('66038-1.0.0-Name-def', '66038-1.0.0-Name', 'Díjmentes adat 3 napra'); 
insert into nestedkeyvalue VALUES ('66038-1.0.0-Name-eng', '66038-1.0.0-Name', 'Díjmentes adat 3 napra'); 
insert into nestedkeyvalue VALUES ('66038-1.0.0-Name-hun', '66038-1.0.0-Name', '3 day unlimited data'); 
insert into nestedkeyvalue VALUES ('66038-1.0.0-Name-unLocalized', '66038-1.0.0-Name', null); 
insert into keyvalue VALUES ('66038-1.0.0-Name', '66038-1.0.0', 'Post-Addon-1.0.0-Name', null); 
insert into object VALUES ('66039-1.0.0', '66039'); 
insert into nestedkeyvalue VALUES ('66039-1.0.0-PSMCodes-Activation', '66039-1.0.0-PSMCodes', null); 
insert into keyvalue VALUES ('66039-1.0.0-PSMCodes', '66039-1.0.0', 'Post-Addon-1.0.0-PSMCodes', null); 
insert into keyvalue VALUES ('66039-1.0.0-Refill_ids', '66039-1.0.0', 'Post-Addon-1.0.0-Refill_ids', null); 
insert into keyvalue VALUES ('66039-1.0.0-Data_usage_mb', '66039-1.0.0', 'Post-Addon-1.0.0-Data_usage_mb', '102400'); 
insert into keyvalue VALUES ('66039-1.0.0-Price', '66039-1.0.0', 'Post-Addon-1.0.0-Price', '0'); 
insert into keyvalue VALUES ('66039-1.0.0-Active', '66039-1.0.0', 'Post-Addon-1.0.0-Active', 'false'); 
insert into nestedkeyvalue VALUES ('66039-1.0.0-Description-def', '66039-1.0.0-Description', 'Öt napig korlátlan belföldi netezés a Vodafone Magyarország hálózatán, extra költségek nélkül, mely az 5. nap éjfélig használható. A tarifában foglalt vagy vásárolt adatforgalom ez idő alatt nem kerül felhasználásra. A maximum felhasználható adatmennyiség 100 GB.'); 
insert into nestedkeyvalue VALUES ('66039-1.0.0-Description-eng', '66039-1.0.0-Description', 'Öt napig korlátlan belföldi netezés a Vodafone Magyarország hálózatán, extra költségek nélkül, mely az 5. nap éjfélig használható. A tarifában foglalt vagy vásárolt adatforgalom ez idő alatt nem kerül felhasználásra. A maximum felhasználható adatmennyiség 100 GB.'); 
insert into nestedkeyvalue VALUES ('66039-1.0.0-Description-hun', '66039-1.0.0-Description', 'An extra 100GB data add-on, that can be used until midnight on the 5th day domestically or according to the terms of your active roaming option. The data included in your plan will not be used during this period.'); 
insert into nestedkeyvalue VALUES ('66039-1.0.0-Description-unLocalized', '66039-1.0.0-Description', null); 
insert into keyvalue VALUES ('66039-1.0.0-Description', '66039-1.0.0', 'Post-Addon-1.0.0-Description', null); 
insert into keyvalue VALUES ('66039-1.0.0-Online_selfcare_id', '66039-1.0.0', 'Post-Addon-1.0.0-Online_selfcare_id', null); 
insert into keyvalue VALUES ('66039-1.0.0-Featured', '66039-1.0.0', 'Post-Addon-1.0.0-Featured', 'false'); 
insert into keyvalue VALUES ('66039-1.0.0-Id', '66039-1.0.0', 'Post-Addon-1.0.0-Id', '66039'); 
insert into keyvalue VALUES ('66039-1.0.0-Type', '66039-1.0.0', 'Post-Addon-1.0.0-Type', 'Emergency'); 
insert into nestedkeyvalue VALUES ('66039-1.0.0-Name-def', '66039-1.0.0-Name', 'Díjmentes adat 5 napra'); 
insert into nestedkeyvalue VALUES ('66039-1.0.0-Name-eng', '66039-1.0.0-Name', 'Díjmentes adat 5 napra'); 
insert into nestedkeyvalue VALUES ('66039-1.0.0-Name-hun', '66039-1.0.0-Name', '5 day unlimited data'); 
insert into nestedkeyvalue VALUES ('66039-1.0.0-Name-unLocalized', '66039-1.0.0-Name', null); 
insert into keyvalue VALUES ('66039-1.0.0-Name', '66039-1.0.0', 'Post-Addon-1.0.0-Name', null); 
insert into object VALUES ('66040-1.0.0', '66040'); 
insert into nestedkeyvalue VALUES ('66040-1.0.0-PSMCodes-Activation', '66040-1.0.0-PSMCodes', null); 
insert into keyvalue VALUES ('66040-1.0.0-PSMCodes', '66040-1.0.0', 'Post-Addon-1.0.0-PSMCodes', null); 
insert into keyvalue VALUES ('66040-1.0.0-Refill_ids', '66040-1.0.0', 'Post-Addon-1.0.0-Refill_ids', null); 
insert into keyvalue VALUES ('66040-1.0.0-Data_usage_mb', '66040-1.0.0', 'Post-Addon-1.0.0-Data_usage_mb', '204800'); 
insert into keyvalue VALUES ('66040-1.0.0-Price', '66040-1.0.0', 'Post-Addon-1.0.0-Price', '0'); 
insert into keyvalue VALUES ('66040-1.0.0-Active', '66040-1.0.0', 'Post-Addon-1.0.0-Active', 'false'); 
insert into nestedkeyvalue VALUES ('66040-1.0.0-Description-def', '66040-1.0.0-Description', 'Hét napig korlátlan belföldi netezés a Vodafone Magyarország hálózatán, extra költségek nélkül, mely a 7.nap éjfélig használható. A tarifában foglalt vagy vásárolt adatforgalom ez idő alatt nem kerül felhasználásra. A maximum felhasználható adatmennyiség 200 GB.'); 
insert into nestedkeyvalue VALUES ('66040-1.0.0-Description-eng', '66040-1.0.0-Description', 'Hét napig korlátlan belföldi netezés a Vodafone Magyarország hálózatán, extra költségek nélkül, mely a 7.nap éjfélig használható. A tarifában foglalt vagy vásárolt adatforgalom ez idő alatt nem kerül felhasználásra. A maximum felhasználható adatmennyiség 200 GB.'); 
insert into nestedkeyvalue VALUES ('66040-1.0.0-Description-hun', '66040-1.0.0-Description', 'An extra 200GB data add-on, that can be used until midnight on the 7th day domestically or according to the terms of your active roaming option. The data included in your plan will not be used during this period.'); 
insert into nestedkeyvalue VALUES ('66040-1.0.0-Description-unLocalized', '66040-1.0.0-Description', null); 
insert into keyvalue VALUES ('66040-1.0.0-Description', '66040-1.0.0', 'Post-Addon-1.0.0-Description', null); 
insert into keyvalue VALUES ('66040-1.0.0-Online_selfcare_id', '66040-1.0.0', 'Post-Addon-1.0.0-Online_selfcare_id', null); 
insert into keyvalue VALUES ('66040-1.0.0-Featured', '66040-1.0.0', 'Post-Addon-1.0.0-Featured', 'false'); 
insert into keyvalue VALUES ('66040-1.0.0-Id', '66040-1.0.0', 'Post-Addon-1.0.0-Id', '66040'); 
insert into keyvalue VALUES ('66040-1.0.0-Type', '66040-1.0.0', 'Post-Addon-1.0.0-Type', 'Emergency'); 
insert into nestedkeyvalue VALUES ('66040-1.0.0-Name-def', '66040-1.0.0-Name', 'Díjmentes adat 7 napra'); 
insert into nestedkeyvalue VALUES ('66040-1.0.0-Name-eng', '66040-1.0.0-Name', 'Díjmentes adat 7 napra'); 
insert into nestedkeyvalue VALUES ('66040-1.0.0-Name-hun', '66040-1.0.0-Name', '7 day unlimited data'); 
insert into nestedkeyvalue VALUES ('66040-1.0.0-Name-unLocalized', '66040-1.0.0-Name', null); 
insert into keyvalue VALUES ('66040-1.0.0-Name', '66040-1.0.0', 'Post-Addon-1.0.0-Name', null); 
insert into object VALUES ('66288-1.0.0', '66288'); 
insert into nestedkeyvalue VALUES ('66288-1.0.0-PSMCodes-Deactivation', '66288-1.0.0-PSMCodes', 'XPLUSZ2GB-M-3HO'); 
insert into nestedkeyvalue VALUES ('66288-1.0.0-PSMCodes-Activation', '66288-1.0.0-PSMCodes', 'PLUSZ2GB-M-3HO'); 
insert into keyvalue VALUES ('66288-1.0.0-PSMCodes', '66288-1.0.0', 'Post-Addon-1.0.0-PSMCodes', null); 
insert into keyvalue VALUES ('66288-1.0.0-Refill_ids', '66288-1.0.0', 'Post-Addon-1.0.0-Refill_ids', null); 
insert into keyvalue VALUES ('66288-1.0.0-Data_usage_mb', '66288-1.0.0', 'Post-Addon-1.0.0-Data_usage_mb', '2048'); 
insert into keyvalue VALUES ('66288-1.0.0-Price', '66288-1.0.0', 'Post-Addon-1.0.0-Price', '0'); 
insert into keyvalue VALUES ('66288-1.0.0-Active', '66288-1.0.0', 'Post-Addon-1.0.0-Active', 'true'); 
insert into nestedkeyvalue VALUES ('66288-1.0.0-Description-def', '66288-1.0.0-Description', 'Ezzel a kiegészítő adatopcióval 2GB-tal növelheted az adatforgalmadat az Automatikus PluszAdat opciódba foglalt adatmennyiségeden felül. A kiegészítő opció minden hónapban megújul, így nem kell minden hónapban megrendelned újra.'); 
insert into nestedkeyvalue VALUES ('66288-1.0.0-Description-eng', '66288-1.0.0-Description', 'Ezzel a kiegészítő adatopcióval 2GB-tal növelheted az adatforgalmadat az Automatikus PluszAdat opciódba foglalt adatmennyiségeden felül. A kiegészítő opció minden hónapban megújul, így nem kell minden hónapban megrendelned újra.'); 
insert into nestedkeyvalue VALUES ('66288-1.0.0-Description-hun', '66288-1.0.0-Description', 'This extra data pack will give you an additional 2GB of mobile internet (on top of the data already included in your tariff or Automatikus PluszAdat option). It will be activated every month at the start of your billing period so you don't have to worry about purchasing extra data every month - after you run out!'); 
insert into nestedkeyvalue VALUES ('66288-1.0.0-Description-unLocalized', '66288-1.0.0-Description', null); 
insert into keyvalue VALUES ('66288-1.0.0-Description', '66288-1.0.0', 'Post-Addon-1.0.0-Description', null); 
insert into keyvalue VALUES ('66288-1.0.0-Online_selfcare_id', '66288-1.0.0', 'Post-Addon-1.0.0-Online_selfcare_id', null); 
insert into keyvalue VALUES ('66288-1.0.0-Featured', '66288-1.0.0', 'Post-Addon-1.0.0-Featured', 'false'); 
insert into keyvalue VALUES ('66288-1.0.0-Id', '66288-1.0.0', 'Post-Addon-1.0.0-Id', '66288'); 
insert into keyvalue VALUES ('66288-1.0.0-Type', '66288-1.0.0', 'Post-Addon-1.0.0-Type', 'Recurring'); 
insert into nestedkeyvalue VALUES ('66288-1.0.0-Name-def', '66288-1.0.0-Name', 'Megújuló PluszAdat 2GB'); 
insert into nestedkeyvalue VALUES ('66288-1.0.0-Name-eng', '66288-1.0.0-Name', 'Megújuló PluszAdat 2GB'); 
insert into nestedkeyvalue VALUES ('66288-1.0.0-Name-hun', '66288-1.0.0-Name', 'Recurring PluszAdat 2GB'); 
insert into nestedkeyvalue VALUES ('66288-1.0.0-Name-unLocalized', '66288-1.0.0-Name', null); 
insert into keyvalue VALUES ('66288-1.0.0-Name', '66288-1.0.0', 'Post-Addon-1.0.0-Name', null); 
insert into object VALUES ('66289-1.0.0', '66289'); 
insert into nestedkeyvalue VALUES ('66289-1.0.0-PSMCodes-Deactivation', '66289-1.0.0-PSMCodes', 'XPLUSZ4GB-M-3HO'); 
insert into nestedkeyvalue VALUES ('66289-1.0.0-PSMCodes-Activation', '66289-1.0.0-PSMCodes', 'PLUSZ4GB-M-3HO'); 
insert into keyvalue VALUES ('66289-1.0.0-PSMCodes', '66289-1.0.0', 'Post-Addon-1.0.0-PSMCodes', null); 
insert into keyvalue VALUES ('66289-1.0.0-Refill_ids', '66289-1.0.0', 'Post-Addon-1.0.0-Refill_ids', null); 
insert into keyvalue VALUES ('66289-1.0.0-Data_usage_mb', '66289-1.0.0', 'Post-Addon-1.0.0-Data_usage_mb', '4096'); 
insert into keyvalue VALUES ('66289-1.0.0-Price', '66289-1.0.0', 'Post-Addon-1.0.0-Price', '0'); 
insert into keyvalue VALUES ('66289-1.0.0-Active', '66289-1.0.0', 'Post-Addon-1.0.0-Active', 'true'); 
insert into nestedkeyvalue VALUES ('66289-1.0.0-Description-def', '66289-1.0.0-Description', 'Ezzel a kiegészítő adatopcióval 4GB-tal növelheted az adatforgalmadat az Automatikus PluszAdat opciódba foglalt adatmennyiségeden felül. A kiegészítő opció minden hónapban megújul, így nem kell minden hónapban megrendelned újra.'); 
insert into nestedkeyvalue VALUES ('66289-1.0.0-Description-eng', '66289-1.0.0-Description', 'Ezzel a kiegészítő adatopcióval 4GB-tal növelheted az adatforgalmadat az Automatikus PluszAdat opciódba foglalt adatmennyiségeden felül. A kiegészítő opció minden hónapban megújul, így nem kell minden hónapban megrendelned újra.'); 
insert into nestedkeyvalue VALUES ('66289-1.0.0-Description-hun', '66289-1.0.0-Description', 'This extra data pack will give you an additional 4GB of mobile internet (on top of the data already included in your tariff or Automatikus PluszAdat option). It will be activated every month at the start of your billing period so you don't have to worry about purchasing extra data every month - after you run out!'); 
insert into nestedkeyvalue VALUES ('66289-1.0.0-Description-unLocalized', '66289-1.0.0-Description', null); 
insert into keyvalue VALUES ('66289-1.0.0-Description', '66289-1.0.0', 'Post-Addon-1.0.0-Description', null); 
insert into keyvalue VALUES ('66289-1.0.0-Online_selfcare_id', '66289-1.0.0', 'Post-Addon-1.0.0-Online_selfcare_id', null); 
insert into keyvalue VALUES ('66289-1.0.0-Featured', '66289-1.0.0', 'Post-Addon-1.0.0-Featured', 'false'); 
insert into keyvalue VALUES ('66289-1.0.0-Id', '66289-1.0.0', 'Post-Addon-1.0.0-Id', '66289'); 
insert into keyvalue VALUES ('66289-1.0.0-Type', '66289-1.0.0', 'Post-Addon-1.0.0-Type', 'Recurring'); 
insert into nestedkeyvalue VALUES ('66289-1.0.0-Name-def', '66289-1.0.0-Name', 'Megújuló PluszAdat 4GB'); 
insert into nestedkeyvalue VALUES ('66289-1.0.0-Name-eng', '66289-1.0.0-Name', 'Megújuló PluszAdat 4GB'); 
insert into nestedkeyvalue VALUES ('66289-1.0.0-Name-hun', '66289-1.0.0-Name', 'Recurring PluszAdat 4GB'); 
insert into nestedkeyvalue VALUES ('66289-1.0.0-Name-unLocalized', '66289-1.0.0-Name', null); 
insert into keyvalue VALUES ('66289-1.0.0-Name', '66289-1.0.0', 'Post-Addon-1.0.0-Name', null); 
insert into object VALUES ('66290-1.0.0', '66290'); 
insert into nestedkeyvalue VALUES ('66290-1.0.0-PSMCodes-Deactivation', '66290-1.0.0-PSMCodes', 'XPLUSZ9GB-M-3HO'); 
insert into nestedkeyvalue VALUES ('66290-1.0.0-PSMCodes-Activation', '66290-1.0.0-PSMCodes', 'PLUSZ9GB-M-3HO'); 
insert into keyvalue VALUES ('66290-1.0.0-PSMCodes', '66290-1.0.0', 'Post-Addon-1.0.0-PSMCodes', null); 
insert into keyvalue VALUES ('66290-1.0.0-Refill_ids', '66290-1.0.0', 'Post-Addon-1.0.0-Refill_ids', null); 
insert into keyvalue VALUES ('66290-1.0.0-Data_usage_mb', '66290-1.0.0', 'Post-Addon-1.0.0-Data_usage_mb', '9216'); 
insert into keyvalue VALUES ('66290-1.0.0-Price', '66290-1.0.0', 'Post-Addon-1.0.0-Price', '0'); 
insert into keyvalue VALUES ('66290-1.0.0-Active', '66290-1.0.0', 'Post-Addon-1.0.0-Active', 'true'); 
insert into nestedkeyvalue VALUES ('66290-1.0.0-Description-def', '66290-1.0.0-Description', 'Ezzel a kiegészítő adatopcióval 9GB-tal növelheted az adatforgalmadat az Automatikus PluszAdat opciódba foglalt adatmennyiségeden felül. A kiegészítő opció minden hónapban megújul, így nem kell minden hónapban megrendelned újra.'); 
insert into nestedkeyvalue VALUES ('66290-1.0.0-Description-eng', '66290-1.0.0-Description', 'Ezzel a kiegészítő adatopcióval 9GB-tal növelheted az adatforgalmadat az Automatikus PluszAdat opciódba foglalt adatmennyiségeden felül. A kiegészítő opció minden hónapban megújul, így nem kell minden hónapban megrendelned újra.'); 
insert into nestedkeyvalue VALUES ('66290-1.0.0-Description-hun', '66290-1.0.0-Description', 'This extra data pack will give you an additional 9GB of mobile internet (on top of the data already included in your tariff or Automatikus PluszAdat option). It will be activated every month at the start of your billing period so you don't have to worry about purchasing extra data every month - after you run out!'); 
insert into nestedkeyvalue VALUES ('66290-1.0.0-Description-unLocalized', '66290-1.0.0-Description', null); 
insert into keyvalue VALUES ('66290-1.0.0-Description', '66290-1.0.0', 'Post-Addon-1.0.0-Description', null); 
insert into keyvalue VALUES ('66290-1.0.0-Online_selfcare_id', '66290-1.0.0', 'Post-Addon-1.0.0-Online_selfcare_id', null); 
insert into keyvalue VALUES ('66290-1.0.0-Featured', '66290-1.0.0', 'Post-Addon-1.0.0-Featured', 'false'); 
insert into keyvalue VALUES ('66290-1.0.0-Id', '66290-1.0.0', 'Post-Addon-1.0.0-Id', '66290'); 
insert into keyvalue VALUES ('66290-1.0.0-Type', '66290-1.0.0', 'Post-Addon-1.0.0-Type', 'Recurring'); 
insert into nestedkeyvalue VALUES ('66290-1.0.0-Name-def', '66290-1.0.0-Name', 'Megújuló PluszAdat 9GB'); 
insert into nestedkeyvalue VALUES ('66290-1.0.0-Name-eng', '66290-1.0.0-Name', 'Megújuló PluszAdat 9GB'); 
insert into nestedkeyvalue VALUES ('66290-1.0.0-Name-hun', '66290-1.0.0-Name', 'Recurring PluszAdat 9GB'); 
insert into nestedkeyvalue VALUES ('66290-1.0.0-Name-unLocalized', '66290-1.0.0-Name', null); 
insert into keyvalue VALUES ('66290-1.0.0-Name', '66290-1.0.0', 'Post-Addon-1.0.0-Name', null); 
insert into object VALUES ('66291-1.0.0', '66291'); 
insert into nestedkeyvalue VALUES ('66291-1.0.0-PSMCodes-Deactivation', '66291-1.0.0-PSMCodes', 'XPLUSZ1GB-M-2EV'); 
insert into nestedkeyvalue VALUES ('66291-1.0.0-PSMCodes-Activation', '66291-1.0.0-PSMCodes', 'PLUSZ1GB-M-2EV'); 
insert into keyvalue VALUES ('66291-1.0.0-PSMCodes', '66291-1.0.0', 'Post-Addon-1.0.0-PSMCodes', null); 
insert into keyvalue VALUES ('66291-1.0.0-Refill_ids', '66291-1.0.0', 'Post-Addon-1.0.0-Refill_ids', null); 
insert into keyvalue VALUES ('66291-1.0.0-Data_usage_mb', '66291-1.0.0', 'Post-Addon-1.0.0-Data_usage_mb', '1024'); 
insert into keyvalue VALUES ('66291-1.0.0-Price', '66291-1.0.0', 'Post-Addon-1.0.0-Price', '0'); 
insert into keyvalue VALUES ('66291-1.0.0-Active', '66291-1.0.0', 'Post-Addon-1.0.0-Active', 'true'); 
insert into nestedkeyvalue VALUES ('66291-1.0.0-Description-def', '66291-1.0.0-Description', 'Ezzel a kiegészítő adatopcióval 1GB-tal növelheted az adatforgalmadat az Automatikus PluszAdat opciódba foglalt adatmennyiségeden felül. A kiegészítő opció minden hónapban megújul, így nem kell minden hónapban megrendelned újra.'); 
insert into nestedkeyvalue VALUES ('66291-1.0.0-Description-eng', '66291-1.0.0-Description', 'Ezzel a kiegészítő adatopcióval 1GB-tal növelheted az adatforgalmadat az Automatikus PluszAdat opciódba foglalt adatmennyiségeden felül. A kiegészítő opció minden hónapban megújul, így nem kell minden hónapban megrendelned újra.'); 
insert into nestedkeyvalue VALUES ('66291-1.0.0-Description-hun', '66291-1.0.0-Description', 'This extra data pack will give you an additional 1GB of mobile internet (on top of the data already included in your tariff or Automatikus PluszAdat option). It will be activated every month at the start of your billing period so you don't have to worry about purchasing extra data every month - after you run out!'); 
insert into nestedkeyvalue VALUES ('66291-1.0.0-Description-unLocalized', '66291-1.0.0-Description', null); 
insert into keyvalue VALUES ('66291-1.0.0-Description', '66291-1.0.0', 'Post-Addon-1.0.0-Description', null); 
insert into keyvalue VALUES ('66291-1.0.0-Online_selfcare_id', '66291-1.0.0', 'Post-Addon-1.0.0-Online_selfcare_id', null); 
insert into keyvalue VALUES ('66291-1.0.0-Featured', '66291-1.0.0', 'Post-Addon-1.0.0-Featured', 'false'); 
insert into keyvalue VALUES ('66291-1.0.0-Id', '66291-1.0.0', 'Post-Addon-1.0.0-Id', '66291'); 
insert into keyvalue VALUES ('66291-1.0.0-Type', '66291-1.0.0', 'Post-Addon-1.0.0-Type', 'Recurring'); 
insert into nestedkeyvalue VALUES ('66291-1.0.0-Name-def', '66291-1.0.0-Name', 'Megújuló PluszAdat 1GB'); 
insert into nestedkeyvalue VALUES ('66291-1.0.0-Name-eng', '66291-1.0.0-Name', 'Megújuló PluszAdat 1GB'); 
insert into nestedkeyvalue VALUES ('66291-1.0.0-Name-hun', '66291-1.0.0-Name', 'Recurring PluszAdat 1GB'); 
insert into nestedkeyvalue VALUES ('66291-1.0.0-Name-unLocalized', '66291-1.0.0-Name', null); 
insert into keyvalue VALUES ('66291-1.0.0-Name', '66291-1.0.0', 'Post-Addon-1.0.0-Name', null); 
insert into object VALUES ('66292-1.0.0', '66292'); 
insert into nestedkeyvalue VALUES ('66292-1.0.0-PSMCodes-Deactivation', '66292-1.0.0-PSMCodes', 'XPLUSZ5GB-M-2EV'); 
insert into nestedkeyvalue VALUES ('66292-1.0.0-PSMCodes-Activation', '66292-1.0.0-PSMCodes', 'PLUSZ5GB-M-2EV'); 
insert into keyvalue VALUES ('66292-1.0.0-PSMCodes', '66292-1.0.0', 'Post-Addon-1.0.0-PSMCodes', null); 
insert into keyvalue VALUES ('66292-1.0.0-Refill_ids', '66292-1.0.0', 'Post-Addon-1.0.0-Refill_ids', null); 
insert into keyvalue VALUES ('66292-1.0.0-Data_usage_mb', '66292-1.0.0', 'Post-Addon-1.0.0-Data_usage_mb', '5120'); 
insert into keyvalue VALUES ('66292-1.0.0-Price', '66292-1.0.0', 'Post-Addon-1.0.0-Price', '0'); 
insert into keyvalue VALUES ('66292-1.0.0-Active', '66292-1.0.0', 'Post-Addon-1.0.0-Active', 'true'); 
insert into nestedkeyvalue VALUES ('66292-1.0.0-Description-def', '66292-1.0.0-Description', 'Ezzel a kiegészítő adatopcióval 5GB-tal növelheted az adatforgalmadat az Automatikus PluszAdat opciódba foglalt adatmennyiségeden felül. A kiegészítő opció minden hónapban megújul, így nem kell minden hónapban megrendelned újra.'); 
insert into nestedkeyvalue VALUES ('66292-1.0.0-Description-eng', '66292-1.0.0-Description', 'Ezzel a kiegészítő adatopcióval 5GB-tal növelheted az adatforgalmadat az Automatikus PluszAdat opciódba foglalt adatmennyiségeden felül. A kiegészítő opció minden hónapban megújul, így nem kell minden hónapban megrendelned újra.'); 
insert into nestedkeyvalue VALUES ('66292-1.0.0-Description-hun', '66292-1.0.0-Description', 'This extra data pack will give you an additional 5GB of mobile internet (on top of the data already included in your tariff or Automatikus PluszAdat option). It will be activated every month at the start of your billing period so you don't have to worry about purchasing extra data every month - after you run out!'); 
insert into nestedkeyvalue VALUES ('66292-1.0.0-Description-unLocalized', '66292-1.0.0-Description', null); 
insert into keyvalue VALUES ('66292-1.0.0-Description', '66292-1.0.0', 'Post-Addon-1.0.0-Description', null); 
insert into keyvalue VALUES ('66292-1.0.0-Online_selfcare_id', '66292-1.0.0', 'Post-Addon-1.0.0-Online_selfcare_id', null); 
insert into keyvalue VALUES ('66292-1.0.0-Featured', '66292-1.0.0', 'Post-Addon-1.0.0-Featured', 'false'); 
insert into keyvalue VALUES ('66292-1.0.0-Id', '66292-1.0.0', 'Post-Addon-1.0.0-Id', '66292'); 
insert into keyvalue VALUES ('66292-1.0.0-Type', '66292-1.0.0', 'Post-Addon-1.0.0-Type', 'Recurring'); 
insert into nestedkeyvalue VALUES ('66292-1.0.0-Name-def', '66292-1.0.0-Name', 'Megújuló PluszAdat 5GB'); 
insert into nestedkeyvalue VALUES ('66292-1.0.0-Name-eng', '66292-1.0.0-Name', 'Megújuló PluszAdat 5GB'); 
insert into nestedkeyvalue VALUES ('66292-1.0.0-Name-hun', '66292-1.0.0-Name', 'Recurring PluszAdat 5GB'); 
insert into nestedkeyvalue VALUES ('66292-1.0.0-Name-unLocalized', '66292-1.0.0-Name', null); 
insert into keyvalue VALUES ('66292-1.0.0-Name', '66292-1.0.0', 'Post-Addon-1.0.0-Name', null); 
insert into object VALUES ('67103-1.0.0', '67103'); 
insert into nestedkeyvalue VALUES ('67103-1.0.0-PSMCodes-Deactivation', '67103-1.0.0-PSMCodes', 'XPLUSZ5GB-2EV'); 
insert into nestedkeyvalue VALUES ('67103-1.0.0-PSMCodes-Activation', '67103-1.0.0-PSMCodes', 'PLUSZ5GB-2EV'); 
insert into keyvalue VALUES ('67103-1.0.0-PSMCodes', '67103-1.0.0', 'Post-Addon-1.0.0-PSMCodes', null); 
insert into objectrelation VALUES ('67103-1.0.0-Refill_ids-O_REFIL_3389c84', '67103-1.0.0-Refill_ids', 'O_REFIL_3389c84-1.0.0'); 
insert into keyvalue VALUES ('67103-1.0.0-Refill_ids', '67103-1.0.0', 'Post-Addon-1.0.0-Refill_ids', null); 
insert into keyvalue VALUES ('67103-1.0.0-Data_usage_mb', '67103-1.0.0', 'Post-Addon-1.0.0-Data_usage_mb', '5120'); 
insert into keyvalue VALUES ('67103-1.0.0-Price', '67103-1.0.0', 'Post-Addon-1.0.0-Price', '4000'); 
insert into keyvalue VALUES ('67103-1.0.0-Active', '67103-1.0.0', 'Post-Addon-1.0.0-Active', 'false'); 
insert into nestedkeyvalue VALUES ('67103-1.0.0-Description-def', '67103-1.0.0-Description', 'Ezzel a kiegészítő adatopcióval 5GB-tal növelheted az adatforgalmadat az Automatikus PluszAdat opciódba foglalt adatmennyiségeden felül. A kiegészítő opció minden hónapban megújul, így nem kell minden hónapban megrendelned újra.'); 
insert into nestedkeyvalue VALUES ('67103-1.0.0-Description-eng', '67103-1.0.0-Description', 'Ezzel a kiegészítő adatopcióval 5GB-tal növelheted az adatforgalmadat az Automatikus PluszAdat opciódba foglalt adatmennyiségeden felül. A kiegészítő opció minden hónapban megújul, így nem kell minden hónapban megrendelned újra.'); 
insert into nestedkeyvalue VALUES ('67103-1.0.0-Description-hun', '67103-1.0.0-Description', 'This extra data pack will give you an additional 5GB of mobile internet (on top of the data already included in your tariff or Automatikus PluszAdat option). It will be activated every month at the start of your billing period so you don't have to worry about purchasing extra data every month - after you run out!'); 
insert into nestedkeyvalue VALUES ('67103-1.0.0-Description-unLocalized', '67103-1.0.0-Description', null); 
insert into keyvalue VALUES ('67103-1.0.0-Description', '67103-1.0.0', 'Post-Addon-1.0.0-Description', null); 
insert into keyvalue VALUES ('67103-1.0.0-Online_selfcare_id', '67103-1.0.0', 'Post-Addon-1.0.0-Online_selfcare_id', null); 
insert into keyvalue VALUES ('67103-1.0.0-Featured', '67103-1.0.0', 'Post-Addon-1.0.0-Featured', 'false'); 
insert into keyvalue VALUES ('67103-1.0.0-Id', '67103-1.0.0', 'Post-Addon-1.0.0-Id', '67103'); 
insert into keyvalue VALUES ('67103-1.0.0-Type', '67103-1.0.0', 'Post-Addon-1.0.0-Type', 'Recurring'); 
insert into nestedkeyvalue VALUES ('67103-1.0.0-Name-def', '67103-1.0.0-Name', 'PluszAdat 5GB'); 
insert into nestedkeyvalue VALUES ('67103-1.0.0-Name-eng', '67103-1.0.0-Name', 'PluszAdat 5GB'); 
insert into nestedkeyvalue VALUES ('67103-1.0.0-Name-hun', '67103-1.0.0-Name', 'PluszAdat 5GB'); 
insert into nestedkeyvalue VALUES ('67103-1.0.0-Name-unLocalized', '67103-1.0.0-Name', null); 
insert into keyvalue VALUES ('67103-1.0.0-Name', '67103-1.0.0', 'Post-Addon-1.0.0-Name', null); 
insert into object VALUES ('67100-1.0.0', '67100'); 
insert into nestedkeyvalue VALUES ('67100-1.0.0-PSMCodes-Deactivation', '67100-1.0.0-PSMCodes', 'XPLUS5GB-2EV'); 
insert into nestedkeyvalue VALUES ('67100-1.0.0-PSMCodes-Activation', '67100-1.0.0-PSMCodes', 'PLUS5GB-2EV'); 
insert into keyvalue VALUES ('67100-1.0.0-PSMCodes', '67100-1.0.0', 'Post-Addon-1.0.0-PSMCodes', null); 
insert into objectrelation VALUES ('67100-1.0.0-Refill_ids-O_REFIL_3389c84', '67100-1.0.0-Refill_ids', 'O_REFIL_3389c84-1.0.0'); 
insert into keyvalue VALUES ('67100-1.0.0-Refill_ids', '67100-1.0.0', 'Post-Addon-1.0.0-Refill_ids', null); 
insert into keyvalue VALUES ('67100-1.0.0-Data_usage_mb', '67100-1.0.0', 'Post-Addon-1.0.0-Data_usage_mb', '5120'); 
insert into keyvalue VALUES ('67100-1.0.0-Price', '67100-1.0.0', 'Post-Addon-1.0.0-Price', '7000'); 
insert into keyvalue VALUES ('67100-1.0.0-Active', '67100-1.0.0', 'Post-Addon-1.0.0-Active', 'false'); 
insert into nestedkeyvalue VALUES ('67100-1.0.0-Description-def', '67100-1.0.0-Description', 'Ezzel a kiegészítő adatopcióval 5GB-tal növelheted az adatforgalmadat az Automatikus PluszAdat opciódba foglalt adatmennyiségeden felül. A kiegészítő opció minden hónapban megújul, így nem kell minden hónapban megrendelned újra.'); 
insert into nestedkeyvalue VALUES ('67100-1.0.0-Description-eng', '67100-1.0.0-Description', 'Ezzel a kiegészítő adatopcióval 5GB-tal növelheted az adatforgalmadat az Automatikus PluszAdat opciódba foglalt adatmennyiségeden felül. A kiegészítő opció minden hónapban megújul, így nem kell minden hónapban megrendelned újra.'); 
insert into nestedkeyvalue VALUES ('67100-1.0.0-Description-hun', '67100-1.0.0-Description', 'This extra data pack will give you an additional 5GB of mobile internet (on top of the data already included in your tariff or Automatikus PluszAdat option). It will be activated every month at the start of your billing period so you don't have to worry about purchasing extra data every month - after you run out!'); 
insert into nestedkeyvalue VALUES ('67100-1.0.0-Description-unLocalized', '67100-1.0.0-Description', null); 
insert into keyvalue VALUES ('67100-1.0.0-Description', '67100-1.0.0', 'Post-Addon-1.0.0-Description', null); 
insert into keyvalue VALUES ('67100-1.0.0-Online_selfcare_id', '67100-1.0.0', 'Post-Addon-1.0.0-Online_selfcare_id', null); 
insert into keyvalue VALUES ('67100-1.0.0-Featured', '67100-1.0.0', 'Post-Addon-1.0.0-Featured', 'false'); 
insert into keyvalue VALUES ('67100-1.0.0-Id', '67100-1.0.0', 'Post-Addon-1.0.0-Id', '67100'); 
insert into keyvalue VALUES ('67100-1.0.0-Type', '67100-1.0.0', 'Post-Addon-1.0.0-Type', 'Recurring'); 
insert into nestedkeyvalue VALUES ('67100-1.0.0-Name-def', '67100-1.0.0-Name', 'PluszAdat 5GB'); 
insert into nestedkeyvalue VALUES ('67100-1.0.0-Name-eng', '67100-1.0.0-Name', 'PluszAdat 5GB'); 
insert into nestedkeyvalue VALUES ('67100-1.0.0-Name-hun', '67100-1.0.0-Name', 'PluszAdat 5GB'); 
insert into nestedkeyvalue VALUES ('67100-1.0.0-Name-unLocalized', '67100-1.0.0-Name', null); 
insert into keyvalue VALUES ('67100-1.0.0-Name', '67100-1.0.0', 'Post-Addon-1.0.0-Name', null); 
insert into object VALUES ('66933-1.0.0', '66933'); 
insert into nestedkeyvalue VALUES ('66933-1.0.0-PSMCodes-Deactivation', '66933-1.0.0-PSMCodes', null); 
insert into nestedkeyvalue VALUES ('66933-1.0.0-PSMCodes-Activation', '66933-1.0.0-PSMCodes', 'PLUSZ1GBMAPP'); 
insert into keyvalue VALUES ('66933-1.0.0-PSMCodes', '66933-1.0.0', 'Post-Addon-1.0.0-PSMCodes', null); 
insert into keyvalue VALUES ('66933-1.0.0-Refill_ids', '66933-1.0.0', 'Post-Addon-1.0.0-Refill_ids', null); 
insert into keyvalue VALUES ('66933-1.0.0-Data_usage_mb', '66933-1.0.0', 'Post-Addon-1.0.0-Data_usage_mb', '1024'); 
insert into keyvalue VALUES ('66933-1.0.0-Price', '66933-1.0.0', 'Post-Addon-1.0.0-Price', '0'); 
insert into keyvalue VALUES ('66933-1.0.0-Active', '66933-1.0.0', 'Post-Addon-1.0.0-Active', 'false'); 
insert into nestedkeyvalue VALUES ('66933-1.0.0-Description-def', '66933-1.0.0-Description', 'Ezzel a kiegészítő (nem osztható) adatopcióval 1 GB-tal növelheted az adatforgalmadat az aktiválástól számított 7 nap éjfélig belföldön. Az opció felhasználást követően a kiegészítő adatopciód - amennyiben vásároltál ilyet - és a tarifacsomagodba foglalt adat kerül felhasználásra.'); 
insert into nestedkeyvalue VALUES ('66933-1.0.0-Description-eng', '66933-1.0.0-Description', 'Ezzel a kiegészítő (nem osztható) adatopcióval 1 GB-tal növelheted az adatforgalmadat az aktiválástól számított 7 nap éjfélig belföldön. Az opció felhasználást követően a kiegészítő adatopciód - amennyiben vásároltál ilyet - és a tarifacsomagodba foglalt adat kerül felhasználásra.'); 
insert into nestedkeyvalue VALUES ('66933-1.0.0-Description-hun', '66933-1.0.0-Description', 'This extra promotional (non shareable) offer will give you an additional 1 GB of domesctic mobile internet (on top of the data already included in your tariff or any additional data option). After you run out  of this option your additional data option (if you have) and your tariff data will be used.'); 
insert into nestedkeyvalue VALUES ('66933-1.0.0-Description-unLocalized', '66933-1.0.0-Description', null); 
insert into keyvalue VALUES ('66933-1.0.0-Description', '66933-1.0.0', 'Post-Addon-1.0.0-Description', null); 
insert into keyvalue VALUES ('66933-1.0.0-Online_selfcare_id', '66933-1.0.0', 'Post-Addon-1.0.0-Online_selfcare_id', null); 
insert into keyvalue VALUES ('66933-1.0.0-Featured', '66933-1.0.0', 'Post-Addon-1.0.0-Featured', 'false'); 
insert into keyvalue VALUES ('66933-1.0.0-Id', '66933-1.0.0', 'Post-Addon-1.0.0-Id', '66933'); 
insert into keyvalue VALUES ('66933-1.0.0-Type', '66933-1.0.0', 'Post-Addon-1.0.0-Type', 'Emergency'); 
insert into nestedkeyvalue VALUES ('66933-1.0.0-Name-def', '66933-1.0.0-Name', 'PluszAdat 1GB 7 napra'); 
insert into nestedkeyvalue VALUES ('66933-1.0.0-Name-eng', '66933-1.0.0-Name', 'PluszAdat 1GB 7 napra'); 
insert into nestedkeyvalue VALUES ('66933-1.0.0-Name-hun', '66933-1.0.0-Name', 'PluszAdat 1 GB for 7 days'); 
insert into nestedkeyvalue VALUES ('66933-1.0.0-Name-unLocalized', '66933-1.0.0-Name', null); 
insert into keyvalue VALUES ('66933-1.0.0-Name', '66933-1.0.0', 'Post-Addon-1.0.0-Name', null); 
insert into object VALUES ('60785-1.0.0', '60785'); 
insert into nestedkeyvalue VALUES ('60785-1.0.0-PSMCodes-Deactivation', '60785-1.0.0-PSMCodes', null); 
insert into nestedkeyvalue VALUES ('60785-1.0.0-PSMCodes-Activation', '60785-1.0.0-PSMCodes', null); 
insert into keyvalue VALUES ('60785-1.0.0-PSMCodes', '60785-1.0.0', 'Post-Addon-1.0.0-PSMCodes', null); 
insert into keyvalue VALUES ('60785-1.0.0-Refill_ids', '60785-1.0.0', 'Post-Addon-1.0.0-Refill_ids', null); 
insert into keyvalue VALUES ('60785-1.0.0-Data_usage_mb', '60785-1.0.0', 'Post-Addon-1.0.0-Data_usage_mb', '3072'); 
insert into keyvalue VALUES ('60785-1.0.0-Price', '60785-1.0.0', 'Post-Addon-1.0.0-Price', '0'); 
insert into keyvalue VALUES ('60785-1.0.0-Active', '60785-1.0.0', 'Post-Addon-1.0.0-Active', 'false'); 
insert into nestedkeyvalue VALUES ('60785-1.0.0-Description-def', '60785-1.0.0-Description', 'Egyszeri 3 GB díjmentesen adat, mely április 1-ig használható fel a tarifa feltételei szerint.'); 
insert into nestedkeyvalue VALUES ('60785-1.0.0-Description-eng', '60785-1.0.0-Description', 'Egyszeri 3 GB díjmentesen adat, mely április 1-ig használható fel a tarifa feltételei szerint.'); 
insert into nestedkeyvalue VALUES ('60785-1.0.0-Description-hun', '60785-1.0.0-Description', 'One-time 3 GB free data package which is available through April 1, according to the terms of tariff.'); 
insert into nestedkeyvalue VALUES ('60785-1.0.0-Description-unLocalized', '60785-1.0.0-Description', null); 
insert into keyvalue VALUES ('60785-1.0.0-Description', '60785-1.0.0', 'Post-Addon-1.0.0-Description', null); 
insert into keyvalue VALUES ('60785-1.0.0-Online_selfcare_id', '60785-1.0.0', 'Post-Addon-1.0.0-Online_selfcare_id', null); 
insert into keyvalue VALUES ('60785-1.0.0-Featured', '60785-1.0.0', 'Post-Addon-1.0.0-Featured', 'false'); 
insert into keyvalue VALUES ('60785-1.0.0-Id', '60785-1.0.0', 'Post-Addon-1.0.0-Id', '60785'); 
insert into keyvalue VALUES ('60785-1.0.0-Type', '60785-1.0.0', 'Post-Addon-1.0.0-Type', 'Multicycle'); 
insert into nestedkeyvalue VALUES ('60785-1.0.0-Name-def', '60785-1.0.0-Name', '3 GB díjmentes adat'); 
insert into nestedkeyvalue VALUES ('60785-1.0.0-Name-eng', '60785-1.0.0-Name', '3 GB díjmentes adat'); 
insert into nestedkeyvalue VALUES ('60785-1.0.0-Name-hun', '60785-1.0.0-Name', '3 GB free data package'); 
insert into nestedkeyvalue VALUES ('60785-1.0.0-Name-unLocalized', '60785-1.0.0-Name', null); 
insert into keyvalue VALUES ('60785-1.0.0-Name', '60785-1.0.0', 'Post-Addon-1.0.0-Name', null); 
insert into object VALUES ('61889-1.0.0', '61889'); 
insert into nestedkeyvalue VALUES ('61889-1.0.0-PSMCodes-Deactivation', '61889-1.0.0-PSMCodes', null); 
insert into nestedkeyvalue VALUES ('61889-1.0.0-PSMCodes-Activation', '61889-1.0.0-PSMCodes', null); 
insert into keyvalue VALUES ('61889-1.0.0-PSMCodes', '61889-1.0.0', 'Post-Addon-1.0.0-PSMCodes', null); 
insert into keyvalue VALUES ('61889-1.0.0-Refill_ids', '61889-1.0.0', 'Post-Addon-1.0.0-Refill_ids', null); 
insert into keyvalue VALUES ('61889-1.0.0-Data_usage_mb', '61889-1.0.0', 'Post-Addon-1.0.0-Data_usage_mb', '4096'); 
insert into keyvalue VALUES ('61889-1.0.0-Price', '61889-1.0.0', 'Post-Addon-1.0.0-Price', '0'); 
insert into keyvalue VALUES ('61889-1.0.0-Active', '61889-1.0.0', 'Post-Addon-1.0.0-Active', 'false'); 
insert into nestedkeyvalue VALUES ('61889-1.0.0-Description-def', '61889-1.0.0-Description', 'A +4GB díjmentes adatopció 4GB adatkeretet biztosít, mely a tarifában foglalt adaton felül értendő és azonos feltételekkel, az aktiválástól számított 3 számlázási cikluson belül használható fel díjmentesen, nem megosztható. Az adatopció aktiválása során Előfizető vagy Felhasználó hozzájárul ahhoz, hogy a szerződéskötéskor megadott személyes adataikat (név, telefonszám, e-mail és postai cím) a Vodafone saját marketing tevékenységéhez, közvetlen üzletszerzés, piackutatás és tájékoztatás céljára telefonon vagy egyéb elektronikus hírközlési úton (pl. SMS, MMS, e-mail), automatizált hívórendszeren keresztül, illetve postai úton felhasználja. Fenti hozzájárulás bármikor korlátozás és indokolás nélkül, ingyenesen visszavonható a Vodafone Magyarország Zrt. 1476 Budapest, Pf.: 350. postai és az ugyfelszolgalat.hu@vodafone.com elektronikus címeken keresztül. http://www.vodafone.hu/adatkezelesi-tajekoztato/adatkezeles-4gb.pdf'); 
insert into nestedkeyvalue VALUES ('61889-1.0.0-Description-eng', '61889-1.0.0-Description', 'A +4GB díjmentes adatopció 4GB adatkeretet biztosít, mely a tarifában foglalt adaton felül értendő és azonos feltételekkel, az aktiválástól számított 3 számlázási cikluson belül használható fel díjmentesen, nem megosztható. Az adatopció aktiválása során Előfizető vagy Felhasználó hozzájárul ahhoz, hogy a szerződéskötéskor megadott személyes adataikat (név, telefonszám, e-mail és postai cím) a Vodafone saját marketing tevékenységéhez, közvetlen üzletszerzés, piackutatás és tájékoztatás céljára telefonon vagy egyéb elektronikus hírközlési úton (pl. SMS, MMS, e-mail), automatizált hívórendszeren keresztül, illetve postai úton felhasználja. Fenti hozzájárulás bármikor korlátozás és indokolás nélkül, ingyenesen visszavonható a Vodafone Magyarország Zrt. 1476 Budapest, Pf.: 350. postai és az ugyfelszolgalat.hu@vodafone.com elektronikus címeken keresztül. http://www.vodafone.hu/adatkezelesi-tajekoztato/adatkezeles-4gb.pdf'); 
insert into nestedkeyvalue VALUES ('61889-1.0.0-Description-hun', '61889-1.0.0-Description', 'This extra data pack will give you an additional 4 GB of mobile internet until the end of your next 3 bill cycles.'); 
insert into nestedkeyvalue VALUES ('61889-1.0.0-Description-unLocalized', '61889-1.0.0-Description', null); 
insert into keyvalue VALUES ('61889-1.0.0-Description', '61889-1.0.0', 'Post-Addon-1.0.0-Description', null); 
insert into keyvalue VALUES ('61889-1.0.0-Online_selfcare_id', '61889-1.0.0', 'Post-Addon-1.0.0-Online_selfcare_id', null); 
insert into keyvalue VALUES ('61889-1.0.0-Featured', '61889-1.0.0', 'Post-Addon-1.0.0-Featured', 'true'); 
insert into keyvalue VALUES ('61889-1.0.0-Id', '61889-1.0.0', 'Post-Addon-1.0.0-Id', '61889'); 
insert into keyvalue VALUES ('61889-1.0.0-Type', '61889-1.0.0', 'Post-Addon-1.0.0-Type', 'Multicycle'); 
insert into nestedkeyvalue VALUES ('61889-1.0.0-Name-def', '61889-1.0.0-Name', '4GB díjmentes adatopció marketing célú hozzájárulással'); 
insert into nestedkeyvalue VALUES ('61889-1.0.0-Name-eng', '61889-1.0.0-Name', '4GB díjmentes adatopció marketing célú hozzájárulással'); 
insert into nestedkeyvalue VALUES ('61889-1.0.0-Name-hun', '61889-1.0.0-Name', '4GB promotional add-on'); 
insert into nestedkeyvalue VALUES ('61889-1.0.0-Name-unLocalized', '61889-1.0.0-Name', null); 
insert into keyvalue VALUES ('61889-1.0.0-Name', '61889-1.0.0', 'Post-Addon-1.0.0-Name', null); 
insert into object VALUES ('66974-1.0.0', '66974'); 
insert into nestedkeyvalue VALUES ('66974-1.0.0-PSMCodes-Deactivation', '66974-1.0.0-PSMCodes', null); 
insert into nestedkeyvalue VALUES ('66974-1.0.0-PSMCodes-Activation', '66974-1.0.0-PSMCodes', null); 
insert into keyvalue VALUES ('66974-1.0.0-PSMCodes', '66974-1.0.0', 'Post-Addon-1.0.0-PSMCodes', null); 
insert into keyvalue VALUES ('66974-1.0.0-Refill_ids', '66974-1.0.0', 'Post-Addon-1.0.0-Refill_ids', null); 
insert into keyvalue VALUES ('66974-1.0.0-Data_usage_mb', '66974-1.0.0', 'Post-Addon-1.0.0-Data_usage_mb', '1024000000'); 
insert into keyvalue VALUES ('66974-1.0.0-Price', '66974-1.0.0', 'Post-Addon-1.0.0-Price', '0'); 
insert into keyvalue VALUES ('66974-1.0.0-Active', '66974-1.0.0', 'Post-Addon-1.0.0-Active', 'false'); 
insert into nestedkeyvalue VALUES ('66974-1.0.0-Description-def', '66974-1.0.0-Description', 'Az adatopció 1 millió GB-ot biztosít az adatopció aktiválásától számított 30 napon át.  Az opció nem megosztható, belföldön és aktív Vodafone EU Roaming esetén az EU-n belül érhető el, személyi használatra, utazási célra.'); 
insert into nestedkeyvalue VALUES ('66974-1.0.0-Description-eng', '66974-1.0.0-Description', 'Az adatopció 1 millió GB-ot biztosít az adatopció aktiválásától számított 30 napon át.  Az opció nem megosztható, belföldön és aktív Vodafone EU Roaming esetén az EU-n belül érhető el, személyi használatra, utazási célra.'); 
insert into nestedkeyvalue VALUES ('66974-1.0.0-Description-hun', '66974-1.0.0-Description', 'The 1 million GB data option is valid for 30 days after the activation. The option can not be shared  and can be used  within Hungary  and in the EU with an active Vodafone EU roaming service for personal use and travel purposes only.'); 
insert into nestedkeyvalue VALUES ('66974-1.0.0-Description-unLocalized', '66974-1.0.0-Description', null); 
insert into keyvalue VALUES ('66974-1.0.0-Description', '66974-1.0.0', 'Post-Addon-1.0.0-Description', null); 
insert into keyvalue VALUES ('66974-1.0.0-Online_selfcare_id', '66974-1.0.0', 'Post-Addon-1.0.0-Online_selfcare_id', null); 
insert into keyvalue VALUES ('66974-1.0.0-Featured', '66974-1.0.0', 'Post-Addon-1.0.0-Featured', 'false'); 
insert into keyvalue VALUES ('66974-1.0.0-Id', '66974-1.0.0', 'Post-Addon-1.0.0-Id', '66974'); 
insert into keyvalue VALUES ('66974-1.0.0-Type', '66974-1.0.0', 'Post-Addon-1.0.0-Type', 'Emergency'); 
insert into nestedkeyvalue VALUES ('66974-1.0.0-Name-def', '66974-1.0.0-Name', '1 millió GB 30 napra'); 
insert into nestedkeyvalue VALUES ('66974-1.0.0-Name-eng', '66974-1.0.0-Name', '1 millió GB 30 napra'); 
insert into nestedkeyvalue VALUES ('66974-1.0.0-Name-hun', '66974-1.0.0-Name', '1 million GB for 30 days'); 
insert into nestedkeyvalue VALUES ('66974-1.0.0-Name-unLocalized', '66974-1.0.0-Name', null); 
insert into keyvalue VALUES ('66974-1.0.0-Name', '66974-1.0.0', 'Post-Addon-1.0.0-Name', null); 
insert into object VALUES ('66976-1.0.0', '66976'); 
insert into nestedkeyvalue VALUES ('66976-1.0.0-PSMCodes-Deactivation', '66976-1.0.0-PSMCodes', null); 
insert into nestedkeyvalue VALUES ('66976-1.0.0-PSMCodes-Activation', '66976-1.0.0-PSMCodes', null); 
insert into keyvalue VALUES ('66976-1.0.0-PSMCodes', '66976-1.0.0', 'Post-Addon-1.0.0-PSMCodes', null); 
insert into keyvalue VALUES ('66976-1.0.0-Refill_ids', '66976-1.0.0', 'Post-Addon-1.0.0-Refill_ids', null); 
insert into keyvalue VALUES ('66976-1.0.0-Data_usage_mb', '66976-1.0.0', 'Post-Addon-1.0.0-Data_usage_mb', '1024000000'); 
insert into keyvalue VALUES ('66976-1.0.0-Price', '66976-1.0.0', 'Post-Addon-1.0.0-Price', '0'); 
insert into keyvalue VALUES ('66976-1.0.0-Active', '66976-1.0.0', 'Post-Addon-1.0.0-Active', 'false'); 
insert into nestedkeyvalue VALUES ('66976-1.0.0-Description-def', '66976-1.0.0-Description', 'Az adatopció 1 millió GB-ot biztosít az adatopció aktiválásától számított 3 hónapon át.  Az opció nem megosztható, belföldön és aktív Vodafone EU Roaming esetén az EU-n belül érhető el, személyi használatra, utazási célra.'); 
insert into nestedkeyvalue VALUES ('66976-1.0.0-Description-eng', '66976-1.0.0-Description', 'Az adatopció 1 millió GB-ot biztosít az adatopció aktiválásától számított 3 hónapon át.  Az opció nem megosztható, belföldön és aktív Vodafone EU Roaming esetén az EU-n belül érhető el, személyi használatra, utazási célra.'); 
insert into nestedkeyvalue VALUES ('66976-1.0.0-Description-hun', '66976-1.0.0-Description', 'The 1 million GB data option is valid for 3 months after the activation. The option can not be shared, and it can be used within Hungary and in the EU with an active Vodafone EU roaming service for personal use and travel purposes only.'); 
insert into nestedkeyvalue VALUES ('66976-1.0.0-Description-unLocalized', '66976-1.0.0-Description', null); 
insert into keyvalue VALUES ('66976-1.0.0-Description', '66976-1.0.0', 'Post-Addon-1.0.0-Description', null); 
insert into keyvalue VALUES ('66976-1.0.0-Online_selfcare_id', '66976-1.0.0', 'Post-Addon-1.0.0-Online_selfcare_id', null); 
insert into keyvalue VALUES ('66976-1.0.0-Featured', '66976-1.0.0', 'Post-Addon-1.0.0-Featured', 'false'); 
insert into keyvalue VALUES ('66976-1.0.0-Id', '66976-1.0.0', 'Post-Addon-1.0.0-Id', '66976'); 
insert into keyvalue VALUES ('66976-1.0.0-Type', '66976-1.0.0', 'Post-Addon-1.0.0-Type', 'Emergency'); 
insert into nestedkeyvalue VALUES ('66976-1.0.0-Name-def', '66976-1.0.0-Name', '1 millió GB 3 hónapra'); 
insert into nestedkeyvalue VALUES ('66976-1.0.0-Name-eng', '66976-1.0.0-Name', '1 millió GB 3 hónapra'); 
insert into nestedkeyvalue VALUES ('66976-1.0.0-Name-hun', '66976-1.0.0-Name', '1 million GB for 3 months'); 
insert into nestedkeyvalue VALUES ('66976-1.0.0-Name-unLocalized', '66976-1.0.0-Name', null); 
insert into keyvalue VALUES ('66976-1.0.0-Name', '66976-1.0.0', 'Post-Addon-1.0.0-Name', null); 
insert into object VALUES ('67333-1.0.0', '67333'); 
insert into nestedkeyvalue VALUES ('67333-1.0.0-PSMCodes-Deactivation', '67333-1.0.0-PSMCodes', 'XPLUSZ5GB-2EV'); 
insert into nestedkeyvalue VALUES ('67333-1.0.0-PSMCodes-Activation', '67333-1.0.0-PSMCodes', 'PLUSZ5GB-2EV'); 
insert into keyvalue VALUES ('67333-1.0.0-PSMCodes', '67333-1.0.0', 'Post-Addon-1.0.0-PSMCodes', null); 
insert into keyvalue VALUES ('67333-1.0.0-Refill_ids', '67333-1.0.0', 'Post-Addon-1.0.0-Refill_ids', null); 
insert into keyvalue VALUES ('67333-1.0.0-Data_usage_mb', '67333-1.0.0', 'Post-Addon-1.0.0-Data_usage_mb', '500'); 
insert into keyvalue VALUES ('67333-1.0.0-Price', '67333-1.0.0', 'Post-Addon-1.0.0-Price', '0'); 
insert into keyvalue VALUES ('67333-1.0.0-Active', '67333-1.0.0', 'Post-Addon-1.0.0-Active', 'false'); 
insert into nestedkeyvalue VALUES ('67333-1.0.0-Description-def', '67333-1.0.0-Description', 'Ezzel a csomaggal 500 MB adat áll rendelkezésedre minden számlázási ciklusban. Ha többre van szükséged, válassz kiegészítő adat opcióink közül.'); 
insert into nestedkeyvalue VALUES ('67333-1.0.0-Description-eng', '67333-1.0.0-Description', 'Ezzel a csomaggal 500 MB adat áll rendelkezésedre minden számlázási ciklusban. Ha többre van szükséged, válassz kiegészítő adat opcióink közül.'); 
insert into nestedkeyvalue VALUES ('67333-1.0.0-Description-hun', '67333-1.0.0-Description', 'This tariff has 500 MB of mobile internet included in each monthly billing period. If you need more, you can choose a great value extra data pack from below to stay connected at full speed.'); 
insert into nestedkeyvalue VALUES ('67333-1.0.0-Description-unLocalized', '67333-1.0.0-Description', null); 
insert into keyvalue VALUES ('67333-1.0.0-Description', '67333-1.0.0', 'Post-Addon-1.0.0-Description', null); 
insert into keyvalue VALUES ('67333-1.0.0-Online_selfcare_id', '67333-1.0.0', 'Post-Addon-1.0.0-Online_selfcare_id', null); 
insert into keyvalue VALUES ('67333-1.0.0-Featured', '67333-1.0.0', 'Post-Addon-1.0.0-Featured', 'false'); 
insert into keyvalue VALUES ('67333-1.0.0-Id', '67333-1.0.0', 'Post-Addon-1.0.0-Id', '67333'); 
insert into keyvalue VALUES ('67333-1.0.0-Type', '67333-1.0.0', 'Post-Addon-1.0.0-Type', 'Recurring'); 
insert into nestedkeyvalue VALUES ('67333-1.0.0-Name-def', '67333-1.0.0-Name', 'PluszAdat 500 MB'); 
insert into nestedkeyvalue VALUES ('67333-1.0.0-Name-eng', '67333-1.0.0-Name', 'PluszAdat 500 MB'); 
insert into nestedkeyvalue VALUES ('67333-1.0.0-Name-hun', '67333-1.0.0-Name', 'PluszAdat 500 MB'); 
insert into nestedkeyvalue VALUES ('67333-1.0.0-Name-unLocalized', '67333-1.0.0-Name', null); 
insert into keyvalue VALUES ('67333-1.0.0-Name', '67333-1.0.0', 'Post-Addon-1.0.0-Name', null); 
insert into object VALUES ('66959-1.0.0', '66959'); 
insert into nestedkeyvalue VALUES ('66959-1.0.0-PSMCodes-Deactivation', '66959-1.0.0-PSMCodes', 'XPLUSZ300MB'); 
insert into nestedkeyvalue VALUES ('66959-1.0.0-PSMCodes-Activation', '66959-1.0.0-PSMCodes', 'PLUSZ300MB'); 
insert into keyvalue VALUES ('66959-1.0.0-PSMCodes', '66959-1.0.0', 'Post-Addon-1.0.0-PSMCodes', null); 
insert into objectrelation VALUES ('66959-1.0.0-Refill_ids-O_REFil_635c59', '66959-1.0.0-Refill_ids', 'O_REFil_635c59-1.0.0'); 
insert into keyvalue VALUES ('66959-1.0.0-Refill_ids', '66959-1.0.0', 'Post-Addon-1.0.0-Refill_ids', null); 
insert into keyvalue VALUES ('66959-1.0.0-Data_usage_mb', '66959-1.0.0', 'Post-Addon-1.0.0-Data_usage_mb', '300'); 
insert into keyvalue VALUES ('66959-1.0.0-Price', '66959-1.0.0', 'Post-Addon-1.0.0-Price', '750'); 
insert into keyvalue VALUES ('66959-1.0.0-Active', '66959-1.0.0', 'Post-Addon-1.0.0-Active', 'true'); 
insert into nestedkeyvalue VALUES ('66959-1.0.0-Description-def', '66959-1.0.0-Description', 'Ezzel a kiegészítő adatopcióval 300 MB-tal növelheted az adatforgalmadat az Automatikus PluszAdat opciódba foglalt adatmennyiségeden felül.'); 
insert into nestedkeyvalue VALUES ('66959-1.0.0-Description-eng', '66959-1.0.0-Description', 'Ezzel a kiegészítő adatopcióval 300 MB-tal növelheted az adatforgalmadat az Automatikus PluszAdat opciódba foglalt adatmennyiségeden felül.'); 
insert into nestedkeyvalue VALUES ('66959-1.0.0-Description-hun', '66959-1.0.0-Description', 'This extra data pack will give you an additional 300MB of mobile internet (on top of the data already included in your tariff or Automatikus PluszAdat option).'); 
insert into nestedkeyvalue VALUES ('66959-1.0.0-Description-unLocalized', '66959-1.0.0-Description', null); 
insert into keyvalue VALUES ('66959-1.0.0-Description', '66959-1.0.0', 'Post-Addon-1.0.0-Description', null); 
insert into keyvalue VALUES ('66959-1.0.0-Online_selfcare_id', '66959-1.0.0', 'Post-Addon-1.0.0-Online_selfcare_id', null); 
insert into keyvalue VALUES ('66959-1.0.0-Featured', '66959-1.0.0', 'Post-Addon-1.0.0-Featured', 'false'); 
insert into keyvalue VALUES ('66959-1.0.0-Id', '66959-1.0.0', 'Post-Addon-1.0.0-Id', '66959'); 
insert into keyvalue VALUES ('66959-1.0.0-Type', '66959-1.0.0', 'Post-Addon-1.0.0-Type', 'One Time'); 
insert into nestedkeyvalue VALUES ('66959-1.0.0-Name-def', '66959-1.0.0-Name', 'PluszAdat 300 MB'); 
insert into nestedkeyvalue VALUES ('66959-1.0.0-Name-eng', '66959-1.0.0-Name', 'PluszAdat 300 MB'); 
insert into nestedkeyvalue VALUES ('66959-1.0.0-Name-hun', '66959-1.0.0-Name', 'PluszAdat 300 MB'); 
insert into nestedkeyvalue VALUES ('66959-1.0.0-Name-unLocalized', '66959-1.0.0-Name', null); 
insert into keyvalue VALUES ('66959-1.0.0-Name', '66959-1.0.0', 'Post-Addon-1.0.0-Name', null); 
insert into object VALUES ('66960-1.0.0', '66960'); 
insert into nestedkeyvalue VALUES ('66960-1.0.0-PSMCodes-Deactivation', '66960-1.0.0-PSMCodes', 'XPLUSZ300MB-M'); 
insert into nestedkeyvalue VALUES ('66960-1.0.0-PSMCodes-Activation', '66960-1.0.0-PSMCodes', 'PLUSZ300MB-M'); 
insert into keyvalue VALUES ('66960-1.0.0-PSMCodes', '66960-1.0.0', 'Post-Addon-1.0.0-PSMCodes', null); 
insert into objectrelation VALUES ('66960-1.0.0-Refill_ids-O_REFil_423c73', '66960-1.0.0-Refill_ids', 'O_REFil_423c73-1.0.0'); 
insert into keyvalue VALUES ('66960-1.0.0-Refill_ids', '66960-1.0.0', 'Post-Addon-1.0.0-Refill_ids', null); 
insert into keyvalue VALUES ('66960-1.0.0-Data_usage_mb', '66960-1.0.0', 'Post-Addon-1.0.0-Data_usage_mb', '300'); 
insert into keyvalue VALUES ('66960-1.0.0-Price', '66960-1.0.0', 'Post-Addon-1.0.0-Price', '500'); 
insert into keyvalue VALUES ('66960-1.0.0-Active', '66960-1.0.0', 'Post-Addon-1.0.0-Active', 'true'); 
insert into nestedkeyvalue VALUES ('66960-1.0.0-Description-def', '66960-1.0.0-Description', 'Ezzel a kiegészítő adatopcióval 300MB-tal növelheted az adatforgalmadat az Automatikus PluszAdat opciódba foglalt adatmennyiségeden felül. A kiegészítő opció minden hónapban megújul, így nem kell minden hónapban megrendelned újra.'); 
insert into nestedkeyvalue VALUES ('66960-1.0.0-Description-eng', '66960-1.0.0-Description', 'Ezzel a kiegészítő adatopcióval 300MB-tal növelheted az adatforgalmadat az Automatikus PluszAdat opciódba foglalt adatmennyiségeden felül. A kiegészítő opció minden hónapban megújul, így nem kell minden hónapban megrendelned újra.'); 
insert into nestedkeyvalue VALUES ('66960-1.0.0-Description-hun', '66960-1.0.0-Description', 'This extra data pack will give you an additional 300MB of mobile internet (on top of the data already included in your tariff or Automatikus PluszAdat option). It will be activated every month at the start of your billing period so you don't have to worry about purchasing extra data every month - after you run out!'); 
insert into nestedkeyvalue VALUES ('66960-1.0.0-Description-unLocalized', '66960-1.0.0-Description', null); 
insert into keyvalue VALUES ('66960-1.0.0-Description', '66960-1.0.0', 'Post-Addon-1.0.0-Description', null); 
insert into keyvalue VALUES ('66960-1.0.0-Online_selfcare_id', '66960-1.0.0', 'Post-Addon-1.0.0-Online_selfcare_id', null); 
insert into keyvalue VALUES ('66960-1.0.0-Featured', '66960-1.0.0', 'Post-Addon-1.0.0-Featured', 'false'); 
insert into keyvalue VALUES ('66960-1.0.0-Id', '66960-1.0.0', 'Post-Addon-1.0.0-Id', '66960'); 
insert into keyvalue VALUES ('66960-1.0.0-Type', '66960-1.0.0', 'Post-Addon-1.0.0-Type', 'Recurring'); 
insert into nestedkeyvalue VALUES ('66960-1.0.0-Name-def', '66960-1.0.0-Name', 'Megújuló PluszAdat 300 MB'); 
insert into nestedkeyvalue VALUES ('66960-1.0.0-Name-eng', '66960-1.0.0-Name', 'Megújuló PluszAdat 300 MB'); 
insert into nestedkeyvalue VALUES ('66960-1.0.0-Name-hun', '66960-1.0.0-Name', 'Recurring PluszAdat 300MB'); 
insert into nestedkeyvalue VALUES ('66960-1.0.0-Name-unLocalized', '66960-1.0.0-Name', null); 
insert into keyvalue VALUES ('66960-1.0.0-Name', '66960-1.0.0', 'Post-Addon-1.0.0-Name', null); 
insert into object VALUES ('66961-1.0.0', '66961'); 
insert into nestedkeyvalue VALUES ('66961-1.0.0-PSMCodes-Deactivation', '66961-1.0.0-PSMCodes', 'XPLUSZ300MB-Auto'); 
insert into nestedkeyvalue VALUES ('66961-1.0.0-PSMCodes-Activation', '66961-1.0.0-PSMCodes', 'PLUSZ300MB-Auto'); 
insert into keyvalue VALUES ('66961-1.0.0-PSMCodes', '66961-1.0.0', 'Post-Addon-1.0.0-PSMCodes', null); 
insert into keyvalue VALUES ('66961-1.0.0-Refill_ids', '66961-1.0.0', 'Post-Addon-1.0.0-Refill_ids', null); 
insert into keyvalue VALUES ('66961-1.0.0-Data_usage_mb', '66961-1.0.0', 'Post-Addon-1.0.0-Data_usage_mb', '300'); 
insert into keyvalue VALUES ('66961-1.0.0-Price', '66961-1.0.0', 'Post-Addon-1.0.0-Price', '500'); 
insert into keyvalue VALUES ('66961-1.0.0-Active', '66961-1.0.0', 'Post-Addon-1.0.0-Active', 'true'); 
insert into nestedkeyvalue VALUES ('66961-1.0.0-Description-def', '66961-1.0.0-Description', 'Válaszd ezt az adatopciót és növeld meg a tarifádban foglalt adatkeretedet 300 MB-tal, amit egészen számlazárásig felhasználhatsz. Az opció ára 500 Ft.  A kiegészítő opció minden hónapban automatikusan megújul, így nem kell minden hónapban megrendelned újra.'); 
insert into nestedkeyvalue VALUES ('66961-1.0.0-Description-eng', '66961-1.0.0-Description', 'Válaszd ezt az adatopciót és növeld meg a tarifádban foglalt adatkeretedet 300 MB-tal, amit egészen számlazárásig felhasználhatsz. Az opció ára 500 Ft.  A kiegészítő opció minden hónapban automatikusan megújul, így nem kell minden hónapban megrendelned újra.'); 
insert into nestedkeyvalue VALUES ('66961-1.0.0-Description-hun', '66961-1.0.0-Description', 'This extra data pack will give you an additional 300 MB of mobile internet until the end of your current bill cycle for 500 Ft.  It will be automatically activated every month at the start of your billing period so you don't have to worry about purchasing extra data every month - after you run out!'); 
insert into nestedkeyvalue VALUES ('66961-1.0.0-Description-unLocalized', '66961-1.0.0-Description', null); 
insert into keyvalue VALUES ('66961-1.0.0-Description', '66961-1.0.0', 'Post-Addon-1.0.0-Description', null); 
insert into keyvalue VALUES ('66961-1.0.0-Online_selfcare_id', '66961-1.0.0', 'Post-Addon-1.0.0-Online_selfcare_id', null); 
insert into keyvalue VALUES ('66961-1.0.0-Featured', '66961-1.0.0', 'Post-Addon-1.0.0-Featured', 'false'); 
insert into keyvalue VALUES ('66961-1.0.0-Id', '66961-1.0.0', 'Post-Addon-1.0.0-Id', '66961'); 
insert into keyvalue VALUES ('66961-1.0.0-Type', '66961-1.0.0', 'Post-Addon-1.0.0-Type', 'autoAO'); 
insert into nestedkeyvalue VALUES ('66961-1.0.0-Name-def', '66961-1.0.0-Name', 'Automatikus PluszAdat 300 MB'); 
insert into nestedkeyvalue VALUES ('66961-1.0.0-Name-eng', '66961-1.0.0-Name', 'Automatikus PluszAdat 300 MB'); 
insert into nestedkeyvalue VALUES ('66961-1.0.0-Name-hun', '66961-1.0.0-Name', 'Automatic PluszAdat 300 MB'); 
insert into nestedkeyvalue VALUES ('66961-1.0.0-Name-unLocalized', '66961-1.0.0-Name', null); 
insert into keyvalue VALUES ('66961-1.0.0-Name', '66961-1.0.0', 'Post-Addon-1.0.0-Name', null); 
insert into object VALUES ('66962-1.0.0', '66962'); 
insert into nestedkeyvalue VALUES ('66962-1.0.0-PSMCodes-Deactivation', '66962-1.0.0-PSMCodes', 'XPLUSZ1GB-ADAT'); 
insert into nestedkeyvalue VALUES ('66962-1.0.0-PSMCodes-Activation', '66962-1.0.0-PSMCodes', 'PLUSZ1GB-ADAT'); 
insert into keyvalue VALUES ('66962-1.0.0-PSMCodes', '66962-1.0.0', 'Post-Addon-1.0.0-PSMCodes', null); 
insert into objectrelation VALUES ('66962-1.0.0-Refill_ids-O_REFil_1525c42', '66962-1.0.0-Refill_ids', 'O_REFil_1525c42-1.0.0'); 
insert into keyvalue VALUES ('66962-1.0.0-Refill_ids', '66962-1.0.0', 'Post-Addon-1.0.0-Refill_ids', null); 
insert into keyvalue VALUES ('66962-1.0.0-Data_usage_mb', '66962-1.0.0', 'Post-Addon-1.0.0-Data_usage_mb', '1024'); 
insert into keyvalue VALUES ('66962-1.0.0-Price', '66962-1.0.0', 'Post-Addon-1.0.0-Price', '1800'); 
insert into keyvalue VALUES ('66962-1.0.0-Active', '66962-1.0.0', 'Post-Addon-1.0.0-Active', 'true'); 
insert into nestedkeyvalue VALUES ('66962-1.0.0-Description-def', '66962-1.0.0-Description', 'Ezzel a kiegészítő adatopcióval 1GB-tal növelheted az adatforgalmadat az Automatikus PluszAdat opciódba foglalt adatmennyiségeden felül.'); 
insert into nestedkeyvalue VALUES ('66962-1.0.0-Description-eng', '66962-1.0.0-Description', 'Ezzel a kiegészítő adatopcióval 1GB-tal növelheted az adatforgalmadat az Automatikus PluszAdat opciódba foglalt adatmennyiségeden felül.'); 
insert into nestedkeyvalue VALUES ('66962-1.0.0-Description-hun', '66962-1.0.0-Description', 'This extra data pack will give you an additional 1GB of mobile internet (on top of the data already included in your tariff or Automatikus PluszAdat option).'); 
insert into nestedkeyvalue VALUES ('66962-1.0.0-Description-unLocalized', '66962-1.0.0-Description', null); 
insert into keyvalue VALUES ('66962-1.0.0-Description', '66962-1.0.0', 'Post-Addon-1.0.0-Description', null); 
insert into keyvalue VALUES ('66962-1.0.0-Online_selfcare_id', '66962-1.0.0', 'Post-Addon-1.0.0-Online_selfcare_id', null); 
insert into keyvalue VALUES ('66962-1.0.0-Featured', '66962-1.0.0', 'Post-Addon-1.0.0-Featured', 'false'); 
insert into keyvalue VALUES ('66962-1.0.0-Id', '66962-1.0.0', 'Post-Addon-1.0.0-Id', '66962'); 
insert into keyvalue VALUES ('66962-1.0.0-Type', '66962-1.0.0', 'Post-Addon-1.0.0-Type', 'One Time'); 
insert into nestedkeyvalue VALUES ('66962-1.0.0-Name-def', '66962-1.0.0-Name', 'PluszAdat 1GB'); 
insert into nestedkeyvalue VALUES ('66962-1.0.0-Name-eng', '66962-1.0.0-Name', 'PluszAdat 1GB'); 
insert into nestedkeyvalue VALUES ('66962-1.0.0-Name-hun', '66962-1.0.0-Name', 'PluszAdat 1GB'); 
insert into nestedkeyvalue VALUES ('66962-1.0.0-Name-unLocalized', '66962-1.0.0-Name', null); 
insert into keyvalue VALUES ('66962-1.0.0-Name', '66962-1.0.0', 'Post-Addon-1.0.0-Name', null); 
insert into object VALUES ('66963-1.0.0', '66963'); 
insert into nestedkeyvalue VALUES ('66963-1.0.0-PSMCodes-Deactivation', '66963-1.0.0-PSMCodes', 'XPLUSZ1GB-MU'); 
insert into nestedkeyvalue VALUES ('66963-1.0.0-PSMCodes-Activation', '66963-1.0.0-PSMCodes', 'PLUSZ1GB-MU'); 
insert into keyvalue VALUES ('66963-1.0.0-PSMCodes', '66963-1.0.0', 'Post-Addon-1.0.0-PSMCodes', null); 
insert into objectrelation VALUES ('66963-1.0.0-Refill_ids-O_REFil_1186c44', '66963-1.0.0-Refill_ids', 'O_REFil_1186c44-1.0.0'); 
insert into keyvalue VALUES ('66963-1.0.0-Refill_ids', '66963-1.0.0', 'Post-Addon-1.0.0-Refill_ids', null); 
insert into keyvalue VALUES ('66963-1.0.0-Data_usage_mb', '66963-1.0.0', 'Post-Addon-1.0.0-Data_usage_mb', '1024'); 
insert into keyvalue VALUES ('66963-1.0.0-Price', '66963-1.0.0', 'Post-Addon-1.0.0-Price', '1400'); 
insert into keyvalue VALUES ('66963-1.0.0-Active', '66963-1.0.0', 'Post-Addon-1.0.0-Active', 'true'); 
insert into nestedkeyvalue VALUES ('66963-1.0.0-Description-def', '66963-1.0.0-Description', 'Ezzel a kiegészítő adatopcióval 1GB-tal növelheted az adatforgalmadat az Automatikus PluszAdat opciódba foglalt adatmennyiségeden felül. A kiegészítő opció minden hónapban megújul, így nem kell minden hónapban megrendelned újra.'); 
insert into nestedkeyvalue VALUES ('66963-1.0.0-Description-eng', '66963-1.0.0-Description', 'Ezzel a kiegészítő adatopcióval 1GB-tal növelheted az adatforgalmadat az Automatikus PluszAdat opciódba foglalt adatmennyiségeden felül. A kiegészítő opció minden hónapban megújul, így nem kell minden hónapban megrendelned újra.'); 
insert into nestedkeyvalue VALUES ('66963-1.0.0-Description-hun', '66963-1.0.0-Description', 'This extra data pack will give you an additional 1GB of mobile internet (on top of the data already included in your tariff or Automatikus PluszAdat option). It will be activated every month at the start of your billing period so you don't have to worry about purchasing extra data every month - after you run out!'); 
insert into nestedkeyvalue VALUES ('66963-1.0.0-Description-unLocalized', '66963-1.0.0-Description', null); 
insert into keyvalue VALUES ('66963-1.0.0-Description', '66963-1.0.0', 'Post-Addon-1.0.0-Description', null); 
insert into keyvalue VALUES ('66963-1.0.0-Online_selfcare_id', '66963-1.0.0', 'Post-Addon-1.0.0-Online_selfcare_id', null); 
insert into keyvalue VALUES ('66963-1.0.0-Featured', '66963-1.0.0', 'Post-Addon-1.0.0-Featured', 'false'); 
insert into keyvalue VALUES ('66963-1.0.0-Id', '66963-1.0.0', 'Post-Addon-1.0.0-Id', '66963'); 
insert into keyvalue VALUES ('66963-1.0.0-Type', '66963-1.0.0', 'Post-Addon-1.0.0-Type', 'Recurring'); 
insert into nestedkeyvalue VALUES ('66963-1.0.0-Name-def', '66963-1.0.0-Name', 'Megújuló PluszAdat 1GB'); 
insert into nestedkeyvalue VALUES ('66963-1.0.0-Name-eng', '66963-1.0.0-Name', 'Megújuló PluszAdat 1GB'); 
insert into nestedkeyvalue VALUES ('66963-1.0.0-Name-hun', '66963-1.0.0-Name', 'Recurring PluszAdat 1GB'); 
insert into nestedkeyvalue VALUES ('66963-1.0.0-Name-unLocalized', '66963-1.0.0-Name', null); 
insert into keyvalue VALUES ('66963-1.0.0-Name', '66963-1.0.0', 'Post-Addon-1.0.0-Name', null); 
insert into object VALUES ('66964-1.0.0', '66964'); 
insert into nestedkeyvalue VALUES ('66964-1.0.0-PSMCodes-Deactivation', '66964-1.0.0-PSMCodes', 'XPLUSZ5GB-ADAT'); 
insert into nestedkeyvalue VALUES ('66964-1.0.0-PSMCodes-Activation', '66964-1.0.0-PSMCodes', 'PLUSZ5GB-ADAT'); 
insert into keyvalue VALUES ('66964-1.0.0-PSMCodes', '66964-1.0.0', 'Post-Addon-1.0.0-PSMCodes', null); 
insert into objectrelation VALUES ('66964-1.0.0-Refill_ids-O_REFIL_4237c29', '66964-1.0.0-Refill_ids', 'O_REFIL_4237c29-1.0.0'); 
insert into keyvalue VALUES ('66964-1.0.0-Refill_ids', '66964-1.0.0', 'Post-Addon-1.0.0-Refill_ids', null); 
insert into keyvalue VALUES ('66964-1.0.0-Data_usage_mb', '66964-1.0.0', 'Post-Addon-1.0.0-Data_usage_mb', '5120'); 
insert into keyvalue VALUES ('66964-1.0.0-Price', '66964-1.0.0', 'Post-Addon-1.0.0-Price', '5000'); 
insert into keyvalue VALUES ('66964-1.0.0-Active', '66964-1.0.0', 'Post-Addon-1.0.0-Active', 'true'); 
insert into nestedkeyvalue VALUES ('66964-1.0.0-Description-def', '66964-1.0.0-Description', 'Ezzel a kiegészítő adatopcióval 5GB-tal növelheted az adatforgalmadat az Automatikus PluszAdat opciódba foglalt adatmennyiségeden felül.'); 
insert into nestedkeyvalue VALUES ('66964-1.0.0-Description-eng', '66964-1.0.0-Description', 'Ezzel a kiegészítő adatopcióval 5GB-tal növelheted az adatforgalmadat az Automatikus PluszAdat opciódba foglalt adatmennyiségeden felül.'); 
insert into nestedkeyvalue VALUES ('66964-1.0.0-Description-hun', '66964-1.0.0-Description', 'This extra data pack will give you an additional 5GB of mobile internet (on top of the data already included in your tariff or Automatikus PluszAdat option).'); 
insert into nestedkeyvalue VALUES ('66964-1.0.0-Description-unLocalized', '66964-1.0.0-Description', null); 
insert into keyvalue VALUES ('66964-1.0.0-Description', '66964-1.0.0', 'Post-Addon-1.0.0-Description', null); 
insert into keyvalue VALUES ('66964-1.0.0-Online_selfcare_id', '66964-1.0.0', 'Post-Addon-1.0.0-Online_selfcare_id', null); 
insert into keyvalue VALUES ('66964-1.0.0-Featured', '66964-1.0.0', 'Post-Addon-1.0.0-Featured', 'false'); 
insert into keyvalue VALUES ('66964-1.0.0-Id', '66964-1.0.0', 'Post-Addon-1.0.0-Id', '66964'); 
insert into keyvalue VALUES ('66964-1.0.0-Type', '66964-1.0.0', 'Post-Addon-1.0.0-Type', 'One Time'); 
insert into nestedkeyvalue VALUES ('66964-1.0.0-Name-def', '66964-1.0.0-Name', 'PluszAdat 5GB'); 
insert into nestedkeyvalue VALUES ('66964-1.0.0-Name-eng', '66964-1.0.0-Name', 'PluszAdat 5GB'); 
insert into nestedkeyvalue VALUES ('66964-1.0.0-Name-hun', '66964-1.0.0-Name', 'PluszAdat 5GB'); 
insert into nestedkeyvalue VALUES ('66964-1.0.0-Name-unLocalized', '66964-1.0.0-Name', null); 
insert into keyvalue VALUES ('66964-1.0.0-Name', '66964-1.0.0', 'Post-Addon-1.0.0-Name', null); 
insert into object VALUES ('66965-1.0.0', '66965'); 
insert into nestedkeyvalue VALUES ('66965-1.0.0-PSMCodes-Deactivation', '66965-1.0.0-PSMCodes', 'XPLUSZ5GB-MU'); 
insert into nestedkeyvalue VALUES ('66965-1.0.0-PSMCodes-Activation', '66965-1.0.0-PSMCodes', 'PLUSZ5GB-MU'); 
insert into keyvalue VALUES ('66965-1.0.0-PSMCodes', '66965-1.0.0', 'Post-Addon-1.0.0-PSMCodes', null); 
insert into objectrelation VALUES ('66965-1.0.0-Refill_ids-O_REFIL_2542c37', '66965-1.0.0-Refill_ids', 'O_REFIL_2542c37-1.0.0'); 
insert into keyvalue VALUES ('66965-1.0.0-Refill_ids', '66965-1.0.0', 'Post-Addon-1.0.0-Refill_ids', null); 
insert into keyvalue VALUES ('66965-1.0.0-Data_usage_mb', '66965-1.0.0', 'Post-Addon-1.0.0-Data_usage_mb', '5120'); 
insert into keyvalue VALUES ('66965-1.0.0-Price', '66965-1.0.0', 'Post-Addon-1.0.0-Price', '3000'); 
insert into keyvalue VALUES ('66965-1.0.0-Active', '66965-1.0.0', 'Post-Addon-1.0.0-Active', 'true'); 
insert into nestedkeyvalue VALUES ('66965-1.0.0-Description-def', '66965-1.0.0-Description', 'Ezzel a kiegészítő adatopcióval 5GB-tal növelheted az adatforgalmadat az Automatikus PluszAdat opciódba foglalt adatmennyiségeden felül. A kiegészítő opció minden hónapban megújul, így nem kell minden hónapban megrendelned újra.'); 
insert into nestedkeyvalue VALUES ('66965-1.0.0-Description-eng', '66965-1.0.0-Description', 'Ezzel a kiegészítő adatopcióval 5GB-tal növelheted az adatforgalmadat az Automatikus PluszAdat opciódba foglalt adatmennyiségeden felül. A kiegészítő opció minden hónapban megújul, így nem kell minden hónapban megrendelned újra.'); 
insert into nestedkeyvalue VALUES ('66965-1.0.0-Description-hun', '66965-1.0.0-Description', 'This extra data pack will give you an additional 5GB of mobile internet (on top of the data already included in your tariff or Automatikus PluszAdat option). It will be activated every month at the start of your billing period so you don't have to worry about purchasing extra data every month - after you run out!'); 
insert into nestedkeyvalue VALUES ('66965-1.0.0-Description-unLocalized', '66965-1.0.0-Description', null); 
insert into keyvalue VALUES ('66965-1.0.0-Description', '66965-1.0.0', 'Post-Addon-1.0.0-Description', null); 
insert into keyvalue VALUES ('66965-1.0.0-Online_selfcare_id', '66965-1.0.0', 'Post-Addon-1.0.0-Online_selfcare_id', null); 
insert into keyvalue VALUES ('66965-1.0.0-Featured', '66965-1.0.0', 'Post-Addon-1.0.0-Featured', 'false'); 
insert into keyvalue VALUES ('66965-1.0.0-Id', '66965-1.0.0', 'Post-Addon-1.0.0-Id', '66965'); 
insert into keyvalue VALUES ('66965-1.0.0-Type', '66965-1.0.0', 'Post-Addon-1.0.0-Type', 'Recurring'); 
insert into nestedkeyvalue VALUES ('66965-1.0.0-Name-def', '66965-1.0.0-Name', 'Megújuló PluszAdat 5GB'); 
insert into nestedkeyvalue VALUES ('66965-1.0.0-Name-eng', '66965-1.0.0-Name', 'Megújuló PluszAdat 5GB'); 
insert into nestedkeyvalue VALUES ('66965-1.0.0-Name-hun', '66965-1.0.0-Name', 'Recurring PluszAdat 5GB'); 
insert into nestedkeyvalue VALUES ('66965-1.0.0-Name-unLocalized', '66965-1.0.0-Name', null); 
insert into keyvalue VALUES ('66965-1.0.0-Name', '66965-1.0.0', 'Post-Addon-1.0.0-Name', null); 
insert into object VALUES ('66967-1.0.0', '66967'); 
insert into nestedkeyvalue VALUES ('66967-1.0.0-PSMCodes-Deactivation', '66967-1.0.0-PSMCodes', null); 
insert into nestedkeyvalue VALUES ('66967-1.0.0-PSMCodes-Activation', '66967-1.0.0-PSMCodes', null); 
insert into keyvalue VALUES ('66967-1.0.0-PSMCodes', '66967-1.0.0', 'Post-Addon-1.0.0-PSMCodes', null); 
insert into keyvalue VALUES ('66967-1.0.0-Refill_ids', '66967-1.0.0', 'Post-Addon-1.0.0-Refill_ids', null); 
insert into keyvalue VALUES ('66967-1.0.0-Data_usage_mb', '66967-1.0.0', 'Post-Addon-1.0.0-Data_usage_mb', '300'); 
insert into keyvalue VALUES ('66967-1.0.0-Price', '66967-1.0.0', 'Post-Addon-1.0.0-Price', '1250'); 
insert into keyvalue VALUES ('66967-1.0.0-Active', '66967-1.0.0', 'Post-Addon-1.0.0-Active', 'false'); 
insert into nestedkeyvalue VALUES ('66967-1.0.0-Description-def', '66967-1.0.0-Description', 'Ezzel a kiegészítő adatopcióval 300 MB-tal növelheted az adatforgalmadat az Automatikus PluszAdat opciódba foglalt adatmennyiségeden felül.'); 
insert into nestedkeyvalue VALUES ('66967-1.0.0-Description-eng', '66967-1.0.0-Description', 'Ezzel a kiegészítő adatopcióval 300 MB-tal növelheted az adatforgalmadat az Automatikus PluszAdat opciódba foglalt adatmennyiségeden felül.'); 
insert into nestedkeyvalue VALUES ('66967-1.0.0-Description-hun', '66967-1.0.0-Description', 'This extra data pack will give you an additional 300MB of mobile internet (on top of the data already included in your tariff or Automatikus PluszAdat option).'); 
insert into nestedkeyvalue VALUES ('66967-1.0.0-Description-unLocalized', '66967-1.0.0-Description', null); 
insert into keyvalue VALUES ('66967-1.0.0-Description', '66967-1.0.0', 'Post-Addon-1.0.0-Description', null); 
insert into keyvalue VALUES ('66967-1.0.0-Online_selfcare_id', '66967-1.0.0', 'Post-Addon-1.0.0-Online_selfcare_id', null); 
insert into keyvalue VALUES ('66967-1.0.0-Featured', '66967-1.0.0', 'Post-Addon-1.0.0-Featured', 'false'); 
insert into keyvalue VALUES ('66967-1.0.0-Id', '66967-1.0.0', 'Post-Addon-1.0.0-Id', '66967'); 
insert into keyvalue VALUES ('66967-1.0.0-Type', '66967-1.0.0', 'Post-Addon-1.0.0-Type', 'One Time'); 
insert into nestedkeyvalue VALUES ('66967-1.0.0-Name-def', '66967-1.0.0-Name', 'PlusAdat 300 MB'); 
insert into nestedkeyvalue VALUES ('66967-1.0.0-Name-eng', '66967-1.0.0-Name', 'PlusAdat 300 MB'); 
insert into nestedkeyvalue VALUES ('66967-1.0.0-Name-hun', '66967-1.0.0-Name', 'PlusAdat 300 MB'); 
insert into nestedkeyvalue VALUES ('66967-1.0.0-Name-unLocalized', '66967-1.0.0-Name', null); 
insert into keyvalue VALUES ('66967-1.0.0-Name', '66967-1.0.0', 'Post-Addon-1.0.0-Name', null); 
insert into object VALUES ('66968-1.0.0', '66968'); 
insert into nestedkeyvalue VALUES ('66968-1.0.0-PSMCodes-Deactivation', '66968-1.0.0-PSMCodes', null); 
insert into nestedkeyvalue VALUES ('66968-1.0.0-PSMCodes-Activation', '66968-1.0.0-PSMCodes', null); 
insert into keyvalue VALUES ('66968-1.0.0-PSMCodes', '66968-1.0.0', 'Post-Addon-1.0.0-PSMCodes', null); 
insert into keyvalue VALUES ('66968-1.0.0-Refill_ids', '66968-1.0.0', 'Post-Addon-1.0.0-Refill_ids', null); 
insert into keyvalue VALUES ('66968-1.0.0-Data_usage_mb', '66968-1.0.0', 'Post-Addon-1.0.0-Data_usage_mb', '300'); 
insert into keyvalue VALUES ('66968-1.0.0-Price', '66968-1.0.0', 'Post-Addon-1.0.0-Price', '1000'); 
insert into keyvalue VALUES ('66968-1.0.0-Active', '66968-1.0.0', 'Post-Addon-1.0.0-Active', 'false'); 
insert into nestedkeyvalue VALUES ('66968-1.0.0-Description-def', '66968-1.0.0-Description', 'Ezzel a kiegészítő adatopcióval 300MB-tal növelheted az adatforgalmadat az Automatikus PluszAdat opciódba foglalt adatmennyiségeden felül. A kiegészítő opció minden hónapban megújul, így nem kell minden hónapban megrendelned újra. Az adatopció deaktiválásához kérjük, küldd díjmentes SMS-ben az XPLUS300MB-M kódot a 1270-es telefonszámra.'); 
insert into nestedkeyvalue VALUES ('66968-1.0.0-Description-eng', '66968-1.0.0-Description', 'Ezzel a kiegészítő adatopcióval 300MB-tal növelheted az adatforgalmadat az Automatikus PluszAdat opciódba foglalt adatmennyiségeden felül. A kiegészítő opció minden hónapban megújul, így nem kell minden hónapban megrendelned újra. Az adatopció deaktiválásához kérjük, küldd díjmentes SMS-ben az XPLUS300MB-M kódot a 1270-es telefonszámra.'); 
insert into nestedkeyvalue VALUES ('66968-1.0.0-Description-hun', '66968-1.0.0-Description', 'This extra data pack will give you an additional 300MB of mobile internet (on top of the data already included in your tariff or Automatikus PluszAdat option). It will be activated every month at the start of your billing period so you don't have to worry about purchasing extra data every month - after you run out! If you wish to deactivate this data package, please send an SMS for free to 1270 with the code XPLUS300MB-M.'); 
insert into nestedkeyvalue VALUES ('66968-1.0.0-Description-unLocalized', '66968-1.0.0-Description', null); 
insert into keyvalue VALUES ('66968-1.0.0-Description', '66968-1.0.0', 'Post-Addon-1.0.0-Description', null); 
insert into keyvalue VALUES ('66968-1.0.0-Online_selfcare_id', '66968-1.0.0', 'Post-Addon-1.0.0-Online_selfcare_id', null); 
insert into keyvalue VALUES ('66968-1.0.0-Featured', '66968-1.0.0', 'Post-Addon-1.0.0-Featured', 'false'); 
insert into keyvalue VALUES ('66968-1.0.0-Id', '66968-1.0.0', 'Post-Addon-1.0.0-Id', '66968'); 
insert into keyvalue VALUES ('66968-1.0.0-Type', '66968-1.0.0', 'Post-Addon-1.0.0-Type', 'Recurring'); 
insert into nestedkeyvalue VALUES ('66968-1.0.0-Name-def', '66968-1.0.0-Name', 'Megújuló PlusAdat 300 MB'); 
insert into nestedkeyvalue VALUES ('66968-1.0.0-Name-eng', '66968-1.0.0-Name', 'Megújuló PlusAdat 300 MB'); 
insert into nestedkeyvalue VALUES ('66968-1.0.0-Name-hun', '66968-1.0.0-Name', 'Recurring PlusAdat 300MB'); 
insert into nestedkeyvalue VALUES ('66968-1.0.0-Name-unLocalized', '66968-1.0.0-Name', null); 
insert into keyvalue VALUES ('66968-1.0.0-Name', '66968-1.0.0', 'Post-Addon-1.0.0-Name', null); 
insert into object VALUES ('66969-1.0.0', '66969'); 
insert into nestedkeyvalue VALUES ('66969-1.0.0-PSMCodes-Deactivation', '66969-1.0.0-PSMCodes', null); 
insert into nestedkeyvalue VALUES ('66969-1.0.0-PSMCodes-Activation', '66969-1.0.0-PSMCodes', null); 
insert into keyvalue VALUES ('66969-1.0.0-PSMCodes', '66969-1.0.0', 'Post-Addon-1.0.0-PSMCodes', null); 
insert into keyvalue VALUES ('66969-1.0.0-Refill_ids', '66969-1.0.0', 'Post-Addon-1.0.0-Refill_ids', null); 
insert into keyvalue VALUES ('66969-1.0.0-Data_usage_mb', '66969-1.0.0', 'Post-Addon-1.0.0-Data_usage_mb', '300'); 
insert into keyvalue VALUES ('66969-1.0.0-Price', '66969-1.0.0', 'Post-Addon-1.0.0-Price', '1000'); 
insert into keyvalue VALUES ('66969-1.0.0-Active', '66969-1.0.0', 'Post-Addon-1.0.0-Active', 'false'); 
insert into nestedkeyvalue VALUES ('66969-1.0.0-Description-def', '66969-1.0.0-Description', 'Válaszd ezt az adatopciót és növeld meg a tarifádban foglalt adatkeretedet 300 MB-tal, amit egészen számlazárásig felhasználhatsz. Az opció ára 1 000 Ft. Az adatopció deaktiválásához kérjük, küldd díjmentes SMS-ben az XPLUS300MB-Auto kódot a 1270-es telefonszámra.'); 
insert into nestedkeyvalue VALUES ('66969-1.0.0-Description-eng', '66969-1.0.0-Description', 'Válaszd ezt az adatopciót és növeld meg a tarifádban foglalt adatkeretedet 300 MB-tal, amit egészen számlazárásig felhasználhatsz. Az opció ára 1 000 Ft. Az adatopció deaktiválásához kérjük, küldd díjmentes SMS-ben az XPLUS300MB-Auto kódot a 1270-es telefonszámra.'); 
insert into nestedkeyvalue VALUES ('66969-1.0.0-Description-hun', '66969-1.0.0-Description', 'This extra data pack will give you an additional 300 MB of mobile internet until the end of your current bill cycle for 1 000 Ft. If you wish to deactivate this data package, please send an SMS for free to 1270 with the code XPLUS300MB-Auto.'); 
insert into nestedkeyvalue VALUES ('66969-1.0.0-Description-unLocalized', '66969-1.0.0-Description', null); 
insert into keyvalue VALUES ('66969-1.0.0-Description', '66969-1.0.0', 'Post-Addon-1.0.0-Description', null); 
insert into keyvalue VALUES ('66969-1.0.0-Online_selfcare_id', '66969-1.0.0', 'Post-Addon-1.0.0-Online_selfcare_id', null); 
insert into keyvalue VALUES ('66969-1.0.0-Featured', '66969-1.0.0', 'Post-Addon-1.0.0-Featured', 'false'); 
insert into keyvalue VALUES ('66969-1.0.0-Id', '66969-1.0.0', 'Post-Addon-1.0.0-Id', '66969'); 
insert into keyvalue VALUES ('66969-1.0.0-Type', '66969-1.0.0', 'Post-Addon-1.0.0-Type', 'AutoAO'); 
insert into nestedkeyvalue VALUES ('66969-1.0.0-Name-def', '66969-1.0.0-Name', 'Automatikus PlusAdat 300 MB'); 
insert into nestedkeyvalue VALUES ('66969-1.0.0-Name-eng', '66969-1.0.0-Name', 'Automatikus PlusAdat 300 MB'); 
insert into nestedkeyvalue VALUES ('66969-1.0.0-Name-hun', '66969-1.0.0-Name', 'Automatic PlusAdat 300 MB'); 
insert into nestedkeyvalue VALUES ('66969-1.0.0-Name-unLocalized', '66969-1.0.0-Name', null); 
insert into keyvalue VALUES ('66969-1.0.0-Name', '66969-1.0.0', 'Post-Addon-1.0.0-Name', null); 
insert into object VALUES ('66970-1.0.0', '66970'); 
insert into nestedkeyvalue VALUES ('66970-1.0.0-PSMCodes-Deactivation', '66970-1.0.0-PSMCodes', null); 
insert into nestedkeyvalue VALUES ('66970-1.0.0-PSMCodes-Activation', '66970-1.0.0-PSMCodes', null); 
insert into keyvalue VALUES ('66970-1.0.0-PSMCodes', '66970-1.0.0', 'Post-Addon-1.0.0-PSMCodes', null); 
insert into keyvalue VALUES ('66970-1.0.0-Refill_ids', '66970-1.0.0', 'Post-Addon-1.0.0-Refill_ids', null); 
insert into keyvalue VALUES ('66970-1.0.0-Data_usage_mb', '66970-1.0.0', 'Post-Addon-1.0.0-Data_usage_mb', '1024'); 
insert into keyvalue VALUES ('66970-1.0.0-Price', '66970-1.0.0', 'Post-Addon-1.0.0-Price', '3000'); 
insert into keyvalue VALUES ('66970-1.0.0-Active', '66970-1.0.0', 'Post-Addon-1.0.0-Active', 'false'); 
insert into nestedkeyvalue VALUES ('66970-1.0.0-Description-def', '66970-1.0.0-Description', 'Ezzel a kiegészítő adatopcióval 1GB-tal növelheted az adatforgalmadat az Automatikus PluszAdat opciódba foglalt adatmennyiségeden felül.'); 
insert into nestedkeyvalue VALUES ('66970-1.0.0-Description-eng', '66970-1.0.0-Description', 'Ezzel a kiegészítő adatopcióval 1GB-tal növelheted az adatforgalmadat az Automatikus PluszAdat opciódba foglalt adatmennyiségeden felül.'); 
insert into nestedkeyvalue VALUES ('66970-1.0.0-Description-hun', '66970-1.0.0-Description', 'This extra data pack will give you an additional 1GB of mobile internet (on top of the data already included in your tariff or Automatikus PluszAdat option).'); 
insert into nestedkeyvalue VALUES ('66970-1.0.0-Description-unLocalized', '66970-1.0.0-Description', null); 
insert into keyvalue VALUES ('66970-1.0.0-Description', '66970-1.0.0', 'Post-Addon-1.0.0-Description', null); 
insert into keyvalue VALUES ('66970-1.0.0-Online_selfcare_id', '66970-1.0.0', 'Post-Addon-1.0.0-Online_selfcare_id', null); 
insert into keyvalue VALUES ('66970-1.0.0-Featured', '66970-1.0.0', 'Post-Addon-1.0.0-Featured', 'false'); 
insert into keyvalue VALUES ('66970-1.0.0-Id', '66970-1.0.0', 'Post-Addon-1.0.0-Id', '66970'); 
insert into keyvalue VALUES ('66970-1.0.0-Type', '66970-1.0.0', 'Post-Addon-1.0.0-Type', 'One Time'); 
insert into nestedkeyvalue VALUES ('66970-1.0.0-Name-def', '66970-1.0.0-Name', 'PlusAdat 1GB'); 
insert into nestedkeyvalue VALUES ('66970-1.0.0-Name-eng', '66970-1.0.0-Name', 'PlusAdat 1GB'); 
insert into nestedkeyvalue VALUES ('66970-1.0.0-Name-hun', '66970-1.0.0-Name', 'PlusAdat 1GB'); 
insert into nestedkeyvalue VALUES ('66970-1.0.0-Name-unLocalized', '66970-1.0.0-Name', null); 
insert into keyvalue VALUES ('66970-1.0.0-Name', '66970-1.0.0', 'Post-Addon-1.0.0-Name', null); 
insert into object VALUES ('66971-1.0.0', '66971'); 
insert into nestedkeyvalue VALUES ('66971-1.0.0-PSMCodes-Deactivation', '66971-1.0.0-PSMCodes', null); 
insert into nestedkeyvalue VALUES ('66971-1.0.0-PSMCodes-Activation', '66971-1.0.0-PSMCodes', null); 
insert into keyvalue VALUES ('66971-1.0.0-PSMCodes', '66971-1.0.0', 'Post-Addon-1.0.0-PSMCodes', null); 
insert into keyvalue VALUES ('66971-1.0.0-Refill_ids', '66971-1.0.0', 'Post-Addon-1.0.0-Refill_ids', null); 
insert into keyvalue VALUES ('66971-1.0.0-Data_usage_mb', '66971-1.0.0', 'Post-Addon-1.0.0-Data_usage_mb', '1024'); 
insert into keyvalue VALUES ('66971-1.0.0-Price', '66971-1.0.0', 'Post-Addon-1.0.0-Price', '1800'); 
insert into keyvalue VALUES ('66971-1.0.0-Active', '66971-1.0.0', 'Post-Addon-1.0.0-Active', 'false'); 
insert into nestedkeyvalue VALUES ('66971-1.0.0-Description-def', '66971-1.0.0-Description', 'Ezzel a kiegészítő adatopcióval 1GB-tal növelheted az adatforgalmadat az Automatikus PluszAdat opciódba foglalt adatmennyiségeden felül. A kiegészítő opció minden hónapban megújul, így nem kell minden hónapban megrendelned újra. Az adatopció deaktiválásához kérjük, küldd díjmentes SMS-ben az XPLUS1GB-MU kódot a 1270-es telefonszámra.'); 
insert into nestedkeyvalue VALUES ('66971-1.0.0-Description-eng', '66971-1.0.0-Description', 'Ezzel a kiegészítő adatopcióval 1GB-tal növelheted az adatforgalmadat az Automatikus PluszAdat opciódba foglalt adatmennyiségeden felül. A kiegészítő opció minden hónapban megújul, így nem kell minden hónapban megrendelned újra. Az adatopció deaktiválásához kérjük, küldd díjmentes SMS-ben az XPLUS1GB-MU kódot a 1270-es telefonszámra.'); 
insert into nestedkeyvalue VALUES ('66971-1.0.0-Description-hun', '66971-1.0.0-Description', 'This extra data pack will give you an additional 1GB of mobile internet (on top of the data already included in your tariff or Automatikus PluszAdat option). It will be activated every month at the start of your billing period so you don't have to worry about purchasing extra data every month - after you run out! If you wish to deactivate this data package, please send an SMS for free to 1270 with the code XPLUS1GB-MU.'); 
insert into nestedkeyvalue VALUES ('66971-1.0.0-Description-unLocalized', '66971-1.0.0-Description', null); 
insert into keyvalue VALUES ('66971-1.0.0-Description', '66971-1.0.0', 'Post-Addon-1.0.0-Description', null); 
insert into keyvalue VALUES ('66971-1.0.0-Online_selfcare_id', '66971-1.0.0', 'Post-Addon-1.0.0-Online_selfcare_id', null); 
insert into keyvalue VALUES ('66971-1.0.0-Featured', '66971-1.0.0', 'Post-Addon-1.0.0-Featured', 'false'); 
insert into keyvalue VALUES ('66971-1.0.0-Id', '66971-1.0.0', 'Post-Addon-1.0.0-Id', '66971'); 
insert into keyvalue VALUES ('66971-1.0.0-Type', '66971-1.0.0', 'Post-Addon-1.0.0-Type', 'Recurring'); 
insert into nestedkeyvalue VALUES ('66971-1.0.0-Name-def', '66971-1.0.0-Name', 'Megújuló PlusAdat 1GB'); 
insert into nestedkeyvalue VALUES ('66971-1.0.0-Name-eng', '66971-1.0.0-Name', 'Megújuló PlusAdat 1GB'); 
insert into nestedkeyvalue VALUES ('66971-1.0.0-Name-hun', '66971-1.0.0-Name', 'Recurring PlusAdat 1GB'); 
insert into nestedkeyvalue VALUES ('66971-1.0.0-Name-unLocalized', '66971-1.0.0-Name', null); 
insert into keyvalue VALUES ('66971-1.0.0-Name', '66971-1.0.0', 'Post-Addon-1.0.0-Name', null); 
insert into object VALUES ('66972-1.0.0', '66972'); 
insert into nestedkeyvalue VALUES ('66972-1.0.0-PSMCodes-Deactivation', '66972-1.0.0-PSMCodes', null); 
insert into nestedkeyvalue VALUES ('66972-1.0.0-PSMCodes-Activation', '66972-1.0.0-PSMCodes', null); 
insert into keyvalue VALUES ('66972-1.0.0-PSMCodes', '66972-1.0.0', 'Post-Addon-1.0.0-PSMCodes', null); 
insert into keyvalue VALUES ('66972-1.0.0-Refill_ids', '66972-1.0.0', 'Post-Addon-1.0.0-Refill_ids', null); 
insert into keyvalue VALUES ('66972-1.0.0-Data_usage_mb', '66972-1.0.0', 'Post-Addon-1.0.0-Data_usage_mb', '5120'); 
insert into keyvalue VALUES ('66972-1.0.0-Price', '66972-1.0.0', 'Post-Addon-1.0.0-Price', '8000'); 
insert into keyvalue VALUES ('66972-1.0.0-Active', '66972-1.0.0', 'Post-Addon-1.0.0-Active', 'false'); 
insert into nestedkeyvalue VALUES ('66972-1.0.0-Description-def', '66972-1.0.0-Description', 'Ezzel a kiegészítő adatopcióval 5GB-tal növelheted az adatforgalmadat az Automatikus PluszAdat opciódba foglalt adatmennyiségeden felül.'); 
insert into nestedkeyvalue VALUES ('66972-1.0.0-Description-eng', '66972-1.0.0-Description', 'Ezzel a kiegészítő adatopcióval 5GB-tal növelheted az adatforgalmadat az Automatikus PluszAdat opciódba foglalt adatmennyiségeden felül.'); 
insert into nestedkeyvalue VALUES ('66972-1.0.0-Description-hun', '66972-1.0.0-Description', 'This extra data pack will give you an additional 5GB of mobile internet (on top of the data already included in your tariff or Automatikus PluszAdat option).'); 
insert into nestedkeyvalue VALUES ('66972-1.0.0-Description-unLocalized', '66972-1.0.0-Description', null); 
insert into keyvalue VALUES ('66972-1.0.0-Description', '66972-1.0.0', 'Post-Addon-1.0.0-Description', null); 
insert into keyvalue VALUES ('66972-1.0.0-Online_selfcare_id', '66972-1.0.0', 'Post-Addon-1.0.0-Online_selfcare_id', null); 
insert into keyvalue VALUES ('66972-1.0.0-Featured', '66972-1.0.0', 'Post-Addon-1.0.0-Featured', 'false'); 
insert into keyvalue VALUES ('66972-1.0.0-Id', '66972-1.0.0', 'Post-Addon-1.0.0-Id', '66972'); 
insert into keyvalue VALUES ('66972-1.0.0-Type', '66972-1.0.0', 'Post-Addon-1.0.0-Type', 'One Time'); 
insert into nestedkeyvalue VALUES ('66972-1.0.0-Name-def', '66972-1.0.0-Name', 'PlusAdat 5GB'); 
insert into nestedkeyvalue VALUES ('66972-1.0.0-Name-eng', '66972-1.0.0-Name', 'PlusAdat 5GB'); 
insert into nestedkeyvalue VALUES ('66972-1.0.0-Name-hun', '66972-1.0.0-Name', 'PlusAdat 5GB'); 
insert into nestedkeyvalue VALUES ('66972-1.0.0-Name-unLocalized', '66972-1.0.0-Name', null); 
insert into keyvalue VALUES ('66972-1.0.0-Name', '66972-1.0.0', 'Post-Addon-1.0.0-Name', null); 
insert into object VALUES ('66973-1.0.0', '66973'); 
insert into nestedkeyvalue VALUES ('66973-1.0.0-PSMCodes-Deactivation', '66973-1.0.0-PSMCodes', null); 
insert into nestedkeyvalue VALUES ('66973-1.0.0-PSMCodes-Activation', '66973-1.0.0-PSMCodes', null); 
insert into keyvalue VALUES ('66973-1.0.0-PSMCodes', '66973-1.0.0', 'Post-Addon-1.0.0-PSMCodes', null); 
insert into keyvalue VALUES ('66973-1.0.0-Refill_ids', '66973-1.0.0', 'Post-Addon-1.0.0-Refill_ids', null); 
insert into keyvalue VALUES ('66973-1.0.0-Data_usage_mb', '66973-1.0.0', 'Post-Addon-1.0.0-Data_usage_mb', '5120'); 
insert into keyvalue VALUES ('66973-1.0.0-Price', '66973-1.0.0', 'Post-Addon-1.0.0-Price', '6000'); 
insert into keyvalue VALUES ('66973-1.0.0-Active', '66973-1.0.0', 'Post-Addon-1.0.0-Active', 'false'); 
insert into nestedkeyvalue VALUES ('66973-1.0.0-Description-def', '66973-1.0.0-Description', 'Ezzel a kiegészítő adatopcióval 5GB-tal növelheted az adatforgalmadat az Automatikus PluszAdat opciódba foglalt adatmennyiségeden felül. A kiegészítő opció minden hónapban megújul, így nem kell minden hónapban megrendelned újra. Az adatopció deaktiválásához kérjük, küldd díjmentes SMS-ben az XPLUS5GB-MU kódot a 1270-es telefonszámra.'); 
insert into nestedkeyvalue VALUES ('66973-1.0.0-Description-eng', '66973-1.0.0-Description', 'Ezzel a kiegészítő adatopcióval 5GB-tal növelheted az adatforgalmadat az Automatikus PluszAdat opciódba foglalt adatmennyiségeden felül. A kiegészítő opció minden hónapban megújul, így nem kell minden hónapban megrendelned újra. Az adatopció deaktiválásához kérjük, küldd díjmentes SMS-ben az XPLUS5GB-MU kódot a 1270-es telefonszámra.'); 
insert into nestedkeyvalue VALUES ('66973-1.0.0-Description-hun', '66973-1.0.0-Description', 'This extra data pack will give you an additional 5GB of mobile internet (on top of the data already included in your tariff or Automatikus PluszAdat option). It will be activated every month at the start of your billing period so you don't have to worry about purchasing extra data every month - after you run out! If you wish to deactivate this data package, please send an SMS for free to 1270 with the code XPLUS5GB-MU.'); 
insert into nestedkeyvalue VALUES ('66973-1.0.0-Description-unLocalized', '66973-1.0.0-Description', null); 
insert into keyvalue VALUES ('66973-1.0.0-Description', '66973-1.0.0', 'Post-Addon-1.0.0-Description', null); 
insert into keyvalue VALUES ('66973-1.0.0-Online_selfcare_id', '66973-1.0.0', 'Post-Addon-1.0.0-Online_selfcare_id', null); 
insert into keyvalue VALUES ('66973-1.0.0-Featured', '66973-1.0.0', 'Post-Addon-1.0.0-Featured', 'false'); 
insert into keyvalue VALUES ('66973-1.0.0-Id', '66973-1.0.0', 'Post-Addon-1.0.0-Id', '66973'); 
insert into keyvalue VALUES ('66973-1.0.0-Type', '66973-1.0.0', 'Post-Addon-1.0.0-Type', 'Recurring'); 
insert into nestedkeyvalue VALUES ('66973-1.0.0-Name-def', '66973-1.0.0-Name', 'Megújuló PlusAdat 5GB'); 
insert into nestedkeyvalue VALUES ('66973-1.0.0-Name-eng', '66973-1.0.0-Name', 'Megújuló PlusAdat 5GB'); 
insert into nestedkeyvalue VALUES ('66973-1.0.0-Name-hun', '66973-1.0.0-Name', 'Recurring PlusAdat 5GB'); 
insert into nestedkeyvalue VALUES ('66973-1.0.0-Name-unLocalized', '66973-1.0.0-Name', null); 
insert into keyvalue VALUES ('66973-1.0.0-Name', '66973-1.0.0', 'Post-Addon-1.0.0-Name', null); 
insert into object VALUES ('67880-1.0.0', '67880'); 
insert into nestedkeyvalue VALUES ('67880-1.0.0-PSMCodes-Deactivation', '67880-1.0.0-PSMCodes', 'XPLUSZ20GB-MU'); 
insert into nestedkeyvalue VALUES ('67880-1.0.0-PSMCodes-Activation', '67880-1.0.0-PSMCodes', 'PLUSZ20GB-MU'); 
insert into keyvalue VALUES ('67880-1.0.0-PSMCodes', '67880-1.0.0', 'Post-Addon-1.0.0-PSMCodes', null); 
insert into objectrelation VALUES ('67880-1.0.0-Refill_ids-O_REFIL_5084c75', '67880-1.0.0-Refill_ids', 'O_REFIL_5084c75-1.0.0'); 
insert into keyvalue VALUES ('67880-1.0.0-Refill_ids', '67880-1.0.0', 'Post-Addon-1.0.0-Refill_ids', null); 
insert into keyvalue VALUES ('67880-1.0.0-Data_usage_mb', '67880-1.0.0', 'Post-Addon-1.0.0-Data_usage_mb', '20480'); 
insert into keyvalue VALUES ('67880-1.0.0-Price', '67880-1.0.0', 'Post-Addon-1.0.0-Price', '6000'); 
insert into keyvalue VALUES ('67880-1.0.0-Active', '67880-1.0.0', 'Post-Addon-1.0.0-Active', 'true'); 
insert into nestedkeyvalue VALUES ('67880-1.0.0-Description-def', '67880-1.0.0-Description', 'Ezzel a kiegészítő adatopcióval 20GB-tal növelheted az adatforgalmadat az Automatikus PluszAdat opciódba foglalt adatmennyiségeden felül. A kiegészítő opció minden hónapban megújul, így nem kell minden hónapban megrendelned újra.'); 
insert into nestedkeyvalue VALUES ('67880-1.0.0-Description-eng', '67880-1.0.0-Description', 'Ezzel a kiegészítő adatopcióval 20GB-tal növelheted az adatforgalmadat az Automatikus PluszAdat opciódba foglalt adatmennyiségeden felül. A kiegészítő opció minden hónapban megújul, így nem kell minden hónapban megrendelned újra.'); 
insert into nestedkeyvalue VALUES ('67880-1.0.0-Description-hun', '67880-1.0.0-Description', 'This extra data pack will give you an additional 20GB of mobile internet (on top of the data already included in your tariff or Automatikus PluszAdat option). It will be activated every month at the start of your billing period so you don't have to worry about purchasing extra data every month - after you run out!'); 
insert into nestedkeyvalue VALUES ('67880-1.0.0-Description-unLocalized', '67880-1.0.0-Description', null); 
insert into keyvalue VALUES ('67880-1.0.0-Description', '67880-1.0.0', 'Post-Addon-1.0.0-Description', null); 
insert into keyvalue VALUES ('67880-1.0.0-Online_selfcare_id', '67880-1.0.0', 'Post-Addon-1.0.0-Online_selfcare_id', null); 
insert into keyvalue VALUES ('67880-1.0.0-Featured', '67880-1.0.0', 'Post-Addon-1.0.0-Featured', 'false'); 
insert into keyvalue VALUES ('67880-1.0.0-Id', '67880-1.0.0', 'Post-Addon-1.0.0-Id', '67880'); 
insert into keyvalue VALUES ('67880-1.0.0-Type', '67880-1.0.0', 'Post-Addon-1.0.0-Type', 'Recurring'); 
insert into nestedkeyvalue VALUES ('67880-1.0.0-Name-def', '67880-1.0.0-Name', 'Megújuló PluszAdat 20GB'); 
insert into nestedkeyvalue VALUES ('67880-1.0.0-Name-eng', '67880-1.0.0-Name', 'Megújuló PluszAdat 20GB'); 
insert into nestedkeyvalue VALUES ('67880-1.0.0-Name-hun', '67880-1.0.0-Name', 'Recurring PluszAdat 20GB'); 
insert into nestedkeyvalue VALUES ('67880-1.0.0-Name-unLocalized', '67880-1.0.0-Name', null); 
insert into keyvalue VALUES ('67880-1.0.0-Name', '67880-1.0.0', 'Post-Addon-1.0.0-Name', null); 
insert into object VALUES ('67738-1.0.0', '67738'); 
insert into nestedkeyvalue VALUES ('67738-1.0.0-PSMCodes-Deactivation', '67738-1.0.0-PSMCodes', null); 
insert into nestedkeyvalue VALUES ('67738-1.0.0-PSMCodes-Activation', '67738-1.0.0-PSMCodes', null); 
insert into keyvalue VALUES ('67738-1.0.0-PSMCodes', '67738-1.0.0', 'Post-Addon-1.0.0-PSMCodes', null); 
insert into keyvalue VALUES ('67738-1.0.0-Refill_ids', '67738-1.0.0', 'Post-Addon-1.0.0-Refill_ids', null); 
insert into keyvalue VALUES ('67738-1.0.0-Data_usage_mb', '67738-1.0.0', 'Post-Addon-1.0.0-Data_usage_mb', '4096'); 
insert into keyvalue VALUES ('67738-1.0.0-Price', '67738-1.0.0', 'Post-Addon-1.0.0-Price', '0'); 
insert into keyvalue VALUES ('67738-1.0.0-Active', '67738-1.0.0', 'Post-Addon-1.0.0-Active', 'true'); 
insert into nestedkeyvalue VALUES ('67738-1.0.0-Description-def', '67738-1.0.0-Description', 'Ezzel a NyáriAdat 4GB adatopcióval 4GB-tal díjmentesen megnövelheted a tarifában foglalt adatkeretedet. Az egyszeri 4GB extra adatforgalom 2017. június 4-től július 31-ig aktiválható és aktiválástól számított 30 napon belül, a tarifában foglalt adatforgalom előtt használható fel és nem osztható.'); 
insert into nestedkeyvalue VALUES ('67738-1.0.0-Description-eng', '67738-1.0.0-Description', 'Ezzel a NyáriAdat 4GB adatopcióval 4GB-tal díjmentesen megnövelheted a tarifában foglalt adatkeretedet. Az egyszeri 4GB extra adatforgalom 2017. június 4-től július 31-ig aktiválható és aktiválástól számított 30 napon belül, a tarifában foglalt adatforgalom előtt használható fel és nem osztható.'); 
insert into nestedkeyvalue VALUES ('67738-1.0.0-Description-hun', '67738-1.0.0-Description', 'This SummerData pack will give you additional 4GB of mobile internet for 30 days period for free. This promotion is available from 4st June until 31th July 2017 and can be activated once. This mobile internet is not shareable, and is used before the data included in your tariff.'); 
insert into nestedkeyvalue VALUES ('67738-1.0.0-Description-unLocalized', '67738-1.0.0-Description', null); 
insert into keyvalue VALUES ('67738-1.0.0-Description', '67738-1.0.0', 'Post-Addon-1.0.0-Description', null); 
insert into keyvalue VALUES ('67738-1.0.0-Online_selfcare_id', '67738-1.0.0', 'Post-Addon-1.0.0-Online_selfcare_id', null); 
insert into keyvalue VALUES ('67738-1.0.0-Featured', '67738-1.0.0', 'Post-Addon-1.0.0-Featured', 'false'); 
insert into keyvalue VALUES ('67738-1.0.0-Id', '67738-1.0.0', 'Post-Addon-1.0.0-Id', '67738'); 
insert into keyvalue VALUES ('67738-1.0.0-Type', '67738-1.0.0', 'Post-Addon-1.0.0-Type', 'One Time'); 
insert into nestedkeyvalue VALUES ('67738-1.0.0-Name-def', '67738-1.0.0-Name', 'NyáriAdat 4GB'); 
insert into nestedkeyvalue VALUES ('67738-1.0.0-Name-eng', '67738-1.0.0-Name', 'NyáriAdat 4GB'); 
insert into nestedkeyvalue VALUES ('67738-1.0.0-Name-hun', '67738-1.0.0-Name', 'SummerData 4GB'); 
insert into nestedkeyvalue VALUES ('67738-1.0.0-Name-unLocalized', '67738-1.0.0-Name', null); 
insert into keyvalue VALUES ('67738-1.0.0-Name', '67738-1.0.0', 'Post-Addon-1.0.0-Name', null); 
insert into object VALUES ('68228-1.0.0', '68228'); 
insert into nestedkeyvalue VALUES ('68228-1.0.0-PSMCodes-Deactivation', '68228-1.0.0-PSMCodes', 'XUZLETI2GB'); 
insert into nestedkeyvalue VALUES ('68228-1.0.0-PSMCodes-Activation', '68228-1.0.0-PSMCodes', 'UZLETI2GB'); 
insert into keyvalue VALUES ('68228-1.0.0-PSMCodes', '68228-1.0.0', 'Post-Addon-1.0.0-PSMCodes', null); 
insert into objectrelation VALUES ('68228-1.0.0-Refill_ids-O_KREF_2542c37', '68228-1.0.0-Refill_ids', 'O_KREF_2542c37-1.0.0'); 
insert into keyvalue VALUES ('68228-1.0.0-Refill_ids', '68228-1.0.0', 'Post-Addon-1.0.0-Refill_ids', null); 
insert into keyvalue VALUES ('68228-1.0.0-Featured', '68228-1.0.0', 'Post-Addon-1.0.0-Featured', 'false'); 
insert into keyvalue VALUES ('68228-1.0.0-Unlimited', '68228-1.0.0', 'Post-Addon-1.0.0-Unlimited', 'false'); 
insert into keyvalue VALUES ('68228-1.0.0-Price', '68228-1.0.0', 'Post-Addon-1.0.0-Price', '3000'); 
insert into keyvalue VALUES ('68228-1.0.0-Data_usage_mb', '68228-1.0.0', 'Post-Addon-1.0.0-Data_usage_mb', '2048'); 
insert into keyvalue VALUES ('68228-1.0.0-Active', '68228-1.0.0', 'Post-Addon-1.0.0-Active', 'true'); 
insert into nestedkeyvalue VALUES ('68228-1.0.0-Name-def', '68228-1.0.0-Name', 'Uzleti PluszAdat 2GB'); 
insert into nestedkeyvalue VALUES ('68228-1.0.0-Name-eng', '68228-1.0.0-Name', 'Uzleti PluszAdat 2GB'); 
insert into nestedkeyvalue VALUES ('68228-1.0.0-Name-hun', '68228-1.0.0-Name', 'Business Add-on 2GB'); 
insert into nestedkeyvalue VALUES ('68228-1.0.0-Name-unLocalized', '68228-1.0.0-Name', null); 
insert into keyvalue VALUES ('68228-1.0.0-Name', '68228-1.0.0', 'Post-Addon-1.0.0-Name', null); 
insert into nestedkeyvalue VALUES ('68228-1.0.0-Description-def', '68228-1.0.0-Description', 'Felhasználtad az adatopciódat, de még neteznél? Válaszd ezt az opciót és töltsd fel újra 2 GB adattal, amit egészen számlazárásig felhasználhatsz. Az opció ára 3 000 Ft.'); 
insert into nestedkeyvalue VALUES ('68228-1.0.0-Description-eng', '68228-1.0.0-Description', 'Felhasználtad az adatopciódat, de még neteznél? Válaszd ezt az opciót és töltsd fel újra 2 GB adattal, amit egészen számlazárásig felhasználhatsz. Az opció ára 3 000 Ft.'); 
insert into nestedkeyvalue VALUES ('68228-1.0.0-Description-hun', '68228-1.0.0-Description', 'You run out of your extra data, but would like to stay connected? This extra data pack will give you an additional  2 GB mobile internet until the end of your current bill cycle for 3 000 Ft.'); 
insert into nestedkeyvalue VALUES ('68228-1.0.0-Description-unLocalized', '68228-1.0.0-Description', null); 
insert into keyvalue VALUES ('68228-1.0.0-Description', '68228-1.0.0', 'Post-Addon-1.0.0-Description', null); 
insert into keyvalue VALUES ('68228-1.0.0-Online_selfcare_id', '68228-1.0.0', 'Post-Addon-1.0.0-Online_selfcare_id', null); 
insert into keyvalue VALUES ('68228-1.0.0-Id', '68228-1.0.0', 'Post-Addon-1.0.0-Id', '68228'); 
insert into keyvalue VALUES ('68228-1.0.0-Type', '68228-1.0.0', 'Post-Addon-1.0.0-Type', 'One Time'); 
insert into object VALUES ('68229-1.0.0', '68229'); 
insert into nestedkeyvalue VALUES ('68229-1.0.0-PSMCodes-Deactivation', '68229-1.0.0-PSMCodes', 'XUZLETI10GB'); 
insert into nestedkeyvalue VALUES ('68229-1.0.0-PSMCodes-Activation', '68229-1.0.0-PSMCodes', 'UZLETI10GB'); 
insert into keyvalue VALUES ('68229-1.0.0-PSMCodes', '68229-1.0.0', 'Post-Addon-1.0.0-PSMCodes', null); 
insert into objectrelation VALUES ('68229-1.0.0-Refill_ids-O_KREF_5084c74', '68229-1.0.0-Refill_ids', 'O_KREF_5084c74-1.0.0'); 
insert into keyvalue VALUES ('68229-1.0.0-Refill_ids', '68229-1.0.0', 'Post-Addon-1.0.0-Refill_ids', null); 
insert into keyvalue VALUES ('68229-1.0.0-Featured', '68229-1.0.0', 'Post-Addon-1.0.0-Featured', 'false'); 
insert into keyvalue VALUES ('68229-1.0.0-Unlimited', '68229-1.0.0', 'Post-Addon-1.0.0-Unlimited', 'false'); 
insert into keyvalue VALUES ('68229-1.0.0-Price', '68229-1.0.0', 'Post-Addon-1.0.0-Price', '6000'); 
insert into keyvalue VALUES ('68229-1.0.0-Data_usage_mb', '68229-1.0.0', 'Post-Addon-1.0.0-Data_usage_mb', '10240'); 
insert into keyvalue VALUES ('68229-1.0.0-Active', '68229-1.0.0', 'Post-Addon-1.0.0-Active', 'true'); 
insert into nestedkeyvalue VALUES ('68229-1.0.0-Name-def', '68229-1.0.0-Name', 'Uzleti PluszAdat 10GB'); 
insert into nestedkeyvalue VALUES ('68229-1.0.0-Name-eng', '68229-1.0.0-Name', 'Uzleti PluszAdat 10GB'); 
insert into nestedkeyvalue VALUES ('68229-1.0.0-Name-hun', '68229-1.0.0-Name', 'Business Add-on 10GB'); 
insert into nestedkeyvalue VALUES ('68229-1.0.0-Name-unLocalized', '68229-1.0.0-Name', null); 
insert into keyvalue VALUES ('68229-1.0.0-Name', '68229-1.0.0', 'Post-Addon-1.0.0-Name', null); 
insert into nestedkeyvalue VALUES ('68229-1.0.0-Description-def', '68229-1.0.0-Description', 'Felhasználtad az adatopciódat, de még neteznél? Válaszd ezt az opciót és töltsd fel újra 10 GB adattal, amit egészen számlazárásig felhasználhatsz. Az opció ára 6 000 Ft.'); 
insert into nestedkeyvalue VALUES ('68229-1.0.0-Description-eng', '68229-1.0.0-Description', 'Felhasználtad az adatopciódat, de még neteznél? Válaszd ezt az opciót és töltsd fel újra 10 GB adattal, amit egészen számlazárásig felhasználhatsz. Az opció ára 6 000 Ft.'); 
insert into nestedkeyvalue VALUES ('68229-1.0.0-Description-hun', '68229-1.0.0-Description', 'You run out of your extra data, but would like to stay connected? This extra data pack will give you an additional  10 GB mobile internet until the end of your current bill cycle for 6 000 Ft.'); 
insert into nestedkeyvalue VALUES ('68229-1.0.0-Description-unLocalized', '68229-1.0.0-Description', null); 
insert into keyvalue VALUES ('68229-1.0.0-Description', '68229-1.0.0', 'Post-Addon-1.0.0-Description', null); 
insert into keyvalue VALUES ('68229-1.0.0-Online_selfcare_id', '68229-1.0.0', 'Post-Addon-1.0.0-Online_selfcare_id', null); 
insert into keyvalue VALUES ('68229-1.0.0-Id', '68229-1.0.0', 'Post-Addon-1.0.0-Id', '68229'); 
insert into keyvalue VALUES ('68229-1.0.0-Type', '68229-1.0.0', 'Post-Addon-1.0.0-Type', 'One Time'); 
insert into object VALUES ('68230-1.0.0', '68230'); 
insert into nestedkeyvalue VALUES ('68230-1.0.0-PSMCodes-Deactivation', '68230-1.0.0-PSMCodes', 'XUZLETI30GB'); 
insert into nestedkeyvalue VALUES ('68230-1.0.0-PSMCodes-Activation', '68230-1.0.0-PSMCodes', 'UZLETI30GB'); 
insert into keyvalue VALUES ('68230-1.0.0-PSMCodes', '68230-1.0.0', 'Post-Addon-1.0.0-PSMCodes', null); 
insert into objectrelation VALUES ('68230-1.0.0-Refill_ids-O_KREF_10169c49', '68230-1.0.0-Refill_ids', 'O_KREF_10169c49-1.0.0'); 
insert into keyvalue VALUES ('68230-1.0.0-Refill_ids', '68230-1.0.0', 'Post-Addon-1.0.0-Refill_ids', null); 
insert into keyvalue VALUES ('68230-1.0.0-Featured', '68230-1.0.0', 'Post-Addon-1.0.0-Featured', 'false'); 
insert into keyvalue VALUES ('68230-1.0.0-Unlimited', '68230-1.0.0', 'Post-Addon-1.0.0-Unlimited', 'false'); 
insert into keyvalue VALUES ('68230-1.0.0-Price', '68230-1.0.0', 'Post-Addon-1.0.0-Price', '12000'); 
insert into keyvalue VALUES ('68230-1.0.0-Data_usage_mb', '68230-1.0.0', 'Post-Addon-1.0.0-Data_usage_mb', '30720'); 
insert into keyvalue VALUES ('68230-1.0.0-Active', '68230-1.0.0', 'Post-Addon-1.0.0-Active', 'true'); 
insert into nestedkeyvalue VALUES ('68230-1.0.0-Name-def', '68230-1.0.0-Name', 'Uzleti PluszAdat 30GB'); 
insert into nestedkeyvalue VALUES ('68230-1.0.0-Name-eng', '68230-1.0.0-Name', 'Uzleti PluszAdat 30GB'); 
insert into nestedkeyvalue VALUES ('68230-1.0.0-Name-hun', '68230-1.0.0-Name', 'Business Add-on 30GB'); 
insert into nestedkeyvalue VALUES ('68230-1.0.0-Name-unLocalized', '68230-1.0.0-Name', null); 
insert into keyvalue VALUES ('68230-1.0.0-Name', '68230-1.0.0', 'Post-Addon-1.0.0-Name', null); 
insert into nestedkeyvalue VALUES ('68230-1.0.0-Description-def', '68230-1.0.0-Description', 'Felhasználtad az adatopciódat, de még neteznél? Válaszd ezt az opciót és töltsd fel újra 30 GB adattal, amit egészen számlazárásig felhasználhatsz. Az opció ára 12 000 Ft.'); 
insert into nestedkeyvalue VALUES ('68230-1.0.0-Description-eng', '68230-1.0.0-Description', 'Felhasználtad az adatopciódat, de még neteznél? Válaszd ezt az opciót és töltsd fel újra 30 GB adattal, amit egészen számlazárásig felhasználhatsz. Az opció ára 12 000 Ft.'); 
insert into nestedkeyvalue VALUES ('68230-1.0.0-Description-hun', '68230-1.0.0-Description', 'You run out of your extra data, but would like to stay connected? This extra data pack will give you an additional  30 GB mobile internet until the end of your current bill cycle for 12 000 Ft.'); 
insert into nestedkeyvalue VALUES ('68230-1.0.0-Description-unLocalized', '68230-1.0.0-Description', null); 
insert into keyvalue VALUES ('68230-1.0.0-Description', '68230-1.0.0', 'Post-Addon-1.0.0-Description', null); 
insert into keyvalue VALUES ('68230-1.0.0-Online_selfcare_id', '68230-1.0.0', 'Post-Addon-1.0.0-Online_selfcare_id', null); 
insert into keyvalue VALUES ('68230-1.0.0-Id', '68230-1.0.0', 'Post-Addon-1.0.0-Id', '68230'); 
insert into keyvalue VALUES ('68230-1.0.0-Type', '68230-1.0.0', 'Post-Addon-1.0.0-Type', 'One Time'); 
insert into object VALUES ('68124-1.0.0', '68124'); 
insert into nestedkeyvalue VALUES ('68124-1.0.0-PSMCodes-Deactivation', '68124-1.0.0-PSMCodes', 'XUZLETI2GBMEGUJULO'); 
insert into nestedkeyvalue VALUES ('68124-1.0.0-PSMCodes-Activation', '68124-1.0.0-PSMCodes', 'UZLETI2GBMEGUJULO'); 
insert into keyvalue VALUES ('68124-1.0.0-PSMCodes', '68124-1.0.0', 'Post-Addon-1.0.0-PSMCodes', null); 
insert into keyvalue VALUES ('68124-1.0.0-Refill_ids', '68124-1.0.0', 'Post-Addon-1.0.0-Refill_ids', null); 
insert into keyvalue VALUES ('68124-1.0.0-Featured', '68124-1.0.0', 'Post-Addon-1.0.0-Featured', 'false'); 
insert into keyvalue VALUES ('68124-1.0.0-Unlimited', '68124-1.0.0', 'Post-Addon-1.0.0-Unlimited', 'false'); 
insert into keyvalue VALUES ('68124-1.0.0-Price', '68124-1.0.0', 'Post-Addon-1.0.0-Price', '1500'); 
insert into keyvalue VALUES ('68124-1.0.0-Data_usage_mb', '68124-1.0.0', 'Post-Addon-1.0.0-Data_usage_mb', '2048'); 
insert into keyvalue VALUES ('68124-1.0.0-Active', '68124-1.0.0', 'Post-Addon-1.0.0-Active', 'false'); 
insert into nestedkeyvalue VALUES ('68124-1.0.0-Name-def', '68124-1.0.0-Name', ' 2GB KIEGÉSZÍTŐ ADAT'); 
insert into nestedkeyvalue VALUES ('68124-1.0.0-Name-eng', '68124-1.0.0-Name', ' 2GB KIEGÉSZÍTŐ ADAT'); 
insert into nestedkeyvalue VALUES ('68124-1.0.0-Name-hun', '68124-1.0.0-Name', '2GB EXTRA DATA'); 
insert into nestedkeyvalue VALUES ('68124-1.0.0-Name-unLocalized', '68124-1.0.0-Name', null); 
insert into keyvalue VALUES ('68124-1.0.0-Name', '68124-1.0.0', 'Post-Addon-1.0.0-Name', null); 
insert into nestedkeyvalue VALUES ('68124-1.0.0-Description-def', '68124-1.0.0-Description', 'Felhasználtad az adatopciódat, de még neteznél? Válaszd ezt az opciót és töltsd fel újra 2GB adattal, amit egészen számlazárásig felhasználhatsz. Az opció ára 1 500 Ft.'); 
insert into nestedkeyvalue VALUES ('68124-1.0.0-Description-eng', '68124-1.0.0-Description', 'Felhasználtad az adatopciódat, de még neteznél? Válaszd ezt az opciót és töltsd fel újra 2GB adattal, amit egészen számlazárásig felhasználhatsz. Az opció ára 1 500 Ft.'); 
insert into nestedkeyvalue VALUES ('68124-1.0.0-Description-hun', '68124-1.0.0-Description', 'You run out of your extra data, but would like to stay connected? This extra data pack will give you an additional  2 GB mobile internet until the end of your current bill cycle for 1 500 Ft.'); 
insert into nestedkeyvalue VALUES ('68124-1.0.0-Description-unLocalized', '68124-1.0.0-Description', null); 
insert into keyvalue VALUES ('68124-1.0.0-Description', '68124-1.0.0', 'Post-Addon-1.0.0-Description', null); 
insert into keyvalue VALUES ('68124-1.0.0-Online_selfcare_id', '68124-1.0.0', 'Post-Addon-1.0.0-Online_selfcare_id', null); 
insert into keyvalue VALUES ('68124-1.0.0-Id', '68124-1.0.0', 'Post-Addon-1.0.0-Id', '68124'); 
insert into keyvalue VALUES ('68124-1.0.0-Type', '68124-1.0.0', 'Post-Addon-1.0.0-Type', 'Recurring'); 
insert into object VALUES ('68125-1.0.0', '68125'); 
insert into nestedkeyvalue VALUES ('68125-1.0.0-PSMCodes-Deactivation', '68125-1.0.0-PSMCodes', 'XUZLETI20GBMEGUJULO'); 
insert into nestedkeyvalue VALUES ('68125-1.0.0-PSMCodes-Activation', '68125-1.0.0-PSMCodes', 'UZLETI20GBMEGUJULO'); 
insert into keyvalue VALUES ('68125-1.0.0-PSMCodes', '68125-1.0.0', 'Post-Addon-1.0.0-PSMCodes', null); 
insert into keyvalue VALUES ('68125-1.0.0-Refill_ids', '68125-1.0.0', 'Post-Addon-1.0.0-Refill_ids', null); 
insert into keyvalue VALUES ('68125-1.0.0-Featured', '68125-1.0.0', 'Post-Addon-1.0.0-Featured', 'false'); 
insert into keyvalue VALUES ('68125-1.0.0-Unlimited', '68125-1.0.0', 'Post-Addon-1.0.0-Unlimited', 'false'); 
insert into keyvalue VALUES ('68125-1.0.0-Price', '68125-1.0.0', 'Post-Addon-1.0.0-Price', '8000'); 
insert into keyvalue VALUES ('68125-1.0.0-Data_usage_mb', '68125-1.0.0', 'Post-Addon-1.0.0-Data_usage_mb', '20480'); 
insert into keyvalue VALUES ('68125-1.0.0-Active', '68125-1.0.0', 'Post-Addon-1.0.0-Active', 'false'); 
insert into nestedkeyvalue VALUES ('68125-1.0.0-Name-def', '68125-1.0.0-Name', ' 20GB KIEGÉSZÍTŐ ADAT'); 
insert into nestedkeyvalue VALUES ('68125-1.0.0-Name-eng', '68125-1.0.0-Name', ' 20GB KIEGÉSZÍTŐ ADAT'); 
insert into nestedkeyvalue VALUES ('68125-1.0.0-Name-hun', '68125-1.0.0-Name', '20GB EXTRA DATA'); 
insert into nestedkeyvalue VALUES ('68125-1.0.0-Name-unLocalized', '68125-1.0.0-Name', null); 
insert into keyvalue VALUES ('68125-1.0.0-Name', '68125-1.0.0', 'Post-Addon-1.0.0-Name', null); 
insert into nestedkeyvalue VALUES ('68125-1.0.0-Description-def', '68125-1.0.0-Description', 'Felhasználtad az adatopciódat, de még neteznél? Válaszd ezt az opciót és töltsd fel újra 20GB adattal, amit egészen számlazárásig felhasználhatsz. Az opció ára 8 000 Ft.'); 
insert into nestedkeyvalue VALUES ('68125-1.0.0-Description-eng', '68125-1.0.0-Description', 'Felhasználtad az adatopciódat, de még neteznél? Válaszd ezt az opciót és töltsd fel újra 20GB adattal, amit egészen számlazárásig felhasználhatsz. Az opció ára 8 000 Ft.'); 
insert into nestedkeyvalue VALUES ('68125-1.0.0-Description-hun', '68125-1.0.0-Description', 'You run out of your extra data, but would like to stay connected? This extra data pack will give you an additional  20 GB mobile internet until the end of your current bill cycle for 8 000 Ft.'); 
insert into nestedkeyvalue VALUES ('68125-1.0.0-Description-unLocalized', '68125-1.0.0-Description', null); 
insert into keyvalue VALUES ('68125-1.0.0-Description', '68125-1.0.0', 'Post-Addon-1.0.0-Description', null); 
insert into keyvalue VALUES ('68125-1.0.0-Online_selfcare_id', '68125-1.0.0', 'Post-Addon-1.0.0-Online_selfcare_id', null); 
insert into keyvalue VALUES ('68125-1.0.0-Id', '68125-1.0.0', 'Post-Addon-1.0.0-Id', '68125'); 
insert into keyvalue VALUES ('68125-1.0.0-Type', '68125-1.0.0', 'Post-Addon-1.0.0-Type', 'Recurring'); 
insert into object VALUES ('68308-1.0.0', '68308'); 
insert into nestedkeyvalue VALUES ('68308-1.0.0-PSMCodes-Deactivation', '68308-1.0.0-PSMCodes', 'XPLUSZ5GB-2EV-HS'); 
insert into nestedkeyvalue VALUES ('68308-1.0.0-PSMCodes-Activation', '68308-1.0.0-PSMCodes', 'PLUSZ5GB-2EV-HS'); 
insert into keyvalue VALUES ('68308-1.0.0-PSMCodes', '68308-1.0.0', 'Post-Addon-1.0.0-PSMCodes', null); 
insert into objectrelation VALUES ('68308-1.0.0-Refill_ids-O_REFIL_2542c37', '68308-1.0.0-Refill_ids', 'O_REFIL_2542c37-1.0.0'); 
insert into keyvalue VALUES ('68308-1.0.0-Refill_ids', '68308-1.0.0', 'Post-Addon-1.0.0-Refill_ids', null); 
insert into keyvalue VALUES ('68308-1.0.0-Featured', '68308-1.0.0', 'Post-Addon-1.0.0-Featured', 'false'); 
insert into keyvalue VALUES ('68308-1.0.0-Unlimited', '68308-1.0.0', 'Post-Addon-1.0.0-Unlimited', 'false'); 
insert into keyvalue VALUES ('68308-1.0.0-Price', '68308-1.0.0', 'Post-Addon-1.0.0-Price', '6000'); 
insert into keyvalue VALUES ('68308-1.0.0-Data_usage_mb', '68308-1.0.0', 'Post-Addon-1.0.0-Data_usage_mb', '5120'); 
insert into keyvalue VALUES ('68308-1.0.0-Active', '68308-1.0.0', 'Post-Addon-1.0.0-Active', 'false'); 
insert into nestedkeyvalue VALUES ('68308-1.0.0-Name-def', '68308-1.0.0-Name', 'Megújuló PluszAdat 5GB'); 
insert into nestedkeyvalue VALUES ('68308-1.0.0-Name-eng', '68308-1.0.0-Name', 'Megújuló PluszAdat 5GB'); 
insert into nestedkeyvalue VALUES ('68308-1.0.0-Name-hun', '68308-1.0.0-Name', 'Recurring PluszAdat 5GB'); 
insert into nestedkeyvalue VALUES ('68308-1.0.0-Name-unLocalized', '68308-1.0.0-Name', null); 
insert into keyvalue VALUES ('68308-1.0.0-Name', '68308-1.0.0', 'Post-Addon-1.0.0-Name', null); 
insert into nestedkeyvalue VALUES ('68308-1.0.0-Description-def', '68308-1.0.0-Description', 'Ezzel a kiegészítő adatopcióval 5GB-tal növelheted az adatforgalmadat az Automatikus PluszAdat opciódba foglalt adatmennyiségeden felül. A kiegészítő opció minden hónapban megújul, így nem kell minden hónapban megrendelned újra.'); 
insert into nestedkeyvalue VALUES ('68308-1.0.0-Description-eng', '68308-1.0.0-Description', 'Ezzel a kiegészítő adatopcióval 5GB-tal növelheted az adatforgalmadat az Automatikus PluszAdat opciódba foglalt adatmennyiségeden felül. A kiegészítő opció minden hónapban megújul, így nem kell minden hónapban megrendelned újra.'); 
insert into nestedkeyvalue VALUES ('68308-1.0.0-Description-hun', '68308-1.0.0-Description', 'This extra data pack will give you an additional 5GB of mobile internet (on top of the data already included in your tariff or Automatikus PluszAdat option). It will be activated every month at the start of your billing period so you don't have to worry about purchasing extra data every month - after you run out!'); 
insert into nestedkeyvalue VALUES ('68308-1.0.0-Description-unLocalized', '68308-1.0.0-Description', null); 
insert into keyvalue VALUES ('68308-1.0.0-Description', '68308-1.0.0', 'Post-Addon-1.0.0-Description', null); 
insert into keyvalue VALUES ('68308-1.0.0-Online_selfcare_id', '68308-1.0.0', 'Post-Addon-1.0.0-Online_selfcare_id', null); 
insert into keyvalue VALUES ('68308-1.0.0-Id', '68308-1.0.0', 'Post-Addon-1.0.0-Id', '68308'); 
insert into keyvalue VALUES ('68308-1.0.0-Type', '68308-1.0.0', 'Post-Addon-1.0.0-Type', 'Recurring'); 
insert into object VALUES ('64033-1.0.0', '64033'); 
insert into nestedkeyvalue VALUES ('64033-1.0.0-PSMCodes-Deactivation', '64033-1.0.0-PSMCodes', null); 
insert into nestedkeyvalue VALUES ('64033-1.0.0-PSMCodes-Activation', '64033-1.0.0-PSMCodes', null); 
insert into keyvalue VALUES ('64033-1.0.0-PSMCodes', '64033-1.0.0', 'Post-Addon-1.0.0-PSMCodes', null); 
insert into keyvalue VALUES ('64033-1.0.0-Refill_ids', '64033-1.0.0', 'Post-Addon-1.0.0-Refill_ids', null); 
insert into keyvalue VALUES ('64033-1.0.0-Data_usage_mb', '64033-1.0.0', 'Post-Addon-1.0.0-Data_usage_mb', '5120'); 
insert into keyvalue VALUES ('64033-1.0.0-Price', '64033-1.0.0', 'Post-Addon-1.0.0-Price', '2500'); 
insert into keyvalue VALUES ('64033-1.0.0-Active', '64033-1.0.0', 'Post-Addon-1.0.0-Active', 'true'); 
insert into nestedkeyvalue VALUES ('64033-1.0.0-Description-def', '64033-1.0.0-Description', 'Ezzel a kiegészítő adatopcióval 5GB-tal növelheted az adatforgalmadat havi 2500 Ft-ért a tarifádban foglalt adatmennyiségeden felül. A kiegészítő opció minden hónapban megújul, így nem kell minden hónapban megrendelned újra.'); 
insert into nestedkeyvalue VALUES ('64033-1.0.0-Description-eng', '64033-1.0.0-Description', 'Ezzel a kiegészítő adatopcióval 5GB-tal növelheted az adatforgalmadat havi 2500 Ft-ért a tarifádban foglalt adatmennyiségeden felül. A kiegészítő opció minden hónapban megújul, így nem kell minden hónapban megrendelned újra.'); 
insert into nestedkeyvalue VALUES ('64033-1.0.0-Description-hun', '64033-1.0.0-Description', 'This extra data pack will give you an additional 5GB of mobile internet (on top of the data already included in your tariff) for 2500 Ft. It will be activated every month at the start of your billing period so you don't have to worry about purchasing extra data every month - after you run out!'); 
insert into nestedkeyvalue VALUES ('64033-1.0.0-Description-unLocalized', '64033-1.0.0-Description', null); 
insert into keyvalue VALUES ('64033-1.0.0-Description', '64033-1.0.0', 'Post-Addon-1.0.0-Description', null); 
insert into keyvalue VALUES ('64033-1.0.0-Online_selfcare_id', '64033-1.0.0', 'Post-Addon-1.0.0-Online_selfcare_id', null); 
insert into keyvalue VALUES ('64033-1.0.0-Featured', '64033-1.0.0', 'Post-Addon-1.0.0-Featured', 'false'); 
insert into keyvalue VALUES ('64033-1.0.0-Id', '64033-1.0.0', 'Post-Addon-1.0.0-Id', '64033'); 
insert into keyvalue VALUES ('64033-1.0.0-Type', '64033-1.0.0', 'Post-Addon-1.0.0-Type', 'Recurring'); 
insert into nestedkeyvalue VALUES ('64033-1.0.0-Name-def', '64033-1.0.0-Name', 'PluszAdat 5 GB havonta megújuló adatforgalom'); 
insert into nestedkeyvalue VALUES ('64033-1.0.0-Name-eng', '64033-1.0.0-Name', 'PluszAdat 5 GB havonta megújuló adatforgalom'); 
insert into nestedkeyvalue VALUES ('64033-1.0.0-Name-hun', '64033-1.0.0-Name', 'PluszAdat 5 GB monthly recurring data'); 
insert into nestedkeyvalue VALUES ('64033-1.0.0-Name-unLocalized', '64033-1.0.0-Name', null); 
insert into keyvalue VALUES ('64033-1.0.0-Name', '64033-1.0.0', 'Post-Addon-1.0.0-Name', null); 
insert into object VALUES ('68501-1.0.0', '68501'); 
insert into nestedkeyvalue VALUES ('68501-1.0.0-PSMCodes-Deactivation', '68501-1.0.0-PSMCodes', 'XPLUSZ1GB-C'); 
insert into nestedkeyvalue VALUES ('68501-1.0.0-PSMCodes-Activation', '68501-1.0.0-PSMCodes', 'PLUSZ1GB-C'); 
insert into keyvalue VALUES ('68501-1.0.0-PSMCodes', '68501-1.0.0', 'Post-Addon-1.0.0-PSMCodes', null); 
insert into keyvalue VALUES ('68501-1.0.0-Refill_ids', '68501-1.0.0', 'Post-Addon-1.0.0-Refill_ids', null); 
insert into keyvalue VALUES ('68501-1.0.0-Featured', '68501-1.0.0', 'Post-Addon-1.0.0-Featured', 'false'); 
insert into keyvalue VALUES ('68501-1.0.0-Unlimited', '68501-1.0.0', 'Post-Addon-1.0.0-Unlimited', 'false'); 
insert into keyvalue VALUES ('68501-1.0.0-Price', '68501-1.0.0', 'Post-Addon-1.0.0-Price', '0'); 
insert into keyvalue VALUES ('68501-1.0.0-Data_usage_mb', '68501-1.0.0', 'Post-Addon-1.0.0-Data_usage_mb', '1024'); 
insert into keyvalue VALUES ('68501-1.0.0-Active', '68501-1.0.0', 'Post-Addon-1.0.0-Active', 'false'); 
insert into nestedkeyvalue VALUES ('68501-1.0.0-Name-def', '68501-1.0.0-Name', 'Megújuló PlusAdat 1GB'); 
insert into nestedkeyvalue VALUES ('68501-1.0.0-Name-eng', '68501-1.0.0-Name', 'Megújuló PlusAdat 1GB'); 
insert into nestedkeyvalue VALUES ('68501-1.0.0-Name-hun', '68501-1.0.0-Name', 'Recurring PlusAdat 1GB'); 
insert into nestedkeyvalue VALUES ('68501-1.0.0-Name-unLocalized', '68501-1.0.0-Name', null); 
insert into keyvalue VALUES ('68501-1.0.0-Name', '68501-1.0.0', 'Post-Addon-1.0.0-Name', null); 
insert into nestedkeyvalue VALUES ('68501-1.0.0-Description-def', '68501-1.0.0-Description', 'Ezzel a kiegészítő adatopcióval 1GB-tal növelheted az adatforgalmadat az Automatikus PluszAdat opciódba foglalt adatmennyiségeden felül. A kiegészítő opció minden hónapban megújul, így nem kell minden hónapban megrendelned újra.'); 
insert into nestedkeyvalue VALUES ('68501-1.0.0-Description-eng', '68501-1.0.0-Description', 'Ezzel a kiegészítő adatopcióval 1GB-tal növelheted az adatforgalmadat az Automatikus PluszAdat opciódba foglalt adatmennyiségeden felül. A kiegészítő opció minden hónapban megújul, így nem kell minden hónapban megrendelned újra.'); 
insert into nestedkeyvalue VALUES ('68501-1.0.0-Description-hun', '68501-1.0.0-Description', 'This extra data pack will give you an additional 1GB of mobile internet (on top of the data already included in your tariff or Automatikus PluszAdat option). It will be activated every month at the start of your billing period so you don't have to worry about purchasing extra data every month - after you run out!'); 
insert into nestedkeyvalue VALUES ('68501-1.0.0-Description-unLocalized', '68501-1.0.0-Description', null); 
insert into keyvalue VALUES ('68501-1.0.0-Description', '68501-1.0.0', 'Post-Addon-1.0.0-Description', null); 
insert into keyvalue VALUES ('68501-1.0.0-Online_selfcare_id', '68501-1.0.0', 'Post-Addon-1.0.0-Online_selfcare_id', null); 
insert into keyvalue VALUES ('68501-1.0.0-Id', '68501-1.0.0', 'Post-Addon-1.0.0-Id', '68501'); 
insert into keyvalue VALUES ('68501-1.0.0-Type', '68501-1.0.0', 'Post-Addon-1.0.0-Type', 'Recurring'); 
insert into object VALUES ('68498-1.0.0', '68498'); 
insert into nestedkeyvalue VALUES ('68498-1.0.0-PSMCodes-Deactivation', '68498-1.0.0-PSMCodes', 'XPLUSZ1GB-10HO'); 
insert into nestedkeyvalue VALUES ('68498-1.0.0-PSMCodes-Activation', '68498-1.0.0-PSMCodes', 'PLUSZ1GB-10HO'); 
insert into keyvalue VALUES ('68498-1.0.0-PSMCodes', '68498-1.0.0', 'Post-Addon-1.0.0-PSMCodes', null); 
insert into keyvalue VALUES ('68498-1.0.0-Refill_ids', '68498-1.0.0', 'Post-Addon-1.0.0-Refill_ids', null); 
insert into keyvalue VALUES ('68498-1.0.0-Featured', '68498-1.0.0', 'Post-Addon-1.0.0-Featured', 'false'); 
insert into keyvalue VALUES ('68498-1.0.0-Unlimited', '68498-1.0.0', 'Post-Addon-1.0.0-Unlimited', 'false'); 
insert into keyvalue VALUES ('68498-1.0.0-Price', '68498-1.0.0', 'Post-Addon-1.0.0-Price', '0'); 
insert into keyvalue VALUES ('68498-1.0.0-Data_usage_mb', '68498-1.0.0', 'Post-Addon-1.0.0-Data_usage_mb', '1024'); 
insert into keyvalue VALUES ('68498-1.0.0-Active', '68498-1.0.0', 'Post-Addon-1.0.0-Active', 'false'); 
insert into nestedkeyvalue VALUES ('68498-1.0.0-Name-def', '68498-1.0.0-Name', 'Megújuló PlusAdat 1GB (10 hó)'); 
insert into nestedkeyvalue VALUES ('68498-1.0.0-Name-eng', '68498-1.0.0-Name', 'Megújuló PlusAdat 1GB (10 hó)'); 
insert into nestedkeyvalue VALUES ('68498-1.0.0-Name-hun', '68498-1.0.0-Name', 'Recurring PlusAdat 1GB (10 month)'); 
insert into nestedkeyvalue VALUES ('68498-1.0.0-Name-unLocalized', '68498-1.0.0-Name', null); 
insert into keyvalue VALUES ('68498-1.0.0-Name', '68498-1.0.0', 'Post-Addon-1.0.0-Name', null); 
insert into nestedkeyvalue VALUES ('68498-1.0.0-Description-def', '68498-1.0.0-Description', 'Ezzel a kiegészítő adatopcióval 1GB-tal növelheted az adatforgalmadat az Automatikus PluszAdat opciódba foglalt adatmennyiségeden felül. A kiegészítő opció minden hónapban megújul, így nem kell minden hónapban megrendelned újra.'); 
insert into nestedkeyvalue VALUES ('68498-1.0.0-Description-eng', '68498-1.0.0-Description', 'Ezzel a kiegészítő adatopcióval 1GB-tal növelheted az adatforgalmadat az Automatikus PluszAdat opciódba foglalt adatmennyiségeden felül. A kiegészítő opció minden hónapban megújul, így nem kell minden hónapban megrendelned újra.'); 
insert into nestedkeyvalue VALUES ('68498-1.0.0-Description-hun', '68498-1.0.0-Description', 'This extra data pack will give you an additional 1GB of mobile internet (on top of the data already included in your tariff or Automatikus PluszAdat option). It will be activated every month at the start of your billing period so you don't have to worry about purchasing extra data every month - after you run out!'); 
insert into nestedkeyvalue VALUES ('68498-1.0.0-Description-unLocalized', '68498-1.0.0-Description', null); 
insert into keyvalue VALUES ('68498-1.0.0-Description', '68498-1.0.0', 'Post-Addon-1.0.0-Description', null); 
insert into keyvalue VALUES ('68498-1.0.0-Online_selfcare_id', '68498-1.0.0', 'Post-Addon-1.0.0-Online_selfcare_id', null); 
insert into keyvalue VALUES ('68498-1.0.0-Id', '68498-1.0.0', 'Post-Addon-1.0.0-Id', '68498'); 
insert into keyvalue VALUES ('68498-1.0.0-Type', '68498-1.0.0', 'Post-Addon-1.0.0-Type', 'Recurring'); 
insert into object VALUES ('68899-1.0.0', '68899'); 
insert into nestedkeyvalue VALUES ('68899-1.0.0-PSMCodes-Deactivation', '68899-1.0.0-PSMCodes', 'XPLUSZ2GB-10HO'); 
insert into nestedkeyvalue VALUES ('68899-1.0.0-PSMCodes-Activation', '68899-1.0.0-PSMCodes', 'PLUSZ2GB-10HO'); 
insert into keyvalue VALUES ('68899-1.0.0-PSMCodes', '68899-1.0.0', 'Post-Addon-1.0.0-PSMCodes', null); 
insert into keyvalue VALUES ('68899-1.0.0-Refill_ids', '68899-1.0.0', 'Post-Addon-1.0.0-Refill_ids', null); 
insert into keyvalue VALUES ('68899-1.0.0-Featured', '68899-1.0.0', 'Post-Addon-1.0.0-Featured', 'false'); 
insert into keyvalue VALUES ('68899-1.0.0-Unlimited', '68899-1.0.0', 'Post-Addon-1.0.0-Unlimited', 'false'); 
insert into keyvalue VALUES ('68899-1.0.0-Price', '68899-1.0.0', 'Post-Addon-1.0.0-Price', '0'); 
insert into keyvalue VALUES ('68899-1.0.0-Data_usage_mb', '68899-1.0.0', 'Post-Addon-1.0.0-Data_usage_mb', '2048'); 
insert into keyvalue VALUES ('68899-1.0.0-Active', '68899-1.0.0', 'Post-Addon-1.0.0-Active', 'false'); 
insert into nestedkeyvalue VALUES ('68899-1.0.0-Name-def', '68899-1.0.0-Name', 'Megújuló PlusAdat 2GB (10 hó)'); 
insert into nestedkeyvalue VALUES ('68899-1.0.0-Name-eng', '68899-1.0.0-Name', 'Megújuló PlusAdat 2GB (10 hó)'); 
insert into nestedkeyvalue VALUES ('68899-1.0.0-Name-hun', '68899-1.0.0-Name', 'Recurring PlusAdat 2GB (10 month)'); 
insert into nestedkeyvalue VALUES ('68899-1.0.0-Name-unLocalized', '68899-1.0.0-Name', null); 
insert into keyvalue VALUES ('68899-1.0.0-Name', '68899-1.0.0', 'Post-Addon-1.0.0-Name', null); 
insert into nestedkeyvalue VALUES ('68899-1.0.0-Description-def', '68899-1.0.0-Description', 'Ezzel a kiegészítő adatopcióval 2GB-tal növelheted az adatforgalmadat az Automatikus PluszAdat opciódba foglalt adatmennyiségeden felül. A kiegészítő opció minden hónapban megújul, így nem kell minden hónapban megrendelned újra.'); 
insert into nestedkeyvalue VALUES ('68899-1.0.0-Description-eng', '68899-1.0.0-Description', 'Ezzel a kiegészítő adatopcióval 2GB-tal növelheted az adatforgalmadat az Automatikus PluszAdat opciódba foglalt adatmennyiségeden felül. A kiegészítő opció minden hónapban megújul, így nem kell minden hónapban megrendelned újra.'); 
insert into nestedkeyvalue VALUES ('68899-1.0.0-Description-hun', '68899-1.0.0-Description', 'This extra data pack will give you an additional 2GB of mobile internet (on top of the data already included in your tariff or Automatikus PluszAdat option). It will be activated every month at the start of your billing period so you don't have to worry about purchasing extra data every month - after you run out!'); 
insert into nestedkeyvalue VALUES ('68899-1.0.0-Description-unLocalized', '68899-1.0.0-Description', null); 
insert into keyvalue VALUES ('68899-1.0.0-Description', '68899-1.0.0', 'Post-Addon-1.0.0-Description', null); 
insert into keyvalue VALUES ('68899-1.0.0-Online_selfcare_id', '68899-1.0.0', 'Post-Addon-1.0.0-Online_selfcare_id', null); 
insert into keyvalue VALUES ('68899-1.0.0-Id', '68899-1.0.0', 'Post-Addon-1.0.0-Id', '68899'); 
insert into keyvalue VALUES ('68899-1.0.0-Type', '68899-1.0.0', 'Post-Addon-1.0.0-Type', 'Recurring'); 
insert into object VALUES ('68900-1.0.0', '68900'); 
insert into nestedkeyvalue VALUES ('68900-1.0.0-PSMCodes-Deactivation', '68900-1.0.0-PSMCodes', 'XPLUSZ2GB-22HO'); 
insert into nestedkeyvalue VALUES ('68900-1.0.0-PSMCodes-Activation', '68900-1.0.0-PSMCodes', 'PLUSZ2GB-22HO'); 
insert into keyvalue VALUES ('68900-1.0.0-PSMCodes', '68900-1.0.0', 'Post-Addon-1.0.0-PSMCodes', null); 
insert into keyvalue VALUES ('68900-1.0.0-Refill_ids', '68900-1.0.0', 'Post-Addon-1.0.0-Refill_ids', null); 
insert into keyvalue VALUES ('68900-1.0.0-Featured', '68900-1.0.0', 'Post-Addon-1.0.0-Featured', 'false'); 
insert into keyvalue VALUES ('68900-1.0.0-Unlimited', '68900-1.0.0', 'Post-Addon-1.0.0-Unlimited', 'false'); 
insert into keyvalue VALUES ('68900-1.0.0-Price', '68900-1.0.0', 'Post-Addon-1.0.0-Price', '0'); 
insert into keyvalue VALUES ('68900-1.0.0-Data_usage_mb', '68900-1.0.0', 'Post-Addon-1.0.0-Data_usage_mb', '2048'); 
insert into keyvalue VALUES ('68900-1.0.0-Active', '68900-1.0.0', 'Post-Addon-1.0.0-Active', 'false'); 
insert into nestedkeyvalue VALUES ('68900-1.0.0-Name-def', '68900-1.0.0-Name', 'Megújuló PlusAdat 2GB (22 hó)'); 
insert into nestedkeyvalue VALUES ('68900-1.0.0-Name-eng', '68900-1.0.0-Name', 'Megújuló PlusAdat 2GB (22 hó)'); 
insert into nestedkeyvalue VALUES ('68900-1.0.0-Name-hun', '68900-1.0.0-Name', 'Recurring PlusAdat 2GB (22 month)'); 
insert into nestedkeyvalue VALUES ('68900-1.0.0-Name-unLocalized', '68900-1.0.0-Name', null); 
insert into keyvalue VALUES ('68900-1.0.0-Name', '68900-1.0.0', 'Post-Addon-1.0.0-Name', null); 
insert into nestedkeyvalue VALUES ('68900-1.0.0-Description-def', '68900-1.0.0-Description', 'Ezzel a kiegészítő adatopcióval 2GB-tal növelheted az adatforgalmadat az Automatikus PluszAdat opciódba foglalt adatmennyiségeden felül. A kiegészítő opció minden hónapban megújul, így nem kell minden hónapban megrendelned újra.'); 
insert into nestedkeyvalue VALUES ('68900-1.0.0-Description-eng', '68900-1.0.0-Description', 'Ezzel a kiegészítő adatopcióval 2GB-tal növelheted az adatforgalmadat az Automatikus PluszAdat opciódba foglalt adatmennyiségeden felül. A kiegészítő opció minden hónapban megújul, így nem kell minden hónapban megrendelned újra.'); 
insert into nestedkeyvalue VALUES ('68900-1.0.0-Description-hun', '68900-1.0.0-Description', 'This extra data pack will give you an additional 2GB of mobile internet (on top of the data already included in your tariff or Automatikus PluszAdat option). It will be activated every month at the start of your billing period so you don't have to worry about purchasing extra data every month - after you run out!'); 
insert into nestedkeyvalue VALUES ('68900-1.0.0-Description-unLocalized', '68900-1.0.0-Description', null); 
insert into keyvalue VALUES ('68900-1.0.0-Description', '68900-1.0.0', 'Post-Addon-1.0.0-Description', null); 
insert into keyvalue VALUES ('68900-1.0.0-Online_selfcare_id', '68900-1.0.0', 'Post-Addon-1.0.0-Online_selfcare_id', null); 
insert into keyvalue VALUES ('68900-1.0.0-Id', '68900-1.0.0', 'Post-Addon-1.0.0-Id', '68900'); 
insert into keyvalue VALUES ('68900-1.0.0-Type', '68900-1.0.0', 'Post-Addon-1.0.0-Type', 'Recurring'); 
insert into object VALUES ('68500-1.0.0', '68500'); 
insert into nestedkeyvalue VALUES ('68500-1.0.0-PSMCodes-Deactivation', '68500-1.0.0-PSMCodes', 'XEXTRA5GB-C'); 
insert into nestedkeyvalue VALUES ('68500-1.0.0-PSMCodes-Activation', '68500-1.0.0-PSMCodes', 'EXTRA5GB-C'); 
insert into keyvalue VALUES ('68500-1.0.0-PSMCodes', '68500-1.0.0', 'Post-Addon-1.0.0-PSMCodes', null); 
insert into keyvalue VALUES ('68500-1.0.0-Refill_ids', '68500-1.0.0', 'Post-Addon-1.0.0-Refill_ids', null); 
insert into keyvalue VALUES ('68500-1.0.0-Featured', '68500-1.0.0', 'Post-Addon-1.0.0-Featured', 'false'); 
insert into keyvalue VALUES ('68500-1.0.0-Unlimited', '68500-1.0.0', 'Post-Addon-1.0.0-Unlimited', 'false'); 
insert into keyvalue VALUES ('68500-1.0.0-Price', '68500-1.0.0', 'Post-Addon-1.0.0-Price', '1858'); 
insert into keyvalue VALUES ('68500-1.0.0-Data_usage_mb', '68500-1.0.0', 'Post-Addon-1.0.0-Data_usage_mb', '5120'); 
insert into keyvalue VALUES ('68500-1.0.0-Active', '68500-1.0.0', 'Post-Addon-1.0.0-Active', 'false'); 
insert into nestedkeyvalue VALUES ('68500-1.0.0-Name-def', '68500-1.0.0-Name', 'Megújuló ExtraAdat 5GB'); 
insert into nestedkeyvalue VALUES ('68500-1.0.0-Name-eng', '68500-1.0.0-Name', 'Megújuló ExtraAdat 5GB'); 
insert into nestedkeyvalue VALUES ('68500-1.0.0-Name-hun', '68500-1.0.0-Name', 'ExtraData Recurring Add-on 5GB'); 
insert into nestedkeyvalue VALUES ('68500-1.0.0-Name-unLocalized', '68500-1.0.0-Name', null); 
insert into keyvalue VALUES ('68500-1.0.0-Name', '68500-1.0.0', 'Post-Addon-1.0.0-Name', null); 
insert into nestedkeyvalue VALUES ('68500-1.0.0-Description-def', '68500-1.0.0-Description', 'Válaszd ezt az adatopciót és növeld meg a tarifádban foglalt adatkeretedet 5 GB-tal, amit egészen számlazárásig felhasználhatsz. Ez az adatopció minden hónapban automatikusan megújul, így nem kell  havonta újra megrendelned és bármikor lemondhatod.'); 
insert into nestedkeyvalue VALUES ('68500-1.0.0-Description-eng', '68500-1.0.0-Description', 'Válaszd ezt az adatopciót és növeld meg a tarifádban foglalt adatkeretedet 5 GB-tal, amit egészen számlazárásig felhasználhatsz. Ez az adatopció minden hónapban automatikusan megújul, így nem kell  havonta újra megrendelned és bármikor lemondhatod.'); 
insert into nestedkeyvalue VALUES ('68500-1.0.0-Description-hun', '68500-1.0.0-Description', 'This extra data pack will give you additional 5GB of mobile internet (on top of the data already included in your tariff). It will be activated every month at the start of your billing period so you don't have to worry about purchasing extra data every month - after you run out! You can cancel this extra data pack at any time.'); 
insert into nestedkeyvalue VALUES ('68500-1.0.0-Description-unLocalized', '68500-1.0.0-Description', null); 
insert into keyvalue VALUES ('68500-1.0.0-Description', '68500-1.0.0', 'Post-Addon-1.0.0-Description', null); 
insert into keyvalue VALUES ('68500-1.0.0-Online_selfcare_id', '68500-1.0.0', 'Post-Addon-1.0.0-Online_selfcare_id', null); 
insert into keyvalue VALUES ('68500-1.0.0-Id', '68500-1.0.0', 'Post-Addon-1.0.0-Id', '68500'); 
insert into keyvalue VALUES ('68500-1.0.0-Type', '68500-1.0.0', 'Post-Addon-1.0.0-Type', 'Recurring'); 
insert into object VALUES ('68896-1.0.0', '68896'); 
insert into nestedkeyvalue VALUES ('68896-1.0.0-PSMCodes-Deactivation', '68896-1.0.0-PSMCodes', 'XEXTRA5GB-10HO'); 
insert into nestedkeyvalue VALUES ('68896-1.0.0-PSMCodes-Activation', '68896-1.0.0-PSMCodes', 'EXTRA5GB-10HO'); 
insert into keyvalue VALUES ('68896-1.0.0-PSMCodes', '68896-1.0.0', 'Post-Addon-1.0.0-PSMCodes', null); 
insert into keyvalue VALUES ('68896-1.0.0-Refill_ids', '68896-1.0.0', 'Post-Addon-1.0.0-Refill_ids', null); 
insert into keyvalue VALUES ('68896-1.0.0-Featured', '68896-1.0.0', 'Post-Addon-1.0.0-Featured', 'false'); 
insert into keyvalue VALUES ('68896-1.0.0-Unlimited', '68896-1.0.0', 'Post-Addon-1.0.0-Unlimited', 'false'); 
insert into keyvalue VALUES ('68896-1.0.0-Price', '68896-1.0.0', 'Post-Addon-1.0.0-Price', '1858'); 
insert into keyvalue VALUES ('68896-1.0.0-Data_usage_mb', '68896-1.0.0', 'Post-Addon-1.0.0-Data_usage_mb', '5120'); 
insert into keyvalue VALUES ('68896-1.0.0-Active', '68896-1.0.0', 'Post-Addon-1.0.0-Active', 'false'); 
insert into nestedkeyvalue VALUES ('68896-1.0.0-Name-def', '68896-1.0.0-Name', 'Megújuló ExtraAdat 5GB (10hó)'); 
insert into nestedkeyvalue VALUES ('68896-1.0.0-Name-eng', '68896-1.0.0-Name', 'Megújuló ExtraAdat 5GB (10hó)'); 
insert into nestedkeyvalue VALUES ('68896-1.0.0-Name-hun', '68896-1.0.0-Name', 'ExtraData Recurring Add-on 5GB (10 month)'); 
insert into nestedkeyvalue VALUES ('68896-1.0.0-Name-unLocalized', '68896-1.0.0-Name', null); 
insert into keyvalue VALUES ('68896-1.0.0-Name', '68896-1.0.0', 'Post-Addon-1.0.0-Name', null); 
insert into nestedkeyvalue VALUES ('68896-1.0.0-Description-def', '68896-1.0.0-Description', 'Válaszd ezt az adatopciót és növeld meg a tarifádban foglalt adatkeretedet 5 GB-tal, amit egészen számlazárásig felhasználhatsz. Ez az adatopció minden hónapban automatikusan megújul, így nem kell  havonta újra megrendelned és bármikor lemondhatod.'); 
insert into nestedkeyvalue VALUES ('68896-1.0.0-Description-eng', '68896-1.0.0-Description', 'Válaszd ezt az adatopciót és növeld meg a tarifádban foglalt adatkeretedet 5 GB-tal, amit egészen számlazárásig felhasználhatsz. Ez az adatopció minden hónapban automatikusan megújul, így nem kell  havonta újra megrendelned és bármikor lemondhatod.'); 
insert into nestedkeyvalue VALUES ('68896-1.0.0-Description-hun', '68896-1.0.0-Description', 'This extra data pack will give you additional 2GB of mobile internet (on top of the data already included in your tariff). It will be activated every month at the start of your billing period so you don't have to worry about purchasing extra data every month - after you run out! You can cancel this extra data pack at any time.'); 
insert into nestedkeyvalue VALUES ('68896-1.0.0-Description-unLocalized', '68896-1.0.0-Description', null); 
insert into keyvalue VALUES ('68896-1.0.0-Description', '68896-1.0.0', 'Post-Addon-1.0.0-Description', null); 
insert into keyvalue VALUES ('68896-1.0.0-Online_selfcare_id', '68896-1.0.0', 'Post-Addon-1.0.0-Online_selfcare_id', null); 
insert into keyvalue VALUES ('68896-1.0.0-Id', '68896-1.0.0', 'Post-Addon-1.0.0-Id', '68896'); 
insert into keyvalue VALUES ('68896-1.0.0-Type', '68896-1.0.0', 'Post-Addon-1.0.0-Type', 'Recurring'); 
insert into object VALUES ('68897-1.0.0', '68897'); 
insert into nestedkeyvalue VALUES ('68897-1.0.0-PSMCodes-Deactivation', '68897-1.0.0-PSMCodes', 'XEXTRA5GB-22HO'); 
insert into nestedkeyvalue VALUES ('68897-1.0.0-PSMCodes-Activation', '68897-1.0.0-PSMCodes', 'EXTRA5GB-22HO'); 
insert into keyvalue VALUES ('68897-1.0.0-PSMCodes', '68897-1.0.0', 'Post-Addon-1.0.0-PSMCodes', null); 
insert into keyvalue VALUES ('68897-1.0.0-Refill_ids', '68897-1.0.0', 'Post-Addon-1.0.0-Refill_ids', null); 
insert into keyvalue VALUES ('68897-1.0.0-Featured', '68897-1.0.0', 'Post-Addon-1.0.0-Featured', 'false'); 
insert into keyvalue VALUES ('68897-1.0.0-Unlimited', '68897-1.0.0', 'Post-Addon-1.0.0-Unlimited', 'false'); 
insert into keyvalue VALUES ('68897-1.0.0-Price', '68897-1.0.0', 'Post-Addon-1.0.0-Price', '1858'); 
insert into keyvalue VALUES ('68897-1.0.0-Data_usage_mb', '68897-1.0.0', 'Post-Addon-1.0.0-Data_usage_mb', '5120'); 
insert into keyvalue VALUES ('68897-1.0.0-Active', '68897-1.0.0', 'Post-Addon-1.0.0-Active', 'false'); 
insert into nestedkeyvalue VALUES ('68897-1.0.0-Name-def', '68897-1.0.0-Name', 'Megújuló ExtraAdat 5GB (22hó)'); 
insert into nestedkeyvalue VALUES ('68897-1.0.0-Name-eng', '68897-1.0.0-Name', 'Megújuló ExtraAdat 5GB (22hó)'); 
insert into nestedkeyvalue VALUES ('68897-1.0.0-Name-hun', '68897-1.0.0-Name', 'ExtraData Recurring Add-on 5GB (22 month)'); 
insert into nestedkeyvalue VALUES ('68897-1.0.0-Name-unLocalized', '68897-1.0.0-Name', null); 
insert into keyvalue VALUES ('68897-1.0.0-Name', '68897-1.0.0', 'Post-Addon-1.0.0-Name', null); 
insert into nestedkeyvalue VALUES ('68897-1.0.0-Description-def', '68897-1.0.0-Description', 'Válaszd ezt az adatopciót és növeld meg a tarifádban foglalt adatkeretedet 5 GB-tal, amit egészen számlazárásig felhasználhatsz. Ez az adatopció minden hónapban automatikusan megújul, így nem kell  havonta újra megrendelned és bármikor lemondhatod.'); 
insert into nestedkeyvalue VALUES ('68897-1.0.0-Description-eng', '68897-1.0.0-Description', 'Válaszd ezt az adatopciót és növeld meg a tarifádban foglalt adatkeretedet 5 GB-tal, amit egészen számlazárásig felhasználhatsz. Ez az adatopció minden hónapban automatikusan megújul, így nem kell  havonta újra megrendelned és bármikor lemondhatod.'); 
insert into nestedkeyvalue VALUES ('68897-1.0.0-Description-hun', '68897-1.0.0-Description', 'This extra data pack will give you additional 2GB of mobile internet (on top of the data already included in your tariff). It will be activated every month at the start of your billing period so you don't have to worry about purchasing extra data every month - after you run out! You can cancel this extra data pack at any time.'); 
insert into nestedkeyvalue VALUES ('68897-1.0.0-Description-unLocalized', '68897-1.0.0-Description', null); 
insert into keyvalue VALUES ('68897-1.0.0-Description', '68897-1.0.0', 'Post-Addon-1.0.0-Description', null); 
insert into keyvalue VALUES ('68897-1.0.0-Online_selfcare_id', '68897-1.0.0', 'Post-Addon-1.0.0-Online_selfcare_id', null); 
insert into keyvalue VALUES ('68897-1.0.0-Id', '68897-1.0.0', 'Post-Addon-1.0.0-Id', '68897'); 
insert into keyvalue VALUES ('68897-1.0.0-Type', '68897-1.0.0', 'Post-Addon-1.0.0-Type', 'Recurring'); 
