insert into object VALUES ('O_REFIL_2354c33-1.0.0', 'O_REFIL_2354c33'); 
insert into nestedkeyvalue VALUES ('O_REFIL_2354c33-1.0.0-PSMCodes-Activation', 'O_REFIL_2354c33-1.0.0-PSMCodes', 'TOLT 3GB'); 
insert into keyvalue VALUES ('O_REFIL_2354c33-1.0.0-PSMCodes', 'O_REFIL_2354c33-1.0.0', 'Post-Refill-1.0.0-PSMCodes', null); 
insert into keyvalue VALUES ('O_REFIL_2354c33-1.0.0-Active', 'O_REFIL_2354c33-1.0.0', 'Post-Refill-1.0.0-Active', 'true'); 
insert into nestedkeyvalue VALUES ('O_REFIL_2354c33-1.0.0-Description-def', 'O_REFIL_2354c33-1.0.0-Description', 'Ezzel az adatcsomaggal 3 GB osztható adatot vásárolhatsz 2779 Ft-ért. Fontos: ezt az 3 GB adatmennyiséget ezen a SIM kártyán valamint az előfizetésedhez tartozó SIM kártyán oszthatod meg.'); 
insert into nestedkeyvalue VALUES ('O_REFIL_2354c33-1.0.0-Description-eng', 'O_REFIL_2354c33-1.0.0-Description', 'Ezzel az adatcsomaggal 3 GB osztható adatot vásárolhatsz 2779 Ft-ért. Fontos: ezt az 3 GB adatmennyiséget ezen a SIM kártyán valamint az előfizetésedhez tartozó SIM kártyán oszthatod meg.'); 
insert into nestedkeyvalue VALUES ('O_REFIL_2354c33-1.0.0-Description-hun', 'O_REFIL_2354c33-1.0.0-Description', 'This extra data pack will give you an additional 3 GB of shared mobile internet until the end of your current bill cycle for 2779 Ft. This is a shared data pack and the 3 GB will be available for your package and any connected SIMs, including this one.'); 
insert into nestedkeyvalue VALUES ('O_REFIL_2354c33-1.0.0-Description-unLocalized', 'O_REFIL_2354c33-1.0.0-Description', null); 
insert into keyvalue VALUES ('O_REFIL_2354c33-1.0.0-Description', 'O_REFIL_2354c33-1.0.0', 'Post-Refill-1.0.0-Description', null); 
insert into keyvalue VALUES ('O_REFIL_2354c33-1.0.0-Id', 'O_REFIL_2354c33-1.0.0', 'Post-Refill-1.0.0-Id', 'O_REFIL_2354c33'); 
insert into nestedkeyvalue VALUES ('O_REFIL_2354c33-1.0.0-Name-def', 'O_REFIL_2354c33-1.0.0-Name', 'MultiNet Plusz Adat 3 GB'); 
insert into nestedkeyvalue VALUES ('O_REFIL_2354c33-1.0.0-Name-eng', 'O_REFIL_2354c33-1.0.0-Name', 'MultiNet Plusz Adat 3 GB'); 
insert into nestedkeyvalue VALUES ('O_REFIL_2354c33-1.0.0-Name-hun', 'O_REFIL_2354c33-1.0.0-Name', 'MultiNet Plusz Adat 3 GB'); 
insert into nestedkeyvalue VALUES ('O_REFIL_2354c33-1.0.0-Name-unLocalized', 'O_REFIL_2354c33-1.0.0-Name', null); 
insert into keyvalue VALUES ('O_REFIL_2354c33-1.0.0-Name', 'O_REFIL_2354c33-1.0.0', 'Post-Refill-1.0.0-Name', null); 
insert into keyvalue VALUES ('O_REFIL_2354c33-1.0.0-Price', 'O_REFIL_2354c33-1.0.0', 'Post-Refill-1.0.0-Price', '2779'); 
insert into object VALUES ('O_REFIL_1574c8-1.0.0', 'O_REFIL_1574c8'); 
insert into nestedkeyvalue VALUES ('O_REFIL_1574c8-1.0.0-PSMCodes-Activation', 'O_REFIL_1574c8-1.0.0-PSMCodes', 'TOLT 1GB'); 
insert into keyvalue VALUES ('O_REFIL_1574c8-1.0.0-PSMCodes', 'O_REFIL_1574c8-1.0.0', 'Post-Refill-1.0.0-PSMCodes', null); 
insert into keyvalue VALUES ('O_REFIL_1574c8-1.0.0-Active', 'O_REFIL_1574c8-1.0.0', 'Post-Refill-1.0.0-Active', 'true'); 
insert into nestedkeyvalue VALUES ('O_REFIL_1574c8-1.0.0-Description-def', 'O_REFIL_1574c8-1.0.0-Description', 'Válaszd ezt az adatopciót és töltsd fel keretedet 1 GB kiegészítő osztható adattal, amit egészen számlazárásig felhasználhatsz az előfizetésedhez tartozó többi SIM kártyán is. Az opció ára 1859 Ft.'); 
insert into nestedkeyvalue VALUES ('O_REFIL_1574c8-1.0.0-Description-eng', 'O_REFIL_1574c8-1.0.0-Description', 'Válaszd ezt az adatopciót és töltsd fel keretedet 1 GB kiegészítő osztható adattal, amit egészen számlazárásig felhasználhatsz az előfizetésedhez tartozó többi SIM kártyán is. Az opció ára 1859 Ft.'); 
insert into nestedkeyvalue VALUES ('O_REFIL_1574c8-1.0.0-Description-hun', 'O_REFIL_1574c8-1.0.0-Description', 'This extra data pack will give you an additional 1 GB of shared mobile internet until the end of your current bill cycle for 1859 Ft.If you have shared data pack, the data will also be available for your package and any other users linked to the shared data.'); 
insert into nestedkeyvalue VALUES ('O_REFIL_1574c8-1.0.0-Description-unLocalized', 'O_REFIL_1574c8-1.0.0-Description', null); 
insert into keyvalue VALUES ('O_REFIL_1574c8-1.0.0-Description', 'O_REFIL_1574c8-1.0.0', 'Post-Refill-1.0.0-Description', null); 
insert into keyvalue VALUES ('O_REFIL_1574c8-1.0.0-Id', 'O_REFIL_1574c8-1.0.0', 'Post-Refill-1.0.0-Id', 'O_REFIL_1574c8'); 
insert into nestedkeyvalue VALUES ('O_REFIL_1574c8-1.0.0-Name-def', 'O_REFIL_1574c8-1.0.0-Name', 'Plusz Osztható Adat 1 GB'); 
insert into nestedkeyvalue VALUES ('O_REFIL_1574c8-1.0.0-Name-eng', 'O_REFIL_1574c8-1.0.0-Name', 'Plusz Osztható Adat 1 GB'); 
insert into nestedkeyvalue VALUES ('O_REFIL_1574c8-1.0.0-Name-hun', 'O_REFIL_1574c8-1.0.0-Name', 'Plusz Adat 1 GB Shared'); 
insert into nestedkeyvalue VALUES ('O_REFIL_1574c8-1.0.0-Name-unLocalized', 'O_REFIL_1574c8-1.0.0-Name', null); 
insert into keyvalue VALUES ('O_REFIL_1574c8-1.0.0-Name', 'O_REFIL_1574c8-1.0.0', 'Post-Refill-1.0.0-Name', null); 
insert into keyvalue VALUES ('O_REFIL_1574c8-1.0.0-Price', 'O_REFIL_1574c8-1.0.0', 'Post-Refill-1.0.0-Price', '1859'); 
insert into object VALUES ('O_REFIL_590c6-1.0.0', 'O_REFIL_590c6'); 
insert into nestedkeyvalue VALUES ('O_REFIL_590c6-1.0.0-PSMCodes-Activation', 'O_REFIL_590c6-1.0.0-PSMCodes', 'TOLT100MB'); 
insert into keyvalue VALUES ('O_REFIL_590c6-1.0.0-PSMCodes', 'O_REFIL_590c6-1.0.0', 'Post-Refill-1.0.0-PSMCodes', null); 
insert into keyvalue VALUES ('O_REFIL_590c6-1.0.0-Active', 'O_REFIL_590c6-1.0.0', 'Post-Refill-1.0.0-Active', 'true'); 
insert into nestedkeyvalue VALUES ('O_REFIL_590c6-1.0.0-Description-def', 'O_REFIL_590c6-1.0.0-Description', 'Válaszd ezt az adatopciót és töltsd fel keretedet 100 MB kiegészítő osztható adattal, amit egészen számlazárásig felhasználhatsz az előfizetésedhez tartozó többi SIM kártyán is. Az opció ára 697 Ft.'); 
insert into nestedkeyvalue VALUES ('O_REFIL_590c6-1.0.0-Description-eng', 'O_REFIL_590c6-1.0.0-Description', 'Válaszd ezt az adatopciót és töltsd fel keretedet 100 MB kiegészítő osztható adattal, amit egészen számlazárásig felhasználhatsz az előfizetésedhez tartozó többi SIM kártyán is. Az opció ára 697 Ft.'); 
insert into nestedkeyvalue VALUES ('O_REFIL_590c6-1.0.0-Description-hun', 'O_REFIL_590c6-1.0.0-Description', 'This extra data pack will give you an additional 100 MB of shared mobile internet until the end of your current bill cycle for 697 Ft. This is a shared data pack and the 100 MB will also be available for your package and any other users linked to the shared data.'); 
insert into nestedkeyvalue VALUES ('O_REFIL_590c6-1.0.0-Description-unLocalized', 'O_REFIL_590c6-1.0.0-Description', null); 
insert into keyvalue VALUES ('O_REFIL_590c6-1.0.0-Description', 'O_REFIL_590c6-1.0.0', 'Post-Refill-1.0.0-Description', null); 
insert into keyvalue VALUES ('O_REFIL_590c6-1.0.0-Id', 'O_REFIL_590c6-1.0.0', 'Post-Refill-1.0.0-Id', 'O_REFIL_590c6'); 
insert into nestedkeyvalue VALUES ('O_REFIL_590c6-1.0.0-Name-def', 'O_REFIL_590c6-1.0.0-Name', 'Plusz Osztható Adat 100 MB'); 
insert into nestedkeyvalue VALUES ('O_REFIL_590c6-1.0.0-Name-eng', 'O_REFIL_590c6-1.0.0-Name', 'Plusz Osztható Adat 100 MB'); 
insert into nestedkeyvalue VALUES ('O_REFIL_590c6-1.0.0-Name-hun', 'O_REFIL_590c6-1.0.0-Name', 'Plusz 100 MB Shared'); 
insert into nestedkeyvalue VALUES ('O_REFIL_590c6-1.0.0-Name-unLocalized', 'O_REFIL_590c6-1.0.0-Name', null); 
insert into keyvalue VALUES ('O_REFIL_590c6-1.0.0-Name', 'O_REFIL_590c6-1.0.0', 'Post-Refill-1.0.0-Name', null); 
insert into keyvalue VALUES ('O_REFIL_590c6-1.0.0-Price', 'O_REFIL_590c6-1.0.0', 'Post-Refill-1.0.0-Price', '697'); 
insert into object VALUES ('O_REFIL_393c7-1.0.0', 'O_REFIL_393c7'); 
insert into nestedkeyvalue VALUES ('O_REFIL_393c7-1.0.0-PSMCodes-Activation', 'O_REFIL_393c7-1.0.0-PSMCodes', 'TOLT 100MB'); 
insert into keyvalue VALUES ('O_REFIL_393c7-1.0.0-PSMCodes', 'O_REFIL_393c7-1.0.0', 'Post-Refill-1.0.0-PSMCodes', null); 
insert into keyvalue VALUES ('O_REFIL_393c7-1.0.0-Active', 'O_REFIL_393c7-1.0.0', 'Post-Refill-1.0.0-Active', 'true'); 
insert into nestedkeyvalue VALUES ('O_REFIL_393c7-1.0.0-Description-def', 'O_REFIL_393c7-1.0.0-Description', 'Ezzel az adatcsomaggal 100 MB adatot vásárolhatsz 465 Ft-ért.'); 
insert into nestedkeyvalue VALUES ('O_REFIL_393c7-1.0.0-Description-eng', 'O_REFIL_393c7-1.0.0-Description', 'Ezzel az adatcsomaggal 100 MB adatot vásárolhatsz 465 Ft-ért.'); 
insert into nestedkeyvalue VALUES ('O_REFIL_393c7-1.0.0-Description-hun', 'O_REFIL_393c7-1.0.0-Description', 'This extra data pack will give you an additional 100 MB mobile internet until the end of your current bill cycle for 465 Ft.'); 
insert into nestedkeyvalue VALUES ('O_REFIL_393c7-1.0.0-Description-unLocalized', 'O_REFIL_393c7-1.0.0-Description', null); 
insert into keyvalue VALUES ('O_REFIL_393c7-1.0.0-Description', 'O_REFIL_393c7-1.0.0', 'Post-Refill-1.0.0-Description', null); 
insert into keyvalue VALUES ('O_REFIL_393c7-1.0.0-Id', 'O_REFIL_393c7-1.0.0', 'Post-Refill-1.0.0-Id', 'O_REFIL_393c7'); 
insert into nestedkeyvalue VALUES ('O_REFIL_393c7-1.0.0-Name-def', 'O_REFIL_393c7-1.0.0-Name', 'PluszAdat 100 MB'); 
insert into nestedkeyvalue VALUES ('O_REFIL_393c7-1.0.0-Name-eng', 'O_REFIL_393c7-1.0.0-Name', 'PluszAdat 100 MB'); 
insert into nestedkeyvalue VALUES ('O_REFIL_393c7-1.0.0-Name-hun', 'O_REFIL_393c7-1.0.0-Name', 'PluszAdat 100 MB'); 
insert into nestedkeyvalue VALUES ('O_REFIL_393c7-1.0.0-Name-unLocalized', 'O_REFIL_393c7-1.0.0-Name', null); 
insert into keyvalue VALUES ('O_REFIL_393c7-1.0.0-Name', 'O_REFIL_393c7-1.0.0', 'Post-Refill-1.0.0-Name', null); 
insert into keyvalue VALUES ('O_REFIL_393c7-1.0.0-Price', 'O_REFIL_393c7-1.0.0', 'Post-Refill-1.0.0-Price', '465'); 
insert into object VALUES ('O_REFIL_1GB-1.0.0', 'O_REFIL_1GB'); 
insert into nestedkeyvalue VALUES ('O_REFIL_1GB-1.0.0-PSMCodes-Activation', 'O_REFIL_1GB-1.0.0-PSMCodes', 'TOLT 500MB'); 
insert into keyvalue VALUES ('O_REFIL_1GB-1.0.0-PSMCodes', 'O_REFIL_1GB-1.0.0', 'Post-Refill-1.0.0-PSMCodes', null); 
insert into keyvalue VALUES ('O_REFIL_1GB-1.0.0-Active', 'O_REFIL_1GB-1.0.0', 'Post-Refill-1.0.0-Active', 'true'); 
insert into nestedkeyvalue VALUES ('O_REFIL_1GB-1.0.0-Description-def', 'O_REFIL_1GB-1.0.0-Description', 'Ezzel az adatcsomaggal 500MB adatot vásárolhatsz 930 Ft-ért.'); 
insert into nestedkeyvalue VALUES ('O_REFIL_1GB-1.0.0-Description-eng', 'O_REFIL_1GB-1.0.0-Description', 'Ezzel az adatcsomaggal 500MB adatot vásárolhatsz 930 Ft-ért.'); 
insert into nestedkeyvalue VALUES ('O_REFIL_1GB-1.0.0-Description-hun', 'O_REFIL_1GB-1.0.0-Description', 'This extra data pack will give you an additional 500MB internet until the end of your current bill cycle for 930 Ft.'); 
insert into nestedkeyvalue VALUES ('O_REFIL_1GB-1.0.0-Description-unLocalized', 'O_REFIL_1GB-1.0.0-Description', null); 
insert into keyvalue VALUES ('O_REFIL_1GB-1.0.0-Description', 'O_REFIL_1GB-1.0.0', 'Post-Refill-1.0.0-Description', null); 
insert into keyvalue VALUES ('O_REFIL_1GB-1.0.0-Id', 'O_REFIL_1GB-1.0.0', 'Post-Refill-1.0.0-Id', 'O_REFIL_1GB'); 
insert into nestedkeyvalue VALUES ('O_REFIL_1GB-1.0.0-Name-def', 'O_REFIL_1GB-1.0.0-Name', 'PluszAdat 500 MB'); 
insert into nestedkeyvalue VALUES ('O_REFIL_1GB-1.0.0-Name-eng', 'O_REFIL_1GB-1.0.0-Name', 'PluszAdat 500 MB'); 
insert into nestedkeyvalue VALUES ('O_REFIL_1GB-1.0.0-Name-hun', 'O_REFIL_1GB-1.0.0-Name', 'PluszAdat 500 MB'); 
insert into nestedkeyvalue VALUES ('O_REFIL_1GB-1.0.0-Name-unLocalized', 'O_REFIL_1GB-1.0.0-Name', null); 
insert into keyvalue VALUES ('O_REFIL_1GB-1.0.0-Name', 'O_REFIL_1GB-1.0.0', 'Post-Refill-1.0.0-Name', null); 
insert into keyvalue VALUES ('O_REFIL_1GB-1.0.0-Price', 'O_REFIL_1GB-1.0.0', 'Post-Refill-1.0.0-Price', '930'); 
insert into object VALUES ('O_REFIL_1181c1-1.0.0', 'O_REFIL_1181c1'); 
insert into nestedkeyvalue VALUES ('O_REFIL_1181c1-1.0.0-PSMCodes-Activation', 'O_REFIL_1181c1-1.0.0-PSMCodes', 'TOLT 1GB'); 
insert into keyvalue VALUES ('O_REFIL_1181c1-1.0.0-PSMCodes', 'O_REFIL_1181c1-1.0.0', 'Post-Refill-1.0.0-PSMCodes', null); 
insert into keyvalue VALUES ('O_REFIL_1181c1-1.0.0-Active', 'O_REFIL_1181c1-1.0.0', 'Post-Refill-1.0.0-Active', 'true'); 
insert into nestedkeyvalue VALUES ('O_REFIL_1181c1-1.0.0-Description-def', 'O_REFIL_1181c1-1.0.0-Description', 'Felhasználtad 1 GB PluszAdat opciódat, de még neteznél? Válaszd ezt az opciót és töltsd fel újra 1 GB adattal, amit egészen számlazárásig felhasználhatsz. Az opció ára 1394 Ft.'); 
insert into nestedkeyvalue VALUES ('O_REFIL_1181c1-1.0.0-Description-eng', 'O_REFIL_1181c1-1.0.0-Description', 'Felhasználtad 1 GB PluszAdat opciódat, de még neteznél? Válaszd ezt az opciót és töltsd fel újra 1 GB adattal, amit egészen számlazárásig felhasználhatsz. Az opció ára 1394 Ft.'); 
insert into nestedkeyvalue VALUES ('O_REFIL_1181c1-1.0.0-Description-hun', 'O_REFIL_1181c1-1.0.0-Description', 'You run out of your extra data, but would like to stay connected? This extra data pack will give you an additional 1 GB mobile internet until the end of your current bill cycle for 1394 Ft.'); 
insert into nestedkeyvalue VALUES ('O_REFIL_1181c1-1.0.0-Description-unLocalized', 'O_REFIL_1181c1-1.0.0-Description', null); 
insert into keyvalue VALUES ('O_REFIL_1181c1-1.0.0-Description', 'O_REFIL_1181c1-1.0.0', 'Post-Refill-1.0.0-Description', null); 
insert into keyvalue VALUES ('O_REFIL_1181c1-1.0.0-Id', 'O_REFIL_1181c1-1.0.0', 'Post-Refill-1.0.0-Id', 'O_REFIL_1181c1'); 
insert into nestedkeyvalue VALUES ('O_REFIL_1181c1-1.0.0-Name-def', 'O_REFIL_1181c1-1.0.0-Name', '1 GB PluszAdat újratöltés'); 
insert into nestedkeyvalue VALUES ('O_REFIL_1181c1-1.0.0-Name-eng', 'O_REFIL_1181c1-1.0.0-Name', '1 GB PluszAdat újratöltés'); 
insert into nestedkeyvalue VALUES ('O_REFIL_1181c1-1.0.0-Name-hun', 'O_REFIL_1181c1-1.0.0-Name', 'PluszAdat 1 GB'); 
insert into nestedkeyvalue VALUES ('O_REFIL_1181c1-1.0.0-Name-unLocalized', 'O_REFIL_1181c1-1.0.0-Name', null); 
insert into keyvalue VALUES ('O_REFIL_1181c1-1.0.0-Name', 'O_REFIL_1181c1-1.0.0', 'Post-Refill-1.0.0-Name', null); 
insert into keyvalue VALUES ('O_REFIL_1181c1-1.0.0-Price', 'O_REFIL_1181c1-1.0.0', 'Post-Refill-1.0.0-Price', '1394'); 
insert into object VALUES ('O_Refil_Exra100MB-1.0.0', 'O_Refil_Exra100MB'); 
insert into nestedkeyvalue VALUES ('O_Refil_Exra100MB-1.0.0-PSMCodes-Activation', 'O_Refil_Exra100MB-1.0.0-PSMCodes', 'TOLT 100MB'); 
insert into keyvalue VALUES ('O_Refil_Exra100MB-1.0.0-PSMCodes', 'O_Refil_Exra100MB-1.0.0', 'Post-Refill-1.0.0-PSMCodes', null); 
insert into keyvalue VALUES ('O_Refil_Exra100MB-1.0.0-Active', 'O_Refil_Exra100MB-1.0.0', 'Post-Refill-1.0.0-Active', 'true'); 
insert into nestedkeyvalue VALUES ('O_Refil_Exra100MB-1.0.0-Description-def', 'O_Refil_Exra100MB-1.0.0-Description', 'Ezzel az adatcsomaggal 100 MB adatot vásárolhatsz 465 Ft-ért.'); 
insert into nestedkeyvalue VALUES ('O_Refil_Exra100MB-1.0.0-Description-eng', 'O_Refil_Exra100MB-1.0.0-Description', 'Ezzel az adatcsomaggal 100 MB adatot vásárolhatsz 465 Ft-ért.'); 
insert into nestedkeyvalue VALUES ('O_Refil_Exra100MB-1.0.0-Description-hun', 'O_Refil_Exra100MB-1.0.0-Description', 'This extra data pack will give you an additional 100 MB mobile internet until the end of your current bill cycle for 465 Ft.'); 
insert into nestedkeyvalue VALUES ('O_Refil_Exra100MB-1.0.0-Description-unLocalized', 'O_Refil_Exra100MB-1.0.0-Description', null); 
insert into keyvalue VALUES ('O_Refil_Exra100MB-1.0.0-Description', 'O_Refil_Exra100MB-1.0.0', 'Post-Refill-1.0.0-Description', null); 
insert into keyvalue VALUES ('O_Refil_Exra100MB-1.0.0-Id', 'O_Refil_Exra100MB-1.0.0', 'Post-Refill-1.0.0-Id', 'O_Refil_Exra100MB'); 
insert into nestedkeyvalue VALUES ('O_Refil_Exra100MB-1.0.0-Name-def', 'O_Refil_Exra100MB-1.0.0-Name', 'Extra Adat 100 MB'); 
insert into nestedkeyvalue VALUES ('O_Refil_Exra100MB-1.0.0-Name-eng', 'O_Refil_Exra100MB-1.0.0-Name', 'Extra Adat 100 MB'); 
insert into nestedkeyvalue VALUES ('O_Refil_Exra100MB-1.0.0-Name-hun', 'O_Refil_Exra100MB-1.0.0-Name', 'Extra Adat 100 MB'); 
insert into nestedkeyvalue VALUES ('O_Refil_Exra100MB-1.0.0-Name-unLocalized', 'O_Refil_Exra100MB-1.0.0-Name', null); 
insert into keyvalue VALUES ('O_Refil_Exra100MB-1.0.0-Name', 'O_Refil_Exra100MB-1.0.0', 'Post-Refill-1.0.0-Name', null); 
insert into keyvalue VALUES ('O_Refil_Exra100MB-1.0.0-Price', 'O_Refil_Exra100MB-1.0.0', 'Post-Refill-1.0.0-Price', '465'); 
insert into object VALUES ('AORefill_1GB-1.0.0', 'AORefill_1GB'); 
insert into nestedkeyvalue VALUES ('AORefill_1GB-1.0.0-PSMCodes-Activation', 'AORefill_1GB-1.0.0-PSMCodes', 'TOLT 1GB'); 
insert into keyvalue VALUES ('AORefill_1GB-1.0.0-PSMCodes', 'AORefill_1GB-1.0.0', 'Post-Refill-1.0.0-PSMCodes', null); 
insert into keyvalue VALUES ('AORefill_1GB-1.0.0-Active', 'AORefill_1GB-1.0.0', 'Post-Refill-1.0.0-Active', 'true'); 
insert into nestedkeyvalue VALUES ('AORefill_1GB-1.0.0-Description-def', 'AORefill_1GB-1.0.0-Description', 'Ezzel az adatcsomaggal 1 GB adatot vásárolhatsz 929 Ft-ért.'); 
insert into nestedkeyvalue VALUES ('AORefill_1GB-1.0.0-Description-eng', 'AORefill_1GB-1.0.0-Description', 'Ezzel az adatcsomaggal 1 GB adatot vásárolhatsz 929 Ft-ért.'); 
insert into nestedkeyvalue VALUES ('AORefill_1GB-1.0.0-Description-hun', 'AORefill_1GB-1.0.0-Description', 'This extra data pack will give you an additional 1 GB mobile internet until the end of your current bill cycle for 929 Ft.'); 
insert into nestedkeyvalue VALUES ('AORefill_1GB-1.0.0-Description-unLocalized', 'AORefill_1GB-1.0.0-Description', null); 
insert into keyvalue VALUES ('AORefill_1GB-1.0.0-Description', 'AORefill_1GB-1.0.0', 'Post-Refill-1.0.0-Description', null); 
insert into keyvalue VALUES ('AORefill_1GB-1.0.0-Id', 'AORefill_1GB-1.0.0', 'Post-Refill-1.0.0-Id', 'AORefill_1GB'); 
insert into nestedkeyvalue VALUES ('AORefill_1GB-1.0.0-Name-def', 'AORefill_1GB-1.0.0-Name', 'Extra Adat 1 GB'); 
insert into nestedkeyvalue VALUES ('AORefill_1GB-1.0.0-Name-eng', 'AORefill_1GB-1.0.0-Name', 'Extra Adat 1 GB'); 
insert into nestedkeyvalue VALUES ('AORefill_1GB-1.0.0-Name-hun', 'AORefill_1GB-1.0.0-Name', 'Extra Adat 1 GB'); 
insert into nestedkeyvalue VALUES ('AORefill_1GB-1.0.0-Name-unLocalized', 'AORefill_1GB-1.0.0-Name', null); 
insert into keyvalue VALUES ('AORefill_1GB-1.0.0-Name', 'AORefill_1GB-1.0.0', 'Post-Refill-1.0.0-Name', null); 
insert into keyvalue VALUES ('AORefill_1GB-1.0.0-Price', 'AORefill_1GB-1.0.0', 'Post-Refill-1.0.0-Price', '929'); 
insert into object VALUES ('O_Refil_Exra1GB-1.0.0', 'O_Refil_Exra1GB'); 
insert into nestedkeyvalue VALUES ('O_Refil_Exra1GB-1.0.0-PSMCodes-Activation', 'O_Refil_Exra1GB-1.0.0-PSMCodes', 'TOLT 1GB'); 
insert into keyvalue VALUES ('O_Refil_Exra1GB-1.0.0-PSMCodes', 'O_Refil_Exra1GB-1.0.0', 'Post-Refill-1.0.0-PSMCodes', null); 
insert into keyvalue VALUES ('O_Refil_Exra1GB-1.0.0-Active', 'O_Refil_Exra1GB-1.0.0', 'Post-Refill-1.0.0-Active', 'true'); 
insert into nestedkeyvalue VALUES ('O_Refil_Exra1GB-1.0.0-Description-def', 'O_Refil_Exra1GB-1.0.0-Description', 'Ezzel az adatcsomaggal 1 GB adatot vásárolhatsz 1394 Ft-ért.'); 
insert into nestedkeyvalue VALUES ('O_Refil_Exra1GB-1.0.0-Description-eng', 'O_Refil_Exra1GB-1.0.0-Description', 'Ezzel az adatcsomaggal 1 GB adatot vásárolhatsz 1394 Ft-ért.'); 
insert into nestedkeyvalue VALUES ('O_Refil_Exra1GB-1.0.0-Description-hun', 'O_Refil_Exra1GB-1.0.0-Description', 'This extra data pack will give you an additional 1 GB mobile internet until the end of your current bill cycle for 1394 Ft.'); 
insert into nestedkeyvalue VALUES ('O_Refil_Exra1GB-1.0.0-Description-unLocalized', 'O_Refil_Exra1GB-1.0.0-Description', null); 
insert into keyvalue VALUES ('O_Refil_Exra1GB-1.0.0-Description', 'O_Refil_Exra1GB-1.0.0', 'Post-Refill-1.0.0-Description', null); 
insert into keyvalue VALUES ('O_Refil_Exra1GB-1.0.0-Id', 'O_Refil_Exra1GB-1.0.0', 'Post-Refill-1.0.0-Id', 'O_Refil_Exra1GB'); 
insert into nestedkeyvalue VALUES ('O_Refil_Exra1GB-1.0.0-Name-def', 'O_Refil_Exra1GB-1.0.0-Name', 'Extra Adat 1 GB'); 
insert into nestedkeyvalue VALUES ('O_Refil_Exra1GB-1.0.0-Name-eng', 'O_Refil_Exra1GB-1.0.0-Name', 'Extra Adat 1 GB'); 
insert into nestedkeyvalue VALUES ('O_Refil_Exra1GB-1.0.0-Name-hun', 'O_Refil_Exra1GB-1.0.0-Name', 'Extra Adat 1 GB'); 
insert into nestedkeyvalue VALUES ('O_Refil_Exra1GB-1.0.0-Name-unLocalized', 'O_Refil_Exra1GB-1.0.0-Name', null); 
insert into keyvalue VALUES ('O_Refil_Exra1GB-1.0.0-Name', 'O_Refil_Exra1GB-1.0.0', 'Post-Refill-1.0.0-Name', null); 
insert into keyvalue VALUES ('O_Refil_Exra1GB-1.0.0-Price', 'O_Refil_Exra1GB-1.0.0', 'Post-Refill-1.0.0-Price', '1394'); 
insert into object VALUES ('AORefill_500MB-1.0.0', 'AORefill_500MB'); 
insert into nestedkeyvalue VALUES ('AORefill_500MB-1.0.0-PSMCodes-Activation', 'AORefill_500MB-1.0.0-PSMCodes', 'TOLT 500MB'); 
insert into keyvalue VALUES ('AORefill_500MB-1.0.0-PSMCodes', 'AORefill_500MB-1.0.0', 'Post-Refill-1.0.0-PSMCodes', null); 
insert into keyvalue VALUES ('AORefill_500MB-1.0.0-Active', 'AORefill_500MB-1.0.0', 'Post-Refill-1.0.0-Active', 'true'); 
insert into nestedkeyvalue VALUES ('AORefill_500MB-1.0.0-Description-def', 'AORefill_500MB-1.0.0-Description', 'Ezzel az adatcsomaggal 500MB adatot vásárolhatsz 650 Ft-ért.'); 
insert into nestedkeyvalue VALUES ('AORefill_500MB-1.0.0-Description-eng', 'AORefill_500MB-1.0.0-Description', 'Ezzel az adatcsomaggal 500MB adatot vásárolhatsz 650 Ft-ért.'); 
insert into nestedkeyvalue VALUES ('AORefill_500MB-1.0.0-Description-hun', 'AORefill_500MB-1.0.0-Description', 'This extra data pack will give you an additional 500MB internet until the end of your current bill cycle for 650 Ft.'); 
insert into nestedkeyvalue VALUES ('AORefill_500MB-1.0.0-Description-unLocalized', 'AORefill_500MB-1.0.0-Description', null); 
insert into keyvalue VALUES ('AORefill_500MB-1.0.0-Description', 'AORefill_500MB-1.0.0', 'Post-Refill-1.0.0-Description', null); 
insert into keyvalue VALUES ('AORefill_500MB-1.0.0-Id', 'AORefill_500MB-1.0.0', 'Post-Refill-1.0.0-Id', 'AORefill_500MB'); 
insert into nestedkeyvalue VALUES ('AORefill_500MB-1.0.0-Name-def', 'AORefill_500MB-1.0.0-Name', 'Extra Adat 500 MB'); 
insert into nestedkeyvalue VALUES ('AORefill_500MB-1.0.0-Name-eng', 'AORefill_500MB-1.0.0-Name', 'Extra Adat 500 MB'); 
insert into nestedkeyvalue VALUES ('AORefill_500MB-1.0.0-Name-hun', 'AORefill_500MB-1.0.0-Name', 'Extra Adat 500 MB'); 
insert into nestedkeyvalue VALUES ('AORefill_500MB-1.0.0-Name-unLocalized', 'AORefill_500MB-1.0.0-Name', null); 
insert into keyvalue VALUES ('AORefill_500MB-1.0.0-Name', 'AORefill_500MB-1.0.0', 'Post-Refill-1.0.0-Name', null); 
insert into keyvalue VALUES ('AORefill_500MB-1.0.0-Price', 'AORefill_500MB-1.0.0', 'Post-Refill-1.0.0-Price', '650'); 
insert into object VALUES ('O_REFIL_590c55-1.0.0', 'O_REFIL_590c55'); 
insert into nestedkeyvalue VALUES ('O_REFIL_590c55-1.0.0-PSMCodes-Activation', 'O_REFIL_590c55-1.0.0-PSMCodes', 'TOLT 100MB'); 
insert into keyvalue VALUES ('O_REFIL_590c55-1.0.0-PSMCodes', 'O_REFIL_590c55-1.0.0', 'Post-Refill-1.0.0-PSMCodes', null); 
insert into keyvalue VALUES ('O_REFIL_590c55-1.0.0-Active', 'O_REFIL_590c55-1.0.0', 'Post-Refill-1.0.0-Active', 'true'); 
insert into nestedkeyvalue VALUES ('O_REFIL_590c55-1.0.0-Description-def', 'O_REFIL_590c55-1.0.0-Description', 'Válaszd ezt az adatopciót és töltsd fel keretedet 100 MB kiegészítő osztható adattal, amit egészen számlazárásig felhasználhatsz az előfizetésedhez tartozó többi SIM kártyán is. Az opció ára 697 Ft.'); 
insert into nestedkeyvalue VALUES ('O_REFIL_590c55-1.0.0-Description-eng', 'O_REFIL_590c55-1.0.0-Description', 'Válaszd ezt az adatopciót és töltsd fel keretedet 100 MB kiegészítő osztható adattal, amit egészen számlazárásig felhasználhatsz az előfizetésedhez tartozó többi SIM kártyán is. Az opció ára 697 Ft.'); 
insert into nestedkeyvalue VALUES ('O_REFIL_590c55-1.0.0-Description-hun', 'O_REFIL_590c55-1.0.0-Description', 'This extra data pack will give you an additional 100 MB of shared mobile internet until the end of your current bill cycle for 697 Ft. This is a shared data pack and the 100 MB will also be available for your package and any other users linked to the shared data.'); 
insert into nestedkeyvalue VALUES ('O_REFIL_590c55-1.0.0-Description-unLocalized', 'O_REFIL_590c55-1.0.0-Description', null); 
insert into keyvalue VALUES ('O_REFIL_590c55-1.0.0-Description', 'O_REFIL_590c55-1.0.0', 'Post-Refill-1.0.0-Description', null); 
insert into keyvalue VALUES ('O_REFIL_590c55-1.0.0-Id', 'O_REFIL_590c55-1.0.0', 'Post-Refill-1.0.0-Id', 'O_REFIL_590c55'); 
insert into nestedkeyvalue VALUES ('O_REFIL_590c55-1.0.0-Name-def', 'O_REFIL_590c55-1.0.0-Name', 'Plusz Osztható Adat 100 MB'); 
insert into nestedkeyvalue VALUES ('O_REFIL_590c55-1.0.0-Name-eng', 'O_REFIL_590c55-1.0.0-Name', 'Plusz Osztható Adat 100 MB'); 
insert into nestedkeyvalue VALUES ('O_REFIL_590c55-1.0.0-Name-hun', 'O_REFIL_590c55-1.0.0-Name', 'Plusz 100 MB Shared'); 
insert into nestedkeyvalue VALUES ('O_REFIL_590c55-1.0.0-Name-unLocalized', 'O_REFIL_590c55-1.0.0-Name', null); 
insert into keyvalue VALUES ('O_REFIL_590c55-1.0.0-Name', 'O_REFIL_590c55-1.0.0', 'Post-Refill-1.0.0-Name', null); 
insert into keyvalue VALUES ('O_REFIL_590c55-1.0.0-Price', 'O_REFIL_590c55-1.0.0', 'Post-Refill-1.0.0-Price', '697'); 
insert into object VALUES ('O_REFIL_3141c73-1.0.0', 'O_REFIL_3141c73'); 
insert into nestedkeyvalue VALUES ('O_REFIL_3141c73-1.0.0-PSMCodes-Activation', 'O_REFIL_3141c73-1.0.0-PSMCodes', 'TOLT 8GB'); 
insert into keyvalue VALUES ('O_REFIL_3141c73-1.0.0-PSMCodes', 'O_REFIL_3141c73-1.0.0', 'Post-Refill-1.0.0-PSMCodes', null); 
insert into keyvalue VALUES ('O_REFIL_3141c73-1.0.0-Active', 'O_REFIL_3141c73-1.0.0', 'Post-Refill-1.0.0-Active', 'true'); 
insert into nestedkeyvalue VALUES ('O_REFIL_3141c73-1.0.0-Description-def', 'O_REFIL_3141c73-1.0.0-Description', 'Válaszd ezt az adatopciót és töltsd fel keretedet 8 GB kiegészítő osztható adattal, amit egészen számlazárásig felhasználhatsz az előfizetésedhez tartozó többi SIM kártyán is. Az opció ára 3708 Ft.'); 
insert into nestedkeyvalue VALUES ('O_REFIL_3141c73-1.0.0-Description-eng', 'O_REFIL_3141c73-1.0.0-Description', 'Válaszd ezt az adatopciót és töltsd fel keretedet 8 GB kiegészítő osztható adattal, amit egészen számlazárásig felhasználhatsz az előfizetésedhez tartozó többi SIM kártyán is. Az opció ára 3708 Ft.'); 
insert into nestedkeyvalue VALUES ('O_REFIL_3141c73-1.0.0-Description-hun', 'O_REFIL_3141c73-1.0.0-Description', 'This extra data pack will give you an additional 8 GB of shared mobile internet until the end of your current bill cycle for 3708 Ft. This is a shared data pack and the 8 GB will also be available for your package and any other users linked to the shared data.'); 
insert into nestedkeyvalue VALUES ('O_REFIL_3141c73-1.0.0-Description-unLocalized', 'O_REFIL_3141c73-1.0.0-Description', null); 
insert into keyvalue VALUES ('O_REFIL_3141c73-1.0.0-Description', 'O_REFIL_3141c73-1.0.0', 'Post-Refill-1.0.0-Description', null); 
insert into keyvalue VALUES ('O_REFIL_3141c73-1.0.0-Id', 'O_REFIL_3141c73-1.0.0', 'Post-Refill-1.0.0-Id', 'O_REFIL_3141c73'); 
insert into nestedkeyvalue VALUES ('O_REFIL_3141c73-1.0.0-Name-def', 'O_REFIL_3141c73-1.0.0-Name', 'Plusz Osztható Adat 8 GB'); 
insert into nestedkeyvalue VALUES ('O_REFIL_3141c73-1.0.0-Name-eng', 'O_REFIL_3141c73-1.0.0-Name', 'Plusz Osztható Adat 8 GB'); 
insert into nestedkeyvalue VALUES ('O_REFIL_3141c73-1.0.0-Name-hun', 'O_REFIL_3141c73-1.0.0-Name', 'Plusz 8GB Shared'); 
insert into nestedkeyvalue VALUES ('O_REFIL_3141c73-1.0.0-Name-unLocalized', 'O_REFIL_3141c73-1.0.0-Name', null); 
insert into keyvalue VALUES ('O_REFIL_3141c73-1.0.0-Name', 'O_REFIL_3141c73-1.0.0', 'Post-Refill-1.0.0-Name', null); 
insert into keyvalue VALUES ('O_REFIL_3141c73-1.0.0-Price', 'O_REFIL_3141c73-1.0.0', 'Post-Refill-1.0.0-Price', '3708'); 
insert into object VALUES ('TOLT150MB-1.0.0', 'TOLT150MB'); 
insert into nestedkeyvalue VALUES ('TOLT150MB-1.0.0-PSMCodes-Activation', 'TOLT150MB-1.0.0-PSMCodes', 'TOLT 150MB'); 
insert into keyvalue VALUES ('TOLT150MB-1.0.0-PSMCodes', 'TOLT150MB-1.0.0', 'Post-Refill-1.0.0-PSMCodes', null); 
insert into keyvalue VALUES ('TOLT150MB-1.0.0-Active', 'TOLT150MB-1.0.0', 'Post-Refill-1.0.0-Active', 'true'); 
insert into nestedkeyvalue VALUES ('TOLT150MB-1.0.0-Description-def', 'TOLT150MB-1.0.0-Description', 'Felhasználtad 150 MB PluszAdat opciódat, de még neteznél? Válaszd ezt az opciót és töltsd fel újra 150 MB adattal, amit egészen számlazárásig felhasználhatsz. Az opció ára 697 Ft.'); 
insert into nestedkeyvalue VALUES ('TOLT150MB-1.0.0-Description-eng', 'TOLT150MB-1.0.0-Description', 'Felhasználtad 150 MB PluszAdat opciódat, de még neteznél? Válaszd ezt az opciót és töltsd fel újra 150 MB adattal, amit egészen számlazárásig felhasználhatsz. Az opció ára 697 Ft.'); 
insert into nestedkeyvalue VALUES ('TOLT150MB-1.0.0-Description-hun', 'TOLT150MB-1.0.0-Description', 'This extra data pack will give you an additional 150 MB mobile internet until the end of your current bill cycle for 697 Ft.'); 
insert into nestedkeyvalue VALUES ('TOLT150MB-1.0.0-Description-unLocalized', 'TOLT150MB-1.0.0-Description', null); 
insert into keyvalue VALUES ('TOLT150MB-1.0.0-Description', 'TOLT150MB-1.0.0', 'Post-Refill-1.0.0-Description', null); 
insert into keyvalue VALUES ('TOLT150MB-1.0.0-Id', 'TOLT150MB-1.0.0', 'Post-Refill-1.0.0-Id', 'TOLT150MB'); 
insert into nestedkeyvalue VALUES ('TOLT150MB-1.0.0-Name-def', 'TOLT150MB-1.0.0-Name', '150 MB PluszAdat újratöltés'); 
insert into nestedkeyvalue VALUES ('TOLT150MB-1.0.0-Name-eng', 'TOLT150MB-1.0.0-Name', '150 MB PluszAdat újratöltés'); 
insert into nestedkeyvalue VALUES ('TOLT150MB-1.0.0-Name-hun', 'TOLT150MB-1.0.0-Name', '150MB PluszAdat'); 
insert into nestedkeyvalue VALUES ('TOLT150MB-1.0.0-Name-unLocalized', 'TOLT150MB-1.0.0-Name', null); 
insert into keyvalue VALUES ('TOLT150MB-1.0.0-Name', 'TOLT150MB-1.0.0', 'Post-Refill-1.0.0-Name', null); 
insert into keyvalue VALUES ('TOLT150MB-1.0.0-Price', 'TOLT150MB-1.0.0', 'Post-Refill-1.0.0-Price', '697'); 
insert into object VALUES ('O_REFIL5_1181c1-1.0.0', 'O_REFIL5_1181c1'); 
insert into nestedkeyvalue VALUES ('O_REFIL5_1181c1-1.0.0-PSMCodes-Activation', 'O_REFIL5_1181c1-1.0.0-PSMCodes', 'TOLT 500MB'); 
insert into keyvalue VALUES ('O_REFIL5_1181c1-1.0.0-PSMCodes', 'O_REFIL5_1181c1-1.0.0', 'Post-Refill-1.0.0-PSMCodes', null); 
insert into keyvalue VALUES ('O_REFIL5_1181c1-1.0.0-Active', 'O_REFIL5_1181c1-1.0.0', 'Post-Refill-1.0.0-Active', 'true'); 
insert into nestedkeyvalue VALUES ('O_REFIL5_1181c1-1.0.0-Description-def', 'O_REFIL5_1181c1-1.0.0-Description', 'Felhasználtad 500 MB PluszAdat opciódat, de még neteznél? Válaszd ezt az opciót és töltsd fel újra 500 MB adattal, amit egészen számlazárásig felhasználhatsz. Az opció ára 1394 Ft.'); 
insert into nestedkeyvalue VALUES ('O_REFIL5_1181c1-1.0.0-Description-eng', 'O_REFIL5_1181c1-1.0.0-Description', 'Felhasználtad 500 MB PluszAdat opciódat, de még neteznél? Válaszd ezt az opciót és töltsd fel újra 500 MB adattal, amit egészen számlazárásig felhasználhatsz. Az opció ára 1394 Ft.'); 
insert into nestedkeyvalue VALUES ('O_REFIL5_1181c1-1.0.0-Description-hun', 'O_REFIL5_1181c1-1.0.0-Description', 'This extra data pack will give you an additional 500 MB mobile internet until the end of your current bill cycle for 1394 Ft.'); 
insert into nestedkeyvalue VALUES ('O_REFIL5_1181c1-1.0.0-Description-unLocalized', 'O_REFIL5_1181c1-1.0.0-Description', null); 
insert into keyvalue VALUES ('O_REFIL5_1181c1-1.0.0-Description', 'O_REFIL5_1181c1-1.0.0', 'Post-Refill-1.0.0-Description', null); 
insert into keyvalue VALUES ('O_REFIL5_1181c1-1.0.0-Id', 'O_REFIL5_1181c1-1.0.0', 'Post-Refill-1.0.0-Id', 'O_REFIL5_1181c1'); 
insert into nestedkeyvalue VALUES ('O_REFIL5_1181c1-1.0.0-Name-def', 'O_REFIL5_1181c1-1.0.0-Name', '500 MB PluszAdat újratöltés'); 
insert into nestedkeyvalue VALUES ('O_REFIL5_1181c1-1.0.0-Name-eng', 'O_REFIL5_1181c1-1.0.0-Name', '500 MB PluszAdat újratöltés'); 
insert into nestedkeyvalue VALUES ('O_REFIL5_1181c1-1.0.0-Name-hun', 'O_REFIL5_1181c1-1.0.0-Name', '500MB PluszAdat'); 
insert into nestedkeyvalue VALUES ('O_REFIL5_1181c1-1.0.0-Name-unLocalized', 'O_REFIL5_1181c1-1.0.0-Name', null); 
insert into keyvalue VALUES ('O_REFIL5_1181c1-1.0.0-Name', 'O_REFIL5_1181c1-1.0.0', 'Post-Refill-1.0.0-Name', null); 
insert into keyvalue VALUES ('O_REFIL5_1181c1-1.0.0-Price', 'O_REFIL5_1181c1-1.0.0', 'Post-Refill-1.0.0-Price', '1394'); 
insert into object VALUES ('O_REFIL1_1574c8-1.0.0', 'O_REFIL1_1574c8'); 
insert into nestedkeyvalue VALUES ('O_REFIL1_1574c8-1.0.0-PSMCodes-Activation', 'O_REFIL1_1574c8-1.0.0-PSMCodes', 'TOLT 1GB'); 
insert into keyvalue VALUES ('O_REFIL1_1574c8-1.0.0-PSMCodes', 'O_REFIL1_1574c8-1.0.0', 'Post-Refill-1.0.0-PSMCodes', null); 
insert into keyvalue VALUES ('O_REFIL1_1574c8-1.0.0-Active', 'O_REFIL1_1574c8-1.0.0', 'Post-Refill-1.0.0-Active', 'true'); 
insert into nestedkeyvalue VALUES ('O_REFIL1_1574c8-1.0.0-Description-def', 'O_REFIL1_1574c8-1.0.0-Description', 'Felhasználtad 1 GB PluszAdat opciódat, de még neteznél? Válaszd ezt az opciót és töltsd fel újra 1 GB adattal, amit egészen számlazárásig felhasználhatsz. Az opció ára 1859 Ft.'); 
insert into nestedkeyvalue VALUES ('O_REFIL1_1574c8-1.0.0-Description-eng', 'O_REFIL1_1574c8-1.0.0-Description', 'Felhasználtad 1 GB PluszAdat opciódat, de még neteznél? Válaszd ezt az opciót és töltsd fel újra 1 GB adattal, amit egészen számlazárásig felhasználhatsz. Az opció ára 1859 Ft.'); 
insert into nestedkeyvalue VALUES ('O_REFIL1_1574c8-1.0.0-Description-hun', 'O_REFIL1_1574c8-1.0.0-Description', 'This extra data pack will give you an additional 1 GB mobile internet until the end of your current bill cycle for 1859 Ft.'); 
insert into nestedkeyvalue VALUES ('O_REFIL1_1574c8-1.0.0-Description-unLocalized', 'O_REFIL1_1574c8-1.0.0-Description', null); 
insert into keyvalue VALUES ('O_REFIL1_1574c8-1.0.0-Description', 'O_REFIL1_1574c8-1.0.0', 'Post-Refill-1.0.0-Description', null); 
insert into keyvalue VALUES ('O_REFIL1_1574c8-1.0.0-Id', 'O_REFIL1_1574c8-1.0.0', 'Post-Refill-1.0.0-Id', 'O_REFIL1_1574c8'); 
insert into nestedkeyvalue VALUES ('O_REFIL1_1574c8-1.0.0-Name-def', 'O_REFIL1_1574c8-1.0.0-Name', '1 GB PluszAdat újratöltés'); 
insert into nestedkeyvalue VALUES ('O_REFIL1_1574c8-1.0.0-Name-eng', 'O_REFIL1_1574c8-1.0.0-Name', '1 GB PluszAdat újratöltés'); 
insert into nestedkeyvalue VALUES ('O_REFIL1_1574c8-1.0.0-Name-hun', 'O_REFIL1_1574c8-1.0.0-Name', 'Plusz Adat 1 GB'); 
insert into nestedkeyvalue VALUES ('O_REFIL1_1574c8-1.0.0-Name-unLocalized', 'O_REFIL1_1574c8-1.0.0-Name', null); 
insert into keyvalue VALUES ('O_REFIL1_1574c8-1.0.0-Name', 'O_REFIL1_1574c8-1.0.0', 'Post-Refill-1.0.0-Name', null); 
insert into keyvalue VALUES ('O_REFIL1_1574c8-1.0.0-Price', 'O_REFIL1_1574c8-1.0.0', 'Post-Refill-1.0.0-Price', '1859'); 
insert into object VALUES ('60217-1.0.0', '60217'); 
insert into nestedkeyvalue VALUES ('60217-1.0.0-PSMCodes-Deactivation', '60217-1.0.0-PSMCodes', 'XPLUSZ1GB-OM'); 
insert into nestedkeyvalue VALUES ('60217-1.0.0-PSMCodes-Activation', '60217-1.0.0-PSMCodes', 'PLUSZ1GB-OM'); 
insert into keyvalue VALUES ('60217-1.0.0-PSMCodes', '60217-1.0.0', 'Post-Refill-1.0.0-PSMCodes', null); 
insert into keyvalue VALUES ('60217-1.0.0-Price', '60217-1.0.0', 'Post-Refill-1.0.0-Price', '1394'); 
insert into keyvalue VALUES ('60217-1.0.0-Active', '60217-1.0.0', 'Post-Refill-1.0.0-Active', 'true'); 
insert into nestedkeyvalue VALUES ('60217-1.0.0-Description-def', '60217-1.0.0-Description', 'Felhasználtad 1 GB osztható megújuló PluszAdat opciódat, de még neteznél? Válaszd ezt az opciót és töltsd fel újra 1 GB osztható adattal, amit egészen számlazárásig felhasználhatsz az előfizetésedhez tartozó többi SIM kártyán is. Az opció ára 1394 Ft.'); 
insert into nestedkeyvalue VALUES ('60217-1.0.0-Description-eng', '60217-1.0.0-Description', 'Felhasználtad 1 GB osztható megújuló PluszAdat opciódat, de még neteznél? Válaszd ezt az opciót és töltsd fel újra 1 GB osztható adattal, amit egészen számlazárásig felhasználhatsz az előfizetésedhez tartozó többi SIM kártyán is. Az opció ára 1394 Ft.'); 
insert into nestedkeyvalue VALUES ('60217-1.0.0-Description-hun', '60217-1.0.0-Description', 'You run out of your shared extra data, but would like to stay connected? This extra shared data pack will give you an additional shared 1 GB mobile internet until the end of your current bill cycle for 1394 Ft. This will also be available for your package and any other users linked to the shared data.'); 
insert into nestedkeyvalue VALUES ('60217-1.0.0-Description-unLocalized', '60217-1.0.0-Description', null); 
insert into keyvalue VALUES ('60217-1.0.0-Description', '60217-1.0.0', 'Post-Refill-1.0.0-Description', null); 
insert into keyvalue VALUES ('60217-1.0.0-Id', '60217-1.0.0', 'Post-Refill-1.0.0-Id', '60217'); 
insert into keyvalue VALUES ('60217-1.0.0-Type', '60217-1.0.0', 'Post-Refill-1.0.0-Type', 'recurringPR'); 
insert into nestedkeyvalue VALUES ('60217-1.0.0-Name-def', '60217-1.0.0-Name', '1 GB Plusz Osztható Adat (Megújuló)'); 
insert into nestedkeyvalue VALUES ('60217-1.0.0-Name-eng', '60217-1.0.0-Name', '1 GB Plusz Osztható Adat (Megújuló)'); 
insert into nestedkeyvalue VALUES ('60217-1.0.0-Name-hun', '60217-1.0.0-Name', 'Plusz Adat 1 GB Shared (Recurring)'); 
insert into nestedkeyvalue VALUES ('60217-1.0.0-Name-unLocalized', '60217-1.0.0-Name', null); 
insert into keyvalue VALUES ('60217-1.0.0-Name', '60217-1.0.0', 'Post-Refill-1.0.0-Name', null); 
insert into object VALUES ('60219-1.0.0', '60219'); 
insert into nestedkeyvalue VALUES ('60219-1.0.0-PSMCodes-Deactivation', '60219-1.0.0-PSMCodes', 'XPLUSZ8GB-OM'); 
insert into nestedkeyvalue VALUES ('60219-1.0.0-PSMCodes-Activation', '60219-1.0.0-PSMCodes', 'PLUSZ8GB-OM'); 
insert into keyvalue VALUES ('60219-1.0.0-PSMCodes', '60219-1.0.0', 'Post-Refill-1.0.0-PSMCodes', null); 
insert into keyvalue VALUES ('60219-1.0.0-Price', '60219-1.0.0', 'Post-Refill-1.0.0-Price', '3707'); 
insert into keyvalue VALUES ('60219-1.0.0-Active', '60219-1.0.0', 'Post-Refill-1.0.0-Active', 'true'); 
insert into nestedkeyvalue VALUES ('60219-1.0.0-Description-def', '60219-1.0.0-Description', 'Felhasználtad 8 GB osztható megújuló PluszAdat opciódat, de még neteznél? Válaszd ezt az opciót és töltsd fel újra 8 GB osztható adattal, amit egészen számlazárásig felhasználhatsz az előfizetésedhez tartozó többi SIM kártyán is. Az opció ára 3707 Ft.'); 
insert into nestedkeyvalue VALUES ('60219-1.0.0-Description-eng', '60219-1.0.0-Description', 'Felhasználtad 8 GB osztható megújuló PluszAdat opciódat, de még neteznél? Válaszd ezt az opciót és töltsd fel újra 8 GB osztható adattal, amit egészen számlazárásig felhasználhatsz az előfizetésedhez tartozó többi SIM kártyán is. Az opció ára 3707 Ft.'); 
insert into nestedkeyvalue VALUES ('60219-1.0.0-Description-hun', '60219-1.0.0-Description', 'You run out of your shared extra data, but would like to stay connected? This extra shared data pack will give you an additional shared 8 GB mobile internet until the end of your current bill cycle for 3707 Ft. This will also be available for your package and any other users linked to the shared data.'); 
insert into nestedkeyvalue VALUES ('60219-1.0.0-Description-unLocalized', '60219-1.0.0-Description', null); 
insert into keyvalue VALUES ('60219-1.0.0-Description', '60219-1.0.0', 'Post-Refill-1.0.0-Description', null); 
insert into keyvalue VALUES ('60219-1.0.0-Id', '60219-1.0.0', 'Post-Refill-1.0.0-Id', '60219'); 
insert into keyvalue VALUES ('60219-1.0.0-Type', '60219-1.0.0', 'Post-Refill-1.0.0-Type', 'recurringPR'); 
insert into nestedkeyvalue VALUES ('60219-1.0.0-Name-def', '60219-1.0.0-Name', '8 GB Plusz Osztható Adat (Megújuló)'); 
insert into nestedkeyvalue VALUES ('60219-1.0.0-Name-eng', '60219-1.0.0-Name', '8 GB Plusz Osztható Adat (Megújuló)'); 
insert into nestedkeyvalue VALUES ('60219-1.0.0-Name-hun', '60219-1.0.0-Name', 'Plusz Adat 8 GB Shared (Recurring)'); 
insert into nestedkeyvalue VALUES ('60219-1.0.0-Name-unLocalized', '60219-1.0.0-Name', null); 
insert into keyvalue VALUES ('60219-1.0.0-Name', '60219-1.0.0', 'Post-Refill-1.0.0-Name', null); 
insert into object VALUES ('O_EXREF_393c7-1.0.0', 'O_EXREF_393c7'); 
insert into nestedkeyvalue VALUES ('O_EXREF_393c7-1.0.0-PSMCodes-Activation', 'O_EXREF_393c7-1.0.0-PSMCodes', 'TOLT 100MB'); 
insert into keyvalue VALUES ('O_EXREF_393c7-1.0.0-PSMCodes', 'O_EXREF_393c7-1.0.0', 'Post-Refill-1.0.0-PSMCodes', null); 
insert into keyvalue VALUES ('O_EXREF_393c7-1.0.0-Active', 'O_EXREF_393c7-1.0.0', 'Post-Refill-1.0.0-Active', 'true'); 
insert into nestedkeyvalue VALUES ('O_EXREF_393c7-1.0.0-Description-def', 'O_EXREF_393c7-1.0.0-Description', 'Felhasználtad 100 MB ExtraAdat opciódat, de még neteznél? Válaszd ezt az opciót és töltsd fel újra 100 MB adattal, amit egészen számlazárásig felhasználhatsz. Az opció ára 465 Ft.'); 
insert into nestedkeyvalue VALUES ('O_EXREF_393c7-1.0.0-Description-eng', 'O_EXREF_393c7-1.0.0-Description', 'Felhasználtad 100 MB ExtraAdat opciódat, de még neteznél? Válaszd ezt az opciót és töltsd fel újra 100 MB adattal, amit egészen számlazárásig felhasználhatsz. Az opció ára 465 Ft.'); 
insert into nestedkeyvalue VALUES ('O_EXREF_393c7-1.0.0-Description-hun', 'O_EXREF_393c7-1.0.0-Description', 'This extra data pack will give you an additional 100 MB mobile internet until the end of your current bill cycle for 465 Ft.'); 
insert into nestedkeyvalue VALUES ('O_EXREF_393c7-1.0.0-Description-unLocalized', 'O_EXREF_393c7-1.0.0-Description', null); 
insert into keyvalue VALUES ('O_EXREF_393c7-1.0.0-Description', 'O_EXREF_393c7-1.0.0', 'Post-Refill-1.0.0-Description', null); 
insert into keyvalue VALUES ('O_EXREF_393c7-1.0.0-Id', 'O_EXREF_393c7-1.0.0', 'Post-Refill-1.0.0-Id', 'O_EXREF_393c7'); 
insert into nestedkeyvalue VALUES ('O_EXREF_393c7-1.0.0-Name-def', 'O_EXREF_393c7-1.0.0-Name', '100 MB ExtraAdat újratöltés'); 
insert into nestedkeyvalue VALUES ('O_EXREF_393c7-1.0.0-Name-eng', 'O_EXREF_393c7-1.0.0-Name', '100 MB ExtraAdat újratöltés'); 
insert into nestedkeyvalue VALUES ('O_EXREF_393c7-1.0.0-Name-hun', 'O_EXREF_393c7-1.0.0-Name', '100MB ExtraAdat'); 
insert into nestedkeyvalue VALUES ('O_EXREF_393c7-1.0.0-Name-unLocalized', 'O_EXREF_393c7-1.0.0-Name', null); 
insert into keyvalue VALUES ('O_EXREF_393c7-1.0.0-Name', 'O_EXREF_393c7-1.0.0', 'Post-Refill-1.0.0-Name', null); 
insert into keyvalue VALUES ('O_EXREF_393c7-1.0.0-Price', 'O_EXREF_393c7-1.0.0', 'Post-Refill-1.0.0-Price', '465'); 
insert into object VALUES ('O_EXREF_1574c8-1.0.0', 'O_EXREF_1574c8'); 
insert into nestedkeyvalue VALUES ('O_EXREF_1574c8-1.0.0-PSMCodes-Activation', 'O_EXREF_1574c8-1.0.0-PSMCodes', 'TOLT 1GB'); 
insert into keyvalue VALUES ('O_EXREF_1574c8-1.0.0-PSMCodes', 'O_EXREF_1574c8-1.0.0', 'Post-Refill-1.0.0-PSMCodes', null); 
insert into keyvalue VALUES ('O_EXREF_1574c8-1.0.0-Active', 'O_EXREF_1574c8-1.0.0', 'Post-Refill-1.0.0-Active', 'true'); 
insert into nestedkeyvalue VALUES ('O_EXREF_1574c8-1.0.0-Description-def', 'O_EXREF_1574c8-1.0.0-Description', 'Felhasználtad 1 GB ExtraAdat opciódat, de még neteznél? Válaszd ezt az opciót és töltsd fel újra 1 GB adattal, amit egészen számlazárásig felhasználhatsz. Az opció ára 1859 Ft.'); 
insert into nestedkeyvalue VALUES ('O_EXREF_1574c8-1.0.0-Description-eng', 'O_EXREF_1574c8-1.0.0-Description', 'Felhasználtad 1 GB ExtraAdat opciódat, de még neteznél? Válaszd ezt az opciót és töltsd fel újra 1 GB adattal, amit egészen számlazárásig felhasználhatsz. Az opció ára 1859 Ft.'); 
insert into nestedkeyvalue VALUES ('O_EXREF_1574c8-1.0.0-Description-hun', 'O_EXREF_1574c8-1.0.0-Description', 'This extra data pack will give you an additional 1 GB mobile internet until the end of your current bill cycle for 1859 Ft.'); 
insert into nestedkeyvalue VALUES ('O_EXREF_1574c8-1.0.0-Description-unLocalized', 'O_EXREF_1574c8-1.0.0-Description', null); 
insert into keyvalue VALUES ('O_EXREF_1574c8-1.0.0-Description', 'O_EXREF_1574c8-1.0.0', 'Post-Refill-1.0.0-Description', null); 
insert into keyvalue VALUES ('O_EXREF_1574c8-1.0.0-Id', 'O_EXREF_1574c8-1.0.0', 'Post-Refill-1.0.0-Id', 'O_EXREF_1574c8'); 
insert into nestedkeyvalue VALUES ('O_EXREF_1574c8-1.0.0-Name-def', 'O_EXREF_1574c8-1.0.0-Name', '1 GB ExtraAdat újratöltés'); 
insert into nestedkeyvalue VALUES ('O_EXREF_1574c8-1.0.0-Name-eng', 'O_EXREF_1574c8-1.0.0-Name', '1 GB ExtraAdat újratöltés'); 
insert into nestedkeyvalue VALUES ('O_EXREF_1574c8-1.0.0-Name-hun', 'O_EXREF_1574c8-1.0.0-Name', 'ExtraAdat 1 GB'); 
insert into nestedkeyvalue VALUES ('O_EXREF_1574c8-1.0.0-Name-unLocalized', 'O_EXREF_1574c8-1.0.0-Name', null); 
insert into keyvalue VALUES ('O_EXREF_1574c8-1.0.0-Name', 'O_EXREF_1574c8-1.0.0', 'Post-Refill-1.0.0-Name', null); 
insert into keyvalue VALUES ('O_EXREF_1574c8-1.0.0-Price', 'O_EXREF_1574c8-1.0.0', 'Post-Refill-1.0.0-Price', '1859'); 
insert into object VALUES ('O_EXREF_1181c1-1.0.0', 'O_EXREF_1181c1'); 
insert into nestedkeyvalue VALUES ('O_EXREF_1181c1-1.0.0-PSMCodes-Activation', 'O_EXREF_1181c1-1.0.0-PSMCodes', 'TOLT 1GB'); 
insert into keyvalue VALUES ('O_EXREF_1181c1-1.0.0-PSMCodes', 'O_EXREF_1181c1-1.0.0', 'Post-Refill-1.0.0-PSMCodes', null); 
insert into keyvalue VALUES ('O_EXREF_1181c1-1.0.0-Active', 'O_EXREF_1181c1-1.0.0', 'Post-Refill-1.0.0-Active', 'true'); 
insert into nestedkeyvalue VALUES ('O_EXREF_1181c1-1.0.0-Description-def', 'O_EXREF_1181c1-1.0.0-Description', 'Felhasználtad 1 GB ExtraAdat opciódat, de még neteznél? Válaszd ezt az opciót és töltsd fel újra 1 GB adattal, amit egészen számlazárásig felhasználhatsz. Az opció ára 1394 Ft.'); 
insert into nestedkeyvalue VALUES ('O_EXREF_1181c1-1.0.0-Description-eng', 'O_EXREF_1181c1-1.0.0-Description', 'Felhasználtad 1 GB ExtraAdat opciódat, de még neteznél? Válaszd ezt az opciót és töltsd fel újra 1 GB adattal, amit egészen számlazárásig felhasználhatsz. Az opció ára 1394 Ft.'); 
insert into nestedkeyvalue VALUES ('O_EXREF_1181c1-1.0.0-Description-hun', 'O_EXREF_1181c1-1.0.0-Description', 'This extra data pack will give you an additional 1 GB mobile internet until the end of your current bill cycle for 1394 Ft.'); 
insert into nestedkeyvalue VALUES ('O_EXREF_1181c1-1.0.0-Description-unLocalized', 'O_EXREF_1181c1-1.0.0-Description', null); 
insert into keyvalue VALUES ('O_EXREF_1181c1-1.0.0-Description', 'O_EXREF_1181c1-1.0.0', 'Post-Refill-1.0.0-Description', null); 
insert into keyvalue VALUES ('O_EXREF_1181c1-1.0.0-Id', 'O_EXREF_1181c1-1.0.0', 'Post-Refill-1.0.0-Id', 'O_EXREF_1181c1'); 
insert into nestedkeyvalue VALUES ('O_EXREF_1181c1-1.0.0-Name-def', 'O_EXREF_1181c1-1.0.0-Name', '1 GB ExtraAdat (Megújuló) újratöltés'); 
insert into nestedkeyvalue VALUES ('O_EXREF_1181c1-1.0.0-Name-eng', 'O_EXREF_1181c1-1.0.0-Name', '1 GB ExtraAdat (Megújuló) újratöltés'); 
insert into nestedkeyvalue VALUES ('O_EXREF_1181c1-1.0.0-Name-hun', 'O_EXREF_1181c1-1.0.0-Name', '1 GB ExtraAdat (Recurring)'); 
insert into nestedkeyvalue VALUES ('O_EXREF_1181c1-1.0.0-Name-unLocalized', 'O_EXREF_1181c1-1.0.0-Name', null); 
insert into keyvalue VALUES ('O_EXREF_1181c1-1.0.0-Name', 'O_EXREF_1181c1-1.0.0', 'Post-Refill-1.0.0-Name', null); 
insert into keyvalue VALUES ('O_EXREF_1181c1-1.0.0-Price', 'O_EXREF_1181c1-1.0.0', 'Post-Refill-1.0.0-Price', '1394'); 
insert into object VALUES ('O_EXREF2_393c7-1.0.0', 'O_EXREF2_393c7'); 
insert into nestedkeyvalue VALUES ('O_EXREF2_393c7-1.0.0-PSMCodes-Activation', 'O_EXREF2_393c7-1.0.0-PSMCodes', 'TOLT 200MB'); 
insert into keyvalue VALUES ('O_EXREF2_393c7-1.0.0-PSMCodes', 'O_EXREF2_393c7-1.0.0', 'Post-Refill-1.0.0-PSMCodes', null); 
insert into keyvalue VALUES ('O_EXREF2_393c7-1.0.0-Active', 'O_EXREF2_393c7-1.0.0', 'Post-Refill-1.0.0-Active', 'true'); 
insert into nestedkeyvalue VALUES ('O_EXREF2_393c7-1.0.0-Description-def', 'O_EXREF2_393c7-1.0.0-Description', 'Felhasználtad 200 MB ExtraAdat opciódat, de még neteznél? Válaszd ezt az opciót és töltsd fel újra 200 MB adattal, amit egészen számlazárásig felhasználhatsz. Az opció ára 465 Ft.'); 
insert into nestedkeyvalue VALUES ('O_EXREF2_393c7-1.0.0-Description-eng', 'O_EXREF2_393c7-1.0.0-Description', 'Felhasználtad 200 MB ExtraAdat opciódat, de még neteznél? Válaszd ezt az opciót és töltsd fel újra 200 MB adattal, amit egészen számlazárásig felhasználhatsz. Az opció ára 465 Ft.'); 
insert into nestedkeyvalue VALUES ('O_EXREF2_393c7-1.0.0-Description-hun', 'O_EXREF2_393c7-1.0.0-Description', 'This extra data pack will give you an additional 200 MB mobile internet until the end of your current bill cycle for 465 Ft.'); 
insert into nestedkeyvalue VALUES ('O_EXREF2_393c7-1.0.0-Description-unLocalized', 'O_EXREF2_393c7-1.0.0-Description', null); 
insert into keyvalue VALUES ('O_EXREF2_393c7-1.0.0-Description', 'O_EXREF2_393c7-1.0.0', 'Post-Refill-1.0.0-Description', null); 
insert into keyvalue VALUES ('O_EXREF2_393c7-1.0.0-Id', 'O_EXREF2_393c7-1.0.0', 'Post-Refill-1.0.0-Id', 'O_EXREF2_393c7'); 
insert into nestedkeyvalue VALUES ('O_EXREF2_393c7-1.0.0-Name-def', 'O_EXREF2_393c7-1.0.0-Name', '200 MB ExtraAdat újratöltés'); 
insert into nestedkeyvalue VALUES ('O_EXREF2_393c7-1.0.0-Name-eng', 'O_EXREF2_393c7-1.0.0-Name', '200 MB ExtraAdat újratöltés'); 
insert into nestedkeyvalue VALUES ('O_EXREF2_393c7-1.0.0-Name-hun', 'O_EXREF2_393c7-1.0.0-Name', '200MB ExtraAdat'); 
insert into nestedkeyvalue VALUES ('O_EXREF2_393c7-1.0.0-Name-unLocalized', 'O_EXREF2_393c7-1.0.0-Name', null); 
insert into keyvalue VALUES ('O_EXREF2_393c7-1.0.0-Name', 'O_EXREF2_393c7-1.0.0', 'Post-Refill-1.0.0-Name', null); 
insert into keyvalue VALUES ('O_EXREF2_393c7-1.0.0-Price', 'O_EXREF2_393c7-1.0.0', 'Post-Refill-1.0.0-Price', '465'); 
insert into object VALUES ('O_REFIL200_590c55-1.0.0', 'O_REFIL200_590c55'); 
insert into nestedkeyvalue VALUES ('O_REFIL200_590c55-1.0.0-PSMCodes-Activation', 'O_REFIL200_590c55-1.0.0-PSMCodes', 'TOLT 200MB'); 
insert into keyvalue VALUES ('O_REFIL200_590c55-1.0.0-PSMCodes', 'O_REFIL200_590c55-1.0.0', 'Post-Refill-1.0.0-PSMCodes', null); 
insert into keyvalue VALUES ('O_REFIL200_590c55-1.0.0-Active', 'O_REFIL200_590c55-1.0.0', 'Post-Refill-1.0.0-Active', 'true'); 
insert into nestedkeyvalue VALUES ('O_REFIL200_590c55-1.0.0-Description-def', 'O_REFIL200_590c55-1.0.0-Description', 'Ezzel az adatcsomaggal 200 MB adatot vásárolhatsz 697 Ft-ért.'); 
insert into nestedkeyvalue VALUES ('O_REFIL200_590c55-1.0.0-Description-eng', 'O_REFIL200_590c55-1.0.0-Description', 'Ezzel az adatcsomaggal 200 MB adatot vásárolhatsz 697 Ft-ért.'); 
insert into nestedkeyvalue VALUES ('O_REFIL200_590c55-1.0.0-Description-hun', 'O_REFIL200_590c55-1.0.0-Description', 'This extra data pack will give you an additional  200 MB mobile internet until the end of your current bill cycle for 697 Ft.'); 
insert into nestedkeyvalue VALUES ('O_REFIL200_590c55-1.0.0-Description-unLocalized', 'O_REFIL200_590c55-1.0.0-Description', null); 
insert into keyvalue VALUES ('O_REFIL200_590c55-1.0.0-Description', 'O_REFIL200_590c55-1.0.0', 'Post-Refill-1.0.0-Description', null); 
insert into keyvalue VALUES ('O_REFIL200_590c55-1.0.0-Id', 'O_REFIL200_590c55-1.0.0', 'Post-Refill-1.0.0-Id', 'O_REFIL200_590c55'); 
insert into nestedkeyvalue VALUES ('O_REFIL200_590c55-1.0.0-Name-def', 'O_REFIL200_590c55-1.0.0-Name', 'PluszAdat 200 MB'); 
insert into nestedkeyvalue VALUES ('O_REFIL200_590c55-1.0.0-Name-eng', 'O_REFIL200_590c55-1.0.0-Name', 'PluszAdat 200 MB'); 
insert into nestedkeyvalue VALUES ('O_REFIL200_590c55-1.0.0-Name-hun', 'O_REFIL200_590c55-1.0.0-Name', 'PluszAdat 200 MB'); 
insert into nestedkeyvalue VALUES ('O_REFIL200_590c55-1.0.0-Name-unLocalized', 'O_REFIL200_590c55-1.0.0-Name', null); 
insert into keyvalue VALUES ('O_REFIL200_590c55-1.0.0-Name', 'O_REFIL200_590c55-1.0.0', 'Post-Refill-1.0.0-Name', null); 
insert into keyvalue VALUES ('O_REFIL200_590c55-1.0.0-Price', 'O_REFIL200_590c55-1.0.0', 'Post-Refill-1.0.0-Price', '697'); 
insert into object VALUES ('O_REFIL_3543c31-1.0.0', 'O_REFIL_3543c31'); 
insert into nestedkeyvalue VALUES ('O_REFIL_3543c31-1.0.0-PSMCodes-Activation', 'O_REFIL_3543c31-1.0.0-PSMCodes', 'TOLT 3GB'); 
insert into keyvalue VALUES ('O_REFIL_3543c31-1.0.0-PSMCodes', 'O_REFIL_3543c31-1.0.0', 'Post-Refill-1.0.0-PSMCodes', null); 
insert into keyvalue VALUES ('O_REFIL_3543c31-1.0.0-Active', 'O_REFIL_3543c31-1.0.0', 'Post-Refill-1.0.0-Active', 'true'); 
insert into nestedkeyvalue VALUES ('O_REFIL_3543c31-1.0.0-Description-def', 'O_REFIL_3543c31-1.0.0-Description', 'Ezzel az adatcsomaggal 3 GB adatot vásárolhatsz 4182 Ft-ért.'); 
insert into nestedkeyvalue VALUES ('O_REFIL_3543c31-1.0.0-Description-eng', 'O_REFIL_3543c31-1.0.0-Description', 'Ezzel az adatcsomaggal 3 GB adatot vásárolhatsz 4182 Ft-ért.'); 
insert into nestedkeyvalue VALUES ('O_REFIL_3543c31-1.0.0-Description-hun', 'O_REFIL_3543c31-1.0.0-Description', 'This extra data pack will give you an additional  3 GB mobile internet until the end of your current bill cycle for 4182 Ft.'); 
insert into nestedkeyvalue VALUES ('O_REFIL_3543c31-1.0.0-Description-unLocalized', 'O_REFIL_3543c31-1.0.0-Description', null); 
insert into keyvalue VALUES ('O_REFIL_3543c31-1.0.0-Description', 'O_REFIL_3543c31-1.0.0', 'Post-Refill-1.0.0-Description', null); 
insert into keyvalue VALUES ('O_REFIL_3543c31-1.0.0-Id', 'O_REFIL_3543c31-1.0.0', 'Post-Refill-1.0.0-Id', 'O_REFIL_3543c31'); 
insert into nestedkeyvalue VALUES ('O_REFIL_3543c31-1.0.0-Name-def', 'O_REFIL_3543c31-1.0.0-Name', 'PluszAdat 3 GB'); 
insert into nestedkeyvalue VALUES ('O_REFIL_3543c31-1.0.0-Name-eng', 'O_REFIL_3543c31-1.0.0-Name', 'PluszAdat 3 GB'); 
insert into nestedkeyvalue VALUES ('O_REFIL_3543c31-1.0.0-Name-hun', 'O_REFIL_3543c31-1.0.0-Name', 'PluszAdat 3 GB'); 
insert into nestedkeyvalue VALUES ('O_REFIL_3543c31-1.0.0-Name-unLocalized', 'O_REFIL_3543c31-1.0.0-Name', null); 
insert into keyvalue VALUES ('O_REFIL_3543c31-1.0.0-Name', 'O_REFIL_3543c31-1.0.0', 'Post-Refill-1.0.0-Name', null); 
insert into keyvalue VALUES ('O_REFIL_3543c31-1.0.0-Price', 'O_REFIL_3543c31-1.0.0', 'Post-Refill-1.0.0-Price', '4182'); 
insert into object VALUES ('O_REFIL_5118c11-1.0.0', 'O_REFIL_5118c11'); 
insert into nestedkeyvalue VALUES ('O_REFIL_5118c11-1.0.0-PSMCodes-Activation', 'O_REFIL_5118c11-1.0.0-PSMCodes', 'TOLT 5GB'); 
insert into keyvalue VALUES ('O_REFIL_5118c11-1.0.0-PSMCodes', 'O_REFIL_5118c11-1.0.0', 'Post-Refill-1.0.0-PSMCodes', null); 
insert into keyvalue VALUES ('O_REFIL_5118c11-1.0.0-Active', 'O_REFIL_5118c11-1.0.0', 'Post-Refill-1.0.0-Active', 'true'); 
insert into nestedkeyvalue VALUES ('O_REFIL_5118c11-1.0.0-Description-def', 'O_REFIL_5118c11-1.0.0-Description', 'Ezzel az adatcsomaggal 5 GB adatot vásárolhatsz 6040 Ft-ért.'); 
insert into nestedkeyvalue VALUES ('O_REFIL_5118c11-1.0.0-Description-eng', 'O_REFIL_5118c11-1.0.0-Description', 'Ezzel az adatcsomaggal 5 GB adatot vásárolhatsz 6040 Ft-ért.'); 
insert into nestedkeyvalue VALUES ('O_REFIL_5118c11-1.0.0-Description-hun', 'O_REFIL_5118c11-1.0.0-Description', 'This extra data pack will give you an additional  5 GB mobile internet until the end of your current bill cycle for 6040Ft.'); 
insert into nestedkeyvalue VALUES ('O_REFIL_5118c11-1.0.0-Description-unLocalized', 'O_REFIL_5118c11-1.0.0-Description', null); 
insert into keyvalue VALUES ('O_REFIL_5118c11-1.0.0-Description', 'O_REFIL_5118c11-1.0.0', 'Post-Refill-1.0.0-Description', null); 
insert into keyvalue VALUES ('O_REFIL_5118c11-1.0.0-Id', 'O_REFIL_5118c11-1.0.0', 'Post-Refill-1.0.0-Id', 'O_REFIL_5118c11'); 
insert into nestedkeyvalue VALUES ('O_REFIL_5118c11-1.0.0-Name-def', 'O_REFIL_5118c11-1.0.0-Name', 'PluszAdat 5 GB'); 
insert into nestedkeyvalue VALUES ('O_REFIL_5118c11-1.0.0-Name-eng', 'O_REFIL_5118c11-1.0.0-Name', 'PluszAdat 5 GB'); 
insert into nestedkeyvalue VALUES ('O_REFIL_5118c11-1.0.0-Name-hun', 'O_REFIL_5118c11-1.0.0-Name', 'PluszAdat 5 GB'); 
insert into nestedkeyvalue VALUES ('O_REFIL_5118c11-1.0.0-Name-unLocalized', 'O_REFIL_5118c11-1.0.0-Name', null); 
insert into keyvalue VALUES ('O_REFIL_5118c11-1.0.0-Name', 'O_REFIL_5118c11-1.0.0', 'Post-Refill-1.0.0-Name', null); 
insert into keyvalue VALUES ('O_REFIL_5118c11-1.0.0-Price', 'O_REFIL_5118c11-1.0.0', 'Post-Refill-1.0.0-Price', '6040'); 
insert into object VALUES ('O_EXREF_2748c03-1.0.0', 'O_EXREF_2748c03'); 
insert into nestedkeyvalue VALUES ('O_EXREF_2748c03-1.0.0-PSMCodes-Activation', 'O_EXREF_2748c03-1.0.0-PSMCodes', 'TOLT 5GB'); 
insert into keyvalue VALUES ('O_EXREF_2748c03-1.0.0-PSMCodes', 'O_EXREF_2748c03-1.0.0', 'Post-Refill-1.0.0-PSMCodes', null); 
insert into keyvalue VALUES ('O_EXREF_2748c03-1.0.0-Price', 'O_EXREF_2748c03-1.0.0', 'Post-Refill-1.0.0-Price', '3243'); 
insert into keyvalue VALUES ('O_EXREF_2748c03-1.0.0-Active', 'O_EXREF_2748c03-1.0.0', 'Post-Refill-1.0.0-Active', 'true'); 
insert into nestedkeyvalue VALUES ('O_EXREF_2748c03-1.0.0-Description-def', 'O_EXREF_2748c03-1.0.0-Description', 'Felhasználtad 5 GB ExtraAdat opciódat, de még neteznél? Válaszd ezt az opciót és töltsd fel újra 5 GB adattal, amit egészen számlazárásig felhasználhatsz. Az opció ára 3243 Ft.'); 
insert into nestedkeyvalue VALUES ('O_EXREF_2748c03-1.0.0-Description-eng', 'O_EXREF_2748c03-1.0.0-Description', 'Felhasználtad 5 GB ExtraAdat opciódat, de még neteznél? Válaszd ezt az opciót és töltsd fel újra 5 GB adattal, amit egészen számlazárásig felhasználhatsz. Az opció ára 3243 Ft.'); 
insert into nestedkeyvalue VALUES ('O_EXREF_2748c03-1.0.0-Description-hun', 'O_EXREF_2748c03-1.0.0-Description', 'This extra data pack will give you an additional 5 GB mobile internet until the end of your current bill cycle for 3243 Ft.'); 
insert into nestedkeyvalue VALUES ('O_EXREF_2748c03-1.0.0-Description-unLocalized', 'O_EXREF_2748c03-1.0.0-Description', null); 
insert into keyvalue VALUES ('O_EXREF_2748c03-1.0.0-Description', 'O_EXREF_2748c03-1.0.0', 'Post-Refill-1.0.0-Description', null); 
insert into keyvalue VALUES ('O_EXREF_2748c03-1.0.0-Id', 'O_EXREF_2748c03-1.0.0', 'Post-Refill-1.0.0-Id', 'O_EXREF_2748c03'); 
insert into keyvalue VALUES ('O_EXREF_2748c03-1.0.0-Type', 'O_EXREF_2748c03-1.0.0', 'Post-Refill-1.0.0-Type', 'One Time'); 
insert into nestedkeyvalue VALUES ('O_EXREF_2748c03-1.0.0-Name-def', 'O_EXREF_2748c03-1.0.0-Name', '5 GB ExtraAdat (Megújuló) újratöltés'); 
insert into nestedkeyvalue VALUES ('O_EXREF_2748c03-1.0.0-Name-eng', 'O_EXREF_2748c03-1.0.0-Name', '5 GB ExtraAdat (Megújuló) újratöltés'); 
insert into nestedkeyvalue VALUES ('O_EXREF_2748c03-1.0.0-Name-hun', 'O_EXREF_2748c03-1.0.0-Name', '5 GB ExtraAdat (Megújuló) refill'); 
insert into nestedkeyvalue VALUES ('O_EXREF_2748c03-1.0.0-Name-unLocalized', 'O_EXREF_2748c03-1.0.0-Name', null); 
insert into keyvalue VALUES ('O_EXREF_2748c03-1.0.0-Name', 'O_EXREF_2748c03-1.0.0', 'Post-Refill-1.0.0-Name', null); 
insert into object VALUES ('O_EXREF_3929c13-1.0.0', 'O_EXREF_3929c13'); 
insert into nestedkeyvalue VALUES ('O_EXREF_3929c13-1.0.0-PSMCodes-Activation', 'O_EXREF_3929c13-1.0.0-PSMCodes', 'TOLT 10GB'); 
insert into keyvalue VALUES ('O_EXREF_3929c13-1.0.0-PSMCodes', 'O_EXREF_3929c13-1.0.0', 'Post-Refill-1.0.0-PSMCodes', null); 
insert into keyvalue VALUES ('O_EXREF_3929c13-1.0.0-Price', 'O_EXREF_3929c13-1.0.0', 'Post-Refill-1.0.0-Price', '4637'); 
insert into keyvalue VALUES ('O_EXREF_3929c13-1.0.0-Active', 'O_EXREF_3929c13-1.0.0', 'Post-Refill-1.0.0-Active', 'true'); 
insert into nestedkeyvalue VALUES ('O_EXREF_3929c13-1.0.0-Description-def', 'O_EXREF_3929c13-1.0.0-Description', 'Felhasználtad 10 GB ExtraAdat opciódat, de még neteznél? Válaszd ezt az opciót és töltsd fel újra 10 GB adattal, amit egészen számlazárásig felhasználhatsz. Az opció ára 4637 Ft.'); 
insert into nestedkeyvalue VALUES ('O_EXREF_3929c13-1.0.0-Description-eng', 'O_EXREF_3929c13-1.0.0-Description', 'Felhasználtad 10 GB ExtraAdat opciódat, de még neteznél? Válaszd ezt az opciót és töltsd fel újra 10 GB adattal, amit egészen számlazárásig felhasználhatsz. Az opció ára 4637 Ft.'); 
insert into nestedkeyvalue VALUES ('O_EXREF_3929c13-1.0.0-Description-hun', 'O_EXREF_3929c13-1.0.0-Description', 'This extra data pack will give you an additional 10 GB mobile internet until the end of your current bill cycle for 4637 Ft.'); 
insert into nestedkeyvalue VALUES ('O_EXREF_3929c13-1.0.0-Description-unLocalized', 'O_EXREF_3929c13-1.0.0-Description', null); 
insert into keyvalue VALUES ('O_EXREF_3929c13-1.0.0-Description', 'O_EXREF_3929c13-1.0.0', 'Post-Refill-1.0.0-Description', null); 
insert into keyvalue VALUES ('O_EXREF_3929c13-1.0.0-Id', 'O_EXREF_3929c13-1.0.0', 'Post-Refill-1.0.0-Id', 'O_EXREF_3929c13'); 
insert into keyvalue VALUES ('O_EXREF_3929c13-1.0.0-Type', 'O_EXREF_3929c13-1.0.0', 'Post-Refill-1.0.0-Type', 'One Time'); 
insert into nestedkeyvalue VALUES ('O_EXREF_3929c13-1.0.0-Name-def', 'O_EXREF_3929c13-1.0.0-Name', '10 GB ExtraAdat (Megújuló) újratöltés'); 
insert into nestedkeyvalue VALUES ('O_EXREF_3929c13-1.0.0-Name-eng', 'O_EXREF_3929c13-1.0.0-Name', '10 GB ExtraAdat (Megújuló) újratöltés'); 
insert into nestedkeyvalue VALUES ('O_EXREF_3929c13-1.0.0-Name-hun', 'O_EXREF_3929c13-1.0.0-Name', '10 GB ExtraAdat (Recurring) refill'); 
insert into nestedkeyvalue VALUES ('O_EXREF_3929c13-1.0.0-Name-unLocalized', 'O_EXREF_3929c13-1.0.0-Name', null); 
insert into keyvalue VALUES ('O_EXREF_3929c13-1.0.0-Name', 'O_EXREF_3929c13-1.0.0', 'Post-Refill-1.0.0-Name', null); 
insert into object VALUES ('O_EXREF_3141c73-1.0.0', 'O_EXREF_3141c73'); 
insert into nestedkeyvalue VALUES ('O_EXREF_3141c73-1.0.0-PSMCodes-Activation', 'O_EXREF_3141c73-1.0.0-PSMCodes', 'TOLT 5GB'); 
insert into keyvalue VALUES ('O_EXREF_3141c73-1.0.0-PSMCodes', 'O_EXREF_3141c73-1.0.0', 'Post-Refill-1.0.0-PSMCodes', null); 
insert into keyvalue VALUES ('O_EXREF_3141c73-1.0.0-Price', 'O_EXREF_3141c73-1.0.0', 'Post-Refill-1.0.0-Price', '3708'); 
insert into keyvalue VALUES ('O_EXREF_3141c73-1.0.0-Active', 'O_EXREF_3141c73-1.0.0', 'Post-Refill-1.0.0-Active', 'true'); 
insert into nestedkeyvalue VALUES ('O_EXREF_3141c73-1.0.0-Description-def', 'O_EXREF_3141c73-1.0.0-Description', 'Felhasználtad 5 GB ExtraAdat opciódat, de még neteznél? Válaszd ezt az opciót és töltsd fel újra 5 GB adattal, amit egészen számlazárásig felhasználhatsz. Az opció ára 3708 Ft.'); 
insert into nestedkeyvalue VALUES ('O_EXREF_3141c73-1.0.0-Description-eng', 'O_EXREF_3141c73-1.0.0-Description', 'Felhasználtad 5 GB ExtraAdat opciódat, de még neteznél? Válaszd ezt az opciót és töltsd fel újra 5 GB adattal, amit egészen számlazárásig felhasználhatsz. Az opció ára 3708 Ft.'); 
insert into nestedkeyvalue VALUES ('O_EXREF_3141c73-1.0.0-Description-hun', 'O_EXREF_3141c73-1.0.0-Description', 'This extra data pack will give you an additional 5 GB mobile internet until the end of your current bill cycle for 3708 Ft.'); 
insert into nestedkeyvalue VALUES ('O_EXREF_3141c73-1.0.0-Description-unLocalized', 'O_EXREF_3141c73-1.0.0-Description', null); 
insert into keyvalue VALUES ('O_EXREF_3141c73-1.0.0-Description', 'O_EXREF_3141c73-1.0.0', 'Post-Refill-1.0.0-Description', null); 
insert into keyvalue VALUES ('O_EXREF_3141c73-1.0.0-Id', 'O_EXREF_3141c73-1.0.0', 'Post-Refill-1.0.0-Id', 'O_EXREF_3141c73'); 
insert into keyvalue VALUES ('O_EXREF_3141c73-1.0.0-Type', 'O_EXREF_3141c73-1.0.0', 'Post-Refill-1.0.0-Type', 'One Time'); 
insert into nestedkeyvalue VALUES ('O_EXREF_3141c73-1.0.0-Name-def', 'O_EXREF_3141c73-1.0.0-Name', '5 GB ExtraAdat (Egyszeri) újratöltés'); 
insert into nestedkeyvalue VALUES ('O_EXREF_3141c73-1.0.0-Name-eng', 'O_EXREF_3141c73-1.0.0-Name', '5 GB ExtraAdat (Egyszeri) újratöltés'); 
insert into nestedkeyvalue VALUES ('O_EXREF_3141c73-1.0.0-Name-hun', 'O_EXREF_3141c73-1.0.0-Name', '5 GB ExtraAdat (One-time) refill'); 
insert into nestedkeyvalue VALUES ('O_EXREF_3141c73-1.0.0-Name-unLocalized', 'O_EXREF_3141c73-1.0.0-Name', null); 
insert into keyvalue VALUES ('O_EXREF_3141c73-1.0.0-Name', 'O_EXREF_3141c73-1.0.0', 'Post-Refill-1.0.0-Name', null); 
insert into object VALUES ('61590-1.0.0', '61590'); 
insert into nestedkeyvalue VALUES ('61590-1.0.0-PSMCodes-Activation', '61590-1.0.0-PSMCodes', null); 
insert into keyvalue VALUES ('61590-1.0.0-PSMCodes', '61590-1.0.0', 'Post-Refill-1.0.0-PSMCodes', null); 
insert into keyvalue VALUES ('61590-1.0.0-Price', '61590-1.0.0', 'Post-Refill-1.0.0-Price', '6960'); 
insert into keyvalue VALUES ('61590-1.0.0-Active', '61590-1.0.0', 'Post-Refill-1.0.0-Active', 'false'); 
insert into nestedkeyvalue VALUES ('61590-1.0.0-Description-def', '61590-1.0.0-Description', 'Ez az opció 20GB osztható adatot tartalmaz, ami minden számlázási ciklusban megújul.'); 
insert into nestedkeyvalue VALUES ('61590-1.0.0-Description-eng', '61590-1.0.0-Description', 'Ez az opció 20GB osztható adatot tartalmaz, ami minden számlázási ciklusban megújul.'); 
insert into nestedkeyvalue VALUES ('61590-1.0.0-Description-hun', '61590-1.0.0-Description', 'This package contains 20GB recurring shared data.'); 
insert into nestedkeyvalue VALUES ('61590-1.0.0-Description-unLocalized', '61590-1.0.0-Description', null); 
insert into keyvalue VALUES ('61590-1.0.0-Description', '61590-1.0.0', 'Post-Refill-1.0.0-Description', null); 
insert into keyvalue VALUES ('61590-1.0.0-Id', '61590-1.0.0', 'Post-Refill-1.0.0-Id', '61590'); 
insert into keyvalue VALUES ('61590-1.0.0-Type', '61590-1.0.0', 'Post-Refill-1.0.0-Type', 'recurringPR'); 
insert into nestedkeyvalue VALUES ('61590-1.0.0-Name-def', '61590-1.0.0-Name', '20GB osztható adat'); 
insert into nestedkeyvalue VALUES ('61590-1.0.0-Name-eng', '61590-1.0.0-Name', '20GB osztható adat'); 
insert into nestedkeyvalue VALUES ('61590-1.0.0-Name-hun', '61590-1.0.0-Name', '20GB shared data'); 
insert into nestedkeyvalue VALUES ('61590-1.0.0-Name-unLocalized', '61590-1.0.0-Name', null); 
insert into keyvalue VALUES ('61590-1.0.0-Name', '61590-1.0.0', 'Post-Refill-1.0.0-Name', null); 
insert into object VALUES ('61589-1.0.0', '61589'); 
insert into nestedkeyvalue VALUES ('61589-1.0.0-PSMCodes-Activation', '61589-1.0.0-PSMCodes', null); 
insert into keyvalue VALUES ('61589-1.0.0-PSMCodes', '61589-1.0.0', 'Post-Refill-1.0.0-PSMCodes', null); 
insert into keyvalue VALUES ('61589-1.0.0-Price', '61589-1.0.0', 'Post-Refill-1.0.0-Price', '5101'); 
insert into keyvalue VALUES ('61589-1.0.0-Active', '61589-1.0.0', 'Post-Refill-1.0.0-Active', 'false'); 
insert into nestedkeyvalue VALUES ('61589-1.0.0-Description-def', '61589-1.0.0-Description', 'Ez az opció 12GB osztható adatot tartalmaz, ami minden számlázási ciklusban megújul.'); 
insert into nestedkeyvalue VALUES ('61589-1.0.0-Description-eng', '61589-1.0.0-Description', 'Ez az opció 12GB osztható adatot tartalmaz, ami minden számlázási ciklusban megújul.'); 
insert into nestedkeyvalue VALUES ('61589-1.0.0-Description-hun', '61589-1.0.0-Description', 'This package contains 12GB recurring shared data.'); 
insert into nestedkeyvalue VALUES ('61589-1.0.0-Description-unLocalized', '61589-1.0.0-Description', null); 
insert into keyvalue VALUES ('61589-1.0.0-Description', '61589-1.0.0', 'Post-Refill-1.0.0-Description', null); 
insert into keyvalue VALUES ('61589-1.0.0-Id', '61589-1.0.0', 'Post-Refill-1.0.0-Id', '61589'); 
insert into keyvalue VALUES ('61589-1.0.0-Type', '61589-1.0.0', 'Post-Refill-1.0.0-Type', 'recurringPR'); 
insert into nestedkeyvalue VALUES ('61589-1.0.0-Name-def', '61589-1.0.0-Name', '12GB osztható adat'); 
insert into nestedkeyvalue VALUES ('61589-1.0.0-Name-eng', '61589-1.0.0-Name', '12GB osztható adat'); 
insert into nestedkeyvalue VALUES ('61589-1.0.0-Name-hun', '61589-1.0.0-Name', '12GB shared data'); 
insert into nestedkeyvalue VALUES ('61589-1.0.0-Name-unLocalized', '61589-1.0.0-Name', null); 
insert into keyvalue VALUES ('61589-1.0.0-Name', '61589-1.0.0', 'Post-Refill-1.0.0-Name', null); 
insert into object VALUES ('61588-1.0.0', '61588'); 
insert into nestedkeyvalue VALUES ('61588-1.0.0-PSMCodes-Activation', '61588-1.0.0-PSMCodes', null); 
insert into keyvalue VALUES ('61588-1.0.0-PSMCodes', '61588-1.0.0', 'Post-Refill-1.0.0-PSMCodes', null); 
insert into keyvalue VALUES ('61588-1.0.0-Price', '61588-1.0.0', 'Post-Refill-1.0.0-Price', '3708'); 
insert into keyvalue VALUES ('61588-1.0.0-Active', '61588-1.0.0', 'Post-Refill-1.0.0-Active', 'false'); 
insert into nestedkeyvalue VALUES ('61588-1.0.0-Description-def', '61588-1.0.0-Description', 'Ez az opció 8GB osztható adatot tartalmaz, ami minden számlázási ciklusban megújul.'); 
insert into nestedkeyvalue VALUES ('61588-1.0.0-Description-eng', '61588-1.0.0-Description', 'Ez az opció 8GB osztható adatot tartalmaz, ami minden számlázási ciklusban megújul.'); 
insert into nestedkeyvalue VALUES ('61588-1.0.0-Description-hun', '61588-1.0.0-Description', 'This package contains 8GB recurring shared data.'); 
insert into nestedkeyvalue VALUES ('61588-1.0.0-Description-unLocalized', '61588-1.0.0-Description', null); 
insert into keyvalue VALUES ('61588-1.0.0-Description', '61588-1.0.0', 'Post-Refill-1.0.0-Description', null); 
insert into keyvalue VALUES ('61588-1.0.0-Id', '61588-1.0.0', 'Post-Refill-1.0.0-Id', '61588'); 
insert into keyvalue VALUES ('61588-1.0.0-Type', '61588-1.0.0', 'Post-Refill-1.0.0-Type', 'recurringPR'); 
insert into nestedkeyvalue VALUES ('61588-1.0.0-Name-def', '61588-1.0.0-Name', '8GB osztható adat'); 
insert into nestedkeyvalue VALUES ('61588-1.0.0-Name-eng', '61588-1.0.0-Name', '8GB osztható adat'); 
insert into nestedkeyvalue VALUES ('61588-1.0.0-Name-hun', '61588-1.0.0-Name', '8GB shared data'); 
insert into nestedkeyvalue VALUES ('61588-1.0.0-Name-unLocalized', '61588-1.0.0-Name', null); 
insert into keyvalue VALUES ('61588-1.0.0-Name', '61588-1.0.0', 'Post-Refill-1.0.0-Name', null); 
insert into object VALUES ('61587-1.0.0', '61587'); 
insert into keyvalue VALUES ('61587-1.0.0-PSMCodes', '61587-1.0.0', 'Post-Refill-1.0.0-PSMCodes', null); 
insert into keyvalue VALUES ('61587-1.0.0-Price', '61587-1.0.0', 'Post-Refill-1.0.0-Price', '2779'); 
insert into keyvalue VALUES ('61587-1.0.0-Active', '61587-1.0.0', 'Post-Refill-1.0.0-Active', 'false'); 
insert into nestedkeyvalue VALUES ('61587-1.0.0-Description-def', '61587-1.0.0-Description', 'Ez az opció 3GB osztható adatot tartalmaz, ami minden számlázási ciklusban megújul.'); 
insert into nestedkeyvalue VALUES ('61587-1.0.0-Description-eng', '61587-1.0.0-Description', 'Ez az opció 3GB osztható adatot tartalmaz, ami minden számlázási ciklusban megújul.'); 
insert into nestedkeyvalue VALUES ('61587-1.0.0-Description-hun', '61587-1.0.0-Description', 'This package contains 3GB recurring shared data.'); 
insert into nestedkeyvalue VALUES ('61587-1.0.0-Description-unLocalized', '61587-1.0.0-Description', null); 
insert into keyvalue VALUES ('61587-1.0.0-Description', '61587-1.0.0', 'Post-Refill-1.0.0-Description', null); 
insert into keyvalue VALUES ('61587-1.0.0-Id', '61587-1.0.0', 'Post-Refill-1.0.0-Id', '61587'); 
insert into keyvalue VALUES ('61587-1.0.0-Type', '61587-1.0.0', 'Post-Refill-1.0.0-Type', 'recurringPR'); 
insert into nestedkeyvalue VALUES ('61587-1.0.0-Name-def', '61587-1.0.0-Name', '3GB osztható adat'); 
insert into nestedkeyvalue VALUES ('61587-1.0.0-Name-eng', '61587-1.0.0-Name', '3GB osztható adat'); 
insert into nestedkeyvalue VALUES ('61587-1.0.0-Name-hun', '61587-1.0.0-Name', '3GB shared data'); 
insert into nestedkeyvalue VALUES ('61587-1.0.0-Name-unLocalized', '61587-1.0.0-Name', null); 
insert into keyvalue VALUES ('61587-1.0.0-Name', '61587-1.0.0', 'Post-Refill-1.0.0-Name', null); 
insert into object VALUES ('63212-1.0.0', '63212'); 
insert into nestedkeyvalue VALUES ('63212-1.0.0-PSMCodes-Activation', '63212-1.0.0-PSMCodes', 'UZLETIOSZT10GBMEGUJULO'); 
insert into keyvalue VALUES ('63212-1.0.0-PSMCodes', '63212-1.0.0', 'Post-Refill-1.0.0-PSMCodes', null); 
insert into keyvalue VALUES ('63212-1.0.0-Price', '63212-1.0.0', 'Post-Refill-1.0.0-Price', '5575'); 
insert into keyvalue VALUES ('63212-1.0.0-Active', '63212-1.0.0', 'Post-Refill-1.0.0-Active', 'true'); 
insert into nestedkeyvalue VALUES ('63212-1.0.0-Description-def', '63212-1.0.0-Description', 'Felhasználtad az adatopciódat, de még neteznél? Válaszd ezt az opciót és töltsd fel újra 10GB adattal, ami lemondásig minden hónapban megújul. Az opció ára 6575 Ft.'); 
insert into nestedkeyvalue VALUES ('63212-1.0.0-Description-eng', '63212-1.0.0-Description', 'Felhasználtad az adatopciódat, de még neteznél? Válaszd ezt az opciót és töltsd fel újra 10GB adattal, ami lemondásig minden hónapban megújul. Az opció ára 6575 Ft.'); 
insert into nestedkeyvalue VALUES ('63212-1.0.0-Description-hun', '63212-1.0.0-Description', 'You run out of your extra data, but would like to stay connected? This extra data pack will give you an additional 10GB mobile internet and will renew in every month for 5575 Ft.'); 
insert into nestedkeyvalue VALUES ('63212-1.0.0-Description-unLocalized', '63212-1.0.0-Description', null); 
insert into keyvalue VALUES ('63212-1.0.0-Description', '63212-1.0.0', 'Post-Refill-1.0.0-Description', null); 
insert into keyvalue VALUES ('63212-1.0.0-Id', '63212-1.0.0', 'Post-Refill-1.0.0-Id', '63212'); 
insert into keyvalue VALUES ('63212-1.0.0-Type', '63212-1.0.0', 'Post-Refill-1.0.0-Type', 'recurringPR'); 
insert into nestedkeyvalue VALUES ('63212-1.0.0-Name-def', '63212-1.0.0-Name', '10GB'); 
insert into nestedkeyvalue VALUES ('63212-1.0.0-Name-eng', '63212-1.0.0-Name', '10GB'); 
insert into nestedkeyvalue VALUES ('63212-1.0.0-Name-hun', '63212-1.0.0-Name', '10GB'); 
insert into nestedkeyvalue VALUES ('63212-1.0.0-Name-unLocalized', '63212-1.0.0-Name', null); 
insert into keyvalue VALUES ('63212-1.0.0-Name', '63212-1.0.0', 'Post-Refill-1.0.0-Name', null); 
insert into object VALUES ('63211-1.0.0', '63211'); 
insert into nestedkeyvalue VALUES ('63211-1.0.0-PSMCodes-Activation', '63211-1.0.0-PSMCodes', 'UZLETIOSZT5GBMEGUJULO'); 
insert into keyvalue VALUES ('63211-1.0.0-PSMCodes', '63211-1.0.0', 'Post-Refill-1.0.0-PSMCodes', null); 
insert into keyvalue VALUES ('63211-1.0.0-Price', '63211-1.0.0', 'Post-Refill-1.0.0-Price', '3717'); 
insert into keyvalue VALUES ('63211-1.0.0-Active', '63211-1.0.0', 'Post-Refill-1.0.0-Active', 'true'); 
insert into nestedkeyvalue VALUES ('63211-1.0.0-Description-def', '63211-1.0.0-Description', 'Felhasználtad az adatopciódat, de még neteznél? Válaszd ezt az opciót és töltsd fel újra 5GB adattal, ami lemondásig minden hónapban megújul. Az opció ára 3717 Ft.'); 
insert into nestedkeyvalue VALUES ('63211-1.0.0-Description-eng', '63211-1.0.0-Description', 'Felhasználtad az adatopciódat, de még neteznél? Válaszd ezt az opciót és töltsd fel újra 5GB adattal, ami lemondásig minden hónapban megújul. Az opció ára 3717 Ft.'); 
insert into nestedkeyvalue VALUES ('63211-1.0.0-Description-hun', '63211-1.0.0-Description', 'You run out of your extra data, but would like to stay connected? This extra data pack will give you an additional 5GB mobile internet and will renew in every month for 3717 Ft.'); 
insert into nestedkeyvalue VALUES ('63211-1.0.0-Description-unLocalized', '63211-1.0.0-Description', null); 
insert into keyvalue VALUES ('63211-1.0.0-Description', '63211-1.0.0', 'Post-Refill-1.0.0-Description', null); 
insert into keyvalue VALUES ('63211-1.0.0-Id', '63211-1.0.0', 'Post-Refill-1.0.0-Id', '63211'); 
insert into keyvalue VALUES ('63211-1.0.0-Type', '63211-1.0.0', 'Post-Refill-1.0.0-Type', 'recurringPR'); 
insert into nestedkeyvalue VALUES ('63211-1.0.0-Name-def', '63211-1.0.0-Name', '5GB'); 
insert into nestedkeyvalue VALUES ('63211-1.0.0-Name-eng', '63211-1.0.0-Name', '5GB'); 
insert into nestedkeyvalue VALUES ('63211-1.0.0-Name-hun', '63211-1.0.0-Name', '5GB'); 
insert into nestedkeyvalue VALUES ('63211-1.0.0-Name-unLocalized', '63211-1.0.0-Name', null); 
insert into keyvalue VALUES ('63211-1.0.0-Name', '63211-1.0.0', 'Post-Refill-1.0.0-Name', null); 
insert into object VALUES ('63210-1.0.0', '63210'); 
insert into nestedkeyvalue VALUES ('63210-1.0.0-PSMCodes-Activation', '63210-1.0.0-PSMCodes', 'UZLETIOSZT1GBMEGUJULO'); 
insert into keyvalue VALUES ('63210-1.0.0-PSMCodes', '63210-1.0.0', 'Post-Refill-1.0.0-PSMCodes', null); 
insert into keyvalue VALUES ('63210-1.0.0-Price', '63210-1.0.0', 'Post-Refill-1.0.0-Price', '930'); 
insert into keyvalue VALUES ('63210-1.0.0-Active', '63210-1.0.0', 'Post-Refill-1.0.0-Active', 'true'); 
insert into nestedkeyvalue VALUES ('63210-1.0.0-Description-def', '63210-1.0.0-Description', 'Felhasználtad az adatopciódat, de még neteznél? Válaszd ezt az opciót és töltsd fel újra 1GB adattal, ami lemondásig minden hónapban megújul. Az opció ára 929 Ft.'); 
insert into nestedkeyvalue VALUES ('63210-1.0.0-Description-eng', '63210-1.0.0-Description', 'Felhasználtad az adatopciódat, de még neteznél? Válaszd ezt az opciót és töltsd fel újra 1GB adattal, ami lemondásig minden hónapban megújul. Az opció ára 929 Ft.'); 
insert into nestedkeyvalue VALUES ('63210-1.0.0-Description-hun', '63210-1.0.0-Description', 'You run out of your extra data, but would like to stay connected? This extra data pack will give you an additional   1GB mobile internet and will renew in every month for 929 Ft.'); 
insert into nestedkeyvalue VALUES ('63210-1.0.0-Description-unLocalized', '63210-1.0.0-Description', null); 
insert into keyvalue VALUES ('63210-1.0.0-Description', '63210-1.0.0', 'Post-Refill-1.0.0-Description', null); 
insert into keyvalue VALUES ('63210-1.0.0-Id', '63210-1.0.0', 'Post-Refill-1.0.0-Id', '63210'); 
insert into keyvalue VALUES ('63210-1.0.0-Type', '63210-1.0.0', 'Post-Refill-1.0.0-Type', 'recurringPR'); 
insert into nestedkeyvalue VALUES ('63210-1.0.0-Name-def', '63210-1.0.0-Name', '1GB'); 
insert into nestedkeyvalue VALUES ('63210-1.0.0-Name-eng', '63210-1.0.0-Name', '1GB'); 
insert into nestedkeyvalue VALUES ('63210-1.0.0-Name-hun', '63210-1.0.0-Name', '1GB'); 
insert into nestedkeyvalue VALUES ('63210-1.0.0-Name-unLocalized', '63210-1.0.0-Name', null); 
insert into keyvalue VALUES ('63210-1.0.0-Name', '63210-1.0.0', 'Post-Refill-1.0.0-Name', null); 
insert into object VALUES ('O_KREF_3937c01-1.0.0', 'O_KREF_3937c01'); 
insert into nestedkeyvalue VALUES ('O_KREF_3937c01-1.0.0-PSMCodes-Activation', 'O_KREF_3937c01-1.0.0-PSMCodes', 'TOLT5GB'); 
insert into keyvalue VALUES ('O_KREF_3937c01-1.0.0-PSMCodes', 'O_KREF_3937c01-1.0.0', 'Post-Refill-1.0.0-PSMCodes', null); 
insert into keyvalue VALUES ('O_KREF_3937c01-1.0.0-Price', 'O_KREF_3937c01-1.0.0', 'Post-Refill-1.0.0-Price', '4646'); 
insert into keyvalue VALUES ('O_KREF_3937c01-1.0.0-Active', 'O_KREF_3937c01-1.0.0', 'Post-Refill-1.0.0-Active', 'true'); 
insert into nestedkeyvalue VALUES ('O_KREF_3937c01-1.0.0-Description-def', 'O_KREF_3937c01-1.0.0-Description', 'Felhasználtad az adatopciódat, de még neteznél? Válaszd ezt az opciót és töltsd fel újra 5GB adattal, amit egészen számlazárásig felhasználhatsz. Az opció ára 4646 Ft.'); 
insert into nestedkeyvalue VALUES ('O_KREF_3937c01-1.0.0-Description-eng', 'O_KREF_3937c01-1.0.0-Description', 'Felhasználtad az adatopciódat, de még neteznél? Válaszd ezt az opciót és töltsd fel újra 5GB adattal, amit egészen számlazárásig felhasználhatsz. Az opció ára 4646 Ft.'); 
insert into nestedkeyvalue VALUES ('O_KREF_3937c01-1.0.0-Description-hun', 'O_KREF_3937c01-1.0.0-Description', 'You run out of your extra data, but would like to stay connected? This extra data pack will give you an additional   5GB mobile internet until the end of your current bill cycle for 4646 Ft.'); 
insert into nestedkeyvalue VALUES ('O_KREF_3937c01-1.0.0-Description-unLocalized', 'O_KREF_3937c01-1.0.0-Description', null); 
insert into keyvalue VALUES ('O_KREF_3937c01-1.0.0-Description', 'O_KREF_3937c01-1.0.0', 'Post-Refill-1.0.0-Description', null); 
insert into keyvalue VALUES ('O_KREF_3937c01-1.0.0-Id', 'O_KREF_3937c01-1.0.0', 'Post-Refill-1.0.0-Id', 'O_KREF_3937c01'); 
insert into keyvalue VALUES ('O_KREF_3937c01-1.0.0-Type', 'O_KREF_3937c01-1.0.0', 'Post-Refill-1.0.0-Type', 'One Time'); 
insert into nestedkeyvalue VALUES ('O_KREF_3937c01-1.0.0-Name-def', 'O_KREF_3937c01-1.0.0-Name', '5GB'); 
insert into nestedkeyvalue VALUES ('O_KREF_3937c01-1.0.0-Name-eng', 'O_KREF_3937c01-1.0.0-Name', '5GB'); 
insert into nestedkeyvalue VALUES ('O_KREF_3937c01-1.0.0-Name-hun', 'O_KREF_3937c01-1.0.0-Name', '5GB'); 
insert into nestedkeyvalue VALUES ('O_KREF_3937c01-1.0.0-Name-unLocalized', 'O_KREF_3937c01-1.0.0-Name', null); 
insert into keyvalue VALUES ('O_KREF_3937c01-1.0.0-Name', 'O_KREF_3937c01-1.0.0', 'Post-Refill-1.0.0-Name', null); 
insert into object VALUES ('O_KREF_1574c8-1.0.0', 'O_KREF_1574c8'); 
insert into nestedkeyvalue VALUES ('O_KREF_1574c8-1.0.0-PSMCodes-Activation', 'O_KREF_1574c8-1.0.0-PSMCodes', 'TOLT1GB'); 
insert into keyvalue VALUES ('O_KREF_1574c8-1.0.0-PSMCodes', 'O_KREF_1574c8-1.0.0', 'Post-Refill-1.0.0-PSMCodes', null); 
insert into keyvalue VALUES ('O_KREF_1574c8-1.0.0-Price', 'O_KREF_1574c8-1.0.0', 'Post-Refill-1.0.0-Price', '1859'); 
insert into keyvalue VALUES ('O_KREF_1574c8-1.0.0-Active', 'O_KREF_1574c8-1.0.0', 'Post-Refill-1.0.0-Active', 'true'); 
insert into nestedkeyvalue VALUES ('O_KREF_1574c8-1.0.0-Description-def', 'O_KREF_1574c8-1.0.0-Description', 'Felhasználtad az adatopciódat, de még neteznél? Válaszd ezt az opciót és töltsd fel újra 1GB adattal, amit egészen számlazárásig felhasználhatsz. Az opció ára 1859 Ft.'); 
insert into nestedkeyvalue VALUES ('O_KREF_1574c8-1.0.0-Description-eng', 'O_KREF_1574c8-1.0.0-Description', 'Felhasználtad az adatopciódat, de még neteznél? Válaszd ezt az opciót és töltsd fel újra 1GB adattal, amit egészen számlazárásig felhasználhatsz. Az opció ára 1859 Ft.'); 
insert into nestedkeyvalue VALUES ('O_KREF_1574c8-1.0.0-Description-hun', 'O_KREF_1574c8-1.0.0-Description', 'You run out of your extra data, but would like to stay connected? This extra data pack will give you an additional   1GB mobile internet until the end of your current bill cycle for 1859 Ft.'); 
insert into nestedkeyvalue VALUES ('O_KREF_1574c8-1.0.0-Description-unLocalized', 'O_KREF_1574c8-1.0.0-Description', null); 
insert into keyvalue VALUES ('O_KREF_1574c8-1.0.0-Description', 'O_KREF_1574c8-1.0.0', 'Post-Refill-1.0.0-Description', null); 
insert into keyvalue VALUES ('O_KREF_1574c8-1.0.0-Id', 'O_KREF_1574c8-1.0.0', 'Post-Refill-1.0.0-Id', 'O_KREF_1574c8'); 
insert into keyvalue VALUES ('O_KREF_1574c8-1.0.0-Type', 'O_KREF_1574c8-1.0.0', 'Post-Refill-1.0.0-Type', 'One Time'); 
insert into nestedkeyvalue VALUES ('O_KREF_1574c8-1.0.0-Name-def', 'O_KREF_1574c8-1.0.0-Name', '1GB'); 
insert into nestedkeyvalue VALUES ('O_KREF_1574c8-1.0.0-Name-eng', 'O_KREF_1574c8-1.0.0-Name', '1GB'); 
insert into nestedkeyvalue VALUES ('O_KREF_1574c8-1.0.0-Name-hun', 'O_KREF_1574c8-1.0.0-Name', '1GB'); 
insert into nestedkeyvalue VALUES ('O_KREF_1574c8-1.0.0-Name-unLocalized', 'O_KREF_1574c8-1.0.0-Name', null); 
insert into keyvalue VALUES ('O_KREF_1574c8-1.0.0-Name', 'O_KREF_1574c8-1.0.0', 'Post-Refill-1.0.0-Name', null); 
insert into object VALUES ('O_KREF_787c4-1.0.0', 'O_KREF_787c4'); 
insert into nestedkeyvalue VALUES ('O_KREF_787c4-1.0.0-PSMCodes-Activation', 'O_KREF_787c4-1.0.0-PSMCodes', 'TOLT500MB'); 
insert into keyvalue VALUES ('O_KREF_787c4-1.0.0-PSMCodes', 'O_KREF_787c4-1.0.0', 'Post-Refill-1.0.0-PSMCodes', null); 
insert into keyvalue VALUES ('O_KREF_787c4-1.0.0-Price', 'O_KREF_787c4-1.0.0', 'Post-Refill-1.0.0-Price', '930'); 
insert into keyvalue VALUES ('O_KREF_787c4-1.0.0-Active', 'O_KREF_787c4-1.0.0', 'Post-Refill-1.0.0-Active', 'true'); 
insert into nestedkeyvalue VALUES ('O_KREF_787c4-1.0.0-Description-def', 'O_KREF_787c4-1.0.0-Description', 'Felhasználtad az adatopciódat, de még neteznél? Válaszd ezt az opciót és töltsd fel újra 500MB adattal, amit egészen számlazárásig felhasználhatsz. Az opció ára 930 Ft.'); 
insert into nestedkeyvalue VALUES ('O_KREF_787c4-1.0.0-Description-eng', 'O_KREF_787c4-1.0.0-Description', 'Felhasználtad az adatopciódat, de még neteznél? Válaszd ezt az opciót és töltsd fel újra 500MB adattal, amit egészen számlazárásig felhasználhatsz. Az opció ára 930 Ft.'); 
insert into nestedkeyvalue VALUES ('O_KREF_787c4-1.0.0-Description-hun', 'O_KREF_787c4-1.0.0-Description', 'You run out of your extra data, but would like to stay connected? This extra data pack will give you an additional  500 MB mobile internet until the end of your current bill cycle for 930Ft.'); 
insert into nestedkeyvalue VALUES ('O_KREF_787c4-1.0.0-Description-unLocalized', 'O_KREF_787c4-1.0.0-Description', null); 
insert into keyvalue VALUES ('O_KREF_787c4-1.0.0-Description', 'O_KREF_787c4-1.0.0', 'Post-Refill-1.0.0-Description', null); 
insert into keyvalue VALUES ('O_KREF_787c4-1.0.0-Id', 'O_KREF_787c4-1.0.0', 'Post-Refill-1.0.0-Id', 'O_KREF_787c4'); 
insert into keyvalue VALUES ('O_KREF_787c4-1.0.0-Type', 'O_KREF_787c4-1.0.0', 'Post-Refill-1.0.0-Type', 'One Time'); 
insert into nestedkeyvalue VALUES ('O_KREF_787c4-1.0.0-Name-def', 'O_KREF_787c4-1.0.0-Name', '500MB'); 
insert into nestedkeyvalue VALUES ('O_KREF_787c4-1.0.0-Name-eng', 'O_KREF_787c4-1.0.0-Name', '500MB'); 
insert into nestedkeyvalue VALUES ('O_KREF_787c4-1.0.0-Name-hun', 'O_KREF_787c4-1.0.0-Name', '500MB'); 
insert into nestedkeyvalue VALUES ('O_KREF_787c4-1.0.0-Name-unLocalized', 'O_KREF_787c4-1.0.0-Name', null); 
insert into keyvalue VALUES ('O_KREF_787c4-1.0.0-Name', 'O_KREF_787c4-1.0.0', 'Post-Refill-1.0.0-Name', null); 
insert into object VALUES ('O_PQREF_3937c01-1.0.0', 'O_PQREF_3937c01'); 
insert into nestedkeyvalue VALUES ('O_PQREF_3937c01-1.0.0-PSMCodes-Activation', 'O_PQREF_3937c01-1.0.0-PSMCodes', 'TOLT5GB'); 
insert into keyvalue VALUES ('O_PQREF_3937c01-1.0.0-PSMCodes', 'O_PQREF_3937c01-1.0.0', 'Post-Refill-1.0.0-PSMCodes', null); 
insert into keyvalue VALUES ('O_PQREF_3937c01-1.0.0-Price', 'O_PQREF_3937c01-1.0.0', 'Post-Refill-1.0.0-Price', '4646'); 
insert into keyvalue VALUES ('O_PQREF_3937c01-1.0.0-Active', 'O_PQREF_3937c01-1.0.0', 'Post-Refill-1.0.0-Active', 'true'); 
insert into nestedkeyvalue VALUES ('O_PQREF_3937c01-1.0.0-Description-def', 'O_PQREF_3937c01-1.0.0-Description', 'Felhasználtad az adatopciódat, de még neteznél? Válaszd ezt az opciót és töltsd fel újra 5GB adattal, amit egészen számlazárásig felhasználhatsz. Az opció ára 4646 Ft.'); 
insert into nestedkeyvalue VALUES ('O_PQREF_3937c01-1.0.0-Description-eng', 'O_PQREF_3937c01-1.0.0-Description', 'Felhasználtad az adatopciódat, de még neteznél? Válaszd ezt az opciót és töltsd fel újra 5GB adattal, amit egészen számlazárásig felhasználhatsz. Az opció ára 4646 Ft.'); 
insert into nestedkeyvalue VALUES ('O_PQREF_3937c01-1.0.0-Description-hun', 'O_PQREF_3937c01-1.0.0-Description', 'You run out of your extra data, but would like to stay connected? This extra data pack will give you an additional   5GB mobile internet until the end of your current bill cycle for 4646 Ft.'); 
insert into nestedkeyvalue VALUES ('O_PQREF_3937c01-1.0.0-Description-unLocalized', 'O_PQREF_3937c01-1.0.0-Description', null); 
insert into keyvalue VALUES ('O_PQREF_3937c01-1.0.0-Description', 'O_PQREF_3937c01-1.0.0', 'Post-Refill-1.0.0-Description', null); 
insert into keyvalue VALUES ('O_PQREF_3937c01-1.0.0-Id', 'O_PQREF_3937c01-1.0.0', 'Post-Refill-1.0.0-Id', 'O_PQREF_3937c01'); 
insert into keyvalue VALUES ('O_PQREF_3937c01-1.0.0-Type', 'O_PQREF_3937c01-1.0.0', 'Post-Refill-1.0.0-Type', 'One Time'); 
insert into nestedkeyvalue VALUES ('O_PQREF_3937c01-1.0.0-Name-def', 'O_PQREF_3937c01-1.0.0-Name', '5GB'); 
insert into nestedkeyvalue VALUES ('O_PQREF_3937c01-1.0.0-Name-eng', 'O_PQREF_3937c01-1.0.0-Name', '5GB'); 
insert into nestedkeyvalue VALUES ('O_PQREF_3937c01-1.0.0-Name-hun', 'O_PQREF_3937c01-1.0.0-Name', '5GB'); 
insert into nestedkeyvalue VALUES ('O_PQREF_3937c01-1.0.0-Name-unLocalized', 'O_PQREF_3937c01-1.0.0-Name', null); 
insert into keyvalue VALUES ('O_PQREF_3937c01-1.0.0-Name', 'O_PQREF_3937c01-1.0.0', 'Post-Refill-1.0.0-Name', null); 
insert into object VALUES ('O_PQREF_1574c8-1.0.0', 'O_PQREF_1574c8'); 
insert into nestedkeyvalue VALUES ('O_PQREF_1574c8-1.0.0-PSMCodes-Activation', 'O_PQREF_1574c8-1.0.0-PSMCodes', 'TOLT1GB'); 
insert into keyvalue VALUES ('O_PQREF_1574c8-1.0.0-PSMCodes', 'O_PQREF_1574c8-1.0.0', 'Post-Refill-1.0.0-PSMCodes', null); 
insert into keyvalue VALUES ('O_PQREF_1574c8-1.0.0-Price', 'O_PQREF_1574c8-1.0.0', 'Post-Refill-1.0.0-Price', '1859'); 
insert into keyvalue VALUES ('O_PQREF_1574c8-1.0.0-Active', 'O_PQREF_1574c8-1.0.0', 'Post-Refill-1.0.0-Active', 'true'); 
insert into nestedkeyvalue VALUES ('O_PQREF_1574c8-1.0.0-Description-def', 'O_PQREF_1574c8-1.0.0-Description', 'Felhasználtad az adatopciódat, de még neteznél? Válaszd ezt az opciót és töltsd fel újra 1GB adattal, amit egészen számlazárásig felhasználhatsz. Az opció ára 1859 Ft.'); 
insert into nestedkeyvalue VALUES ('O_PQREF_1574c8-1.0.0-Description-eng', 'O_PQREF_1574c8-1.0.0-Description', 'Felhasználtad az adatopciódat, de még neteznél? Válaszd ezt az opciót és töltsd fel újra 1GB adattal, amit egészen számlazárásig felhasználhatsz. Az opció ára 1859 Ft.'); 
insert into nestedkeyvalue VALUES ('O_PQREF_1574c8-1.0.0-Description-hun', 'O_PQREF_1574c8-1.0.0-Description', 'You run out of your extra data, but would like to stay connected? This extra data pack will give you an additional   1GB mobile internet until the end of your current bill cycle for 1859 Ft.'); 
insert into nestedkeyvalue VALUES ('O_PQREF_1574c8-1.0.0-Description-unLocalized', 'O_PQREF_1574c8-1.0.0-Description', null); 
insert into keyvalue VALUES ('O_PQREF_1574c8-1.0.0-Description', 'O_PQREF_1574c8-1.0.0', 'Post-Refill-1.0.0-Description', null); 
insert into keyvalue VALUES ('O_PQREF_1574c8-1.0.0-Id', 'O_PQREF_1574c8-1.0.0', 'Post-Refill-1.0.0-Id', 'O_PQREF_1574c8'); 
insert into keyvalue VALUES ('O_PQREF_1574c8-1.0.0-Type', 'O_PQREF_1574c8-1.0.0', 'Post-Refill-1.0.0-Type', 'One Time'); 
insert into nestedkeyvalue VALUES ('O_PQREF_1574c8-1.0.0-Name-def', 'O_PQREF_1574c8-1.0.0-Name', '1GB'); 
insert into nestedkeyvalue VALUES ('O_PQREF_1574c8-1.0.0-Name-eng', 'O_PQREF_1574c8-1.0.0-Name', '1GB'); 
insert into nestedkeyvalue VALUES ('O_PQREF_1574c8-1.0.0-Name-hun', 'O_PQREF_1574c8-1.0.0-Name', '1GB'); 
insert into nestedkeyvalue VALUES ('O_PQREF_1574c8-1.0.0-Name-unLocalized', 'O_PQREF_1574c8-1.0.0-Name', null); 
insert into keyvalue VALUES ('O_PQREF_1574c8-1.0.0-Name', 'O_PQREF_1574c8-1.0.0', 'Post-Refill-1.0.0-Name', null); 
insert into object VALUES ('O_PQREF_787c4-1.0.0', 'O_PQREF_787c4'); 
insert into nestedkeyvalue VALUES ('O_PQREF_787c4-1.0.0-PSMCodes-Activation', 'O_PQREF_787c4-1.0.0-PSMCodes', 'TOLT500MB'); 
insert into keyvalue VALUES ('O_PQREF_787c4-1.0.0-PSMCodes', 'O_PQREF_787c4-1.0.0', 'Post-Refill-1.0.0-PSMCodes', null); 
insert into keyvalue VALUES ('O_PQREF_787c4-1.0.0-Price', 'O_PQREF_787c4-1.0.0', 'Post-Refill-1.0.0-Price', '930'); 
insert into keyvalue VALUES ('O_PQREF_787c4-1.0.0-Active', 'O_PQREF_787c4-1.0.0', 'Post-Refill-1.0.0-Active', 'true'); 
insert into nestedkeyvalue VALUES ('O_PQREF_787c4-1.0.0-Description-def', 'O_PQREF_787c4-1.0.0-Description', 'Felhasználtad az adatopciódat, de még neteznél? Válaszd ezt az opciót és töltsd fel újra 500MB adattal, amit egészen számlazárásig felhasználhatsz. Az opció ára 930 Ft.'); 
insert into nestedkeyvalue VALUES ('O_PQREF_787c4-1.0.0-Description-eng', 'O_PQREF_787c4-1.0.0-Description', 'Felhasználtad az adatopciódat, de még neteznél? Válaszd ezt az opciót és töltsd fel újra 500MB adattal, amit egészen számlazárásig felhasználhatsz. Az opció ára 930 Ft.'); 
insert into nestedkeyvalue VALUES ('O_PQREF_787c4-1.0.0-Description-hun', 'O_PQREF_787c4-1.0.0-Description', 'You run out of your extra data, but would like to stay connected? This extra data pack will give you an additional  500 MB mobile internet until the end of your current bill cycle for 930 Ft.'); 
insert into nestedkeyvalue VALUES ('O_PQREF_787c4-1.0.0-Description-unLocalized', 'O_PQREF_787c4-1.0.0-Description', null); 
insert into keyvalue VALUES ('O_PQREF_787c4-1.0.0-Description', 'O_PQREF_787c4-1.0.0', 'Post-Refill-1.0.0-Description', null); 
insert into keyvalue VALUES ('O_PQREF_787c4-1.0.0-Id', 'O_PQREF_787c4-1.0.0', 'Post-Refill-1.0.0-Id', 'O_PQREF_787c4'); 
insert into keyvalue VALUES ('O_PQREF_787c4-1.0.0-Type', 'O_PQREF_787c4-1.0.0', 'Post-Refill-1.0.0-Type', 'One Time'); 
insert into nestedkeyvalue VALUES ('O_PQREF_787c4-1.0.0-Name-def', 'O_PQREF_787c4-1.0.0-Name', '500MB'); 
insert into nestedkeyvalue VALUES ('O_PQREF_787c4-1.0.0-Name-eng', 'O_PQREF_787c4-1.0.0-Name', '500MB'); 
insert into nestedkeyvalue VALUES ('O_PQREF_787c4-1.0.0-Name-hun', 'O_PQREF_787c4-1.0.0-Name', '500MB'); 
insert into nestedkeyvalue VALUES ('O_PQREF_787c4-1.0.0-Name-unLocalized', 'O_PQREF_787c4-1.0.0-Name', null); 
insert into keyvalue VALUES ('O_PQREF_787c4-1.0.0-Name', 'O_PQREF_787c4-1.0.0', 'Post-Refill-1.0.0-Name', null); 
insert into object VALUES ('O_KREF_2118c64-1.0.0', 'O_KREF_2118c64'); 
insert into nestedkeyvalue VALUES ('O_KREF_2118c64-1.0.0-PSMCodes-Activation', 'O_KREF_2118c64-1.0.0-PSMCodes', 'BUSINESS1GB'); 
insert into keyvalue VALUES ('O_KREF_2118c64-1.0.0-PSMCodes', 'O_KREF_2118c64-1.0.0', 'Post-Refill-1.0.0-PSMCodes', null); 
insert into keyvalue VALUES ('O_KREF_2118c64-1.0.0-Price', 'O_KREF_2118c64-1.0.0', 'Post-Refill-1.0.0-Price', '2500'); 
insert into keyvalue VALUES ('O_KREF_2118c64-1.0.0-Active', 'O_KREF_2118c64-1.0.0', 'Post-Refill-1.0.0-Active', 'true'); 
insert into nestedkeyvalue VALUES ('O_KREF_2118c64-1.0.0-Description-def', 'O_KREF_2118c64-1.0.0-Description', 'Felhasználtad az adatopciódat, de még neteznél? Válaszd ezt az opciót és töltsd fel újra 1GB adattal, amit egészen számlazárásig felhasználhatsz. Az opció ára 2 500 Ft.'); 
insert into nestedkeyvalue VALUES ('O_KREF_2118c64-1.0.0-Description-eng', 'O_KREF_2118c64-1.0.0-Description', 'Felhasználtad az adatopciódat, de még neteznél? Válaszd ezt az opciót és töltsd fel újra 1GB adattal, amit egészen számlazárásig felhasználhatsz. Az opció ára 2 500 Ft.'); 
insert into nestedkeyvalue VALUES ('O_KREF_2118c64-1.0.0-Description-hun', 'O_KREF_2118c64-1.0.0-Description', 'You run out of your extra data, but would like to stay connected? This extra data pack will give you an additional  1 GB mobile internet until the end of your current bill cycle for 2 500 Ft.'); 
insert into nestedkeyvalue VALUES ('O_KREF_2118c64-1.0.0-Description-unLocalized', 'O_KREF_2118c64-1.0.0-Description', null); 
insert into keyvalue VALUES ('O_KREF_2118c64-1.0.0-Description', 'O_KREF_2118c64-1.0.0', 'Post-Refill-1.0.0-Description', null); 
insert into keyvalue VALUES ('O_KREF_2118c64-1.0.0-Id', 'O_KREF_2118c64-1.0.0', 'Post-Refill-1.0.0-Id', 'O_KREF_2118c64'); 
insert into keyvalue VALUES ('O_KREF_2118c64-1.0.0-Type', 'O_KREF_2118c64-1.0.0', 'Post-Refill-1.0.0-Type', 'One Time'); 
insert into nestedkeyvalue VALUES ('O_KREF_2118c64-1.0.0-Name-def', 'O_KREF_2118c64-1.0.0-Name', '1GB OSZTHATÓ ADAT'); 
insert into nestedkeyvalue VALUES ('O_KREF_2118c64-1.0.0-Name-eng', 'O_KREF_2118c64-1.0.0-Name', '1GB OSZTHATÓ ADAT'); 
insert into nestedkeyvalue VALUES ('O_KREF_2118c64-1.0.0-Name-hun', 'O_KREF_2118c64-1.0.0-Name', '1GB SHARED DATA'); 
insert into nestedkeyvalue VALUES ('O_KREF_2118c64-1.0.0-Name-unLocalized', 'O_KREF_2118c64-1.0.0-Name', null); 
insert into keyvalue VALUES ('O_KREF_2118c64-1.0.0-Name', 'O_KREF_2118c64-1.0.0', 'Post-Refill-1.0.0-Name', null); 
insert into object VALUES ('O_KREF_8474c58-1.0.0', 'O_KREF_8474c58'); 
insert into nestedkeyvalue VALUES ('O_KREF_8474c58-1.0.0-PSMCodes-Activation', 'O_KREF_8474c58-1.0.0-PSMCodes', 'BUSINESS5GB'); 
insert into keyvalue VALUES ('O_KREF_8474c58-1.0.0-PSMCodes', 'O_KREF_8474c58-1.0.0', 'Post-Refill-1.0.0-PSMCodes', null); 
insert into keyvalue VALUES ('O_KREF_8474c58-1.0.0-Price', 'O_KREF_8474c58-1.0.0', 'Post-Refill-1.0.0-Price', '10000'); 
insert into keyvalue VALUES ('O_KREF_8474c58-1.0.0-Active', 'O_KREF_8474c58-1.0.0', 'Post-Refill-1.0.0-Active', 'true'); 
insert into nestedkeyvalue VALUES ('O_KREF_8474c58-1.0.0-Description-def', 'O_KREF_8474c58-1.0.0-Description', 'Felhasználtad az adatopciódat, de még neteznél? Válaszd ezt az opciót és töltsd fel újra 5GB adattal, amit egészen számlazárásig felhasználhatsz. Az opció ára 10 000 Ft.'); 
insert into nestedkeyvalue VALUES ('O_KREF_8474c58-1.0.0-Description-eng', 'O_KREF_8474c58-1.0.0-Description', 'Felhasználtad az adatopciódat, de még neteznél? Válaszd ezt az opciót és töltsd fel újra 5GB adattal, amit egészen számlazárásig felhasználhatsz. Az opció ára 10 000 Ft.'); 
insert into nestedkeyvalue VALUES ('O_KREF_8474c58-1.0.0-Description-hun', 'O_KREF_8474c58-1.0.0-Description', 'You run out of your extra data, but would like to stay connected? This extra data pack will give you an additional  5 GB mobile internet until the end of your current bill cycle for 10 000 Ft.'); 
insert into nestedkeyvalue VALUES ('O_KREF_8474c58-1.0.0-Description-unLocalized', 'O_KREF_8474c58-1.0.0-Description', null); 
insert into keyvalue VALUES ('O_KREF_8474c58-1.0.0-Description', 'O_KREF_8474c58-1.0.0', 'Post-Refill-1.0.0-Description', null); 
insert into keyvalue VALUES ('O_KREF_8474c58-1.0.0-Id', 'O_KREF_8474c58-1.0.0', 'Post-Refill-1.0.0-Id', 'O_KREF_8474c58'); 
insert into keyvalue VALUES ('O_KREF_8474c58-1.0.0-Type', 'O_KREF_8474c58-1.0.0', 'Post-Refill-1.0.0-Type', 'One Time'); 
insert into nestedkeyvalue VALUES ('O_KREF_8474c58-1.0.0-Name-def', 'O_KREF_8474c58-1.0.0-Name', '5GB OSZTHATÓ ADAT'); 
insert into nestedkeyvalue VALUES ('O_KREF_8474c58-1.0.0-Name-eng', 'O_KREF_8474c58-1.0.0-Name', '5GB OSZTHATÓ ADAT'); 
insert into nestedkeyvalue VALUES ('O_KREF_8474c58-1.0.0-Name-hun', 'O_KREF_8474c58-1.0.0-Name', '5GB SHARED DATA'); 
insert into nestedkeyvalue VALUES ('O_KREF_8474c58-1.0.0-Name-unLocalized', 'O_KREF_8474c58-1.0.0-Name', null); 
insert into keyvalue VALUES ('O_KREF_8474c58-1.0.0-Name', 'O_KREF_8474c58-1.0.0', 'Post-Refill-1.0.0-Name', null); 
insert into object VALUES ('O_KREF_12711c86-1.0.0', 'O_KREF_12711c86'); 
insert into nestedkeyvalue VALUES ('O_KREF_12711c86-1.0.0-PSMCodes-Activation', 'O_KREF_12711c86-1.0.0-PSMCodes', 'BUSINESS10GB'); 
insert into keyvalue VALUES ('O_KREF_12711c86-1.0.0-PSMCodes', 'O_KREF_12711c86-1.0.0', 'Post-Refill-1.0.0-PSMCodes', null); 
insert into keyvalue VALUES ('O_KREF_12711c86-1.0.0-Price', 'O_KREF_12711c86-1.0.0', 'Post-Refill-1.0.0-Price', '15000'); 
insert into keyvalue VALUES ('O_KREF_12711c86-1.0.0-Active', 'O_KREF_12711c86-1.0.0', 'Post-Refill-1.0.0-Active', 'true'); 
insert into nestedkeyvalue VALUES ('O_KREF_12711c86-1.0.0-Description-def', 'O_KREF_12711c86-1.0.0-Description', 'Felhasználtad az adatopciódat, de még neteznél? Válaszd ezt az opciót és töltsd fel újra 10GB adattal, amit egészen számlazárásig felhasználhatsz. Az opció ára 15 000 Ft.'); 
insert into nestedkeyvalue VALUES ('O_KREF_12711c86-1.0.0-Description-eng', 'O_KREF_12711c86-1.0.0-Description', 'Felhasználtad az adatopciódat, de még neteznél? Válaszd ezt az opciót és töltsd fel újra 10GB adattal, amit egészen számlazárásig felhasználhatsz. Az opció ára 15 000 Ft.'); 
insert into nestedkeyvalue VALUES ('O_KREF_12711c86-1.0.0-Description-hun', 'O_KREF_12711c86-1.0.0-Description', 'You run out of your extra data, but would like to stay connected? This extra data pack will give you an additional  10 GB mobile internet until the end of your current bill cycle for 15 000 Ft.'); 
insert into nestedkeyvalue VALUES ('O_KREF_12711c86-1.0.0-Description-unLocalized', 'O_KREF_12711c86-1.0.0-Description', null); 
insert into keyvalue VALUES ('O_KREF_12711c86-1.0.0-Description', 'O_KREF_12711c86-1.0.0', 'Post-Refill-1.0.0-Description', null); 
insert into keyvalue VALUES ('O_KREF_12711c86-1.0.0-Id', 'O_KREF_12711c86-1.0.0', 'Post-Refill-1.0.0-Id', 'O_KREF_12711c86'); 
insert into keyvalue VALUES ('O_KREF_12711c86-1.0.0-Type', 'O_KREF_12711c86-1.0.0', 'Post-Refill-1.0.0-Type', 'One Time'); 
insert into nestedkeyvalue VALUES ('O_KREF_12711c86-1.0.0-Name-def', 'O_KREF_12711c86-1.0.0-Name', '10GB OSZTHATÓ ADAT'); 
insert into nestedkeyvalue VALUES ('O_KREF_12711c86-1.0.0-Name-eng', 'O_KREF_12711c86-1.0.0-Name', '10GB OSZTHATÓ ADAT'); 
insert into nestedkeyvalue VALUES ('O_KREF_12711c86-1.0.0-Name-hun', 'O_KREF_12711c86-1.0.0-Name', '10GB SHARED DATA'); 
insert into nestedkeyvalue VALUES ('O_KREF_12711c86-1.0.0-Name-unLocalized', 'O_KREF_12711c86-1.0.0-Name', null); 
insert into keyvalue VALUES ('O_KREF_12711c86-1.0.0-Name', 'O_KREF_12711c86-1.0.0', 'Post-Refill-1.0.0-Name', null); 
insert into object VALUES ('O_KREF_21186c44-1.0.0', 'O_KREF_21186c44'); 
insert into nestedkeyvalue VALUES ('O_KREF_21186c44-1.0.0-PSMCodes-Activation', 'O_KREF_21186c44-1.0.0-PSMCodes', 'BUSINESS20GB'); 
insert into keyvalue VALUES ('O_KREF_21186c44-1.0.0-PSMCodes', 'O_KREF_21186c44-1.0.0', 'Post-Refill-1.0.0-PSMCodes', null); 
insert into keyvalue VALUES ('O_KREF_21186c44-1.0.0-Price', 'O_KREF_21186c44-1.0.0', 'Post-Refill-1.0.0-Price', '25000'); 
insert into keyvalue VALUES ('O_KREF_21186c44-1.0.0-Active', 'O_KREF_21186c44-1.0.0', 'Post-Refill-1.0.0-Active', 'true'); 
insert into nestedkeyvalue VALUES ('O_KREF_21186c44-1.0.0-Description-def', 'O_KREF_21186c44-1.0.0-Description', 'Felhasználtad az adatopciódat, de még neteznél? Válaszd ezt az opciót és töltsd fel újra 20GB adattal, amit egészen számlazárásig felhasználhatsz. Az opció ára 25 000 Ft.'); 
insert into nestedkeyvalue VALUES ('O_KREF_21186c44-1.0.0-Description-eng', 'O_KREF_21186c44-1.0.0-Description', 'Felhasználtad az adatopciódat, de még neteznél? Válaszd ezt az opciót és töltsd fel újra 20GB adattal, amit egészen számlazárásig felhasználhatsz. Az opció ára 25 000 Ft.'); 
insert into nestedkeyvalue VALUES ('O_KREF_21186c44-1.0.0-Description-hun', 'O_KREF_21186c44-1.0.0-Description', 'You run out of your extra data, but would like to stay connected? This extra data pack will give you an additional  20 GB mobile internet until the end of your current bill cycle for 25 000 Ft.'); 
insert into nestedkeyvalue VALUES ('O_KREF_21186c44-1.0.0-Description-unLocalized', 'O_KREF_21186c44-1.0.0-Description', null); 
insert into keyvalue VALUES ('O_KREF_21186c44-1.0.0-Description', 'O_KREF_21186c44-1.0.0', 'Post-Refill-1.0.0-Description', null); 
insert into keyvalue VALUES ('O_KREF_21186c44-1.0.0-Id', 'O_KREF_21186c44-1.0.0', 'Post-Refill-1.0.0-Id', 'O_KREF_21186c44'); 
insert into keyvalue VALUES ('O_KREF_21186c44-1.0.0-Type', 'O_KREF_21186c44-1.0.0', 'Post-Refill-1.0.0-Type', 'One Time'); 
insert into nestedkeyvalue VALUES ('O_KREF_21186c44-1.0.0-Name-def', 'O_KREF_21186c44-1.0.0-Name', '20GB OSZTHATÓ ADAT'); 
insert into nestedkeyvalue VALUES ('O_KREF_21186c44-1.0.0-Name-eng', 'O_KREF_21186c44-1.0.0-Name', '20GB OSZTHATÓ ADAT'); 
insert into nestedkeyvalue VALUES ('O_KREF_21186c44-1.0.0-Name-hun', 'O_KREF_21186c44-1.0.0-Name', '20GB SHARED DATA'); 
insert into nestedkeyvalue VALUES ('O_KREF_21186c44-1.0.0-Name-unLocalized', 'O_KREF_21186c44-1.0.0-Name', null); 
insert into keyvalue VALUES ('O_KREF_21186c44-1.0.0-Name', 'O_KREF_21186c44-1.0.0', 'Post-Refill-1.0.0-Name', null); 
insert into object VALUES ('O_KREF_38135c59-1.0.0', 'O_KREF_38135c59'); 
insert into nestedkeyvalue VALUES ('O_KREF_38135c59-1.0.0-PSMCodes-Activation', 'O_KREF_38135c59-1.0.0-PSMCodes', 'BUSINESS50GB'); 
insert into keyvalue VALUES ('O_KREF_38135c59-1.0.0-PSMCodes', 'O_KREF_38135c59-1.0.0', 'Post-Refill-1.0.0-PSMCodes', null); 
insert into keyvalue VALUES ('O_KREF_38135c59-1.0.0-Price', 'O_KREF_38135c59-1.0.0', 'Post-Refill-1.0.0-Price', '45000'); 
insert into keyvalue VALUES ('O_KREF_38135c59-1.0.0-Active', 'O_KREF_38135c59-1.0.0', 'Post-Refill-1.0.0-Active', 'true'); 
insert into nestedkeyvalue VALUES ('O_KREF_38135c59-1.0.0-Description-def', 'O_KREF_38135c59-1.0.0-Description', 'Felhasználtad az adatopciódat, de még neteznél? Válaszd ezt az opciót és töltsd fel újra 50GB adattal, amit egészen számlazárásig felhasználhatsz. Az opció ára 45 000 Ft.'); 
insert into nestedkeyvalue VALUES ('O_KREF_38135c59-1.0.0-Description-eng', 'O_KREF_38135c59-1.0.0-Description', 'Felhasználtad az adatopciódat, de még neteznél? Válaszd ezt az opciót és töltsd fel újra 50GB adattal, amit egészen számlazárásig felhasználhatsz. Az opció ára 45 000 Ft.'); 
insert into nestedkeyvalue VALUES ('O_KREF_38135c59-1.0.0-Description-hun', 'O_KREF_38135c59-1.0.0-Description', 'You run out of your extra data, but would like to stay connected? This extra data pack will give you an additional  50 GB mobile internet until the end of your current bill cycle for 45 000 Ft.'); 
insert into nestedkeyvalue VALUES ('O_KREF_38135c59-1.0.0-Description-unLocalized', 'O_KREF_38135c59-1.0.0-Description', null); 
insert into keyvalue VALUES ('O_KREF_38135c59-1.0.0-Description', 'O_KREF_38135c59-1.0.0', 'Post-Refill-1.0.0-Description', null); 
insert into keyvalue VALUES ('O_KREF_38135c59-1.0.0-Id', 'O_KREF_38135c59-1.0.0', 'Post-Refill-1.0.0-Id', 'O_KREF_38135c59'); 
insert into keyvalue VALUES ('O_KREF_38135c59-1.0.0-Type', 'O_KREF_38135c59-1.0.0', 'Post-Refill-1.0.0-Type', 'One Time'); 
insert into nestedkeyvalue VALUES ('O_KREF_38135c59-1.0.0-Name-def', 'O_KREF_38135c59-1.0.0-Name', '50GB OSZTHATÓ ADAT'); 
insert into nestedkeyvalue VALUES ('O_KREF_38135c59-1.0.0-Name-eng', 'O_KREF_38135c59-1.0.0-Name', '50GB OSZTHATÓ ADAT'); 
insert into nestedkeyvalue VALUES ('O_KREF_38135c59-1.0.0-Name-hun', 'O_KREF_38135c59-1.0.0-Name', '50GB SHARED DATA'); 
insert into nestedkeyvalue VALUES ('O_KREF_38135c59-1.0.0-Name-unLocalized', 'O_KREF_38135c59-1.0.0-Name', null); 
insert into keyvalue VALUES ('O_KREF_38135c59-1.0.0-Name', 'O_KREF_38135c59-1.0.0', 'Post-Refill-1.0.0-Name', null); 
insert into object VALUES ('O_REFil_635c59-1.0.0', 'O_REFil_635c59'); 
insert into nestedkeyvalue VALUES ('O_REFil_635c59-1.0.0-PSMCodes-Activation', 'O_REFil_635c59-1.0.0-PSMCodes', 'TOLT 300MB'); 
insert into keyvalue VALUES ('O_REFil_635c59-1.0.0-PSMCodes', 'O_REFil_635c59-1.0.0', 'Post-Refill-1.0.0-PSMCodes', null); 
insert into keyvalue VALUES ('O_REFil_635c59-1.0.0-Price', 'O_REFil_635c59-1.0.0', 'Post-Refill-1.0.0-Price', '750'); 
insert into keyvalue VALUES ('O_REFil_635c59-1.0.0-Active', 'O_REFil_635c59-1.0.0', 'Post-Refill-1.0.0-Active', 'true'); 
insert into nestedkeyvalue VALUES ('O_REFil_635c59-1.0.0-Description-def', 'O_REFil_635c59-1.0.0-Description', 'Ezzel az adatcsomaggal 300 MB adatot vásárolhatsz 750 Ft-ért, melyet a számlazárásodig használhatsz fel. A kiegészítő adatopció a tarifa havidíjában foglalt adatforgalomra irányadó, azonos feltételekkel felhasználható.'); 
insert into nestedkeyvalue VALUES ('O_REFil_635c59-1.0.0-Description-eng', 'O_REFil_635c59-1.0.0-Description', 'Ezzel az adatcsomaggal 300 MB adatot vásárolhatsz 750 Ft-ért, melyet a számlazárásodig használhatsz fel. A kiegészítő adatopció a tarifa havidíjában foglalt adatforgalomra irányadó, azonos feltételekkel felhasználható.'); 
insert into nestedkeyvalue VALUES ('O_REFil_635c59-1.0.0-Description-hun', 'O_REFil_635c59-1.0.0-Description', 'This extra data pack will give you an additional  300 MB mobile internet until the end of your current bill cycle for 750 Ft. You can use this extra data with the same condititons as data in your tariff.'); 
insert into nestedkeyvalue VALUES ('O_REFil_635c59-1.0.0-Description-unLocalized', 'O_REFil_635c59-1.0.0-Description', null); 
insert into keyvalue VALUES ('O_REFil_635c59-1.0.0-Description', 'O_REFil_635c59-1.0.0', 'Post-Refill-1.0.0-Description', null); 
insert into keyvalue VALUES ('O_REFil_635c59-1.0.0-Id', 'O_REFil_635c59-1.0.0', 'Post-Refill-1.0.0-Id', 'O_REFil_635c59'); 
insert into keyvalue VALUES ('O_REFil_635c59-1.0.0-Type', 'O_REFil_635c59-1.0.0', 'Post-Refill-1.0.0-Type', 'One Time'); 
insert into nestedkeyvalue VALUES ('O_REFil_635c59-1.0.0-Name-def', 'O_REFil_635c59-1.0.0-Name', 'PluszAdat 300 MB'); 
insert into nestedkeyvalue VALUES ('O_REFil_635c59-1.0.0-Name-eng', 'O_REFil_635c59-1.0.0-Name', 'PluszAdat 300 MB'); 
insert into nestedkeyvalue VALUES ('O_REFil_635c59-1.0.0-Name-hun', 'O_REFil_635c59-1.0.0-Name', 'PluszAdat 300 MB'); 
insert into nestedkeyvalue VALUES ('O_REFil_635c59-1.0.0-Name-unLocalized', 'O_REFil_635c59-1.0.0-Name', null); 
insert into keyvalue VALUES ('O_REFil_635c59-1.0.0-Name', 'O_REFil_635c59-1.0.0', 'Post-Refill-1.0.0-Name', null); 
insert into object VALUES ('O_REFil_423c73-1.0.0', 'O_REFil_423c73'); 
insert into nestedkeyvalue VALUES ('O_REFil_423c73-1.0.0-PSMCodes-Activation', 'O_REFil_423c73-1.0.0-PSMCodes', 'TOLT 300MB'); 
insert into keyvalue VALUES ('O_REFil_423c73-1.0.0-PSMCodes', 'O_REFil_423c73-1.0.0', 'Post-Refill-1.0.0-PSMCodes', null); 
insert into keyvalue VALUES ('O_REFil_423c73-1.0.0-Price', 'O_REFil_423c73-1.0.0', 'Post-Refill-1.0.0-Price', '500'); 
insert into keyvalue VALUES ('O_REFil_423c73-1.0.0-Active', 'O_REFil_423c73-1.0.0', 'Post-Refill-1.0.0-Active', 'true'); 
insert into nestedkeyvalue VALUES ('O_REFil_423c73-1.0.0-Description-def', 'O_REFil_423c73-1.0.0-Description', 'Ezzel az adatcsomaggal 300 MB adatot vásárolhatsz 500 Ft-ért, melyet a számlazárásodig használhatsz fel. A kiegészítő adatopció a tarifa havidíjában foglalt adatforgalomra irányadó, azonos feltételekkel felhasználható.'); 
insert into nestedkeyvalue VALUES ('O_REFil_423c73-1.0.0-Description-eng', 'O_REFil_423c73-1.0.0-Description', 'Ezzel az adatcsomaggal 300 MB adatot vásárolhatsz 500 Ft-ért, melyet a számlazárásodig használhatsz fel. A kiegészítő adatopció a tarifa havidíjában foglalt adatforgalomra irányadó, azonos feltételekkel felhasználható.'); 
insert into nestedkeyvalue VALUES ('O_REFil_423c73-1.0.0-Description-hun', 'O_REFil_423c73-1.0.0-Description', 'This extra data pack will give you an additional  300 MB mobile internet until the end of your current bill cycle for 500 Ft.  You can use this extra data with the same condititons as data in your tariff.'); 
insert into nestedkeyvalue VALUES ('O_REFil_423c73-1.0.0-Description-unLocalized', 'O_REFil_423c73-1.0.0-Description', null); 
insert into keyvalue VALUES ('O_REFil_423c73-1.0.0-Description', 'O_REFil_423c73-1.0.0', 'Post-Refill-1.0.0-Description', null); 
insert into keyvalue VALUES ('O_REFil_423c73-1.0.0-Id', 'O_REFil_423c73-1.0.0', 'Post-Refill-1.0.0-Id', 'O_REFil_423c73'); 
insert into keyvalue VALUES ('O_REFil_423c73-1.0.0-Type', 'O_REFil_423c73-1.0.0', 'Post-Refill-1.0.0-Type', 'One Time'); 
insert into nestedkeyvalue VALUES ('O_REFil_423c73-1.0.0-Name-def', 'O_REFil_423c73-1.0.0-Name', '300 MB Megújuló PluszAdathoz'); 
insert into nestedkeyvalue VALUES ('O_REFil_423c73-1.0.0-Name-eng', 'O_REFil_423c73-1.0.0-Name', '300 MB Megújuló PluszAdathoz'); 
insert into nestedkeyvalue VALUES ('O_REFil_423c73-1.0.0-Name-hun', 'O_REFil_423c73-1.0.0-Name', '300 MB for Recurring PluszAdat'); 
insert into nestedkeyvalue VALUES ('O_REFil_423c73-1.0.0-Name-unLocalized', 'O_REFil_423c73-1.0.0-Name', null); 
insert into keyvalue VALUES ('O_REFil_423c73-1.0.0-Name', 'O_REFil_423c73-1.0.0', 'Post-Refill-1.0.0-Name', null); 
insert into object VALUES ('O_REFil_1525c42-1.0.0', 'O_REFil_1525c42'); 
insert into nestedkeyvalue VALUES ('O_REFil_1525c42-1.0.0-PSMCodes-Activation', 'O_REFil_1525c42-1.0.0-PSMCodes', 'TOLT 1GB'); 
insert into keyvalue VALUES ('O_REFil_1525c42-1.0.0-PSMCodes', 'O_REFil_1525c42-1.0.0', 'Post-Refill-1.0.0-PSMCodes', null); 
insert into keyvalue VALUES ('O_REFil_1525c42-1.0.0-Price', 'O_REFil_1525c42-1.0.0', 'Post-Refill-1.0.0-Price', '1800'); 
insert into keyvalue VALUES ('O_REFil_1525c42-1.0.0-Active', 'O_REFil_1525c42-1.0.0', 'Post-Refill-1.0.0-Active', 'true'); 
insert into nestedkeyvalue VALUES ('O_REFil_1525c42-1.0.0-Description-def', 'O_REFil_1525c42-1.0.0-Description', 'Ezzel az adatcsomaggal 1GB adatot vásárolhatsz 1 800 Ft-ért, melyet a számlazárásodig használhatsz fel. A kiegészítő adatopció a tarifa havidíjában foglalt adatforgalomra irányadó, azonos feltételekkel felhasználható.'); 
insert into nestedkeyvalue VALUES ('O_REFil_1525c42-1.0.0-Description-eng', 'O_REFil_1525c42-1.0.0-Description', 'Ezzel az adatcsomaggal 1GB adatot vásárolhatsz 1 800 Ft-ért, melyet a számlazárásodig használhatsz fel. A kiegészítő adatopció a tarifa havidíjában foglalt adatforgalomra irányadó, azonos feltételekkel felhasználható.'); 
insert into nestedkeyvalue VALUES ('O_REFil_1525c42-1.0.0-Description-hun', 'O_REFil_1525c42-1.0.0-Description', 'This extra data pack will give you an additional  1GB mobile internet until the end of your current bill cycle for 1 800 Ft. You can use this extra data with the same condititons as data in your tariff.'); 
insert into nestedkeyvalue VALUES ('O_REFil_1525c42-1.0.0-Description-unLocalized', 'O_REFil_1525c42-1.0.0-Description', null); 
insert into keyvalue VALUES ('O_REFil_1525c42-1.0.0-Description', 'O_REFil_1525c42-1.0.0', 'Post-Refill-1.0.0-Description', null); 
insert into keyvalue VALUES ('O_REFil_1525c42-1.0.0-Id', 'O_REFil_1525c42-1.0.0', 'Post-Refill-1.0.0-Id', 'O_REFil_1525c42'); 
insert into keyvalue VALUES ('O_REFil_1525c42-1.0.0-Type', 'O_REFil_1525c42-1.0.0', 'Post-Refill-1.0.0-Type', 'One Time'); 
insert into nestedkeyvalue VALUES ('O_REFil_1525c42-1.0.0-Name-def', 'O_REFil_1525c42-1.0.0-Name', 'PluszAdat 1 GB'); 
insert into nestedkeyvalue VALUES ('O_REFil_1525c42-1.0.0-Name-eng', 'O_REFil_1525c42-1.0.0-Name', 'PluszAdat 1 GB'); 
insert into nestedkeyvalue VALUES ('O_REFil_1525c42-1.0.0-Name-hun', 'O_REFil_1525c42-1.0.0-Name', 'PluszAdat 1 GB'); 
insert into nestedkeyvalue VALUES ('O_REFil_1525c42-1.0.0-Name-unLocalized', 'O_REFil_1525c42-1.0.0-Name', null); 
insert into keyvalue VALUES ('O_REFil_1525c42-1.0.0-Name', 'O_REFil_1525c42-1.0.0', 'Post-Refill-1.0.0-Name', null); 
insert into object VALUES ('O_REFil_1186c44-1.0.0', 'O_REFil_1186c44'); 
insert into nestedkeyvalue VALUES ('O_REFil_1186c44-1.0.0-PSMCodes-Activation', 'O_REFil_1186c44-1.0.0-PSMCodes', 'TOLT 1GB'); 
insert into keyvalue VALUES ('O_REFil_1186c44-1.0.0-PSMCodes', 'O_REFil_1186c44-1.0.0', 'Post-Refill-1.0.0-PSMCodes', null); 
insert into keyvalue VALUES ('O_REFil_1186c44-1.0.0-Price', 'O_REFil_1186c44-1.0.0', 'Post-Refill-1.0.0-Price', '1400'); 
insert into keyvalue VALUES ('O_REFil_1186c44-1.0.0-Active', 'O_REFil_1186c44-1.0.0', 'Post-Refill-1.0.0-Active', 'true'); 
insert into nestedkeyvalue VALUES ('O_REFil_1186c44-1.0.0-Description-def', 'O_REFil_1186c44-1.0.0-Description', 'Ezzel az adatcsomaggal 1GB adatot vásárolhatsz 1 400 Ft-ért, melyet a számlazárásodig használhatsz fel. A kiegészítő adatopció a tarifa havidíjában foglalt adatforgalomra irányadó, azonos feltételekkel felhasználható.'); 
insert into nestedkeyvalue VALUES ('O_REFil_1186c44-1.0.0-Description-eng', 'O_REFil_1186c44-1.0.0-Description', 'Ezzel az adatcsomaggal 1GB adatot vásárolhatsz 1 400 Ft-ért, melyet a számlazárásodig használhatsz fel. A kiegészítő adatopció a tarifa havidíjában foglalt adatforgalomra irányadó, azonos feltételekkel felhasználható.'); 
insert into nestedkeyvalue VALUES ('O_REFil_1186c44-1.0.0-Description-hun', 'O_REFil_1186c44-1.0.0-Description', 'This extra data pack will give you an additional  1 GB mobile internet until the end of your current bill cycle for 1 400 Ft.  You can use this extra data with the same condititons as data in your tariff.'); 
insert into nestedkeyvalue VALUES ('O_REFil_1186c44-1.0.0-Description-unLocalized', 'O_REFil_1186c44-1.0.0-Description', null); 
insert into keyvalue VALUES ('O_REFil_1186c44-1.0.0-Description', 'O_REFil_1186c44-1.0.0', 'Post-Refill-1.0.0-Description', null); 
insert into keyvalue VALUES ('O_REFil_1186c44-1.0.0-Id', 'O_REFil_1186c44-1.0.0', 'Post-Refill-1.0.0-Id', 'O_REFil_1186c44'); 
insert into keyvalue VALUES ('O_REFil_1186c44-1.0.0-Type', 'O_REFil_1186c44-1.0.0', 'Post-Refill-1.0.0-Type', 'One Time'); 
insert into nestedkeyvalue VALUES ('O_REFil_1186c44-1.0.0-Name-def', 'O_REFil_1186c44-1.0.0-Name', '1 GB Megújuló PluszAdathoz'); 
insert into nestedkeyvalue VALUES ('O_REFil_1186c44-1.0.0-Name-eng', 'O_REFil_1186c44-1.0.0-Name', '1 GB Megújuló PluszAdathoz'); 
insert into nestedkeyvalue VALUES ('O_REFil_1186c44-1.0.0-Name-hun', 'O_REFil_1186c44-1.0.0-Name', '1 GB for Recurring PluszAdat'); 
insert into nestedkeyvalue VALUES ('O_REFil_1186c44-1.0.0-Name-unLocalized', 'O_REFil_1186c44-1.0.0-Name', null); 
insert into keyvalue VALUES ('O_REFil_1186c44-1.0.0-Name', 'O_REFil_1186c44-1.0.0', 'Post-Refill-1.0.0-Name', null); 
insert into object VALUES ('O_REFil_5084c75-1.0.0', 'O_REFil_5084c75'); 
insert into nestedkeyvalue VALUES ('O_REFil_5084c75-1.0.0-PSMCodes-Activation', 'O_REFil_5084c75-1.0.0-PSMCodes', 'TOLT 20GB'); 
insert into keyvalue VALUES ('O_REFil_5084c75-1.0.0-PSMCodes', 'O_REFil_5084c75-1.0.0', 'Post-Refill-1.0.0-PSMCodes', null); 
insert into keyvalue VALUES ('O_REFil_5084c75-1.0.0-Price', 'O_REFil_5084c75-1.0.0', 'Post-Refill-1.0.0-Price', '6000'); 
insert into keyvalue VALUES ('O_REFil_5084c75-1.0.0-Active', 'O_REFil_5084c75-1.0.0', 'Post-Refill-1.0.0-Active', 'true'); 
insert into nestedkeyvalue VALUES ('O_REFil_5084c75-1.0.0-Description-def', 'O_REFil_5084c75-1.0.0-Description', 'Ezzel az adatcsomaggal 20GB adatot vásárolhatsz 6000 Ft-ért, melyet a számlazárásodig használhatsz fel. A kiegészítő adatopció a tarifa havidíjában foglalt adatforgalomra irányadó, azonos feltételekkel felhasználható.'); 
insert into nestedkeyvalue VALUES ('O_REFil_5084c75-1.0.0-Description-eng', 'O_REFil_5084c75-1.0.0-Description', 'Ezzel az adatcsomaggal 20GB adatot vásárolhatsz 6000 Ft-ért, melyet a számlazárásodig használhatsz fel. A kiegészítő adatopció a tarifa havidíjában foglalt adatforgalomra irányadó, azonos feltételekkel felhasználható.'); 
insert into nestedkeyvalue VALUES ('O_REFil_5084c75-1.0.0-Description-hun', 'O_REFil_5084c75-1.0.0-Description', 'This extra data pack will give you an additional  20GB mobile internet until the end of your current bill cycle for 6000 Ft.  You can use this extra data with the same condititons as data in your tariff.'); 
insert into nestedkeyvalue VALUES ('O_REFil_5084c75-1.0.0-Description-unLocalized', 'O_REFil_5084c75-1.0.0-Description', null); 
insert into keyvalue VALUES ('O_REFil_5084c75-1.0.0-Description', 'O_REFil_5084c75-1.0.0', 'Post-Refill-1.0.0-Description', null); 
insert into keyvalue VALUES ('O_REFil_5084c75-1.0.0-Id', 'O_REFil_5084c75-1.0.0', 'Post-Refill-1.0.0-Id', 'O_REFil_5084c75'); 
insert into keyvalue VALUES ('O_REFil_5084c75-1.0.0-Type', 'O_REFil_5084c75-1.0.0', 'Post-Refill-1.0.0-Type', 'One Time'); 
insert into nestedkeyvalue VALUES ('O_REFil_5084c75-1.0.0-Name-def', 'O_REFil_5084c75-1.0.0-Name', '20 GB Megújuló PluszAdathoz'); 
insert into nestedkeyvalue VALUES ('O_REFil_5084c75-1.0.0-Name-eng', 'O_REFil_5084c75-1.0.0-Name', '20 GB Megújuló PluszAdathoz'); 
insert into nestedkeyvalue VALUES ('O_REFil_5084c75-1.0.0-Name-hun', 'O_REFil_5084c75-1.0.0-Name', '20 GB for Recurring PluszAdat'); 
insert into nestedkeyvalue VALUES ('O_REFil_5084c75-1.0.0-Name-unLocalized', 'O_REFil_5084c75-1.0.0-Name', null); 
insert into keyvalue VALUES ('O_REFil_5084c75-1.0.0-Name', 'O_REFil_5084c75-1.0.0', 'Post-Refill-1.0.0-Name', null); 
insert into object VALUES ('O_REFil_3389c83-1.0.0', 'O_REFil_3389c83'); 
insert into nestedkeyvalue VALUES ('O_REFil_3389c83-1.0.0-PSMCodes-Activation', 'O_REFil_3389c83-1.0.0-PSMCodes', 'TOLT 5GB'); 
insert into keyvalue VALUES ('O_REFil_3389c83-1.0.0-PSMCodes', 'O_REFil_3389c83-1.0.0', 'Post-Refill-1.0.0-PSMCodes', null); 
insert into keyvalue VALUES ('O_REFil_3389c83-1.0.0-Price', 'O_REFil_3389c83-1.0.0', 'Post-Refill-1.0.0-Price', '4000'); 
insert into keyvalue VALUES ('O_REFil_3389c83-1.0.0-Active', 'O_REFil_3389c83-1.0.0', 'Post-Refill-1.0.0-Active', 'true'); 
insert into nestedkeyvalue VALUES ('O_REFil_3389c83-1.0.0-Description-def', 'O_REFil_3389c83-1.0.0-Description', 'Ezzel az adatcsomaggal 5GB adatot vásárolhatsz 4 000 Ft-ért, melyet a számlazárásodig használhatsz fel. A kiegészítő adatopció a tarifa havidíjában foglalt adatforgalomra irányadó, azonos feltételekkel felhasználható.'); 
insert into nestedkeyvalue VALUES ('O_REFil_3389c83-1.0.0-Description-eng', 'O_REFil_3389c83-1.0.0-Description', 'Ezzel az adatcsomaggal 5GB adatot vásárolhatsz 4 000 Ft-ért, melyet a számlazárásodig használhatsz fel. A kiegészítő adatopció a tarifa havidíjában foglalt adatforgalomra irányadó, azonos feltételekkel felhasználható.'); 
insert into nestedkeyvalue VALUES ('O_REFil_3389c83-1.0.0-Description-hun', 'O_REFil_3389c83-1.0.0-Description', 'This extra data pack will give you an additional  5GB mobile internet until the end of your current bill cycle for 4 000 Ft.  You can use this extra data with the same condititons as data in your tariff.'); 
insert into nestedkeyvalue VALUES ('O_REFil_3389c83-1.0.0-Description-unLocalized', 'O_REFil_3389c83-1.0.0-Description', null); 
insert into keyvalue VALUES ('O_REFil_3389c83-1.0.0-Description', 'O_REFil_3389c83-1.0.0', 'Post-Refill-1.0.0-Description', null); 
insert into keyvalue VALUES ('O_REFil_3389c83-1.0.0-Id', 'O_REFil_3389c83-1.0.0', 'Post-Refill-1.0.0-Id', 'O_REFil_3389c83'); 
insert into keyvalue VALUES ('O_REFil_3389c83-1.0.0-Type', 'O_REFil_3389c83-1.0.0', 'Post-Refill-1.0.0-Type', 'One Time'); 
insert into nestedkeyvalue VALUES ('O_REFil_3389c83-1.0.0-Name-def', 'O_REFil_3389c83-1.0.0-Name', '5 GB Megújuló PluszAdathoz'); 
insert into nestedkeyvalue VALUES ('O_REFil_3389c83-1.0.0-Name-eng', 'O_REFil_3389c83-1.0.0-Name', '5 GB Megújuló PluszAdathoz'); 
insert into nestedkeyvalue VALUES ('O_REFil_3389c83-1.0.0-Name-hun', 'O_REFil_3389c83-1.0.0-Name', '5 GB for Recurring PluszAdat'); 
insert into nestedkeyvalue VALUES ('O_REFil_3389c83-1.0.0-Name-unLocalized', 'O_REFil_3389c83-1.0.0-Name', null); 
insert into keyvalue VALUES ('O_REFil_3389c83-1.0.0-Name', 'O_REFil_3389c83-1.0.0', 'Post-Refill-1.0.0-Name', null); 
insert into object VALUES ('O_PQREF_635c59-1.0.0', 'O_PQREF_635c59'); 
insert into nestedkeyvalue VALUES ('O_PQREF_635c59-1.0.0-PSMCodes-Activation', 'O_PQREF_635c59-1.0.0-PSMCodes', 'TOLT 300MB'); 
insert into keyvalue VALUES ('O_PQREF_635c59-1.0.0-PSMCodes', 'O_PQREF_635c59-1.0.0', 'Post-Refill-1.0.0-PSMCodes', null); 
insert into keyvalue VALUES ('O_PQREF_635c59-1.0.0-Price', 'O_PQREF_635c59-1.0.0', 'Post-Refill-1.0.0-Price', '750'); 
insert into keyvalue VALUES ('O_PQREF_635c59-1.0.0-Active', 'O_PQREF_635c59-1.0.0', 'Post-Refill-1.0.0-Active', 'true'); 
insert into nestedkeyvalue VALUES ('O_PQREF_635c59-1.0.0-Description-def', 'O_PQREF_635c59-1.0.0-Description', 'Ezzel a kiegészítő adatopcióval további 300MB adat áll rendelkezésedre a tarifádban foglalt adatmennyiségeden felül 750 Ft-ért, melyet számlazárásig tudsz felhasználni, a tarifádban foglalt adatra irányadó, azonos feltételekkel. Ha MultiNet Supreme szolgáltatással is rendelkezel, lehetőséged van megosztani a kiegészítő PluszAdatot a két eszközöd között!'); 
insert into nestedkeyvalue VALUES ('O_PQREF_635c59-1.0.0-Description-eng', 'O_PQREF_635c59-1.0.0-Description', 'Ezzel a kiegészítő adatopcióval további 300MB adat áll rendelkezésedre a tarifádban foglalt adatmennyiségeden felül 750 Ft-ért, melyet számlazárásig tudsz felhasználni, a tarifádban foglalt adatra irányadó, azonos feltételekkel. Ha MultiNet Supreme szolgáltatással is rendelkezel, lehetőséged van megosztani a kiegészítő PluszAdatot a két eszközöd között!'); 
insert into nestedkeyvalue VALUES ('O_PQREF_635c59-1.0.0-Description-hun', 'O_PQREF_635c59-1.0.0-Description', 'This extra data pack will give you an additional 300MB of shared mobile internet for 750 Ft which you can use until your bill cycle, with the same conditions as your tariff. In case you have also contracted a MultiNet Supreme tariff, you will be able to share this extra data bundle between both your devices!'); 
insert into nestedkeyvalue VALUES ('O_PQREF_635c59-1.0.0-Description-unLocalized', 'O_PQREF_635c59-1.0.0-Description', null); 
insert into keyvalue VALUES ('O_PQREF_635c59-1.0.0-Description', 'O_PQREF_635c59-1.0.0', 'Post-Refill-1.0.0-Description', null); 
insert into keyvalue VALUES ('O_PQREF_635c59-1.0.0-Id', 'O_PQREF_635c59-1.0.0', 'Post-Refill-1.0.0-Id', 'O_PQREF_635c59'); 
insert into keyvalue VALUES ('O_PQREF_635c59-1.0.0-Type', 'O_PQREF_635c59-1.0.0', 'Post-Refill-1.0.0-Type', 'One Time'); 
insert into nestedkeyvalue VALUES ('O_PQREF_635c59-1.0.0-Name-def', 'O_PQREF_635c59-1.0.0-Name', 'Osztható PluszAdat 300 MB'); 
insert into nestedkeyvalue VALUES ('O_PQREF_635c59-1.0.0-Name-eng', 'O_PQREF_635c59-1.0.0-Name', 'Osztható PluszAdat 300 MB'); 
insert into nestedkeyvalue VALUES ('O_PQREF_635c59-1.0.0-Name-hun', 'O_PQREF_635c59-1.0.0-Name', 'Shared PluszAdat 300 MB'); 
insert into nestedkeyvalue VALUES ('O_PQREF_635c59-1.0.0-Name-unLocalized', 'O_PQREF_635c59-1.0.0-Name', null); 
insert into keyvalue VALUES ('O_PQREF_635c59-1.0.0-Name', 'O_PQREF_635c59-1.0.0', 'Post-Refill-1.0.0-Name', null); 
insert into object VALUES ('66975-1.0.0', '66975'); 
insert into nestedkeyvalue VALUES ('66975-1.0.0-PSMCodes-Deactivation', '66975-1.0.0-PSMCodes', 'XPLUSZ300MB-O-M'); 
insert into nestedkeyvalue VALUES ('66975-1.0.0-PSMCodes-Activation', '66975-1.0.0-PSMCodes', 'PLUSZ300MB-O-M'); 
insert into keyvalue VALUES ('66975-1.0.0-PSMCodes', '66975-1.0.0', 'Post-Refill-1.0.0-PSMCodes', null); 
insert into keyvalue VALUES ('66975-1.0.0-Price', '66975-1.0.0', 'Post-Refill-1.0.0-Price', '500'); 
insert into keyvalue VALUES ('66975-1.0.0-Active', '66975-1.0.0', 'Post-Refill-1.0.0-Active', 'true'); 
insert into nestedkeyvalue VALUES ('66975-1.0.0-Description-def', '66975-1.0.0-Description', 'Ezzel a kiegészítő adatopcióval 300MB osztható adat áll rendelkezésedre minden számlázási ciklusban havi 500 Ft-ért a tarifádban, valamit az Automatikus PluszAdat opciódba foglalt adatmennyiségeden felül. A kiegészítő opció minden hónapban megújul, így nem kell minden hónapban megrendelned újra. Ha MultiNet Supreme-el is rendelkezel, lehetőséged van megosztani a kiegészítő PluszAdatot a két eszközöd között!  A kiegészítő adatopciót a tarifádban foglalt adat felhasználásával azonos feltételek mellett használhatod.'); 
insert into nestedkeyvalue VALUES ('66975-1.0.0-Description-eng', '66975-1.0.0-Description', 'Ezzel a kiegészítő adatopcióval 300MB osztható adat áll rendelkezésedre minden számlázási ciklusban havi 500 Ft-ért a tarifádban, valamit az Automatikus PluszAdat opciódba foglalt adatmennyiségeden felül. A kiegészítő opció minden hónapban megújul, így nem kell minden hónapban megrendelned újra. Ha MultiNet Supreme-el is rendelkezel, lehetőséged van megosztani a kiegészítő PluszAdatot a két eszközöd között!  A kiegészítő adatopciót a tarifádban foglalt adat felhasználásával azonos feltételek mellett használhatod.'); 
insert into nestedkeyvalue VALUES ('66975-1.0.0-Description-hun', '66975-1.0.0-Description', 'This extra data pack will give you an additional 300MB of shared mobile internet in each monthly billing period (on top of the data already included in your tariff or Automatikus PluszAdat option) for 500 Ft. It will be activated every month at the start of your billing period so you don't have to worry about purchasing extra data every month - after you run out! In case you have also contracted a MultiNet Supreme tariff, you will be able to share this extra data bundle between both your devices! You can use this extra data pack with the same conditions as your tariff.'); 
insert into nestedkeyvalue VALUES ('66975-1.0.0-Description-unLocalized', '66975-1.0.0-Description', null); 
insert into keyvalue VALUES ('66975-1.0.0-Description', '66975-1.0.0', 'Post-Refill-1.0.0-Description', null); 
insert into keyvalue VALUES ('66975-1.0.0-Id', '66975-1.0.0', 'Post-Refill-1.0.0-Id', '66975'); 
insert into keyvalue VALUES ('66975-1.0.0-Type', '66975-1.0.0', 'Post-Refill-1.0.0-Type', 'recurringPR'); 
insert into nestedkeyvalue VALUES ('66975-1.0.0-Name-def', '66975-1.0.0-Name', 'Osztható Megújuló PluszAdat 300 MB'); 
insert into nestedkeyvalue VALUES ('66975-1.0.0-Name-eng', '66975-1.0.0-Name', 'Osztható Megújuló PluszAdat 300 MB'); 
insert into nestedkeyvalue VALUES ('66975-1.0.0-Name-hun', '66975-1.0.0-Name', 'Shared Recurring PluszAdat 300MB'); 
insert into nestedkeyvalue VALUES ('66975-1.0.0-Name-unLocalized', '66975-1.0.0-Name', null); 
insert into keyvalue VALUES ('66975-1.0.0-Name', '66975-1.0.0', 'Post-Refill-1.0.0-Name', null); 
insert into object VALUES ('O_PQREF_1525c42-1.0.0', 'O_PQREF_1525c42'); 
insert into nestedkeyvalue VALUES ('O_PQREF_1525c42-1.0.0-PSMCodes-Activation', 'O_PQREF_1525c42-1.0.0-PSMCodes', 'TOLT 1GB'); 
insert into keyvalue VALUES ('O_PQREF_1525c42-1.0.0-PSMCodes', 'O_PQREF_1525c42-1.0.0', 'Post-Refill-1.0.0-PSMCodes', null); 
insert into keyvalue VALUES ('O_PQREF_1525c42-1.0.0-Price', 'O_PQREF_1525c42-1.0.0', 'Post-Refill-1.0.0-Price', '1800'); 
insert into keyvalue VALUES ('O_PQREF_1525c42-1.0.0-Active', 'O_PQREF_1525c42-1.0.0', 'Post-Refill-1.0.0-Active', 'true'); 
insert into nestedkeyvalue VALUES ('O_PQREF_1525c42-1.0.0-Description-def', 'O_PQREF_1525c42-1.0.0-Description', 'Ezzel a kiegészítő adatopcióval további 1 GB adat áll rendelkezésedre a tarifádban foglalt adatmennyiségeden felül 1800 Ft-ért, melyet számlazárásig tudsz felhasználni, a tarifádban foglalt adatra irányadó, azonos feltételekkel. Ha MultiNet Supreme szolgáltatással is rendelkezel, lehetőséged van megosztani a kiegészítő PluszAdatot a két eszközöd között!'); 
insert into nestedkeyvalue VALUES ('O_PQREF_1525c42-1.0.0-Description-eng', 'O_PQREF_1525c42-1.0.0-Description', 'Ezzel a kiegészítő adatopcióval további 1 GB adat áll rendelkezésedre a tarifádban foglalt adatmennyiségeden felül 1800 Ft-ért, melyet számlazárásig tudsz felhasználni, a tarifádban foglalt adatra irányadó, azonos feltételekkel. Ha MultiNet Supreme szolgáltatással is rendelkezel, lehetőséged van megosztani a kiegészítő PluszAdatot a két eszközöd között!'); 
insert into nestedkeyvalue VALUES ('O_PQREF_1525c42-1.0.0-Description-hun', 'O_PQREF_1525c42-1.0.0-Description', 'This extra data pack will give you an additional 1GB of shared mobile internet for 1 800 Ft which you can use until your bill cycle, with the same conditions as your tariff. In case you have also contracted a MultiNet Supreme tariff, you will be able to share this extra data bundle between both your devices!'); 
insert into nestedkeyvalue VALUES ('O_PQREF_1525c42-1.0.0-Description-unLocalized', 'O_PQREF_1525c42-1.0.0-Description', null); 
insert into keyvalue VALUES ('O_PQREF_1525c42-1.0.0-Description', 'O_PQREF_1525c42-1.0.0', 'Post-Refill-1.0.0-Description', null); 
insert into keyvalue VALUES ('O_PQREF_1525c42-1.0.0-Id', 'O_PQREF_1525c42-1.0.0', 'Post-Refill-1.0.0-Id', 'O_PQREF_1525c42'); 
insert into keyvalue VALUES ('O_PQREF_1525c42-1.0.0-Type', 'O_PQREF_1525c42-1.0.0', 'Post-Refill-1.0.0-Type', 'One Time'); 
insert into nestedkeyvalue VALUES ('O_PQREF_1525c42-1.0.0-Name-def', 'O_PQREF_1525c42-1.0.0-Name', 'Osztható PluszAdat 1 GB'); 
insert into nestedkeyvalue VALUES ('O_PQREF_1525c42-1.0.0-Name-eng', 'O_PQREF_1525c42-1.0.0-Name', 'Osztható PluszAdat 1 GB'); 
insert into nestedkeyvalue VALUES ('O_PQREF_1525c42-1.0.0-Name-hun', 'O_PQREF_1525c42-1.0.0-Name', 'Shared PluszAdat 1 GB'); 
insert into nestedkeyvalue VALUES ('O_PQREF_1525c42-1.0.0-Name-unLocalized', 'O_PQREF_1525c42-1.0.0-Name', null); 
insert into keyvalue VALUES ('O_PQREF_1525c42-1.0.0-Name', 'O_PQREF_1525c42-1.0.0', 'Post-Refill-1.0.0-Name', null); 
insert into object VALUES ('66977-1.0.0', '66977'); 
insert into nestedkeyvalue VALUES ('66977-1.0.0-PSMCodes-Deactivation', '66977-1.0.0-PSMCodes', 'XPLUSZ1GB-O-M'); 
insert into nestedkeyvalue VALUES ('66977-1.0.0-PSMCodes-Activation', '66977-1.0.0-PSMCodes', 'PLUSZ1GB-O-M'); 
insert into keyvalue VALUES ('66977-1.0.0-PSMCodes', '66977-1.0.0', 'Post-Refill-1.0.0-PSMCodes', null); 
insert into keyvalue VALUES ('66977-1.0.0-Price', '66977-1.0.0', 'Post-Refill-1.0.0-Price', '1400'); 
insert into keyvalue VALUES ('66977-1.0.0-Active', '66977-1.0.0', 'Post-Refill-1.0.0-Active', 'true'); 
insert into nestedkeyvalue VALUES ('66977-1.0.0-Description-def', '66977-1.0.0-Description', 'Ezzel a kiegészítő adatopcióval 1GB osztható adat áll rendelkezésedre minden számlázási ciklusban havi 1 400 Ft-ért a tarifádban, valamit az Automatikus PluszAdat opciódba foglalt adatmennyiségeden felül. A kiegészítő opció minden hónapban megújul, így nem kell minden hónapban megrendelned újra. Ha MultiNet Supreme-el is rendelkezel, lehetőséged van megosztani a kiegészítő PluszAdatot a két eszközöd között!  A kiegészítő adatopciót a tarifádban foglalt adat felhasználásával azonos feltételek mellett használhatod.'); 
insert into nestedkeyvalue VALUES ('66977-1.0.0-Description-eng', '66977-1.0.0-Description', 'Ezzel a kiegészítő adatopcióval 1GB osztható adat áll rendelkezésedre minden számlázási ciklusban havi 1 400 Ft-ért a tarifádban, valamit az Automatikus PluszAdat opciódba foglalt adatmennyiségeden felül. A kiegészítő opció minden hónapban megújul, így nem kell minden hónapban megrendelned újra. Ha MultiNet Supreme-el is rendelkezel, lehetőséged van megosztani a kiegészítő PluszAdatot a két eszközöd között!  A kiegészítő adatopciót a tarifádban foglalt adat felhasználásával azonos feltételek mellett használhatod.'); 
insert into nestedkeyvalue VALUES ('66977-1.0.0-Description-hun', '66977-1.0.0-Description', 'This extra data pack will give you an additional 1GB of shared mobile internet in each monthly billing period (on top of the data already included in your tariff or Automatikus PluszAdat option) for 1 400 Ft. It will be activated every month at the start of your billing period so you don't have to worry about purchasing extra data every month - after you run out! In case you have also contracted a MultiNet Supreme tariff, you will be able to share this extra data bundle between both your devices! You can use this extra data pack with the same conditions as your tariff.'); 
insert into nestedkeyvalue VALUES ('66977-1.0.0-Description-unLocalized', '66977-1.0.0-Description', null); 
insert into keyvalue VALUES ('66977-1.0.0-Description', '66977-1.0.0', 'Post-Refill-1.0.0-Description', null); 
insert into keyvalue VALUES ('66977-1.0.0-Id', '66977-1.0.0', 'Post-Refill-1.0.0-Id', '66977'); 
insert into keyvalue VALUES ('66977-1.0.0-Type', '66977-1.0.0', 'Post-Refill-1.0.0-Type', 'recurringPR'); 
insert into nestedkeyvalue VALUES ('66977-1.0.0-Name-def', '66977-1.0.0-Name', 'Osztható Megújuló PluszAdat 1 GB'); 
insert into nestedkeyvalue VALUES ('66977-1.0.0-Name-eng', '66977-1.0.0-Name', 'Osztható Megújuló PluszAdat 1 GB'); 
insert into nestedkeyvalue VALUES ('66977-1.0.0-Name-hun', '66977-1.0.0-Name', 'Shared Recurring PluszAdat 1GB'); 
insert into nestedkeyvalue VALUES ('66977-1.0.0-Name-unLocalized', '66977-1.0.0-Name', null); 
insert into keyvalue VALUES ('66977-1.0.0-Name', '66977-1.0.0', 'Post-Refill-1.0.0-Name', null); 
insert into object VALUES ('O_PQREF_5084c75-1.0.0', 'O_PQREF_5084c75'); 
insert into nestedkeyvalue VALUES ('O_PQREF_5084c75-1.0.0-PSMCodes-Activation', 'O_PQREF_5084c75-1.0.0-PSMCodes', 'TOLT 5GB'); 
insert into keyvalue VALUES ('O_PQREF_5084c75-1.0.0-PSMCodes', 'O_PQREF_5084c75-1.0.0', 'Post-Refill-1.0.0-PSMCodes', null); 
insert into keyvalue VALUES ('O_PQREF_5084c75-1.0.0-Price', 'O_PQREF_5084c75-1.0.0', 'Post-Refill-1.0.0-Price', '6000'); 
insert into keyvalue VALUES ('O_PQREF_5084c75-1.0.0-Active', 'O_PQREF_5084c75-1.0.0', 'Post-Refill-1.0.0-Active', 'true'); 
insert into nestedkeyvalue VALUES ('O_PQREF_5084c75-1.0.0-Description-def', 'O_PQREF_5084c75-1.0.0-Description', 'Ezzel a kiegészítő adatopcióval további 5 GB adat áll rendelkezésedre a tarifádban foglalt adatmennyiségeden felül 6000 Ft-ért, melyet számlazárásig tudsz felhasználni, a tarifádban foglalt adatra irányadó, azonos feltételekkel. Ha MultiNet Supreme szolgáltatással is rendelkezel, lehetőséged van megosztani a kiegészítő PluszAdatot a két eszközöd között!'); 
insert into nestedkeyvalue VALUES ('O_PQREF_5084c75-1.0.0-Description-eng', 'O_PQREF_5084c75-1.0.0-Description', 'Ezzel a kiegészítő adatopcióval további 5 GB adat áll rendelkezésedre a tarifádban foglalt adatmennyiségeden felül 6000 Ft-ért, melyet számlazárásig tudsz felhasználni, a tarifádban foglalt adatra irányadó, azonos feltételekkel. Ha MultiNet Supreme szolgáltatással is rendelkezel, lehetőséged van megosztani a kiegészítő PluszAdatot a két eszközöd között!'); 
insert into nestedkeyvalue VALUES ('O_PQREF_5084c75-1.0.0-Description-hun', 'O_PQREF_5084c75-1.0.0-Description', 'This extra data pack will give you an additional 5GB of shared mobile internet for 6 000 Ft which you can use until your bill cycle, with the same conditions as your tariff. In case you have also contracted a MultiNet Supreme tariff, you will be able to share this extra data bundle between both your devices!'); 
insert into nestedkeyvalue VALUES ('O_PQREF_5084c75-1.0.0-Description-unLocalized', 'O_PQREF_5084c75-1.0.0-Description', null); 
insert into keyvalue VALUES ('O_PQREF_5084c75-1.0.0-Description', 'O_PQREF_5084c75-1.0.0', 'Post-Refill-1.0.0-Description', null); 
insert into keyvalue VALUES ('O_PQREF_5084c75-1.0.0-Id', 'O_PQREF_5084c75-1.0.0', 'Post-Refill-1.0.0-Id', 'O_PQREF_5084c75'); 
insert into keyvalue VALUES ('O_PQREF_5084c75-1.0.0-Type', 'O_PQREF_5084c75-1.0.0', 'Post-Refill-1.0.0-Type', 'One Time'); 
insert into nestedkeyvalue VALUES ('O_PQREF_5084c75-1.0.0-Name-def', 'O_PQREF_5084c75-1.0.0-Name', 'Osztható PluszAdat 5 GB'); 
insert into nestedkeyvalue VALUES ('O_PQREF_5084c75-1.0.0-Name-eng', 'O_PQREF_5084c75-1.0.0-Name', 'Osztható PluszAdat 5 GB'); 
insert into nestedkeyvalue VALUES ('O_PQREF_5084c75-1.0.0-Name-hun', 'O_PQREF_5084c75-1.0.0-Name', 'Shared PluszAdat 5 GB'); 
insert into nestedkeyvalue VALUES ('O_PQREF_5084c75-1.0.0-Name-unLocalized', 'O_PQREF_5084c75-1.0.0-Name', null); 
insert into keyvalue VALUES ('O_PQREF_5084c75-1.0.0-Name', 'O_PQREF_5084c75-1.0.0', 'Post-Refill-1.0.0-Name', null); 
insert into object VALUES ('66979-1.0.0', '66979'); 
insert into nestedkeyvalue VALUES ('66979-1.0.0-PSMCodes-Deactivation', '66979-1.0.0-PSMCodes', 'XPLUSZ5GB-O-M'); 
insert into nestedkeyvalue VALUES ('66979-1.0.0-PSMCodes-Activation', '66979-1.0.0-PSMCodes', 'PLUSZ5GB-O-M'); 
insert into keyvalue VALUES ('66979-1.0.0-PSMCodes', '66979-1.0.0', 'Post-Refill-1.0.0-PSMCodes', null); 
insert into keyvalue VALUES ('66979-1.0.0-Price', '66979-1.0.0', 'Post-Refill-1.0.0-Price', '3000'); 
insert into keyvalue VALUES ('66979-1.0.0-Active', '66979-1.0.0', 'Post-Refill-1.0.0-Active', 'true'); 
insert into nestedkeyvalue VALUES ('66979-1.0.0-Description-def', '66979-1.0.0-Description', 'Ezzel a kiegészítő adatopcióval 5GB osztható adat áll rendelkezésedre minden számlázási ciklusban havi 3 000 Ft-ért a tarifádban, valamit az Automatikus PluszAdat opciódba foglalt adatmennyiségeden felül. A kiegészítő opció minden hónapban megújul, így nem kell minden hónapban megrendelned újra. Ha MultiNet Supreme-el is rendelkezel, lehetőséged van megosztani a kiegészítő PluszAdatot a két eszközöd között!  A kiegészítő adatopciót a tarifádban foglalt adat felhasználásával azonos feltételek mellett használhatod.'); 
insert into nestedkeyvalue VALUES ('66979-1.0.0-Description-eng', '66979-1.0.0-Description', 'Ezzel a kiegészítő adatopcióval 5GB osztható adat áll rendelkezésedre minden számlázási ciklusban havi 3 000 Ft-ért a tarifádban, valamit az Automatikus PluszAdat opciódba foglalt adatmennyiségeden felül. A kiegészítő opció minden hónapban megújul, így nem kell minden hónapban megrendelned újra. Ha MultiNet Supreme-el is rendelkezel, lehetőséged van megosztani a kiegészítő PluszAdatot a két eszközöd között!  A kiegészítő adatopciót a tarifádban foglalt adat felhasználásával azonos feltételek mellett használhatod.'); 
insert into nestedkeyvalue VALUES ('66979-1.0.0-Description-hun', '66979-1.0.0-Description', 'This extra data pack will give you an additional 5GB of shared mobile internet in each monthly billing period (on top of the data already included in your tariff or Automatikus PluszAdat option) for 3 000 Ft. It will be activated every month at the start of your billing period so you don't have to worry about purchasing extra data every month - after you run out! In case you have also contracted a MultiNet Supreme tariff, you will be able to share this extra data bundle between both your devices! You can use this extra data pack with the same conditions as your tariff.'); 
insert into nestedkeyvalue VALUES ('66979-1.0.0-Description-unLocalized', '66979-1.0.0-Description', null); 
insert into keyvalue VALUES ('66979-1.0.0-Description', '66979-1.0.0', 'Post-Refill-1.0.0-Description', null); 
insert into keyvalue VALUES ('66979-1.0.0-Id', '66979-1.0.0', 'Post-Refill-1.0.0-Id', '66979'); 
insert into keyvalue VALUES ('66979-1.0.0-Type', '66979-1.0.0', 'Post-Refill-1.0.0-Type', 'recurringPR'); 
insert into nestedkeyvalue VALUES ('66979-1.0.0-Name-def', '66979-1.0.0-Name', 'Osztható Megújuló PluszAdat 5 GB'); 
insert into nestedkeyvalue VALUES ('66979-1.0.0-Name-eng', '66979-1.0.0-Name', 'Osztható Megújuló PluszAdat 5 GB'); 
insert into nestedkeyvalue VALUES ('66979-1.0.0-Name-hun', '66979-1.0.0-Name', 'Shared Recurring PluszAdat 5GB'); 
insert into nestedkeyvalue VALUES ('66979-1.0.0-Name-unLocalized', '66979-1.0.0-Name', null); 
insert into keyvalue VALUES ('66979-1.0.0-Name', '66979-1.0.0', 'Post-Refill-1.0.0-Name', null); 
insert into object VALUES ('66980-1.0.0', '66980'); 
insert into nestedkeyvalue VALUES ('66980-1.0.0-PSMCodes-Deactivation', '66980-1.0.0-PSMCodes', 'XPLUSZ20GB-O-M'); 
insert into nestedkeyvalue VALUES ('66980-1.0.0-PSMCodes-Activation', '66980-1.0.0-PSMCodes', 'PLUSZ20GB-O-M'); 
insert into keyvalue VALUES ('66980-1.0.0-PSMCodes', '66980-1.0.0', 'Post-Refill-1.0.0-PSMCodes', null); 
insert into keyvalue VALUES ('66980-1.0.0-Price', '66980-1.0.0', 'Post-Refill-1.0.0-Price', '6000'); 
insert into keyvalue VALUES ('66980-1.0.0-Active', '66980-1.0.0', 'Post-Refill-1.0.0-Active', 'true'); 
insert into nestedkeyvalue VALUES ('66980-1.0.0-Description-def', '66980-1.0.0-Description', 'Ezzel a kiegészítő adatopcióval 20GB osztható adat áll rendelkezésedre minden számlázási ciklusban havi 6000 Ft-ért a tarifádban, valamit az Automatikus PluszAdat opciódba foglalt adatmennyiségeden felül. A kiegészítő opció minden hónapban megújul, így nem kell minden hónapban megrendelned újra. Ha MultiNet Supreme-el is rendelkezel, lehetőséged van megosztani a kiegészítő PluszAdatot a két eszközöd között!  A kiegészítő adatopciót a tarifádban foglalt adat felhasználásával azonos feltételek mellett használhatod.'); 
insert into nestedkeyvalue VALUES ('66980-1.0.0-Description-eng', '66980-1.0.0-Description', 'Ezzel a kiegészítő adatopcióval 20GB osztható adat áll rendelkezésedre minden számlázási ciklusban havi 6000 Ft-ért a tarifádban, valamit az Automatikus PluszAdat opciódba foglalt adatmennyiségeden felül. A kiegészítő opció minden hónapban megújul, így nem kell minden hónapban megrendelned újra. Ha MultiNet Supreme-el is rendelkezel, lehetőséged van megosztani a kiegészítő PluszAdatot a két eszközöd között!  A kiegészítő adatopciót a tarifádban foglalt adat felhasználásával azonos feltételek mellett használhatod.'); 
insert into nestedkeyvalue VALUES ('66980-1.0.0-Description-hun', '66980-1.0.0-Description', 'This extra data pack will give you an additional 20GB of shared mobile internet in each monthly billing period (on top of the data already included in your tariff or Automatikus PluszAdat option) for 6000Ft. It will be activated every month at the start of your billing period so you don't have to worry about purchasing extra data every month - after you run out! In case you have also contracted a MultiNet Supreme tariff, you will be able to share this extra data bundle between both your devices! You can use this extra data pack with the same conditions as your tariff.'); 
insert into nestedkeyvalue VALUES ('66980-1.0.0-Description-unLocalized', '66980-1.0.0-Description', null); 
insert into keyvalue VALUES ('66980-1.0.0-Description', '66980-1.0.0', 'Post-Refill-1.0.0-Description', null); 
insert into keyvalue VALUES ('66980-1.0.0-Id', '66980-1.0.0', 'Post-Refill-1.0.0-Id', '66980'); 
insert into keyvalue VALUES ('66980-1.0.0-Type', '66980-1.0.0', 'Post-Refill-1.0.0-Type', 'recurringPR'); 
insert into nestedkeyvalue VALUES ('66980-1.0.0-Name-def', '66980-1.0.0-Name', 'Osztható Megújuló PluszAdat 20 GB'); 
insert into nestedkeyvalue VALUES ('66980-1.0.0-Name-eng', '66980-1.0.0-Name', 'Osztható Megújuló PluszAdat 20 GB'); 
insert into nestedkeyvalue VALUES ('66980-1.0.0-Name-hun', '66980-1.0.0-Name', 'Shared Recurring PluszAdat 20GB'); 
insert into nestedkeyvalue VALUES ('66980-1.0.0-Name-unLocalized', '66980-1.0.0-Name', null); 
insert into keyvalue VALUES ('66980-1.0.0-Name', '66980-1.0.0', 'Post-Refill-1.0.0-Name', null); 
insert into object VALUES ('R_PQREF_4237c29-1.0.0', 'R_PQREF_4237c29'); 
insert into nestedkeyvalue VALUES ('R_PQREF_4237c29-1.0.0-PSMCodes-Activation', 'R_PQREF_4237c29-1.0.0-PSMCodes', 'TOLT 5GB'); 
insert into keyvalue VALUES ('R_PQREF_4237c29-1.0.0-PSMCodes', 'R_PQREF_4237c29-1.0.0', 'Post-Refill-1.0.0-PSMCodes', null); 
insert into keyvalue VALUES ('R_PQREF_4237c29-1.0.0-Price', 'R_PQREF_4237c29-1.0.0', 'Post-Refill-1.0.0-Price', '5000'); 
insert into keyvalue VALUES ('R_PQREF_4237c29-1.0.0-Active', 'R_PQREF_4237c29-1.0.0', 'Post-Refill-1.0.0-Active', 'true'); 
insert into nestedkeyvalue VALUES ('R_PQREF_4237c29-1.0.0-Description-def', 'R_PQREF_4237c29-1.0.0-Description', 'Ezzel a kiegészítő adatopcióval további 5 GB adat áll rendelkezésedre a tarifádban foglalt adatmennyiségeden felül 5000 Ft-ért, melyet számlazárásig tudsz felhasználni, a tarifádban foglalt adatra irányadó, azonos feltételekkel. Ha MultiNet Supreme szolgáltatással is rendelkezel, lehetőséged van megosztani a kiegészítő PluszAdatot a két eszközöd között!'); 
insert into nestedkeyvalue VALUES ('R_PQREF_4237c29-1.0.0-Description-eng', 'R_PQREF_4237c29-1.0.0-Description', 'Ezzel a kiegészítő adatopcióval további 5 GB adat áll rendelkezésedre a tarifádban foglalt adatmennyiségeden felül 5000 Ft-ért, melyet számlazárásig tudsz felhasználni, a tarifádban foglalt adatra irányadó, azonos feltételekkel. Ha MultiNet Supreme szolgáltatással is rendelkezel, lehetőséged van megosztani a kiegészítő PluszAdatot a két eszközöd között!'); 
insert into nestedkeyvalue VALUES ('R_PQREF_4237c29-1.0.0-Description-hun', 'R_PQREF_4237c29-1.0.0-Description', 'This extra data pack will give you an additional 5GB of shared mobile internet for 5 000 Ft which you can use until your bill cycle, with the same conditions as your tariff. In case you have also contracted a MultiNet Supreme tariff, you will be able to share this extra data bundle between both your devices!'); 
insert into nestedkeyvalue VALUES ('R_PQREF_4237c29-1.0.0-Description-unLocalized', 'R_PQREF_4237c29-1.0.0-Description', null); 
insert into keyvalue VALUES ('R_PQREF_4237c29-1.0.0-Description', 'R_PQREF_4237c29-1.0.0', 'Post-Refill-1.0.0-Description', null); 
insert into keyvalue VALUES ('R_PQREF_4237c29-1.0.0-Id', 'R_PQREF_4237c29-1.0.0', 'Post-Refill-1.0.0-Id', 'R_PQREF_4237c29'); 
insert into keyvalue VALUES ('R_PQREF_4237c29-1.0.0-Type', 'R_PQREF_4237c29-1.0.0', 'Post-Refill-1.0.0-Type', 'One Time'); 
insert into nestedkeyvalue VALUES ('R_PQREF_4237c29-1.0.0-Name-def', 'R_PQREF_4237c29-1.0.0-Name', 'Osztható PluszAdat 5 GB'); 
insert into nestedkeyvalue VALUES ('R_PQREF_4237c29-1.0.0-Name-eng', 'R_PQREF_4237c29-1.0.0-Name', 'Osztható PluszAdat 5 GB'); 
insert into nestedkeyvalue VALUES ('R_PQREF_4237c29-1.0.0-Name-hun', 'R_PQREF_4237c29-1.0.0-Name', 'Shared PluszAdat 5 GB'); 
insert into nestedkeyvalue VALUES ('R_PQREF_4237c29-1.0.0-Name-unLocalized', 'R_PQREF_4237c29-1.0.0-Name', null); 
insert into keyvalue VALUES ('R_PQREF_4237c29-1.0.0-Name', 'R_PQREF_4237c29-1.0.0', 'Post-Refill-1.0.0-Name', null); 
insert into object VALUES ('O_REFIL_4237c29-1.0.0', 'O_REFIL_4237c29'); 
insert into nestedkeyvalue VALUES ('O_REFIL_4237c29-1.0.0-PSMCodes-Activation', 'O_REFIL_4237c29-1.0.0-PSMCodes', 'TOLT 5GB'); 
insert into keyvalue VALUES ('O_REFIL_4237c29-1.0.0-PSMCodes', 'O_REFIL_4237c29-1.0.0', 'Post-Refill-1.0.0-PSMCodes', null); 
insert into keyvalue VALUES ('O_REFIL_4237c29-1.0.0-Price', 'O_REFIL_4237c29-1.0.0', 'Post-Refill-1.0.0-Price', '5000'); 
insert into keyvalue VALUES ('O_REFIL_4237c29-1.0.0-Active', 'O_REFIL_4237c29-1.0.0', 'Post-Refill-1.0.0-Active', 'true'); 
insert into nestedkeyvalue VALUES ('O_REFIL_4237c29-1.0.0-Description-def', 'O_REFIL_4237c29-1.0.0-Description', 'Ezzel az adatcsomaggal 5GB adatot vásárolhatsz  5000 Ft-ért, melyet a számlazárásodig használhatsz fel. A kiegészítő adatopció a tarifa havidíjában foglalt adatforgalomra irányadó, azonos feltételekkel felhasználható.'); 
insert into nestedkeyvalue VALUES ('O_REFIL_4237c29-1.0.0-Description-eng', 'O_REFIL_4237c29-1.0.0-Description', 'Ezzel az adatcsomaggal 5GB adatot vásárolhatsz  5000 Ft-ért, melyet a számlazárásodig használhatsz fel. A kiegészítő adatopció a tarifa havidíjában foglalt adatforgalomra irányadó, azonos feltételekkel felhasználható.'); 
insert into nestedkeyvalue VALUES ('O_REFIL_4237c29-1.0.0-Description-hun', 'O_REFIL_4237c29-1.0.0-Description', 'This extra data pack will give you an additional  5GB mobile internet until the end of your current bill cycle for 5000 Ft. You can use this extra data with the same condititons as data in your tariff.'); 
insert into nestedkeyvalue VALUES ('O_REFIL_4237c29-1.0.0-Description-unLocalized', 'O_REFIL_4237c29-1.0.0-Description', null); 
insert into keyvalue VALUES ('O_REFIL_4237c29-1.0.0-Description', 'O_REFIL_4237c29-1.0.0', 'Post-Refill-1.0.0-Description', null); 
insert into keyvalue VALUES ('O_REFIL_4237c29-1.0.0-Id', 'O_REFIL_4237c29-1.0.0', 'Post-Refill-1.0.0-Id', 'O_REFIL_4237c29'); 
insert into keyvalue VALUES ('O_REFIL_4237c29-1.0.0-Type', 'O_REFIL_4237c29-1.0.0', 'Post-Refill-1.0.0-Type', 'One Time'); 
insert into nestedkeyvalue VALUES ('O_REFIL_4237c29-1.0.0-Name-def', 'O_REFIL_4237c29-1.0.0-Name', 'PluszAdat 5 GB'); 
insert into nestedkeyvalue VALUES ('O_REFIL_4237c29-1.0.0-Name-eng', 'O_REFIL_4237c29-1.0.0-Name', 'PluszAdat 5 GB'); 
insert into nestedkeyvalue VALUES ('O_REFIL_4237c29-1.0.0-Name-hun', 'O_REFIL_4237c29-1.0.0-Name', 'PluszAdat 5 GB'); 
insert into nestedkeyvalue VALUES ('O_REFIL_4237c29-1.0.0-Name-unLocalized', 'O_REFIL_4237c29-1.0.0-Name', null); 
insert into keyvalue VALUES ('O_REFIL_4237c29-1.0.0-Name', 'O_REFIL_4237c29-1.0.0', 'Post-Refill-1.0.0-Name', null); 
insert into object VALUES ('O_REFIL_2542c37-1.0.0', 'O_REFIL_2542c37'); 
insert into nestedkeyvalue VALUES ('O_REFIL_2542c37-1.0.0-PSMCodes-Activation', 'O_REFIL_2542c37-1.0.0-PSMCodes', 'TOLT 5GB'); 
insert into keyvalue VALUES ('O_REFIL_2542c37-1.0.0-PSMCodes', 'O_REFIL_2542c37-1.0.0', 'Post-Refill-1.0.0-PSMCodes', null); 
insert into keyvalue VALUES ('O_REFIL_2542c37-1.0.0-Price', 'O_REFIL_2542c37-1.0.0', 'Post-Refill-1.0.0-Price', '3000'); 
insert into keyvalue VALUES ('O_REFIL_2542c37-1.0.0-Active', 'O_REFIL_2542c37-1.0.0', 'Post-Refill-1.0.0-Active', 'true'); 
insert into nestedkeyvalue VALUES ('O_REFIL_2542c37-1.0.0-Description-def', 'O_REFIL_2542c37-1.0.0-Description', 'Ezzel az adatcsomaggal 5GB adatot vásárolhatsz 3000 Ft-ért, melyet a számlazárásodig használhatsz fel. A kiegészítő adatopció a tarifa havidíjában foglalt adatforgalomra irányadó, azonos feltételekkel felhasználható.'); 
insert into nestedkeyvalue VALUES ('O_REFIL_2542c37-1.0.0-Description-eng', 'O_REFIL_2542c37-1.0.0-Description', 'Ezzel az adatcsomaggal 5GB adatot vásárolhatsz 3000 Ft-ért, melyet a számlazárásodig használhatsz fel. A kiegészítő adatopció a tarifa havidíjában foglalt adatforgalomra irányadó, azonos feltételekkel felhasználható.'); 
insert into nestedkeyvalue VALUES ('O_REFIL_2542c37-1.0.0-Description-hun', 'O_REFIL_2542c37-1.0.0-Description', 'This extra data pack will give you an additional  5GB mobile internet until the end of your current bill cycle for 3000 Ft.  You can use this extra data with the same condititons as data in your tariff.'); 
insert into nestedkeyvalue VALUES ('O_REFIL_2542c37-1.0.0-Description-unLocalized', 'O_REFIL_2542c37-1.0.0-Description', null); 
insert into keyvalue VALUES ('O_REFIL_2542c37-1.0.0-Description', 'O_REFIL_2542c37-1.0.0', 'Post-Refill-1.0.0-Description', null); 
insert into keyvalue VALUES ('O_REFIL_2542c37-1.0.0-Id', 'O_REFIL_2542c37-1.0.0', 'Post-Refill-1.0.0-Id', 'O_REFIL_2542c37'); 
insert into keyvalue VALUES ('O_REFIL_2542c37-1.0.0-Type', 'O_REFIL_2542c37-1.0.0', 'Post-Refill-1.0.0-Type', 'One Time'); 
insert into nestedkeyvalue VALUES ('O_REFIL_2542c37-1.0.0-Name-def', 'O_REFIL_2542c37-1.0.0-Name', '5 GB Megújuló PluszAdathoz'); 
insert into nestedkeyvalue VALUES ('O_REFIL_2542c37-1.0.0-Name-eng', 'O_REFIL_2542c37-1.0.0-Name', '5 GB Megújuló PluszAdathoz'); 
insert into nestedkeyvalue VALUES ('O_REFIL_2542c37-1.0.0-Name-hun', 'O_REFIL_2542c37-1.0.0-Name', '5 GB for Recurring PluszAdat'); 
insert into nestedkeyvalue VALUES ('O_REFIL_2542c37-1.0.0-Name-unLocalized', 'O_REFIL_2542c37-1.0.0-Name', null); 
insert into keyvalue VALUES ('O_REFIL_2542c37-1.0.0-Name', 'O_REFIL_2542c37-1.0.0', 'Post-Refill-1.0.0-Name', null); 
insert into object VALUES ('68126-1.0.0', '68126'); 
insert into nestedkeyvalue VALUES ('68126-1.0.0-PSMCodes-Activation', '68126-1.0.0-PSMCodes', 'UZLETIOSZT2GBMEGUJULO'); 
insert into keyvalue VALUES ('68126-1.0.0-PSMCodes', '68126-1.0.0', 'Post-Refill-1.0.0-PSMCodes', null); 
insert into keyvalue VALUES ('68126-1.0.0-Price', '68126-1.0.0', 'Post-Refill-1.0.0-Price', '1500'); 
insert into keyvalue VALUES ('68126-1.0.0-Active', '68126-1.0.0', 'Post-Refill-1.0.0-Active', 'false'); 
insert into nestedkeyvalue VALUES ('68126-1.0.0-Description-def', '68126-1.0.0-Description', 'Felhasználtad az adatopciódat, de még neteznél? Válaszd ezt az opciót és töltsd fel újra 2GB adattal, amit egészen számlazárásig felhasználhatsz. Az opció ára 1 500 Ft.'); 
insert into nestedkeyvalue VALUES ('68126-1.0.0-Description-eng', '68126-1.0.0-Description', 'Felhasználtad az adatopciódat, de még neteznél? Válaszd ezt az opciót és töltsd fel újra 2GB adattal, amit egészen számlazárásig felhasználhatsz. Az opció ára 1 500 Ft.'); 
insert into nestedkeyvalue VALUES ('68126-1.0.0-Description-hun', '68126-1.0.0-Description', 'You run out of your extra data, but would like to stay connected? This extra data pack will give you an additional  2 GB mobile internet until the end of your current bill cycle for 1 500 Ft.'); 
insert into nestedkeyvalue VALUES ('68126-1.0.0-Description-unLocalized', '68126-1.0.0-Description', null); 
insert into keyvalue VALUES ('68126-1.0.0-Description', '68126-1.0.0', 'Post-Refill-1.0.0-Description', null); 
insert into keyvalue VALUES ('68126-1.0.0-Id', '68126-1.0.0', 'Post-Refill-1.0.0-Id', '68126'); 
insert into keyvalue VALUES ('68126-1.0.0-Type', '68126-1.0.0', 'Post-Refill-1.0.0-Type', 'Recurring'); 
insert into nestedkeyvalue VALUES ('68126-1.0.0-Name-def', '68126-1.0.0-Name', ' 2GB OSZTHATÓ ADAT'); 
insert into nestedkeyvalue VALUES ('68126-1.0.0-Name-eng', '68126-1.0.0-Name', ' 2GB OSZTHATÓ ADAT'); 
insert into nestedkeyvalue VALUES ('68126-1.0.0-Name-hun', '68126-1.0.0-Name', '2GB SHARED DATA'); 
insert into nestedkeyvalue VALUES ('68126-1.0.0-Name-unLocalized', '68126-1.0.0-Name', null); 
insert into keyvalue VALUES ('68126-1.0.0-Name', '68126-1.0.0', 'Post-Refill-1.0.0-Name', null); 
insert into object VALUES ('68127-1.0.0', '68127'); 
insert into nestedkeyvalue VALUES ('68127-1.0.0-PSMCodes-Activation', '68127-1.0.0-PSMCodes', 'UZLETIOSZT20GBMEGUJULO'); 
insert into keyvalue VALUES ('68127-1.0.0-PSMCodes', '68127-1.0.0', 'Post-Refill-1.0.0-PSMCodes', null); 
insert into keyvalue VALUES ('68127-1.0.0-Price', '68127-1.0.0', 'Post-Refill-1.0.0-Price', '8000'); 
insert into keyvalue VALUES ('68127-1.0.0-Active', '68127-1.0.0', 'Post-Refill-1.0.0-Active', 'false'); 
insert into nestedkeyvalue VALUES ('68127-1.0.0-Description-def', '68127-1.0.0-Description', 'Felhasználtad az adatopciódat, de még neteznél? Válaszd ezt az opciót és töltsd fel újra 20GB adattal, amit egészen számlazárásig felhasználhatsz. Az opció ára 8 000 Ft.'); 
insert into nestedkeyvalue VALUES ('68127-1.0.0-Description-eng', '68127-1.0.0-Description', 'Felhasználtad az adatopciódat, de még neteznél? Válaszd ezt az opciót és töltsd fel újra 20GB adattal, amit egészen számlazárásig felhasználhatsz. Az opció ára 8 000 Ft.'); 
insert into nestedkeyvalue VALUES ('68127-1.0.0-Description-hun', '68127-1.0.0-Description', 'You run out of your extra data, but would like to stay connected? This extra data pack will give you an additional  20 GB mobile internet until the end of your current bill cycle for 8 000 Ft.'); 
insert into nestedkeyvalue VALUES ('68127-1.0.0-Description-unLocalized', '68127-1.0.0-Description', null); 
insert into keyvalue VALUES ('68127-1.0.0-Description', '68127-1.0.0', 'Post-Refill-1.0.0-Description', null); 
insert into keyvalue VALUES ('68127-1.0.0-Id', '68127-1.0.0', 'Post-Refill-1.0.0-Id', '68127'); 
insert into keyvalue VALUES ('68127-1.0.0-Type', '68127-1.0.0', 'Post-Refill-1.0.0-Type', 'Recurring'); 
insert into nestedkeyvalue VALUES ('68127-1.0.0-Name-def', '68127-1.0.0-Name', ' 20GB OSZTHATÓ ADAT'); 
insert into nestedkeyvalue VALUES ('68127-1.0.0-Name-eng', '68127-1.0.0-Name', ' 20GB OSZTHATÓ ADAT'); 
insert into nestedkeyvalue VALUES ('68127-1.0.0-Name-hun', '68127-1.0.0-Name', '20GB SHARED DATA'); 
insert into nestedkeyvalue VALUES ('68127-1.0.0-Name-unLocalized', '68127-1.0.0-Name', null); 
insert into keyvalue VALUES ('68127-1.0.0-Name', '68127-1.0.0', 'Post-Refill-1.0.0-Name', null); 
insert into object VALUES ('O_PKREF_847c46-1.0.0', 'O_PKREF_847c46'); 
insert into nestedkeyvalue VALUES ('O_PKREF_847c46-1.0.0-PSMCodes-Activation', 'O_PKREF_847c46-1.0.0-PSMCodes', 'TOLT500'); 
insert into keyvalue VALUES ('O_PKREF_847c46-1.0.0-PSMCodes', 'O_PKREF_847c46-1.0.0', 'Post-Refill-1.0.0-PSMCodes', null); 
insert into keyvalue VALUES ('O_PKREF_847c46-1.0.0-Price', 'O_PKREF_847c46-1.0.0', 'Post-Refill-1.0.0-Price', '1000'); 
insert into keyvalue VALUES ('O_PKREF_847c46-1.0.0-Active', 'O_PKREF_847c46-1.0.0', 'Post-Refill-1.0.0-Active', 'true'); 
insert into nestedkeyvalue VALUES ('O_PKREF_847c46-1.0.0-Description-def', 'O_PKREF_847c46-1.0.0-Description', 'Felhasználtad az adatopciódat, de még neteznél? Válaszd ezt az opciót és töltsd fel újra 500 MB adattal, amit egészen számlazárásig felhasználhatsz. Az opció ára 1 000 Ft.'); 
insert into nestedkeyvalue VALUES ('O_PKREF_847c46-1.0.0-Description-eng', 'O_PKREF_847c46-1.0.0-Description', 'Felhasználtad az adatopciódat, de még neteznél? Válaszd ezt az opciót és töltsd fel újra 500 MB adattal, amit egészen számlazárásig felhasználhatsz. Az opció ára 1 000 Ft.'); 
insert into nestedkeyvalue VALUES ('O_PKREF_847c46-1.0.0-Description-hun', 'O_PKREF_847c46-1.0.0-Description', 'You run out of your extra data, but would like to stay connected? This extra data pack will give you an additional  500 MB mobile internet until the end of your current bill cycle for 1 000 Ft.'); 
insert into nestedkeyvalue VALUES ('O_PKREF_847c46-1.0.0-Description-unLocalized', 'O_PKREF_847c46-1.0.0-Description', null); 
insert into keyvalue VALUES ('O_PKREF_847c46-1.0.0-Description', 'O_PKREF_847c46-1.0.0', 'Post-Refill-1.0.0-Description', null); 
insert into keyvalue VALUES ('O_PKREF_847c46-1.0.0-Id', 'O_PKREF_847c46-1.0.0', 'Post-Refill-1.0.0-Id', 'O_PKREF_847c46'); 
insert into keyvalue VALUES ('O_PKREF_847c46-1.0.0-Type', 'O_PKREF_847c46-1.0.0', 'Post-Refill-1.0.0-Type', 'One Time'); 
insert into nestedkeyvalue VALUES ('O_PKREF_847c46-1.0.0-Name-def', 'O_PKREF_847c46-1.0.0-Name', 'Uzleti Osztható PluszAdat 500MB'); 
insert into nestedkeyvalue VALUES ('O_PKREF_847c46-1.0.0-Name-eng', 'O_PKREF_847c46-1.0.0-Name', 'Uzleti Osztható PluszAdat 500MB'); 
insert into nestedkeyvalue VALUES ('O_PKREF_847c46-1.0.0-Name-hun', 'O_PKREF_847c46-1.0.0-Name', 'Business Shared Add-on 500MB'); 
insert into nestedkeyvalue VALUES ('O_PKREF_847c46-1.0.0-Name-unLocalized', 'O_PKREF_847c46-1.0.0-Name', null); 
insert into keyvalue VALUES ('O_PKREF_847c46-1.0.0-Name', 'O_PKREF_847c46-1.0.0', 'Post-Refill-1.0.0-Name', null); 
insert into object VALUES ('O_PKREF_2542c37-1.0.0', 'O_PKREF_2542c37'); 
insert into nestedkeyvalue VALUES ('O_PKREF_2542c37-1.0.0-PSMCodes-Activation', 'O_PKREF_2542c37-1.0.0-PSMCodes', 'TOLT2GB'); 
insert into keyvalue VALUES ('O_PKREF_2542c37-1.0.0-PSMCodes', 'O_PKREF_2542c37-1.0.0', 'Post-Refill-1.0.0-PSMCodes', null); 
insert into keyvalue VALUES ('O_PKREF_2542c37-1.0.0-Price', 'O_PKREF_2542c37-1.0.0', 'Post-Refill-1.0.0-Price', '3000'); 
insert into keyvalue VALUES ('O_PKREF_2542c37-1.0.0-Active', 'O_PKREF_2542c37-1.0.0', 'Post-Refill-1.0.0-Active', 'true'); 
insert into nestedkeyvalue VALUES ('O_PKREF_2542c37-1.0.0-Description-def', 'O_PKREF_2542c37-1.0.0-Description', 'Felhasználtad az adatopciódat, de még neteznél? Válaszd ezt az opciót és töltsd fel újra 2 GB adattal, amit egészen számlazárásig felhasználhatsz. Az opció ára 3 000 Ft.'); 
insert into nestedkeyvalue VALUES ('O_PKREF_2542c37-1.0.0-Description-eng', 'O_PKREF_2542c37-1.0.0-Description', 'Felhasználtad az adatopciódat, de még neteznél? Válaszd ezt az opciót és töltsd fel újra 2 GB adattal, amit egészen számlazárásig felhasználhatsz. Az opció ára 3 000 Ft.'); 
insert into nestedkeyvalue VALUES ('O_PKREF_2542c37-1.0.0-Description-hun', 'O_PKREF_2542c37-1.0.0-Description', 'You run out of your extra data, but would like to stay connected? This extra data pack will give you an additional  2 GB mobile internet until the end of your current bill cycle for 3 000 Ft.'); 
insert into nestedkeyvalue VALUES ('O_PKREF_2542c37-1.0.0-Description-unLocalized', 'O_PKREF_2542c37-1.0.0-Description', null); 
insert into keyvalue VALUES ('O_PKREF_2542c37-1.0.0-Description', 'O_PKREF_2542c37-1.0.0', 'Post-Refill-1.0.0-Description', null); 
insert into keyvalue VALUES ('O_PKREF_2542c37-1.0.0-Id', 'O_PKREF_2542c37-1.0.0', 'Post-Refill-1.0.0-Id', 'O_PKREF_2542c37'); 
insert into keyvalue VALUES ('O_PKREF_2542c37-1.0.0-Type', 'O_PKREF_2542c37-1.0.0', 'Post-Refill-1.0.0-Type', 'One Time'); 
insert into nestedkeyvalue VALUES ('O_PKREF_2542c37-1.0.0-Name-def', 'O_PKREF_2542c37-1.0.0-Name', 'Uzleti Osztható PluszAdat 2GB'); 
insert into nestedkeyvalue VALUES ('O_PKREF_2542c37-1.0.0-Name-eng', 'O_PKREF_2542c37-1.0.0-Name', 'Uzleti Osztható PluszAdat 2GB'); 
insert into nestedkeyvalue VALUES ('O_PKREF_2542c37-1.0.0-Name-hun', 'O_PKREF_2542c37-1.0.0-Name', 'Business Shared Add-on 2GB'); 
insert into nestedkeyvalue VALUES ('O_PKREF_2542c37-1.0.0-Name-unLocalized', 'O_PKREF_2542c37-1.0.0-Name', null); 
insert into keyvalue VALUES ('O_PKREF_2542c37-1.0.0-Name', 'O_PKREF_2542c37-1.0.0', 'Post-Refill-1.0.0-Name', null); 
insert into object VALUES ('O_PKREF_5084c74-1.0.0', 'O_PKREF_5084c74'); 
insert into nestedkeyvalue VALUES ('O_PKREF_5084c74-1.0.0-PSMCodes-Activation', 'O_PKREF_5084c74-1.0.0-PSMCodes', 'TOLT10GB'); 
insert into keyvalue VALUES ('O_PKREF_5084c74-1.0.0-PSMCodes', 'O_PKREF_5084c74-1.0.0', 'Post-Refill-1.0.0-PSMCodes', null); 
insert into keyvalue VALUES ('O_PKREF_5084c74-1.0.0-Price', 'O_PKREF_5084c74-1.0.0', 'Post-Refill-1.0.0-Price', '6000'); 
insert into keyvalue VALUES ('O_PKREF_5084c74-1.0.0-Active', 'O_PKREF_5084c74-1.0.0', 'Post-Refill-1.0.0-Active', 'true'); 
insert into nestedkeyvalue VALUES ('O_PKREF_5084c74-1.0.0-Description-def', 'O_PKREF_5084c74-1.0.0-Description', 'Felhasználtad az adatopciódat, de még neteznél? Válaszd ezt az opciót és töltsd fel újra 10 GB adattal, amit egészen számlazárásig felhasználhatsz. Az opció ára 6 000 Ft.'); 
insert into nestedkeyvalue VALUES ('O_PKREF_5084c74-1.0.0-Description-eng', 'O_PKREF_5084c74-1.0.0-Description', 'Felhasználtad az adatopciódat, de még neteznél? Válaszd ezt az opciót és töltsd fel újra 10 GB adattal, amit egészen számlazárásig felhasználhatsz. Az opció ára 6 000 Ft.'); 
insert into nestedkeyvalue VALUES ('O_PKREF_5084c74-1.0.0-Description-hun', 'O_PKREF_5084c74-1.0.0-Description', 'You run out of your extra data, but would like to stay connected? This extra data pack will give you an additional  10 GB mobile internet until the end of your current bill cycle for 6 000 Ft.'); 
insert into nestedkeyvalue VALUES ('O_PKREF_5084c74-1.0.0-Description-unLocalized', 'O_PKREF_5084c74-1.0.0-Description', null); 
insert into keyvalue VALUES ('O_PKREF_5084c74-1.0.0-Description', 'O_PKREF_5084c74-1.0.0', 'Post-Refill-1.0.0-Description', null); 
insert into keyvalue VALUES ('O_PKREF_5084c74-1.0.0-Id', 'O_PKREF_5084c74-1.0.0', 'Post-Refill-1.0.0-Id', 'O_PKREF_5084c74'); 
insert into keyvalue VALUES ('O_PKREF_5084c74-1.0.0-Type', 'O_PKREF_5084c74-1.0.0', 'Post-Refill-1.0.0-Type', 'One Time'); 
insert into nestedkeyvalue VALUES ('O_PKREF_5084c74-1.0.0-Name-def', 'O_PKREF_5084c74-1.0.0-Name', 'Uzleti Osztható PluszAdat 10GB'); 
insert into nestedkeyvalue VALUES ('O_PKREF_5084c74-1.0.0-Name-eng', 'O_PKREF_5084c74-1.0.0-Name', 'Uzleti Osztható PluszAdat 10GB'); 
insert into nestedkeyvalue VALUES ('O_PKREF_5084c74-1.0.0-Name-hun', 'O_PKREF_5084c74-1.0.0-Name', 'Business Shared Add-on 10GB'); 
insert into nestedkeyvalue VALUES ('O_PKREF_5084c74-1.0.0-Name-unLocalized', 'O_PKREF_5084c74-1.0.0-Name', null); 
insert into keyvalue VALUES ('O_PKREF_5084c74-1.0.0-Name', 'O_PKREF_5084c74-1.0.0', 'Post-Refill-1.0.0-Name', null); 
insert into object VALUES ('O_PKRE_10169c49-1.0.0', 'O_PKRE_10169c49'); 
insert into nestedkeyvalue VALUES ('O_PKRE_10169c49-1.0.0-PSMCodes-Activation', 'O_PKRE_10169c49-1.0.0-PSMCodes', 'TOLT30GB'); 
insert into keyvalue VALUES ('O_PKRE_10169c49-1.0.0-PSMCodes', 'O_PKRE_10169c49-1.0.0', 'Post-Refill-1.0.0-PSMCodes', null); 
insert into keyvalue VALUES ('O_PKRE_10169c49-1.0.0-Price', 'O_PKRE_10169c49-1.0.0', 'Post-Refill-1.0.0-Price', '12000'); 
insert into keyvalue VALUES ('O_PKRE_10169c49-1.0.0-Active', 'O_PKRE_10169c49-1.0.0', 'Post-Refill-1.0.0-Active', 'true'); 
insert into nestedkeyvalue VALUES ('O_PKRE_10169c49-1.0.0-Description-def', 'O_PKRE_10169c49-1.0.0-Description', 'Felhasználtad az adatopciódat, de még neteznél? Válaszd ezt az opciót és töltsd fel újra 30 GB adattal, amit egészen számlazárásig felhasználhatsz. Az opció ára 12 000 Ft.'); 
insert into nestedkeyvalue VALUES ('O_PKRE_10169c49-1.0.0-Description-eng', 'O_PKRE_10169c49-1.0.0-Description', 'Felhasználtad az adatopciódat, de még neteznél? Válaszd ezt az opciót és töltsd fel újra 30 GB adattal, amit egészen számlazárásig felhasználhatsz. Az opció ára 12 000 Ft.'); 
insert into nestedkeyvalue VALUES ('O_PKRE_10169c49-1.0.0-Description-hun', 'O_PKRE_10169c49-1.0.0-Description', 'You run out of your extra data, but would like to stay connected? This extra data pack will give you an additional  30 GB mobile internet until the end of your current bill cycle for 12 000 Ft.'); 
insert into nestedkeyvalue VALUES ('O_PKRE_10169c49-1.0.0-Description-unLocalized', 'O_PKRE_10169c49-1.0.0-Description', null); 
insert into keyvalue VALUES ('O_PKRE_10169c49-1.0.0-Description', 'O_PKRE_10169c49-1.0.0', 'Post-Refill-1.0.0-Description', null); 
insert into keyvalue VALUES ('O_PKRE_10169c49-1.0.0-Id', 'O_PKRE_10169c49-1.0.0', 'Post-Refill-1.0.0-Id', 'O_PKRE_10169c49'); 
insert into keyvalue VALUES ('O_PKRE_10169c49-1.0.0-Type', 'O_PKRE_10169c49-1.0.0', 'Post-Refill-1.0.0-Type', 'One Time'); 
insert into nestedkeyvalue VALUES ('O_PKRE_10169c49-1.0.0-Name-def', 'O_PKRE_10169c49-1.0.0-Name', 'Uzleti Osztható PluszAdat 30GB'); 
insert into nestedkeyvalue VALUES ('O_PKRE_10169c49-1.0.0-Name-eng', 'O_PKRE_10169c49-1.0.0-Name', 'Uzleti Osztható PluszAdat 30GB'); 
insert into nestedkeyvalue VALUES ('O_PKRE_10169c49-1.0.0-Name-hun', 'O_PKRE_10169c49-1.0.0-Name', 'Business Shared Add-on 30GB'); 
insert into nestedkeyvalue VALUES ('O_PKRE_10169c49-1.0.0-Name-unLocalized', 'O_PKRE_10169c49-1.0.0-Name', null); 
insert into keyvalue VALUES ('O_PKRE_10169c49-1.0.0-Name', 'O_PKRE_10169c49-1.0.0', 'Post-Refill-1.0.0-Name', null); 
insert into object VALUES ('O_PKREF_8474c57-1.0.0', 'O_PKREF_8474c57'); 
insert into nestedkeyvalue VALUES ('O_PKREF_8474c57-1.0.0-PSMCodes-Activation', 'O_PKREF_8474c57-1.0.0-PSMCodes', 'TOLT30GB'); 
insert into keyvalue VALUES ('O_PKREF_8474c57-1.0.0-PSMCodes', 'O_PKREF_8474c57-1.0.0', 'Post-Refill-1.0.0-PSMCodes', null); 
insert into keyvalue VALUES ('O_PKREF_8474c57-1.0.0-Price', 'O_PKREF_8474c57-1.0.0', 'Post-Refill-1.0.0-Price', '10000'); 
insert into keyvalue VALUES ('O_PKREF_8474c57-1.0.0-Active', 'O_PKREF_8474c57-1.0.0', 'Post-Refill-1.0.0-Active', 'true'); 
insert into nestedkeyvalue VALUES ('O_PKREF_8474c57-1.0.0-Description-def', 'O_PKREF_8474c57-1.0.0-Description', 'Felhasználtad az adatopciódat, de még neteznél? Válaszd ezt az opciót és töltsd fel újra 30 GB adattal, amit egészen számlazárásig felhasználhatsz. Az opció ára 10 000 Ft.'); 
insert into nestedkeyvalue VALUES ('O_PKREF_8474c57-1.0.0-Description-eng', 'O_PKREF_8474c57-1.0.0-Description', 'Felhasználtad az adatopciódat, de még neteznél? Válaszd ezt az opciót és töltsd fel újra 30 GB adattal, amit egészen számlazárásig felhasználhatsz. Az opció ára 10 000 Ft.'); 
insert into nestedkeyvalue VALUES ('O_PKREF_8474c57-1.0.0-Description-hun', 'O_PKREF_8474c57-1.0.0-Description', 'You run out of your extra data, but would like to stay connected? This extra data pack will give you an additional  30 GB mobile internet until the end of your current bill cycle for 10 000 Ft.'); 
insert into nestedkeyvalue VALUES ('O_PKREF_8474c57-1.0.0-Description-unLocalized', 'O_PKREF_8474c57-1.0.0-Description', null); 
insert into keyvalue VALUES ('O_PKREF_8474c57-1.0.0-Description', 'O_PKREF_8474c57-1.0.0', 'Post-Refill-1.0.0-Description', null); 
insert into keyvalue VALUES ('O_PKREF_8474c57-1.0.0-Id', 'O_PKREF_8474c57-1.0.0', 'Post-Refill-1.0.0-Id', 'O_PKREF_8474c57'); 
insert into keyvalue VALUES ('O_PKREF_8474c57-1.0.0-Type', 'O_PKREF_8474c57-1.0.0', 'Post-Refill-1.0.0-Type', 'One Time'); 
insert into nestedkeyvalue VALUES ('O_PKREF_8474c57-1.0.0-Name-def', 'O_PKREF_8474c57-1.0.0-Name', 'Uzleti Osztható PluszAdat 30GB'); 
insert into nestedkeyvalue VALUES ('O_PKREF_8474c57-1.0.0-Name-eng', 'O_PKREF_8474c57-1.0.0-Name', 'Uzleti Osztható PluszAdat 30GB'); 
insert into nestedkeyvalue VALUES ('O_PKREF_8474c57-1.0.0-Name-hun', 'O_PKREF_8474c57-1.0.0-Name', 'Business Shared Add-on 30GB'); 
insert into nestedkeyvalue VALUES ('O_PKREF_8474c57-1.0.0-Name-unLocalized', 'O_PKREF_8474c57-1.0.0-Name', null); 
insert into keyvalue VALUES ('O_PKREF_8474c57-1.0.0-Name', 'O_PKREF_8474c57-1.0.0', 'Post-Refill-1.0.0-Name', null); 
insert into object VALUES ('O_KREF_847c46-1.0.0', 'O_KREF_847c46'); 
insert into nestedkeyvalue VALUES ('O_KREF_847c46-1.0.0-PSMCodes-Activation', 'O_KREF_847c46-1.0.0-PSMCodes', 'TOLT500'); 
insert into keyvalue VALUES ('O_KREF_847c46-1.0.0-PSMCodes', 'O_KREF_847c46-1.0.0', 'Post-Refill-1.0.0-PSMCodes', null); 
insert into keyvalue VALUES ('O_KREF_847c46-1.0.0-Price', 'O_KREF_847c46-1.0.0', 'Post-Refill-1.0.0-Price', '1000'); 
insert into keyvalue VALUES ('O_KREF_847c46-1.0.0-Active', 'O_KREF_847c46-1.0.0', 'Post-Refill-1.0.0-Active', 'true'); 
insert into nestedkeyvalue VALUES ('O_KREF_847c46-1.0.0-Description-def', 'O_KREF_847c46-1.0.0-Description', 'Felhasználtad az adatopciódat, de még neteznél? Válaszd ezt az opciót és töltsd fel újra 500 MB adattal, amit egészen számlazárásig felhasználhatsz. Az opció ára 1 000 Ft.'); 
insert into nestedkeyvalue VALUES ('O_KREF_847c46-1.0.0-Description-eng', 'O_KREF_847c46-1.0.0-Description', 'Felhasználtad az adatopciódat, de még neteznél? Válaszd ezt az opciót és töltsd fel újra 500 MB adattal, amit egészen számlazárásig felhasználhatsz. Az opció ára 1 000 Ft.'); 
insert into nestedkeyvalue VALUES ('O_KREF_847c46-1.0.0-Description-hun', 'O_KREF_847c46-1.0.0-Description', 'You run out of your extra data, but would like to stay connected? This extra data pack will give you an additional  500 MB mobile internet until the end of your current bill cycle for 1 000 Ft.'); 
insert into nestedkeyvalue VALUES ('O_KREF_847c46-1.0.0-Description-unLocalized', 'O_KREF_847c46-1.0.0-Description', null); 
insert into keyvalue VALUES ('O_KREF_847c46-1.0.0-Description', 'O_KREF_847c46-1.0.0', 'Post-Refill-1.0.0-Description', null); 
insert into keyvalue VALUES ('O_KREF_847c46-1.0.0-Id', 'O_KREF_847c46-1.0.0', 'Post-Refill-1.0.0-Id', 'O_KREF_847c46'); 
insert into keyvalue VALUES ('O_KREF_847c46-1.0.0-Type', 'O_KREF_847c46-1.0.0', 'Post-Refill-1.0.0-Type', 'One Time'); 
insert into nestedkeyvalue VALUES ('O_KREF_847c46-1.0.0-Name-def', 'O_KREF_847c46-1.0.0-Name', 'Uzleti PluszAdat 500MB'); 
insert into nestedkeyvalue VALUES ('O_KREF_847c46-1.0.0-Name-eng', 'O_KREF_847c46-1.0.0-Name', 'Uzleti PluszAdat 500MB'); 
insert into nestedkeyvalue VALUES ('O_KREF_847c46-1.0.0-Name-hun', 'O_KREF_847c46-1.0.0-Name', 'Business Add-on 500MB'); 
insert into nestedkeyvalue VALUES ('O_KREF_847c46-1.0.0-Name-unLocalized', 'O_KREF_847c46-1.0.0-Name', null); 
insert into keyvalue VALUES ('O_KREF_847c46-1.0.0-Name', 'O_KREF_847c46-1.0.0', 'Post-Refill-1.0.0-Name', null); 
insert into object VALUES ('O_KREF_2542c37-1.0.0', 'O_KREF_2542c37'); 
insert into nestedkeyvalue VALUES ('O_KREF_2542c37-1.0.0-PSMCodes-Activation', 'O_KREF_2542c37-1.0.0-PSMCodes', 'TOLT2GB'); 
insert into keyvalue VALUES ('O_KREF_2542c37-1.0.0-PSMCodes', 'O_KREF_2542c37-1.0.0', 'Post-Refill-1.0.0-PSMCodes', null); 
insert into keyvalue VALUES ('O_KREF_2542c37-1.0.0-Price', 'O_KREF_2542c37-1.0.0', 'Post-Refill-1.0.0-Price', '3000'); 
insert into keyvalue VALUES ('O_KREF_2542c37-1.0.0-Active', 'O_KREF_2542c37-1.0.0', 'Post-Refill-1.0.0-Active', 'true'); 
insert into nestedkeyvalue VALUES ('O_KREF_2542c37-1.0.0-Description-def', 'O_KREF_2542c37-1.0.0-Description', 'Felhasználtad az adatopciódat, de még neteznél? Válaszd ezt az opciót és töltsd fel újra 2 GB adattal, amit egészen számlazárásig felhasználhatsz. Az opció ára 3 000 Ft.'); 
insert into nestedkeyvalue VALUES ('O_KREF_2542c37-1.0.0-Description-eng', 'O_KREF_2542c37-1.0.0-Description', 'Felhasználtad az adatopciódat, de még neteznél? Válaszd ezt az opciót és töltsd fel újra 2 GB adattal, amit egészen számlazárásig felhasználhatsz. Az opció ára 3 000 Ft.'); 
insert into nestedkeyvalue VALUES ('O_KREF_2542c37-1.0.0-Description-hun', 'O_KREF_2542c37-1.0.0-Description', 'You run out of your extra data, but would like to stay connected? This extra data pack will give you an additional  2 GB mobile internet until the end of your current bill cycle for 3 000 Ft.'); 
insert into nestedkeyvalue VALUES ('O_KREF_2542c37-1.0.0-Description-unLocalized', 'O_KREF_2542c37-1.0.0-Description', null); 
insert into keyvalue VALUES ('O_KREF_2542c37-1.0.0-Description', 'O_KREF_2542c37-1.0.0', 'Post-Refill-1.0.0-Description', null); 
insert into keyvalue VALUES ('O_KREF_2542c37-1.0.0-Id', 'O_KREF_2542c37-1.0.0', 'Post-Refill-1.0.0-Id', 'O_KREF_2542c37'); 
insert into keyvalue VALUES ('O_KREF_2542c37-1.0.0-Type', 'O_KREF_2542c37-1.0.0', 'Post-Refill-1.0.0-Type', 'One Time'); 
insert into nestedkeyvalue VALUES ('O_KREF_2542c37-1.0.0-Name-def', 'O_KREF_2542c37-1.0.0-Name', 'Uzleti PluszAdat 2GB'); 
insert into nestedkeyvalue VALUES ('O_KREF_2542c37-1.0.0-Name-eng', 'O_KREF_2542c37-1.0.0-Name', 'Uzleti PluszAdat 2GB'); 
insert into nestedkeyvalue VALUES ('O_KREF_2542c37-1.0.0-Name-hun', 'O_KREF_2542c37-1.0.0-Name', 'Business Add-on 2GB'); 
insert into nestedkeyvalue VALUES ('O_KREF_2542c37-1.0.0-Name-unLocalized', 'O_KREF_2542c37-1.0.0-Name', null); 
insert into keyvalue VALUES ('O_KREF_2542c37-1.0.0-Name', 'O_KREF_2542c37-1.0.0', 'Post-Refill-1.0.0-Name', null); 
insert into object VALUES ('O_KREF_5084c74-1.0.0', 'O_KREF_5084c74'); 
insert into nestedkeyvalue VALUES ('O_KREF_5084c74-1.0.0-PSMCodes-Activation', 'O_KREF_5084c74-1.0.0-PSMCodes', 'TOLT10GB'); 
insert into keyvalue VALUES ('O_KREF_5084c74-1.0.0-PSMCodes', 'O_KREF_5084c74-1.0.0', 'Post-Refill-1.0.0-PSMCodes', null); 
insert into keyvalue VALUES ('O_KREF_5084c74-1.0.0-Price', 'O_KREF_5084c74-1.0.0', 'Post-Refill-1.0.0-Price', '6000'); 
insert into keyvalue VALUES ('O_KREF_5084c74-1.0.0-Active', 'O_KREF_5084c74-1.0.0', 'Post-Refill-1.0.0-Active', 'true'); 
insert into nestedkeyvalue VALUES ('O_KREF_5084c74-1.0.0-Description-def', 'O_KREF_5084c74-1.0.0-Description', 'Felhasználtad az adatopciódat, de még neteznél? Válaszd ezt az opciót és töltsd fel újra 10 GB adattal, amit egészen számlazárásig felhasználhatsz. Az opció ára 6 000 Ft.'); 
insert into nestedkeyvalue VALUES ('O_KREF_5084c74-1.0.0-Description-eng', 'O_KREF_5084c74-1.0.0-Description', 'Felhasználtad az adatopciódat, de még neteznél? Válaszd ezt az opciót és töltsd fel újra 10 GB adattal, amit egészen számlazárásig felhasználhatsz. Az opció ára 6 000 Ft.'); 
insert into nestedkeyvalue VALUES ('O_KREF_5084c74-1.0.0-Description-hun', 'O_KREF_5084c74-1.0.0-Description', 'You run out of your extra data, but would like to stay connected? This extra data pack will give you an additional  10 GB mobile internet until the end of your current bill cycle for 6 000 Ft.'); 
insert into nestedkeyvalue VALUES ('O_KREF_5084c74-1.0.0-Description-unLocalized', 'O_KREF_5084c74-1.0.0-Description', null); 
insert into keyvalue VALUES ('O_KREF_5084c74-1.0.0-Description', 'O_KREF_5084c74-1.0.0', 'Post-Refill-1.0.0-Description', null); 
insert into keyvalue VALUES ('O_KREF_5084c74-1.0.0-Id', 'O_KREF_5084c74-1.0.0', 'Post-Refill-1.0.0-Id', 'O_KREF_5084c74'); 
insert into keyvalue VALUES ('O_KREF_5084c74-1.0.0-Type', 'O_KREF_5084c74-1.0.0', 'Post-Refill-1.0.0-Type', 'One Time'); 
insert into nestedkeyvalue VALUES ('O_KREF_5084c74-1.0.0-Name-def', 'O_KREF_5084c74-1.0.0-Name', 'Uzleti PluszAdat 10GB'); 
insert into nestedkeyvalue VALUES ('O_KREF_5084c74-1.0.0-Name-eng', 'O_KREF_5084c74-1.0.0-Name', 'Uzleti PluszAdat 10GB'); 
insert into nestedkeyvalue VALUES ('O_KREF_5084c74-1.0.0-Name-hun', 'O_KREF_5084c74-1.0.0-Name', 'Business Add-on 10GB'); 
insert into nestedkeyvalue VALUES ('O_KREF_5084c74-1.0.0-Name-unLocalized', 'O_KREF_5084c74-1.0.0-Name', null); 
insert into keyvalue VALUES ('O_KREF_5084c74-1.0.0-Name', 'O_KREF_5084c74-1.0.0', 'Post-Refill-1.0.0-Name', null); 
insert into object VALUES ('O_KREF_10169c49-1.0.0', 'O_KREF_10169c49'); 
insert into nestedkeyvalue VALUES ('O_KREF_10169c49-1.0.0-PSMCodes-Activation', 'O_KREF_10169c49-1.0.0-PSMCodes', 'TOLT30GB'); 
insert into keyvalue VALUES ('O_KREF_10169c49-1.0.0-PSMCodes', 'O_KREF_10169c49-1.0.0', 'Post-Refill-1.0.0-PSMCodes', null); 
insert into keyvalue VALUES ('O_KREF_10169c49-1.0.0-Price', 'O_KREF_10169c49-1.0.0', 'Post-Refill-1.0.0-Price', '12000'); 
insert into keyvalue VALUES ('O_KREF_10169c49-1.0.0-Active', 'O_KREF_10169c49-1.0.0', 'Post-Refill-1.0.0-Active', 'true'); 
insert into nestedkeyvalue VALUES ('O_KREF_10169c49-1.0.0-Description-def', 'O_KREF_10169c49-1.0.0-Description', 'Felhasználtad az adatopciódat, de még neteznél? Válaszd ezt az opciót és töltsd fel újra 30 GB adattal, amit egészen számlazárásig felhasználhatsz. Az opció ára 12 000 Ft.'); 
insert into nestedkeyvalue VALUES ('O_KREF_10169c49-1.0.0-Description-eng', 'O_KREF_10169c49-1.0.0-Description', 'Felhasználtad az adatopciódat, de még neteznél? Válaszd ezt az opciót és töltsd fel újra 30 GB adattal, amit egészen számlazárásig felhasználhatsz. Az opció ára 12 000 Ft.'); 
insert into nestedkeyvalue VALUES ('O_KREF_10169c49-1.0.0-Description-hun', 'O_KREF_10169c49-1.0.0-Description', 'You run out of your extra data, but would like to stay connected? This extra data pack will give you an additional  30 GB mobile internet until the end of your current bill cycle for 12 000 Ft.'); 
insert into nestedkeyvalue VALUES ('O_KREF_10169c49-1.0.0-Description-unLocalized', 'O_KREF_10169c49-1.0.0-Description', null); 
insert into keyvalue VALUES ('O_KREF_10169c49-1.0.0-Description', 'O_KREF_10169c49-1.0.0', 'Post-Refill-1.0.0-Description', null); 
insert into keyvalue VALUES ('O_KREF_10169c49-1.0.0-Id', 'O_KREF_10169c49-1.0.0', 'Post-Refill-1.0.0-Id', 'O_KREF_10169c49'); 
insert into keyvalue VALUES ('O_KREF_10169c49-1.0.0-Type', 'O_KREF_10169c49-1.0.0', 'Post-Refill-1.0.0-Type', 'One Time'); 
insert into nestedkeyvalue VALUES ('O_KREF_10169c49-1.0.0-Name-def', 'O_KREF_10169c49-1.0.0-Name', 'Uzleti PluszAdat 30GB'); 
insert into nestedkeyvalue VALUES ('O_KREF_10169c49-1.0.0-Name-eng', 'O_KREF_10169c49-1.0.0-Name', 'Uzleti PluszAdat 30GB'); 
insert into nestedkeyvalue VALUES ('O_KREF_10169c49-1.0.0-Name-hun', 'O_KREF_10169c49-1.0.0-Name', 'Business Add-on 30GB'); 
insert into nestedkeyvalue VALUES ('O_KREF_10169c49-1.0.0-Name-unLocalized', 'O_KREF_10169c49-1.0.0-Name', null); 
insert into keyvalue VALUES ('O_KREF_10169c49-1.0.0-Name', 'O_KREF_10169c49-1.0.0', 'Post-Refill-1.0.0-Name', null); 
insert into object VALUES ('O_KREF_8474c57-1.0.0', 'O_KREF_8474c57'); 
insert into nestedkeyvalue VALUES ('O_KREF_8474c57-1.0.0-PSMCodes-Activation', 'O_KREF_8474c57-1.0.0-PSMCodes', 'TOLT30GB'); 
insert into keyvalue VALUES ('O_KREF_8474c57-1.0.0-PSMCodes', 'O_KREF_8474c57-1.0.0', 'Post-Refill-1.0.0-PSMCodes', null); 
insert into keyvalue VALUES ('O_KREF_8474c57-1.0.0-Price', 'O_KREF_8474c57-1.0.0', 'Post-Refill-1.0.0-Price', '10000'); 
insert into keyvalue VALUES ('O_KREF_8474c57-1.0.0-Active', 'O_KREF_8474c57-1.0.0', 'Post-Refill-1.0.0-Active', 'true'); 
insert into nestedkeyvalue VALUES ('O_KREF_8474c57-1.0.0-Description-def', 'O_KREF_8474c57-1.0.0-Description', 'Felhasználtad az adatopciódat, de még neteznél? Válaszd ezt az opciót és töltsd fel újra 30 GB adattal, amit egészen számlazárásig felhasználhatsz. Az opció ára 10 000 Ft.'); 
insert into nestedkeyvalue VALUES ('O_KREF_8474c57-1.0.0-Description-eng', 'O_KREF_8474c57-1.0.0-Description', 'Felhasználtad az adatopciódat, de még neteznél? Válaszd ezt az opciót és töltsd fel újra 30 GB adattal, amit egészen számlazárásig felhasználhatsz. Az opció ára 10 000 Ft.'); 
insert into nestedkeyvalue VALUES ('O_KREF_8474c57-1.0.0-Description-hun', 'O_KREF_8474c57-1.0.0-Description', 'You run out of your extra data, but would like to stay connected? This extra data pack will give you an additional  30 GB mobile internet until the end of your current bill cycle for 10 000 Ft.'); 
insert into nestedkeyvalue VALUES ('O_KREF_8474c57-1.0.0-Description-unLocalized', 'O_KREF_8474c57-1.0.0-Description', null); 
insert into keyvalue VALUES ('O_KREF_8474c57-1.0.0-Description', 'O_KREF_8474c57-1.0.0', 'Post-Refill-1.0.0-Description', null); 
insert into keyvalue VALUES ('O_KREF_8474c57-1.0.0-Id', 'O_KREF_8474c57-1.0.0', 'Post-Refill-1.0.0-Id', 'O_KREF_8474c57'); 
insert into keyvalue VALUES ('O_KREF_8474c57-1.0.0-Type', 'O_KREF_8474c57-1.0.0', 'Post-Refill-1.0.0-Type', 'One Time'); 
insert into nestedkeyvalue VALUES ('O_KREF_8474c57-1.0.0-Name-def', 'O_KREF_8474c57-1.0.0-Name', 'Uzleti PluszAdat 30GB'); 
insert into nestedkeyvalue VALUES ('O_KREF_8474c57-1.0.0-Name-eng', 'O_KREF_8474c57-1.0.0-Name', 'Uzleti PluszAdat 30GB'); 
insert into nestedkeyvalue VALUES ('O_KREF_8474c57-1.0.0-Name-hun', 'O_KREF_8474c57-1.0.0-Name', 'Business Add-on 30GB'); 
insert into nestedkeyvalue VALUES ('O_KREF_8474c57-1.0.0-Name-unLocalized', 'O_KREF_8474c57-1.0.0-Name', null); 
insert into keyvalue VALUES ('O_KREF_8474c57-1.0.0-Name', 'O_KREF_8474c57-1.0.0', 'Post-Refill-1.0.0-Name', null); 
insert into object VALUES ('O_EXREF_838c98-1.0.0', 'O_EXREF_838c98'); 
insert into nestedkeyvalue VALUES ('O_EXREF_838c98-1.0.0-PSMCodes-Activation', 'O_EXREF_838c98-1.0.0-PSMCodes', 'TOLT 2GB'); 
insert into keyvalue VALUES ('O_EXREF_838c98-1.0.0-PSMCodes', 'O_EXREF_838c98-1.0.0', 'Post-Refill-1.0.0-PSMCodes', null); 
insert into keyvalue VALUES ('O_EXREF_838c98-1.0.0-Price', 'O_EXREF_838c98-1.0.0', 'Post-Refill-1.0.0-Price', '990'); 
insert into keyvalue VALUES ('O_EXREF_838c98-1.0.0-Active', 'O_EXREF_838c98-1.0.0', 'Post-Refill-1.0.0-Active', 'true'); 
insert into nestedkeyvalue VALUES ('O_EXREF_838c98-1.0.0-Description-def', 'O_EXREF_838c98-1.0.0-Description', 'Felhasználtad 2 GB ExtraAdat opciódat, de még neteznél? Válaszd ezt az opciót és töltsd fel újra 2 GB adattal, amit egészen számlazárásig felhasználhatsz. Az opció ára 990 Ft.'); 
insert into nestedkeyvalue VALUES ('O_EXREF_838c98-1.0.0-Description-eng', 'O_EXREF_838c98-1.0.0-Description', 'Felhasználtad 2 GB ExtraAdat opciódat, de még neteznél? Válaszd ezt az opciót és töltsd fel újra 2 GB adattal, amit egészen számlazárásig felhasználhatsz. Az opció ára 990 Ft.'); 
insert into nestedkeyvalue VALUES ('O_EXREF_838c98-1.0.0-Description-hun', 'O_EXREF_838c98-1.0.0-Description', 'This extra data pack will give you an additional 2 GB mobile internet until the end of your current bill cycle for 990 Ft.'); 
insert into nestedkeyvalue VALUES ('O_EXREF_838c98-1.0.0-Description-unLocalized', 'O_EXREF_838c98-1.0.0-Description', null); 
insert into keyvalue VALUES ('O_EXREF_838c98-1.0.0-Description', 'O_EXREF_838c98-1.0.0', 'Post-Refill-1.0.0-Description', null); 
insert into keyvalue VALUES ('O_EXREF_838c98-1.0.0-Id', 'O_EXREF_838c98-1.0.0', 'Post-Refill-1.0.0-Id', 'O_EXREF_838c98'); 
insert into keyvalue VALUES ('O_EXREF_838c98-1.0.0-Type', 'O_EXREF_838c98-1.0.0', 'Post-Refill-1.0.0-Type', 'One Time'); 
insert into nestedkeyvalue VALUES ('O_EXREF_838c98-1.0.0-Name-def', 'O_EXREF_838c98-1.0.0-Name', '2 GB ExtraAdat újratöltés'); 
insert into nestedkeyvalue VALUES ('O_EXREF_838c98-1.0.0-Name-eng', 'O_EXREF_838c98-1.0.0-Name', '2 GB ExtraAdat újratöltés'); 
insert into nestedkeyvalue VALUES ('O_EXREF_838c98-1.0.0-Name-hun', 'O_EXREF_838c98-1.0.0-Name', 'ExtraAdat 2 GB'); 
insert into nestedkeyvalue VALUES ('O_EXREF_838c98-1.0.0-Name-unLocalized', 'O_EXREF_838c98-1.0.0-Name', null); 
insert into keyvalue VALUES ('O_EXREF_838c98-1.0.0-Name', 'O_EXREF_838c98-1.0.0', 'Post-Refill-1.0.0-Name', null); 
