insert into object VALUES ('10033prir_m100-1.0.0', '10033prir_m100'); 
insert into keyvalue VALUES ('10033prir_m100-1.0.0-Discount_id', '10033prir_m100-1.0.0', 'Pre-DataQuota-1.0.0-Discount_id', '275'); 
insert into keyvalue VALUES ('10033prir_m100-1.0.0-Included_data_mb', '10033prir_m100-1.0.0', 'Pre-DataQuota-1.0.0-Included_data_mb', '100'); 
insert into nestedkeyvalue VALUES ('10033prir_m100-1.0.0-Name-eng', '10033prir_m100-1.0.0-Name', 'Havi megújuló 100 MB'); 
insert into nestedkeyvalue VALUES ('10033prir_m100-1.0.0-Name-hun', '10033prir_m100-1.0.0-Name', 'Monthly Recurring 100 MB'); 
insert into nestedkeyvalue VALUES ('10033prir_m100-1.0.0-Name-def', '10033prir_m100-1.0.0-Name', 'Havi megújuló 100 MB'); 
insert into nestedkeyvalue VALUES ('10033prir_m100-1.0.0-Name-unLocalized', '10033prir_m100-1.0.0-Name', null); 
insert into keyvalue VALUES ('10033prir_m100-1.0.0-Name', '10033prir_m100-1.0.0', 'Pre-DataQuota-1.0.0-Name', null); 
insert into keyvalue VALUES ('10033prir_m100-1.0.0-Price', '10033prir_m100-1.0.0', 'Pre-DataQuota-1.0.0-Price', '557'); 
insert into keyvalue VALUES ('10033prir_m100-1.0.0-Recurring_type', '10033prir_m100-1.0.0', 'Pre-DataQuota-1.0.0-Recurring_type', 'RECURRING_MONTHLY'); 
insert into nestedkeyvalue VALUES ('10033prir_m100-1.0.0-Description-eng', '10033prir_m100-1.0.0-Description', 'Ezzel a csomaggal 100 MB adat áll rendelkezésedre, mely a vásárlástól számított 30 napig használható fel. Az adat opció a 30 nap leteltével automatikusan megújul, amennyiben elegendő egyenleg áll rendelkezésre.'); 
insert into nestedkeyvalue VALUES ('10033prir_m100-1.0.0-Description-hun', '10033prir_m100-1.0.0-Description', 'This option has 100 MB of data included which can be used for 30 days. This option will automatically renew if sufficient balance is available.'); 
insert into nestedkeyvalue VALUES ('10033prir_m100-1.0.0-Description-def', '10033prir_m100-1.0.0-Description', 'Ezzel a csomaggal 100 MB adat áll rendelkezésedre, mely a vásárlástól számított 30 napig használható fel. Az adat opció a 30 nap leteltével automatikusan megújul, amennyiben elegendő egyenleg áll rendelkezésre.'); 
insert into nestedkeyvalue VALUES ('10033prir_m100-1.0.0-Description-unLocalized', '10033prir_m100-1.0.0-Description', null); 
insert into keyvalue VALUES ('10033prir_m100-1.0.0-Description', '10033prir_m100-1.0.0', 'Pre-DataQuota-1.0.0-Description', null); 
insert into keyvalue VALUES ('10033prir_m100-1.0.0-Active', '10033prir_m100-1.0.0', 'Pre-DataQuota-1.0.0-Active', 'false'); 
insert into keyvalue VALUES ('10033prir_m100-1.0.0-Group', '10033prir_m100-1.0.0', 'Pre-DataQuota-1.0.0-Group', 'monthly100mb'); 
insert into keyvalue VALUES ('10033prir_m100-1.0.0-Id', '10033prir_m100-1.0.0', 'Pre-DataQuota-1.0.0-Id', '10033prir_m100'); 
insert into keyvalue VALUES ('10033prir_m100-1.0.0-Type', '10033prir_m100-1.0.0', 'Pre-DataQuota-1.0.0-Type', 'IOYM'); 
insert into keyvalue VALUES ('10033prir_m100-1.0.0-Discount_counter_direction', '10033prir_m100-1.0.0', 'Pre-DataQuota-1.0.0-Discount_counter_direction', 'down'); 
insert into object VALUES ('10040prio_m100-1.0.0', '10040prio_m100'); 
insert into keyvalue VALUES ('10040prio_m100-1.0.0-Discount_id', '10040prio_m100-1.0.0', 'Pre-DataQuota-1.0.0-Discount_id', '282'); 
insert into keyvalue VALUES ('10040prio_m100-1.0.0-Included_data_mb', '10040prio_m100-1.0.0', 'Pre-DataQuota-1.0.0-Included_data_mb', '100'); 
insert into nestedkeyvalue VALUES ('10040prio_m100-1.0.0-Name-eng', '10040prio_m100-1.0.0-Name', 'Havi egyszeri 100 MB'); 
insert into nestedkeyvalue VALUES ('10040prio_m100-1.0.0-Name-hun', '10040prio_m100-1.0.0-Name', 'Monthly one-time 100 MB'); 
insert into nestedkeyvalue VALUES ('10040prio_m100-1.0.0-Name-def', '10040prio_m100-1.0.0-Name', 'Havi egyszeri 100 MB'); 
insert into nestedkeyvalue VALUES ('10040prio_m100-1.0.0-Name-unLocalized', '10040prio_m100-1.0.0-Name', null); 
insert into keyvalue VALUES ('10040prio_m100-1.0.0-Name', '10040prio_m100-1.0.0', 'Pre-DataQuota-1.0.0-Name', null); 
insert into keyvalue VALUES ('10040prio_m100-1.0.0-Price', '10040prio_m100-1.0.0', 'Pre-DataQuota-1.0.0-Price', '696'); 
insert into keyvalue VALUES ('10040prio_m100-1.0.0-Recurring_type', '10040prio_m100-1.0.0', 'Pre-DataQuota-1.0.0-Recurring_type', 'ONE_TIME'); 
insert into nestedkeyvalue VALUES ('10040prio_m100-1.0.0-Description-eng', '10040prio_m100-1.0.0-Description', 'Ezzel a csomaggal 100 MB adat áll rendelkezésedre, mely a vásárlástól számított 30 napig használható fel.'); 
insert into nestedkeyvalue VALUES ('10040prio_m100-1.0.0-Description-hun', '10040prio_m100-1.0.0-Description', 'This option has 100 MB of data included which can be used for 30 days.'); 
insert into nestedkeyvalue VALUES ('10040prio_m100-1.0.0-Description-def', '10040prio_m100-1.0.0-Description', 'Ezzel a csomaggal 100 MB adat áll rendelkezésedre, mely a vásárlástól számított 30 napig használható fel.'); 
insert into nestedkeyvalue VALUES ('10040prio_m100-1.0.0-Description-unLocalized', '10040prio_m100-1.0.0-Description', null); 
insert into keyvalue VALUES ('10040prio_m100-1.0.0-Description', '10040prio_m100-1.0.0', 'Pre-DataQuota-1.0.0-Description', null); 
insert into keyvalue VALUES ('10040prio_m100-1.0.0-Active', '10040prio_m100-1.0.0', 'Pre-DataQuota-1.0.0-Active', 'false'); 
insert into keyvalue VALUES ('10040prio_m100-1.0.0-Group', '10040prio_m100-1.0.0', 'Pre-DataQuota-1.0.0-Group', 'monthly100mb'); 
insert into keyvalue VALUES ('10040prio_m100-1.0.0-Id', '10040prio_m100-1.0.0', 'Pre-DataQuota-1.0.0-Id', '10040prio_m100'); 
insert into keyvalue VALUES ('10040prio_m100-1.0.0-Type', '10040prio_m100-1.0.0', 'Pre-DataQuota-1.0.0-Type', 'IOYM'); 
insert into keyvalue VALUES ('10040prio_m100-1.0.0-Discount_counter_direction', '10040prio_m100-1.0.0', 'Pre-DataQuota-1.0.0-Discount_counter_direction', 'down'); 
insert into object VALUES ('10035prir_m500-1.0.0', '10035prir_m500'); 
insert into keyvalue VALUES ('10035prir_m500-1.0.0-Discount_id', '10035prir_m500-1.0.0', 'Pre-DataQuota-1.0.0-Discount_id', '277'); 
insert into keyvalue VALUES ('10035prir_m500-1.0.0-Included_data_mb', '10035prir_m500-1.0.0', 'Pre-DataQuota-1.0.0-Included_data_mb', '500'); 
insert into nestedkeyvalue VALUES ('10035prir_m500-1.0.0-Name-eng', '10035prir_m500-1.0.0-Name', 'Havi ismétlődő 500 MB'); 
insert into nestedkeyvalue VALUES ('10035prir_m500-1.0.0-Name-hun', '10035prir_m500-1.0.0-Name', 'Monthly recurring 500 MB'); 
insert into nestedkeyvalue VALUES ('10035prir_m500-1.0.0-Name-def', '10035prir_m500-1.0.0-Name', 'Havi ismétlődő 500 MB'); 
insert into nestedkeyvalue VALUES ('10035prir_m500-1.0.0-Name-unLocalized', '10035prir_m500-1.0.0-Name', null); 
insert into keyvalue VALUES ('10035prir_m500-1.0.0-Name', '10035prir_m500-1.0.0', 'Pre-DataQuota-1.0.0-Name', null); 
insert into keyvalue VALUES ('10035prir_m500-1.0.0-Price', '10035prir_m500-1.0.0', 'Pre-DataQuota-1.0.0-Price', '1000'); 
insert into keyvalue VALUES ('10035prir_m500-1.0.0-Recurring_type', '10035prir_m500-1.0.0', 'Pre-DataQuota-1.0.0-Recurring_type', 'RECURRING_MONTHLY'); 
insert into nestedkeyvalue VALUES ('10035prir_m500-1.0.0-Description-eng', '10035prir_m500-1.0.0-Description', 'Ezzel a csomaggal 500 MB adatot használhatsz fel a vásárlástól számított 30 napig. Az adatopció a 30 nap leteltével automatikusan megújul, amennyiben elegendő egyenleg áll rendelkezésre.'); 
insert into nestedkeyvalue VALUES ('10035prir_m500-1.0.0-Description-hun', '10035prir_m500-1.0.0-Description', 'This option has 500 MB data included which can be used for 30 days. This option will automatically renew if sufficient balance is available.'); 
insert into nestedkeyvalue VALUES ('10035prir_m500-1.0.0-Description-def', '10035prir_m500-1.0.0-Description', 'Ezzel a csomaggal 500 MB adatot használhatsz fel a vásárlástól számított 30 napig. Az adatopció a 30 nap leteltével automatikusan megújul, amennyiben elegendő egyenleg áll rendelkezésre.'); 
insert into nestedkeyvalue VALUES ('10035prir_m500-1.0.0-Description-unLocalized', '10035prir_m500-1.0.0-Description', null); 
insert into keyvalue VALUES ('10035prir_m500-1.0.0-Description', '10035prir_m500-1.0.0', 'Pre-DataQuota-1.0.0-Description', null); 
insert into keyvalue VALUES ('10035prir_m500-1.0.0-Active', '10035prir_m500-1.0.0', 'Pre-DataQuota-1.0.0-Active', 'false'); 
insert into keyvalue VALUES ('10035prir_m500-1.0.0-Group', '10035prir_m500-1.0.0', 'Pre-DataQuota-1.0.0-Group', 'monthly500mb'); 
insert into keyvalue VALUES ('10035prir_m500-1.0.0-Id', '10035prir_m500-1.0.0', 'Pre-DataQuota-1.0.0-Id', '10035prir_m500'); 
insert into keyvalue VALUES ('10035prir_m500-1.0.0-Type', '10035prir_m500-1.0.0', 'Pre-DataQuota-1.0.0-Type', 'IOYM'); 
insert into keyvalue VALUES ('10035prir_m500-1.0.0-Discount_counter_direction', '10035prir_m500-1.0.0', 'Pre-DataQuota-1.0.0-Discount_counter_direction', 'down'); 
insert into object VALUES ('10041prio_m500-1.0.0', '10041prio_m500'); 
insert into keyvalue VALUES ('10041prio_m500-1.0.0-Discount_id', '10041prio_m500-1.0.0', 'Pre-DataQuota-1.0.0-Discount_id', '283'); 
insert into keyvalue VALUES ('10041prio_m500-1.0.0-Included_data_mb', '10041prio_m500-1.0.0', 'Pre-DataQuota-1.0.0-Included_data_mb', '500'); 
insert into nestedkeyvalue VALUES ('10041prio_m500-1.0.0-Name-eng', '10041prio_m500-1.0.0-Name', 'Havi egyszeri 500 MB'); 
insert into nestedkeyvalue VALUES ('10041prio_m500-1.0.0-Name-hun', '10041prio_m500-1.0.0-Name', 'Monthly one-time 500 MB'); 
insert into nestedkeyvalue VALUES ('10041prio_m500-1.0.0-Name-def', '10041prio_m500-1.0.0-Name', 'Havi egyszeri 500 MB'); 
insert into nestedkeyvalue VALUES ('10041prio_m500-1.0.0-Name-unLocalized', '10041prio_m500-1.0.0-Name', null); 
insert into keyvalue VALUES ('10041prio_m500-1.0.0-Name', '10041prio_m500-1.0.0', 'Pre-DataQuota-1.0.0-Name', null); 
insert into keyvalue VALUES ('10041prio_m500-1.0.0-Price', '10041prio_m500-1.0.0', 'Pre-DataQuota-1.0.0-Price', '1393'); 
insert into keyvalue VALUES ('10041prio_m500-1.0.0-Recurring_type', '10041prio_m500-1.0.0', 'Pre-DataQuota-1.0.0-Recurring_type', 'ONE_TIME'); 
insert into nestedkeyvalue VALUES ('10041prio_m500-1.0.0-Description-eng', '10041prio_m500-1.0.0-Description', 'Ezzel a csomaggal 500 MB adat áll rendelkezésedre, mely a vásárlástól számított 30 napig használható fel.'); 
insert into nestedkeyvalue VALUES ('10041prio_m500-1.0.0-Description-hun', '10041prio_m500-1.0.0-Description', 'This option has 500 MB of data included which can be used for 30 days.'); 
insert into nestedkeyvalue VALUES ('10041prio_m500-1.0.0-Description-def', '10041prio_m500-1.0.0-Description', 'Ezzel a csomaggal 500 MB adat áll rendelkezésedre, mely a vásárlástól számított 30 napig használható fel.'); 
insert into nestedkeyvalue VALUES ('10041prio_m500-1.0.0-Description-unLocalized', '10041prio_m500-1.0.0-Description', null); 
insert into keyvalue VALUES ('10041prio_m500-1.0.0-Description', '10041prio_m500-1.0.0', 'Pre-DataQuota-1.0.0-Description', null); 
insert into keyvalue VALUES ('10041prio_m500-1.0.0-Active', '10041prio_m500-1.0.0', 'Pre-DataQuota-1.0.0-Active', 'false'); 
insert into keyvalue VALUES ('10041prio_m500-1.0.0-Group', '10041prio_m500-1.0.0', 'Pre-DataQuota-1.0.0-Group', 'monthly500mb'); 
insert into keyvalue VALUES ('10041prio_m500-1.0.0-Id', '10041prio_m500-1.0.0', 'Pre-DataQuota-1.0.0-Id', '10041prio_m500'); 
insert into keyvalue VALUES ('10041prio_m500-1.0.0-Type', '10041prio_m500-1.0.0', 'Pre-DataQuota-1.0.0-Type', 'IOYM'); 
insert into keyvalue VALUES ('10041prio_m500-1.0.0-Discount_counter_direction', '10041prio_m500-1.0.0', 'Pre-DataQuota-1.0.0-Discount_counter_direction', 'down'); 
insert into object VALUES ('10036prir_m1G-1.0.0', '10036prir_m1G'); 
insert into keyvalue VALUES ('10036prir_m1G-1.0.0-Discount_id', '10036prir_m1G-1.0.0', 'Pre-DataQuota-1.0.0-Discount_id', '278'); 
insert into keyvalue VALUES ('10036prir_m1G-1.0.0-Included_data_mb', '10036prir_m1G-1.0.0', 'Pre-DataQuota-1.0.0-Included_data_mb', '1024'); 
insert into nestedkeyvalue VALUES ('10036prir_m1G-1.0.0-Name-eng', '10036prir_m1G-1.0.0-Name', 'Havi megújuló 1 GB'); 
insert into nestedkeyvalue VALUES ('10036prir_m1G-1.0.0-Name-hun', '10036prir_m1G-1.0.0-Name', 'Monthly Recurring 1 GB'); 
insert into nestedkeyvalue VALUES ('10036prir_m1G-1.0.0-Name-def', '10036prir_m1G-1.0.0-Name', 'Havi megújuló 1 GB'); 
insert into nestedkeyvalue VALUES ('10036prir_m1G-1.0.0-Name-unLocalized', '10036prir_m1G-1.0.0-Name', null); 
insert into keyvalue VALUES ('10036prir_m1G-1.0.0-Name', '10036prir_m1G-1.0.0', 'Pre-DataQuota-1.0.0-Name', null); 
insert into keyvalue VALUES ('10036prir_m1G-1.0.0-Price', '10036prir_m1G-1.0.0', 'Pre-DataQuota-1.0.0-Price', '1393'); 
insert into keyvalue VALUES ('10036prir_m1G-1.0.0-Recurring_type', '10036prir_m1G-1.0.0', 'Pre-DataQuota-1.0.0-Recurring_type', 'RECURRING_MONTHLY'); 
insert into nestedkeyvalue VALUES ('10036prir_m1G-1.0.0-Description-eng', '10036prir_m1G-1.0.0-Description', 'Ezzel a csomaggal 1 GB adat áll rendelkezésedre, mely a vásárlástól számított 30 napig használható fel. Az adat opció a 30 nap leteltével automatikusan megújul, amennyiben elegendő egyenleg áll rendelkezésre.'); 
insert into nestedkeyvalue VALUES ('10036prir_m1G-1.0.0-Description-hun', '10036prir_m1G-1.0.0-Description', 'This option has 1 GB of data included which can be used for 30 days. This option will automatically renew if sufficient balance is available.'); 
insert into nestedkeyvalue VALUES ('10036prir_m1G-1.0.0-Description-def', '10036prir_m1G-1.0.0-Description', 'Ezzel a csomaggal 1 GB adat áll rendelkezésedre, mely a vásárlástól számított 30 napig használható fel. Az adat opció a 30 nap leteltével automatikusan megújul, amennyiben elegendő egyenleg áll rendelkezésre.'); 
insert into nestedkeyvalue VALUES ('10036prir_m1G-1.0.0-Description-unLocalized', '10036prir_m1G-1.0.0-Description', null); 
insert into keyvalue VALUES ('10036prir_m1G-1.0.0-Description', '10036prir_m1G-1.0.0', 'Pre-DataQuota-1.0.0-Description', null); 
insert into keyvalue VALUES ('10036prir_m1G-1.0.0-Active', '10036prir_m1G-1.0.0', 'Pre-DataQuota-1.0.0-Active', 'false'); 
insert into keyvalue VALUES ('10036prir_m1G-1.0.0-Group', '10036prir_m1G-1.0.0', 'Pre-DataQuota-1.0.0-Group', 'monthly1gb'); 
insert into keyvalue VALUES ('10036prir_m1G-1.0.0-Id', '10036prir_m1G-1.0.0', 'Pre-DataQuota-1.0.0-Id', '10036prir_m1G'); 
insert into keyvalue VALUES ('10036prir_m1G-1.0.0-Type', '10036prir_m1G-1.0.0', 'Pre-DataQuota-1.0.0-Type', 'IOYM'); 
insert into keyvalue VALUES ('10036prir_m1G-1.0.0-Discount_counter_direction', '10036prir_m1G-1.0.0', 'Pre-DataQuota-1.0.0-Discount_counter_direction', 'down'); 
insert into object VALUES ('10042prio_m1G-1.0.0', '10042prio_m1G'); 
insert into keyvalue VALUES ('10042prio_m1G-1.0.0-Discount_id', '10042prio_m1G-1.0.0', 'Pre-DataQuota-1.0.0-Discount_id', '284'); 
insert into keyvalue VALUES ('10042prio_m1G-1.0.0-Included_data_mb', '10042prio_m1G-1.0.0', 'Pre-DataQuota-1.0.0-Included_data_mb', '1024'); 
insert into nestedkeyvalue VALUES ('10042prio_m1G-1.0.0-Name-eng', '10042prio_m1G-1.0.0-Name', 'Havi egyszeri 1 GB'); 
insert into nestedkeyvalue VALUES ('10042prio_m1G-1.0.0-Name-hun', '10042prio_m1G-1.0.0-Name', 'Monthly one-time 1GB'); 
insert into nestedkeyvalue VALUES ('10042prio_m1G-1.0.0-Name-def', '10042prio_m1G-1.0.0-Name', 'Havi egyszeri 1 GB'); 
insert into nestedkeyvalue VALUES ('10042prio_m1G-1.0.0-Name-unLocalized', '10042prio_m1G-1.0.0-Name', null); 
insert into keyvalue VALUES ('10042prio_m1G-1.0.0-Name', '10042prio_m1G-1.0.0', 'Pre-DataQuota-1.0.0-Name', null); 
insert into keyvalue VALUES ('10042prio_m1G-1.0.0-Price', '10042prio_m1G-1.0.0', 'Pre-DataQuota-1.0.0-Price', '1800'); 
insert into keyvalue VALUES ('10042prio_m1G-1.0.0-Recurring_type', '10042prio_m1G-1.0.0', 'Pre-DataQuota-1.0.0-Recurring_type', 'ONE_TIME'); 
insert into nestedkeyvalue VALUES ('10042prio_m1G-1.0.0-Description-eng', '10042prio_m1G-1.0.0-Description', 'Ha csak alkalmanként neteznél, válaszd egyszeri adatopcióinkat! Ezzel a csomaggal 1GB adatot használhatsz fel a vásárlástól számított 30 napig.  Ha a csomagban foglalt adatmennyiséget elfogyott, vagy lejárt a 30 nap, a szolgáltatást kikapcsoljuk.'); 
insert into nestedkeyvalue VALUES ('10042prio_m1G-1.0.0-Description-hun', '10042prio_m1G-1.0.0-Description', 'This option has 1 GB of data included which can be used for 30 days.'); 
insert into nestedkeyvalue VALUES ('10042prio_m1G-1.0.0-Description-def', '10042prio_m1G-1.0.0-Description', 'Ha csak alkalmanként neteznél, válaszd egyszeri adatopcióinkat! Ezzel a csomaggal 1GB adatot használhatsz fel a vásárlástól számított 30 napig.  Ha a csomagban foglalt adatmennyiséget elfogyott, vagy lejárt a 30 nap, a szolgáltatást kikapcsoljuk.'); 
insert into nestedkeyvalue VALUES ('10042prio_m1G-1.0.0-Description-unLocalized', '10042prio_m1G-1.0.0-Description', null); 
insert into keyvalue VALUES ('10042prio_m1G-1.0.0-Description', '10042prio_m1G-1.0.0', 'Pre-DataQuota-1.0.0-Description', null); 
insert into keyvalue VALUES ('10042prio_m1G-1.0.0-Active', '10042prio_m1G-1.0.0', 'Pre-DataQuota-1.0.0-Active', 'true'); 
insert into keyvalue VALUES ('10042prio_m1G-1.0.0-Group', '10042prio_m1G-1.0.0', 'Pre-DataQuota-1.0.0-Group', 'monthly1gb'); 
insert into keyvalue VALUES ('10042prio_m1G-1.0.0-Id', '10042prio_m1G-1.0.0', 'Pre-DataQuota-1.0.0-Id', '10042prio_m1G'); 
insert into keyvalue VALUES ('10042prio_m1G-1.0.0-Type', '10042prio_m1G-1.0.0', 'Pre-DataQuota-1.0.0-Type', 'IOYM'); 
insert into keyvalue VALUES ('10042prio_m1G-1.0.0-Discount_counter_direction', '10042prio_m1G-1.0.0', 'Pre-DataQuota-1.0.0-Discount_counter_direction', 'down'); 
insert into object VALUES ('10031prir_w100-1.0.0', '10031prir_w100'); 
insert into keyvalue VALUES ('10031prir_w100-1.0.0-Discount_id', '10031prir_w100-1.0.0', 'Pre-DataQuota-1.0.0-Discount_id', '273'); 
insert into keyvalue VALUES ('10031prir_w100-1.0.0-Included_data_mb', '10031prir_w100-1.0.0', 'Pre-DataQuota-1.0.0-Included_data_mb', '100'); 
insert into nestedkeyvalue VALUES ('10031prir_w100-1.0.0-Name-eng', '10031prir_w100-1.0.0-Name', 'Heti megújuló 100 MB'); 
insert into nestedkeyvalue VALUES ('10031prir_w100-1.0.0-Name-hun', '10031prir_w100-1.0.0-Name', 'Weekly Recurring 100 MB'); 
insert into nestedkeyvalue VALUES ('10031prir_w100-1.0.0-Name-def', '10031prir_w100-1.0.0-Name', 'Heti megújuló 100 MB'); 
insert into nestedkeyvalue VALUES ('10031prir_w100-1.0.0-Name-unLocalized', '10031prir_w100-1.0.0-Name', null); 
insert into keyvalue VALUES ('10031prir_w100-1.0.0-Name', '10031prir_w100-1.0.0', 'Pre-DataQuota-1.0.0-Name', null); 
insert into keyvalue VALUES ('10031prir_w100-1.0.0-Price', '10031prir_w100-1.0.0', 'Pre-DataQuota-1.0.0-Price', '278'); 
insert into keyvalue VALUES ('10031prir_w100-1.0.0-Recurring_type', '10031prir_w100-1.0.0', 'Pre-DataQuota-1.0.0-Recurring_type', 'RECURRING_WEEKLY'); 
insert into nestedkeyvalue VALUES ('10031prir_w100-1.0.0-Description-eng', '10031prir_w100-1.0.0-Description', 'Ezzel a csomaggal 100 MB adat áll rendelkezésedre, mely a vásárlástól számított 7 napig használható fel. Az adat opció a 7 nap leteltével automatikusan megújul, amennyiben elegendő egyenleg áll rendelkezésre.'); 
insert into nestedkeyvalue VALUES ('10031prir_w100-1.0.0-Description-hun', '10031prir_w100-1.0.0-Description', 'This option has 100 MB of data included which can be used for 7 days. This option will automatically renew if sufficient balance is available.'); 
insert into nestedkeyvalue VALUES ('10031prir_w100-1.0.0-Description-def', '10031prir_w100-1.0.0-Description', 'Ezzel a csomaggal 100 MB adat áll rendelkezésedre, mely a vásárlástól számított 7 napig használható fel. Az adat opció a 7 nap leteltével automatikusan megújul, amennyiben elegendő egyenleg áll rendelkezésre.'); 
insert into nestedkeyvalue VALUES ('10031prir_w100-1.0.0-Description-unLocalized', '10031prir_w100-1.0.0-Description', null); 
insert into keyvalue VALUES ('10031prir_w100-1.0.0-Description', '10031prir_w100-1.0.0', 'Pre-DataQuota-1.0.0-Description', null); 
insert into keyvalue VALUES ('10031prir_w100-1.0.0-Active', '10031prir_w100-1.0.0', 'Pre-DataQuota-1.0.0-Active', 'false'); 
insert into keyvalue VALUES ('10031prir_w100-1.0.0-Group', '10031prir_w100-1.0.0', 'Pre-DataQuota-1.0.0-Group', 'weekly100mb'); 
insert into keyvalue VALUES ('10031prir_w100-1.0.0-Id', '10031prir_w100-1.0.0', 'Pre-DataQuota-1.0.0-Id', '10031prir_w100'); 
insert into keyvalue VALUES ('10031prir_w100-1.0.0-Type', '10031prir_w100-1.0.0', 'Pre-DataQuota-1.0.0-Type', 'IOYM'); 
insert into keyvalue VALUES ('10031prir_w100-1.0.0-Discount_counter_direction', '10031prir_w100-1.0.0', 'Pre-DataQuota-1.0.0-Discount_counter_direction', 'down'); 
insert into object VALUES ('10039prio_w100-1.0.0', '10039prio_w100'); 
insert into keyvalue VALUES ('10039prio_w100-1.0.0-Discount_id', '10039prio_w100-1.0.0', 'Pre-DataQuota-1.0.0-Discount_id', '281'); 
insert into keyvalue VALUES ('10039prio_w100-1.0.0-Included_data_mb', '10039prio_w100-1.0.0', 'Pre-DataQuota-1.0.0-Included_data_mb', '100'); 
insert into nestedkeyvalue VALUES ('10039prio_w100-1.0.0-Name-eng', '10039prio_w100-1.0.0-Name', 'Heti egyszeri 100 MB'); 
insert into nestedkeyvalue VALUES ('10039prio_w100-1.0.0-Name-hun', '10039prio_w100-1.0.0-Name', 'Weekly one-time 100MB'); 
insert into nestedkeyvalue VALUES ('10039prio_w100-1.0.0-Name-def', '10039prio_w100-1.0.0-Name', 'Heti egyszeri 100 MB'); 
insert into nestedkeyvalue VALUES ('10039prio_w100-1.0.0-Name-unLocalized', '10039prio_w100-1.0.0-Name', null); 
insert into keyvalue VALUES ('10039prio_w100-1.0.0-Name', '10039prio_w100-1.0.0', 'Pre-DataQuota-1.0.0-Name', null); 
insert into keyvalue VALUES ('10039prio_w100-1.0.0-Price', '10039prio_w100-1.0.0', 'Pre-DataQuota-1.0.0-Price', '325'); 
insert into keyvalue VALUES ('10039prio_w100-1.0.0-Recurring_type', '10039prio_w100-1.0.0', 'Pre-DataQuota-1.0.0-Recurring_type', 'ONE_TIME'); 
insert into nestedkeyvalue VALUES ('10039prio_w100-1.0.0-Description-eng', '10039prio_w100-1.0.0-Description', 'Ezzel a csomaggal 100 MB adat áll rendelkezésedre, mely a vásárlástól számított 7 napig használható fel.'); 
insert into nestedkeyvalue VALUES ('10039prio_w100-1.0.0-Description-hun', '10039prio_w100-1.0.0-Description', 'This option has 100 MB of data included which can be used for 7 days.'); 
insert into nestedkeyvalue VALUES ('10039prio_w100-1.0.0-Description-def', '10039prio_w100-1.0.0-Description', 'Ezzel a csomaggal 100 MB adat áll rendelkezésedre, mely a vásárlástól számított 7 napig használható fel.'); 
insert into nestedkeyvalue VALUES ('10039prio_w100-1.0.0-Description-unLocalized', '10039prio_w100-1.0.0-Description', null); 
insert into keyvalue VALUES ('10039prio_w100-1.0.0-Description', '10039prio_w100-1.0.0', 'Pre-DataQuota-1.0.0-Description', null); 
insert into keyvalue VALUES ('10039prio_w100-1.0.0-Active', '10039prio_w100-1.0.0', 'Pre-DataQuota-1.0.0-Active', 'false'); 
insert into keyvalue VALUES ('10039prio_w100-1.0.0-Group', '10039prio_w100-1.0.0', 'Pre-DataQuota-1.0.0-Group', 'weekly100mb'); 
insert into keyvalue VALUES ('10039prio_w100-1.0.0-Id', '10039prio_w100-1.0.0', 'Pre-DataQuota-1.0.0-Id', '10039prio_w100'); 
insert into keyvalue VALUES ('10039prio_w100-1.0.0-Type', '10039prio_w100-1.0.0', 'Pre-DataQuota-1.0.0-Type', 'IOYM'); 
insert into keyvalue VALUES ('10039prio_w100-1.0.0-Discount_counter_direction', '10039prio_w100-1.0.0', 'Pre-DataQuota-1.0.0-Discount_counter_direction', 'down'); 
insert into object VALUES ('10032prir_w300-1.0.0', '10032prir_w300'); 
insert into keyvalue VALUES ('10032prir_w300-1.0.0-Discount_id', '10032prir_w300-1.0.0', 'Pre-DataQuota-1.0.0-Discount_id', '274'); 
insert into keyvalue VALUES ('10032prir_w300-1.0.0-Included_data_mb', '10032prir_w300-1.0.0', 'Pre-DataQuota-1.0.0-Included_data_mb', '300'); 
insert into nestedkeyvalue VALUES ('10032prir_w300-1.0.0-Name-eng', '10032prir_w300-1.0.0-Name', 'Heti megújuló 300 MB'); 
insert into nestedkeyvalue VALUES ('10032prir_w300-1.0.0-Name-hun', '10032prir_w300-1.0.0-Name', 'Weekly Recurring 300 MB'); 
insert into nestedkeyvalue VALUES ('10032prir_w300-1.0.0-Name-def', '10032prir_w300-1.0.0-Name', 'Heti megújuló 300 MB'); 
insert into nestedkeyvalue VALUES ('10032prir_w300-1.0.0-Name-unLocalized', '10032prir_w300-1.0.0-Name', null); 
insert into keyvalue VALUES ('10032prir_w300-1.0.0-Name', '10032prir_w300-1.0.0', 'Pre-DataQuota-1.0.0-Name', null); 
insert into keyvalue VALUES ('10032prir_w300-1.0.0-Price', '10032prir_w300-1.0.0', 'Pre-DataQuota-1.0.0-Price', '278'); 
insert into keyvalue VALUES ('10032prir_w300-1.0.0-Recurring_type', '10032prir_w300-1.0.0', 'Pre-DataQuota-1.0.0-Recurring_type', 'RECURRING_WEEKLY'); 
insert into nestedkeyvalue VALUES ('10032prir_w300-1.0.0-Description-eng', '10032prir_w300-1.0.0-Description', 'Ezzel a csomaggal 300 MB adat áll rendelkezésedre, mely a vásárlástól számított 7 napig használható fel. Az adat opció a 7 nap leteltével automatikusan megújul, amennyiben elegendő egyenleg áll rendelkezésre.'); 
insert into nestedkeyvalue VALUES ('10032prir_w300-1.0.0-Description-hun', '10032prir_w300-1.0.0-Description', 'This option has 300 MB of data included which can be used for 7 days. This option will automatically renew if sufficient balance is available.'); 
insert into nestedkeyvalue VALUES ('10032prir_w300-1.0.0-Description-def', '10032prir_w300-1.0.0-Description', 'Ezzel a csomaggal 300 MB adat áll rendelkezésedre, mely a vásárlástól számított 7 napig használható fel. Az adat opció a 7 nap leteltével automatikusan megújul, amennyiben elegendő egyenleg áll rendelkezésre.'); 
insert into nestedkeyvalue VALUES ('10032prir_w300-1.0.0-Description-unLocalized', '10032prir_w300-1.0.0-Description', null); 
insert into keyvalue VALUES ('10032prir_w300-1.0.0-Description', '10032prir_w300-1.0.0', 'Pre-DataQuota-1.0.0-Description', null); 
insert into keyvalue VALUES ('10032prir_w300-1.0.0-Active', '10032prir_w300-1.0.0', 'Pre-DataQuota-1.0.0-Active', 'false'); 
insert into keyvalue VALUES ('10032prir_w300-1.0.0-Group', '10032prir_w300-1.0.0', 'Pre-DataQuota-1.0.0-Group', 'cvm_offers'); 
insert into keyvalue VALUES ('10032prir_w300-1.0.0-Id', '10032prir_w300-1.0.0', 'Pre-DataQuota-1.0.0-Id', '10032prir_w300'); 
insert into keyvalue VALUES ('10032prir_w300-1.0.0-Type', '10032prir_w300-1.0.0', 'Pre-DataQuota-1.0.0-Type', 'IOYM'); 
insert into keyvalue VALUES ('10032prir_w300-1.0.0-Discount_counter_direction', '10032prir_w300-1.0.0', 'Pre-DataQuota-1.0.0-Discount_counter_direction', 'down'); 
insert into object VALUES ('10037prir_m1Gd-1.0.0', '10037prir_m1Gd'); 
insert into keyvalue VALUES ('10037prir_m1Gd-1.0.0-Discount_id', '10037prir_m1Gd-1.0.0', 'Pre-DataQuota-1.0.0-Discount_id', '279'); 
insert into keyvalue VALUES ('10037prir_m1Gd-1.0.0-Included_data_mb', '10037prir_m1Gd-1.0.0', 'Pre-DataQuota-1.0.0-Included_data_mb', '1024'); 
insert into nestedkeyvalue VALUES ('10037prir_m1Gd-1.0.0-Name-eng', '10037prir_m1Gd-1.0.0-Name', 'Havi megújuló 1 GB - 3 hó 50%'); 
insert into nestedkeyvalue VALUES ('10037prir_m1Gd-1.0.0-Name-hun', '10037prir_m1Gd-1.0.0-Name', 'Monthly Recurring 1 GB- 3 months 50%'); 
insert into nestedkeyvalue VALUES ('10037prir_m1Gd-1.0.0-Name-def', '10037prir_m1Gd-1.0.0-Name', 'Havi megújuló 1 GB - 3 hó 50%'); 
insert into nestedkeyvalue VALUES ('10037prir_m1Gd-1.0.0-Name-unLocalized', '10037prir_m1Gd-1.0.0-Name', null); 
insert into keyvalue VALUES ('10037prir_m1Gd-1.0.0-Name', '10037prir_m1Gd-1.0.0', 'Pre-DataQuota-1.0.0-Name', null); 
insert into keyvalue VALUES ('10037prir_m1Gd-1.0.0-Price', '10037prir_m1Gd-1.0.0', 'Pre-DataQuota-1.0.0-Price', '1393'); 
insert into keyvalue VALUES ('10037prir_m1Gd-1.0.0-Recurring_type', '10037prir_m1Gd-1.0.0', 'Pre-DataQuota-1.0.0-Recurring_type', 'RECURRING_MONTHLY'); 
insert into nestedkeyvalue VALUES ('10037prir_m1Gd-1.0.0-Description-eng', '10037prir_m1Gd-1.0.0-Description', 'Ezzel a csomaggal 1 GB adat áll rendelkezésedre 3 hónapig 50%-os áron (1393 Ft helyett 696 Ft/hó). Az 1 GB adatot a vásárlástól számított 30 napig használhatod fel. Az adat opció a 30 nap letelte után akkor újul meg, mikor megfelelő egyenleg áll rendelkezésre kártyádon.'); 
insert into nestedkeyvalue VALUES ('10037prir_m1Gd-1.0.0-Description-hun', '10037prir_m1Gd-1.0.0-Description', 'This option has 1 GB of data included with 50% discount for 3 months (696 HUF instead of 1393 HUF/month). The 1 GB can be used for 30 days after activating. This option will automatically renew if sufficient balance is available.'); 
insert into nestedkeyvalue VALUES ('10037prir_m1Gd-1.0.0-Description-def', '10037prir_m1Gd-1.0.0-Description', 'Ezzel a csomaggal 1 GB adat áll rendelkezésedre 3 hónapig 50%-os áron (1393 Ft helyett 696 Ft/hó). Az 1 GB adatot a vásárlástól számított 30 napig használhatod fel. Az adat opció a 30 nap letelte után akkor újul meg, mikor megfelelő egyenleg áll rendelkezésre kártyádon.'); 
insert into nestedkeyvalue VALUES ('10037prir_m1Gd-1.0.0-Description-unLocalized', '10037prir_m1Gd-1.0.0-Description', null); 
insert into keyvalue VALUES ('10037prir_m1Gd-1.0.0-Description', '10037prir_m1Gd-1.0.0', 'Pre-DataQuota-1.0.0-Description', null); 
insert into keyvalue VALUES ('10037prir_m1Gd-1.0.0-Active', '10037prir_m1Gd-1.0.0', 'Pre-DataQuota-1.0.0-Active', 'false'); 
insert into keyvalue VALUES ('10037prir_m1Gd-1.0.0-Group', '10037prir_m1Gd-1.0.0', 'Pre-DataQuota-1.0.0-Group', 'cvm_offers'); 
insert into keyvalue VALUES ('10037prir_m1Gd-1.0.0-Id', '10037prir_m1Gd-1.0.0', 'Pre-DataQuota-1.0.0-Id', '10037prir_m1Gd'); 
insert into keyvalue VALUES ('10037prir_m1Gd-1.0.0-Type', '10037prir_m1Gd-1.0.0', 'Pre-DataQuota-1.0.0-Type', 'IOYM'); 
insert into keyvalue VALUES ('10037prir_m1Gd-1.0.0-Discount_counter_direction', '10037prir_m1Gd-1.0.0', 'Pre-DataQuota-1.0.0-Discount_counter_direction', 'down'); 
insert into object VALUES ('10038prir_m3G-1.0.0', '10038prir_m3G'); 
insert into keyvalue VALUES ('10038prir_m3G-1.0.0-Discount_id', '10038prir_m3G-1.0.0', 'Pre-DataQuota-1.0.0-Discount_id', '280'); 
insert into keyvalue VALUES ('10038prir_m3G-1.0.0-Included_data_mb', '10038prir_m3G-1.0.0', 'Pre-DataQuota-1.0.0-Included_data_mb', '3072'); 
insert into nestedkeyvalue VALUES ('10038prir_m3G-1.0.0-Name-eng', '10038prir_m3G-1.0.0-Name', 'Havi megújuló 3 GB'); 
insert into nestedkeyvalue VALUES ('10038prir_m3G-1.0.0-Name-hun', '10038prir_m3G-1.0.0-Name', 'Monthly Recurring 3 GB'); 
insert into nestedkeyvalue VALUES ('10038prir_m3G-1.0.0-Name-def', '10038prir_m3G-1.0.0-Name', 'Havi megújuló 3 GB'); 
insert into nestedkeyvalue VALUES ('10038prir_m3G-1.0.0-Name-unLocalized', '10038prir_m3G-1.0.0-Name', null); 
insert into keyvalue VALUES ('10038prir_m3G-1.0.0-Name', '10038prir_m3G-1.0.0', 'Pre-DataQuota-1.0.0-Name', null); 
insert into keyvalue VALUES ('10038prir_m3G-1.0.0-Price', '10038prir_m3G-1.0.0', 'Pre-DataQuota-1.0.0-Price', '2322'); 
insert into keyvalue VALUES ('10038prir_m3G-1.0.0-Recurring_type', '10038prir_m3G-1.0.0', 'Pre-DataQuota-1.0.0-Recurring_type', 'RECURRING_MONTHLY'); 
insert into nestedkeyvalue VALUES ('10038prir_m3G-1.0.0-Description-eng', '10038prir_m3G-1.0.0-Description', 'Ezzel a csomaggal 3 GB adat áll rendelkezésedre, mely a vásárlástól számított 30 napig használható fel. Az adat opció a 30 nap leteltével automatikusan megújul, amennyiben elegendő egyenleg áll rendelkezésre.'); 
insert into nestedkeyvalue VALUES ('10038prir_m3G-1.0.0-Description-hun', '10038prir_m3G-1.0.0-Description', 'This option has 3 GB of data included which can be used for 30 days. This option will automatically renew if sufficient balance is available.'); 
insert into nestedkeyvalue VALUES ('10038prir_m3G-1.0.0-Description-def', '10038prir_m3G-1.0.0-Description', 'Ezzel a csomaggal 3 GB adat áll rendelkezésedre, mely a vásárlástól számított 30 napig használható fel. Az adat opció a 30 nap leteltével automatikusan megújul, amennyiben elegendő egyenleg áll rendelkezésre.'); 
insert into nestedkeyvalue VALUES ('10038prir_m3G-1.0.0-Description-unLocalized', '10038prir_m3G-1.0.0-Description', null); 
insert into keyvalue VALUES ('10038prir_m3G-1.0.0-Description', '10038prir_m3G-1.0.0', 'Pre-DataQuota-1.0.0-Description', null); 
insert into keyvalue VALUES ('10038prir_m3G-1.0.0-Active', '10038prir_m3G-1.0.0', 'Pre-DataQuota-1.0.0-Active', 'false'); 
insert into keyvalue VALUES ('10038prir_m3G-1.0.0-Group', '10038prir_m3G-1.0.0', 'Pre-DataQuota-1.0.0-Group', 'monthly3gb'); 
insert into keyvalue VALUES ('10038prir_m3G-1.0.0-Id', '10038prir_m3G-1.0.0', 'Pre-DataQuota-1.0.0-Id', '10038prir_m3G'); 
insert into keyvalue VALUES ('10038prir_m3G-1.0.0-Type', '10038prir_m3G-1.0.0', 'Pre-DataQuota-1.0.0-Type', 'IOYM'); 
insert into keyvalue VALUES ('10038prir_m3G-1.0.0-Discount_counter_direction', '10038prir_m3G-1.0.0', 'Pre-DataQuota-1.0.0-Discount_counter_direction', 'down'); 
insert into object VALUES ('10043prio_m3G-1.0.0', '10043prio_m3G'); 
insert into keyvalue VALUES ('10043prio_m3G-1.0.0-Discount_id', '10043prio_m3G-1.0.0', 'Pre-DataQuota-1.0.0-Discount_id', '285'); 
insert into keyvalue VALUES ('10043prio_m3G-1.0.0-Included_data_mb', '10043prio_m3G-1.0.0', 'Pre-DataQuota-1.0.0-Included_data_mb', '3072'); 
insert into nestedkeyvalue VALUES ('10043prio_m3G-1.0.0-Name-eng', '10043prio_m3G-1.0.0-Name', 'Havi egyszeri 3 GB'); 
insert into nestedkeyvalue VALUES ('10043prio_m3G-1.0.0-Name-hun', '10043prio_m3G-1.0.0-Name', 'Monthly Recurring 3 GB'); 
insert into nestedkeyvalue VALUES ('10043prio_m3G-1.0.0-Name-def', '10043prio_m3G-1.0.0-Name', 'Havi egyszeri 3 GB'); 
insert into nestedkeyvalue VALUES ('10043prio_m3G-1.0.0-Name-unLocalized', '10043prio_m3G-1.0.0-Name', null); 
insert into keyvalue VALUES ('10043prio_m3G-1.0.0-Name', '10043prio_m3G-1.0.0', 'Pre-DataQuota-1.0.0-Name', null); 
insert into keyvalue VALUES ('10043prio_m3G-1.0.0-Price', '10043prio_m3G-1.0.0', 'Pre-DataQuota-1.0.0-Price', '2787'); 
insert into keyvalue VALUES ('10043prio_m3G-1.0.0-Recurring_type', '10043prio_m3G-1.0.0', 'Pre-DataQuota-1.0.0-Recurring_type', 'ONE_TIME'); 
insert into nestedkeyvalue VALUES ('10043prio_m3G-1.0.0-Description-eng', '10043prio_m3G-1.0.0-Description', 'Ezzel a csomaggal 3 GB adat áll rendelkezésedre, mely a vásárlástól számított 30 napig használható fel.'); 
insert into nestedkeyvalue VALUES ('10043prio_m3G-1.0.0-Description-hun', '10043prio_m3G-1.0.0-Description', 'This option has 3 GB of data included which can be used for 30 days.'); 
insert into nestedkeyvalue VALUES ('10043prio_m3G-1.0.0-Description-def', '10043prio_m3G-1.0.0-Description', 'Ezzel a csomaggal 3 GB adat áll rendelkezésedre, mely a vásárlástól számított 30 napig használható fel.'); 
insert into nestedkeyvalue VALUES ('10043prio_m3G-1.0.0-Description-unLocalized', '10043prio_m3G-1.0.0-Description', null); 
insert into keyvalue VALUES ('10043prio_m3G-1.0.0-Description', '10043prio_m3G-1.0.0', 'Pre-DataQuota-1.0.0-Description', null); 
insert into keyvalue VALUES ('10043prio_m3G-1.0.0-Active', '10043prio_m3G-1.0.0', 'Pre-DataQuota-1.0.0-Active', 'false'); 
insert into keyvalue VALUES ('10043prio_m3G-1.0.0-Group', '10043prio_m3G-1.0.0', 'Pre-DataQuota-1.0.0-Group', 'monthly3gb'); 
insert into keyvalue VALUES ('10043prio_m3G-1.0.0-Id', '10043prio_m3G-1.0.0', 'Pre-DataQuota-1.0.0-Id', '10043prio_m3G'); 
insert into keyvalue VALUES ('10043prio_m3G-1.0.0-Type', '10043prio_m3G-1.0.0', 'Pre-DataQuota-1.0.0-Type', 'IOYM'); 
insert into keyvalue VALUES ('10043prio_m3G-1.0.0-Discount_counter_direction', '10043prio_m3G-1.0.0', 'Pre-DataQuota-1.0.0-Discount_counter_direction', 'down'); 
insert into object VALUES ('10045prir_w150-1.0.0', '10045prir_w150'); 
insert into keyvalue VALUES ('10045prir_w150-1.0.0-Discount_id', '10045prir_w150-1.0.0', 'Pre-DataQuota-1.0.0-Discount_id', '300'); 
insert into keyvalue VALUES ('10045prir_w150-1.0.0-Included_data_mb', '10045prir_w150-1.0.0', 'Pre-DataQuota-1.0.0-Included_data_mb', '150'); 
insert into nestedkeyvalue VALUES ('10045prir_w150-1.0.0-Name-eng', '10045prir_w150-1.0.0-Name', 'Heti ismétlődő 150 MB'); 
insert into nestedkeyvalue VALUES ('10045prir_w150-1.0.0-Name-hun', '10045prir_w150-1.0.0-Name', 'Weekly recurring 150 MB'); 
insert into nestedkeyvalue VALUES ('10045prir_w150-1.0.0-Name-def', '10045prir_w150-1.0.0-Name', 'Heti ismétlődő 150 MB'); 
insert into nestedkeyvalue VALUES ('10045prir_w150-1.0.0-Name-unLocalized', '10045prir_w150-1.0.0-Name', null); 
insert into keyvalue VALUES ('10045prir_w150-1.0.0-Name', '10045prir_w150-1.0.0', 'Pre-DataQuota-1.0.0-Name', null); 
insert into keyvalue VALUES ('10045prir_w150-1.0.0-Price', '10045prir_w150-1.0.0', 'Pre-DataQuota-1.0.0-Price', '300'); 
insert into keyvalue VALUES ('10045prir_w150-1.0.0-Recurring_type', '10045prir_w150-1.0.0', 'Pre-DataQuota-1.0.0-Recurring_type', 'RECURRING_WEEKLY'); 
insert into nestedkeyvalue VALUES ('10045prir_w150-1.0.0-Description-eng', '10045prir_w150-1.0.0-Description', 'Ezzel a csomaggal 150 MB adatot használhatsz fel a vásárlástól számított 7 napig. Az adatopció a 7 nap leteltével automatikusan megújul, amennyiben elegendő egyenleg áll rendelkezésre.'); 
insert into nestedkeyvalue VALUES ('10045prir_w150-1.0.0-Description-hun', '10045prir_w150-1.0.0-Description', 'This option has 150 MB data included which can be used for 7 days. This option will automatically renew if sufficient balance is available.'); 
insert into nestedkeyvalue VALUES ('10045prir_w150-1.0.0-Description-def', '10045prir_w150-1.0.0-Description', 'Ezzel a csomaggal 150 MB adatot használhatsz fel a vásárlástól számított 7 napig. Az adatopció a 7 nap leteltével automatikusan megújul, amennyiben elegendő egyenleg áll rendelkezésre.'); 
insert into nestedkeyvalue VALUES ('10045prir_w150-1.0.0-Description-unLocalized', '10045prir_w150-1.0.0-Description', null); 
insert into keyvalue VALUES ('10045prir_w150-1.0.0-Description', '10045prir_w150-1.0.0', 'Pre-DataQuota-1.0.0-Description', null); 
insert into keyvalue VALUES ('10045prir_w150-1.0.0-Active', '10045prir_w150-1.0.0', 'Pre-DataQuota-1.0.0-Active', 'true'); 
insert into keyvalue VALUES ('10045prir_w150-1.0.0-Group', '10045prir_w150-1.0.0', 'Pre-DataQuota-1.0.0-Group', 'weekly150mb'); 
insert into keyvalue VALUES ('10045prir_w150-1.0.0-Id', '10045prir_w150-1.0.0', 'Pre-DataQuota-1.0.0-Id', '10045prir_w150'); 
insert into keyvalue VALUES ('10045prir_w150-1.0.0-Type', '10045prir_w150-1.0.0', 'Pre-DataQuota-1.0.0-Type', 'IOYM'); 
insert into keyvalue VALUES ('10045prir_w150-1.0.0-Discount_counter_direction', '10045prir_w150-1.0.0', 'Pre-DataQuota-1.0.0-Discount_counter_direction', 'down'); 
insert into object VALUES ('10034prir_m300-1.0.0', '10034prir_m300'); 
insert into keyvalue VALUES ('10034prir_m300-1.0.0-Discount_id', '10034prir_m300-1.0.0', 'Pre-DataQuota-1.0.0-Discount_id', '276'); 
insert into keyvalue VALUES ('10034prir_m300-1.0.0-Included_data_mb', '10034prir_m300-1.0.0', 'Pre-DataQuota-1.0.0-Included_data_mb', '300'); 
insert into nestedkeyvalue VALUES ('10034prir_m300-1.0.0-Name-eng', '10034prir_m300-1.0.0-Name', 'Havi ismétlődő 300 MB'); 
insert into nestedkeyvalue VALUES ('10034prir_m300-1.0.0-Name-hun', '10034prir_m300-1.0.0-Name', 'Monthly Recurring 300 MB'); 
insert into nestedkeyvalue VALUES ('10034prir_m300-1.0.0-Name-def', '10034prir_m300-1.0.0-Name', 'Havi ismétlődő 300 MB'); 
insert into nestedkeyvalue VALUES ('10034prir_m300-1.0.0-Name-unLocalized', '10034prir_m300-1.0.0-Name', null); 
insert into keyvalue VALUES ('10034prir_m300-1.0.0-Name', '10034prir_m300-1.0.0', 'Pre-DataQuota-1.0.0-Name', null); 
insert into keyvalue VALUES ('10034prir_m300-1.0.0-Price', '10034prir_m300-1.0.0', 'Pre-DataQuota-1.0.0-Price', '500'); 
insert into keyvalue VALUES ('10034prir_m300-1.0.0-Recurring_type', '10034prir_m300-1.0.0', 'Pre-DataQuota-1.0.0-Recurring_type', 'RECURRING_MONTHLY'); 
insert into nestedkeyvalue VALUES ('10034prir_m300-1.0.0-Description-eng', '10034prir_m300-1.0.0-Description', 'Ezzel a csomaggal 300 MB adatot használhatsz fel a vásárlástól számított 30 napig. Az adatopció a 30 nap leteltével automatikusan megújul, amennyiben elegendő egyenleg áll rendelkezésre.'); 
insert into nestedkeyvalue VALUES ('10034prir_m300-1.0.0-Description-hun', '10034prir_m300-1.0.0-Description', 'This option has 300 MB data included which can be used for 30 days. This option will automatically renew if sufficient balance is available.'); 
insert into nestedkeyvalue VALUES ('10034prir_m300-1.0.0-Description-def', '10034prir_m300-1.0.0-Description', 'Ezzel a csomaggal 300 MB adatot használhatsz fel a vásárlástól számított 30 napig. Az adatopció a 30 nap leteltével automatikusan megújul, amennyiben elegendő egyenleg áll rendelkezésre.'); 
insert into nestedkeyvalue VALUES ('10034prir_m300-1.0.0-Description-unLocalized', '10034prir_m300-1.0.0-Description', null); 
insert into keyvalue VALUES ('10034prir_m300-1.0.0-Description', '10034prir_m300-1.0.0', 'Pre-DataQuota-1.0.0-Description', null); 
insert into keyvalue VALUES ('10034prir_m300-1.0.0-Active', '10034prir_m300-1.0.0', 'Pre-DataQuota-1.0.0-Active', 'true'); 
insert into keyvalue VALUES ('10034prir_m300-1.0.0-Group', '10034prir_m300-1.0.0', 'Pre-DataQuota-1.0.0-Group', 'monthly300mb'); 
insert into keyvalue VALUES ('10034prir_m300-1.0.0-Id', '10034prir_m300-1.0.0', 'Pre-DataQuota-1.0.0-Id', '10034prir_m300'); 
insert into keyvalue VALUES ('10034prir_m300-1.0.0-Type', '10034prir_m300-1.0.0', 'Pre-DataQuota-1.0.0-Type', 'IOYM'); 
insert into keyvalue VALUES ('10034prir_m300-1.0.0-Discount_counter_direction', '10034prir_m300-1.0.0', 'Pre-DataQuota-1.0.0-Discount_counter_direction', 'down'); 
insert into object VALUES ('10048prio_m300-1.0.0', '10048prio_m300'); 
insert into keyvalue VALUES ('10048prio_m300-1.0.0-Discount_id', '10048prio_m300-1.0.0', 'Pre-DataQuota-1.0.0-Discount_id', '303'); 
insert into keyvalue VALUES ('10048prio_m300-1.0.0-Included_data_mb', '10048prio_m300-1.0.0', 'Pre-DataQuota-1.0.0-Included_data_mb', '300'); 
insert into nestedkeyvalue VALUES ('10048prio_m300-1.0.0-Name-eng', '10048prio_m300-1.0.0-Name', 'Havi egyszeri 300 MB'); 
insert into nestedkeyvalue VALUES ('10048prio_m300-1.0.0-Name-hun', '10048prio_m300-1.0.0-Name', 'Monthly one-time 300 MB'); 
insert into nestedkeyvalue VALUES ('10048prio_m300-1.0.0-Name-def', '10048prio_m300-1.0.0-Name', 'Havi egyszeri 300 MB'); 
insert into nestedkeyvalue VALUES ('10048prio_m300-1.0.0-Name-unLocalized', '10048prio_m300-1.0.0-Name', null); 
insert into keyvalue VALUES ('10048prio_m300-1.0.0-Name', '10048prio_m300-1.0.0', 'Pre-DataQuota-1.0.0-Name', null); 
insert into keyvalue VALUES ('10048prio_m300-1.0.0-Price', '10048prio_m300-1.0.0', 'Pre-DataQuota-1.0.0-Price', '750'); 
insert into keyvalue VALUES ('10048prio_m300-1.0.0-Recurring_type', '10048prio_m300-1.0.0', 'Pre-DataQuota-1.0.0-Recurring_type', 'ONE_TIME'); 
insert into nestedkeyvalue VALUES ('10048prio_m300-1.0.0-Description-eng', '10048prio_m300-1.0.0-Description', 'Ha csak alkalmanként neteznél, válaszd egyszeri adatopcióinkat! Ezzel a csomaggal 300 MB adatot használhatsz fel a vásárlástól számított 30 napig.  Ha a csomagban foglalt adatmennyiséget elfogyott, vagy lejárt a 30 nap, a szolgáltatást kikapcsoljuk.'); 
insert into nestedkeyvalue VALUES ('10048prio_m300-1.0.0-Description-hun', '10048prio_m300-1.0.0-Description', 'This option has 300 MB of data included which can be used for 30 days.'); 
insert into nestedkeyvalue VALUES ('10048prio_m300-1.0.0-Description-def', '10048prio_m300-1.0.0-Description', 'Ha csak alkalmanként neteznél, válaszd egyszeri adatopcióinkat! Ezzel a csomaggal 300 MB adatot használhatsz fel a vásárlástól számított 30 napig.  Ha a csomagban foglalt adatmennyiséget elfogyott, vagy lejárt a 30 nap, a szolgáltatást kikapcsoljuk.'); 
insert into nestedkeyvalue VALUES ('10048prio_m300-1.0.0-Description-unLocalized', '10048prio_m300-1.0.0-Description', null); 
insert into keyvalue VALUES ('10048prio_m300-1.0.0-Description', '10048prio_m300-1.0.0', 'Pre-DataQuota-1.0.0-Description', null); 
insert into keyvalue VALUES ('10048prio_m300-1.0.0-Active', '10048prio_m300-1.0.0', 'Pre-DataQuota-1.0.0-Active', 'true'); 
insert into keyvalue VALUES ('10048prio_m300-1.0.0-Group', '10048prio_m300-1.0.0', 'Pre-DataQuota-1.0.0-Group', 'monthly300mb'); 
insert into keyvalue VALUES ('10048prio_m300-1.0.0-Id', '10048prio_m300-1.0.0', 'Pre-DataQuota-1.0.0-Id', '10048prio_m300'); 
insert into keyvalue VALUES ('10048prio_m300-1.0.0-Type', '10048prio_m300-1.0.0', 'Pre-DataQuota-1.0.0-Type', 'IOYM'); 
insert into keyvalue VALUES ('10048prio_m300-1.0.0-Discount_counter_direction', '10048prio_m300-1.0.0', 'Pre-DataQuota-1.0.0-Discount_counter_direction', 'down'); 
insert into object VALUES ('10046prir_m1G-1.0.0', '10046prir_m1G'); 
insert into keyvalue VALUES ('10046prir_m1G-1.0.0-Discount_id', '10046prir_m1G-1.0.0', 'Pre-DataQuota-1.0.0-Discount_id', '301'); 
insert into keyvalue VALUES ('10046prir_m1G-1.0.0-Included_data_mb', '10046prir_m1G-1.0.0', 'Pre-DataQuota-1.0.0-Included_data_mb', '1024'); 
insert into nestedkeyvalue VALUES ('10046prir_m1G-1.0.0-Name-eng', '10046prir_m1G-1.0.0-Name', 'Havi ismétlődő 1GB'); 
insert into nestedkeyvalue VALUES ('10046prir_m1G-1.0.0-Name-hun', '10046prir_m1G-1.0.0-Name', 'Monthly recurring 1 GB'); 
insert into nestedkeyvalue VALUES ('10046prir_m1G-1.0.0-Name-def', '10046prir_m1G-1.0.0-Name', 'Havi ismétlődő 1GB'); 
insert into nestedkeyvalue VALUES ('10046prir_m1G-1.0.0-Name-unLocalized', '10046prir_m1G-1.0.0-Name', null); 
insert into keyvalue VALUES ('10046prir_m1G-1.0.0-Name', '10046prir_m1G-1.0.0', 'Pre-DataQuota-1.0.0-Name', null); 
insert into keyvalue VALUES ('10046prir_m1G-1.0.0-Price', '10046prir_m1G-1.0.0', 'Pre-DataQuota-1.0.0-Price', '1400'); 
insert into keyvalue VALUES ('10046prir_m1G-1.0.0-Recurring_type', '10046prir_m1G-1.0.0', 'Pre-DataQuota-1.0.0-Recurring_type', 'RECURRING_MONTHLY'); 
insert into nestedkeyvalue VALUES ('10046prir_m1G-1.0.0-Description-eng', '10046prir_m1G-1.0.0-Description', 'Ezzel a csomaggal 1 GB adatot használhatsz fel a vásárlástól számított 30 napig. Az adatopció a 30 nap leteltével automatikusan megújul, amennyiben elegendő egyenleg áll rendelkezésre.'); 
insert into nestedkeyvalue VALUES ('10046prir_m1G-1.0.0-Description-hun', '10046prir_m1G-1.0.0-Description', 'This option has 1 GB data included which can be used for 30 days. This option will automatically renew if sufficient balance is available.'); 
insert into nestedkeyvalue VALUES ('10046prir_m1G-1.0.0-Description-def', '10046prir_m1G-1.0.0-Description', 'Ezzel a csomaggal 1 GB adatot használhatsz fel a vásárlástól számított 30 napig. Az adatopció a 30 nap leteltével automatikusan megújul, amennyiben elegendő egyenleg áll rendelkezésre.'); 
insert into nestedkeyvalue VALUES ('10046prir_m1G-1.0.0-Description-unLocalized', '10046prir_m1G-1.0.0-Description', null); 
insert into keyvalue VALUES ('10046prir_m1G-1.0.0-Description', '10046prir_m1G-1.0.0', 'Pre-DataQuota-1.0.0-Description', null); 
insert into keyvalue VALUES ('10046prir_m1G-1.0.0-Active', '10046prir_m1G-1.0.0', 'Pre-DataQuota-1.0.0-Active', 'true'); 
insert into keyvalue VALUES ('10046prir_m1G-1.0.0-Group', '10046prir_m1G-1.0.0', 'Pre-DataQuota-1.0.0-Group', 'monthly1gb'); 
insert into keyvalue VALUES ('10046prir_m1G-1.0.0-Id', '10046prir_m1G-1.0.0', 'Pre-DataQuota-1.0.0-Id', '10046prir_m1G'); 
insert into keyvalue VALUES ('10046prir_m1G-1.0.0-Type', '10046prir_m1G-1.0.0', 'Pre-DataQuota-1.0.0-Type', 'IOYM'); 
insert into keyvalue VALUES ('10046prir_m1G-1.0.0-Discount_counter_direction', '10046prir_m1G-1.0.0', 'Pre-DataQuota-1.0.0-Discount_counter_direction', 'down'); 
insert into object VALUES ('10047prir_m5G-1.0.0', '10047prir_m5G'); 
insert into keyvalue VALUES ('10047prir_m5G-1.0.0-Discount_id', '10047prir_m5G-1.0.0', 'Pre-DataQuota-1.0.0-Discount_id', '302'); 
insert into keyvalue VALUES ('10047prir_m5G-1.0.0-Included_data_mb', '10047prir_m5G-1.0.0', 'Pre-DataQuota-1.0.0-Included_data_mb', '5120'); 
insert into nestedkeyvalue VALUES ('10047prir_m5G-1.0.0-Name-eng', '10047prir_m5G-1.0.0-Name', 'Havi ismétlődő 5GB'); 
insert into nestedkeyvalue VALUES ('10047prir_m5G-1.0.0-Name-hun', '10047prir_m5G-1.0.0-Name', 'Monthly recurring 5 GB'); 
insert into nestedkeyvalue VALUES ('10047prir_m5G-1.0.0-Name-def', '10047prir_m5G-1.0.0-Name', 'Havi ismétlődő 5GB'); 
insert into nestedkeyvalue VALUES ('10047prir_m5G-1.0.0-Name-unLocalized', '10047prir_m5G-1.0.0-Name', null); 
insert into keyvalue VALUES ('10047prir_m5G-1.0.0-Name', '10047prir_m5G-1.0.0', 'Pre-DataQuota-1.0.0-Name', null); 
insert into keyvalue VALUES ('10047prir_m5G-1.0.0-Price', '10047prir_m5G-1.0.0', 'Pre-DataQuota-1.0.0-Price', '4000'); 
insert into keyvalue VALUES ('10047prir_m5G-1.0.0-Recurring_type', '10047prir_m5G-1.0.0', 'Pre-DataQuota-1.0.0-Recurring_type', 'RECURRING_MONTHLY'); 
insert into nestedkeyvalue VALUES ('10047prir_m5G-1.0.0-Description-eng', '10047prir_m5G-1.0.0-Description', 'Ezzel a csomaggal 5 GB adatot használhatsz fel a vásárlástól számított 30 napig. Az adatopció a 30 nap leteltével automatikusan megújul, amennyiben elegendő egyenleg áll rendelkezésre.'); 
insert into nestedkeyvalue VALUES ('10047prir_m5G-1.0.0-Description-hun', '10047prir_m5G-1.0.0-Description', 'This option has 5 GB data included which can be used for 30 days. This option will automatically renew if sufficient balance is available.'); 
insert into nestedkeyvalue VALUES ('10047prir_m5G-1.0.0-Description-def', '10047prir_m5G-1.0.0-Description', 'Ezzel a csomaggal 5 GB adatot használhatsz fel a vásárlástól számított 30 napig. Az adatopció a 30 nap leteltével automatikusan megújul, amennyiben elegendő egyenleg áll rendelkezésre.'); 
insert into nestedkeyvalue VALUES ('10047prir_m5G-1.0.0-Description-unLocalized', '10047prir_m5G-1.0.0-Description', null); 
insert into keyvalue VALUES ('10047prir_m5G-1.0.0-Description', '10047prir_m5G-1.0.0', 'Pre-DataQuota-1.0.0-Description', null); 
insert into keyvalue VALUES ('10047prir_m5G-1.0.0-Active', '10047prir_m5G-1.0.0', 'Pre-DataQuota-1.0.0-Active', 'true'); 
insert into keyvalue VALUES ('10047prir_m5G-1.0.0-Group', '10047prir_m5G-1.0.0', 'Pre-DataQuota-1.0.0-Group', 'monthly5gb'); 
insert into keyvalue VALUES ('10047prir_m5G-1.0.0-Id', '10047prir_m5G-1.0.0', 'Pre-DataQuota-1.0.0-Id', '10047prir_m5G'); 
insert into keyvalue VALUES ('10047prir_m5G-1.0.0-Type', '10047prir_m5G-1.0.0', 'Pre-DataQuota-1.0.0-Type', 'IOYM'); 
insert into keyvalue VALUES ('10047prir_m5G-1.0.0-Discount_counter_direction', '10047prir_m5G-1.0.0', 'Pre-DataQuota-1.0.0-Discount_counter_direction', 'down'); 
insert into object VALUES ('10049prio_m5G-1.0.0', '10049prio_m5G'); 
insert into keyvalue VALUES ('10049prio_m5G-1.0.0-Discount_id', '10049prio_m5G-1.0.0', 'Pre-DataQuota-1.0.0-Discount_id', '304'); 
insert into keyvalue VALUES ('10049prio_m5G-1.0.0-Included_data_mb', '10049prio_m5G-1.0.0', 'Pre-DataQuota-1.0.0-Included_data_mb', '5120'); 
insert into nestedkeyvalue VALUES ('10049prio_m5G-1.0.0-Name-eng', '10049prio_m5G-1.0.0-Name', 'Havi egyszeri 5GB'); 
insert into nestedkeyvalue VALUES ('10049prio_m5G-1.0.0-Name-hun', '10049prio_m5G-1.0.0-Name', 'Monthly one-time 5 GB'); 
insert into nestedkeyvalue VALUES ('10049prio_m5G-1.0.0-Name-def', '10049prio_m5G-1.0.0-Name', 'Havi egyszeri 5GB'); 
insert into nestedkeyvalue VALUES ('10049prio_m5G-1.0.0-Name-unLocalized', '10049prio_m5G-1.0.0-Name', null); 
insert into keyvalue VALUES ('10049prio_m5G-1.0.0-Name', '10049prio_m5G-1.0.0', 'Pre-DataQuota-1.0.0-Name', null); 
insert into keyvalue VALUES ('10049prio_m5G-1.0.0-Price', '10049prio_m5G-1.0.0', 'Pre-DataQuota-1.0.0-Price', '6000'); 
insert into keyvalue VALUES ('10049prio_m5G-1.0.0-Recurring_type', '10049prio_m5G-1.0.0', 'Pre-DataQuota-1.0.0-Recurring_type', 'ONE_TIME'); 
insert into nestedkeyvalue VALUES ('10049prio_m5G-1.0.0-Description-eng', '10049prio_m5G-1.0.0-Description', 'Ha csak alkalmanként neteznél, válaszd egyszeri adatopciónkat! Ezzel a csomaggal 5GB adatot használhatsz fel a vásárlástól számított 30 napig.  Ha a csomagban foglalt adatmennyiséget elfogyott, vagy lejárt a 30 nap, a szolgáltatást kikapcsoljuk.'); 
insert into nestedkeyvalue VALUES ('10049prio_m5G-1.0.0-Description-hun', '10049prio_m5G-1.0.0-Description', 'This option has 5 GB of data included which can be used for 30 days.'); 
insert into nestedkeyvalue VALUES ('10049prio_m5G-1.0.0-Description-def', '10049prio_m5G-1.0.0-Description', 'Ha csak alkalmanként neteznél, válaszd egyszeri adatopciónkat! Ezzel a csomaggal 5GB adatot használhatsz fel a vásárlástól számított 30 napig.  Ha a csomagban foglalt adatmennyiséget elfogyott, vagy lejárt a 30 nap, a szolgáltatást kikapcsoljuk.'); 
insert into nestedkeyvalue VALUES ('10049prio_m5G-1.0.0-Description-unLocalized', '10049prio_m5G-1.0.0-Description', null); 
insert into keyvalue VALUES ('10049prio_m5G-1.0.0-Description', '10049prio_m5G-1.0.0', 'Pre-DataQuota-1.0.0-Description', null); 
insert into keyvalue VALUES ('10049prio_m5G-1.0.0-Active', '10049prio_m5G-1.0.0', 'Pre-DataQuota-1.0.0-Active', 'true'); 
insert into keyvalue VALUES ('10049prio_m5G-1.0.0-Group', '10049prio_m5G-1.0.0', 'Pre-DataQuota-1.0.0-Group', 'monthly5gb'); 
insert into keyvalue VALUES ('10049prio_m5G-1.0.0-Id', '10049prio_m5G-1.0.0', 'Pre-DataQuota-1.0.0-Id', '10049prio_m5G'); 
insert into keyvalue VALUES ('10049prio_m5G-1.0.0-Type', '10049prio_m5G-1.0.0', 'Pre-DataQuota-1.0.0-Type', 'IOYM'); 
insert into keyvalue VALUES ('10049prio_m5G-1.0.0-Discount_counter_direction', '10049prio_m5G-1.0.0', 'Pre-DataQuota-1.0.0-Discount_counter_direction', 'down'); 
