insert into object VALUES ('10017SmartPB1-1.0.0', '10017SmartPB1'); 
insert into keyvalue VALUES ('10017SmartPB1-1.0.0-Upgrade_offer_ids', '10017SmartPB1-1.0.0', 'Pre-Offer-1.0.0-Upgrade_offer_ids', null); 
insert into nestedkeyvalue VALUES ('10017SmartPB1-1.0.0-Throttling_text-eng', '10017SmartPB1-1.0.0-Throttling_text', 'Kedves Ügyfelünk! Elérted az adatforgalmi limitet. Ha tovább interneteznél, válassz kiegészítő adatopciót!'); 
insert into nestedkeyvalue VALUES ('10017SmartPB1-1.0.0-Throttling_text-hun', '10017SmartPB1-1.0.0-Throttling_text', 'Dear Client, You have reached 100% of your data traffic limit, the service is terminated until the end of your billing period. If you want to surf the net, select a data option.'); 
insert into nestedkeyvalue VALUES ('10017SmartPB1-1.0.0-Throttling_text-def', '10017SmartPB1-1.0.0-Throttling_text', 'Kedves Ügyfelünk! Elérted az adatforgalmi limitet. Ha tovább interneteznél, válassz kiegészítő adatopciót!'); 
insert into nestedkeyvalue VALUES ('10017SmartPB1-1.0.0-Throttling_text-unLocalized', '10017SmartPB1-1.0.0-Throttling_text', null); 
insert into keyvalue VALUES ('10017SmartPB1-1.0.0-Throttling_text', '10017SmartPB1-1.0.0', 'Pre-Offer-1.0.0-Throttling_text', null); 
insert into nestedkeyvalue VALUES ('10017SmartPB1-1.0.0-Name-eng', '10017SmartPB1-1.0.0-Name', 'Vodafone Max S'); 
insert into nestedkeyvalue VALUES ('10017SmartPB1-1.0.0-Name-hun', '10017SmartPB1-1.0.0-Name', 'Vodafone Max S'); 
insert into nestedkeyvalue VALUES ('10017SmartPB1-1.0.0-Name-def', '10017SmartPB1-1.0.0-Name', 'Vodafone Max S'); 
insert into nestedkeyvalue VALUES ('10017SmartPB1-1.0.0-Name-unLocalized', '10017SmartPB1-1.0.0-Name', null); 
insert into keyvalue VALUES ('10017SmartPB1-1.0.0-Name', '10017SmartPB1-1.0.0', 'Pre-Offer-1.0.0-Name', null); 
insert into keyvalue VALUES ('10017SmartPB1-1.0.0-Warning_percent', '10017SmartPB1-1.0.0', 'Pre-Offer-1.0.0-Warning_percent', '80'); 
insert into nestedkeyvalue VALUES ('10017SmartPB1-1.0.0-Description-eng', '10017SmartPB1-1.0.0-Description', 'A Vodafone Max S tarifacsomaggal csoporton belül díjmentesen beszélgethetsz. A csomag díja 2000 FT, amely még 30 bármely irányba lebeszélhető percet vagy SMS-t is tartalmaz.'); 
insert into nestedkeyvalue VALUES ('10017SmartPB1-1.0.0-Description-hun', '10017SmartPB1-1.0.0-Description', ''); 
insert into nestedkeyvalue VALUES ('10017SmartPB1-1.0.0-Description-def', '10017SmartPB1-1.0.0-Description', 'A Vodafone Max S tarifacsomaggal csoporton belül díjmentesen beszélgethetsz. A csomag díja 2000 FT, amely még 30 bármely irányba lebeszélhető percet vagy SMS-t is tartalmaz.'); 
insert into nestedkeyvalue VALUES ('10017SmartPB1-1.0.0-Description-unLocalized', '10017SmartPB1-1.0.0-Description', null); 
insert into keyvalue VALUES ('10017SmartPB1-1.0.0-Description', '10017SmartPB1-1.0.0', 'Pre-Offer-1.0.0-Description', null); 
insert into nestedkeyvalue VALUES ('10017SmartPB1-1.0.0-Warning_text-eng', '10017SmartPB1-1.0.0-Warning_text', 'Kedves Ügyfelünk! Elérted adatforgalmad 80%-át. 100%-nál a szolgáltatást számlazárásig szüneteltetjük. Adatforgalmi és egyéb információidat itt mindig díjmentesen elérheted.'); 
insert into nestedkeyvalue VALUES ('10017SmartPB1-1.0.0-Warning_text-hun', '10017SmartPB1-1.0.0-Warning_text', 'Dear Client, You have reached 80% of your data traffic. When reaching 100% of your limit, your service will be terminated until the closure of the billing period. Data traffic and additional information is available still free of charge.'); 
insert into nestedkeyvalue VALUES ('10017SmartPB1-1.0.0-Warning_text-def', '10017SmartPB1-1.0.0-Warning_text', 'Kedves Ügyfelünk! Elérted adatforgalmad 80%-át. 100%-nál a szolgáltatást számlazárásig szüneteltetjük. Adatforgalmi és egyéb információidat itt mindig díjmentesen elérheted.'); 
insert into nestedkeyvalue VALUES ('10017SmartPB1-1.0.0-Warning_text-unLocalized', '10017SmartPB1-1.0.0-Warning_text', null); 
insert into keyvalue VALUES ('10017SmartPB1-1.0.0-Warning_text', '10017SmartPB1-1.0.0', 'Pre-Offer-1.0.0-Warning_text', null); 
insert into objectrelation VALUES ('10017SmartPB1-1.0.0-Addon_ids-10007pria_100M', '10017SmartPB1-1.0.0-Addon_ids', '10007pria_100M-1.0.0'); 
insert into objectrelation VALUES ('10017SmartPB1-1.0.0-Addon_ids-10005pria_500M', '10017SmartPB1-1.0.0-Addon_ids', '10005pria_500M-1.0.0'); 
insert into objectrelation VALUES ('10017SmartPB1-1.0.0-Addon_ids-10008pria_1G', '10017SmartPB1-1.0.0-Addon_ids', '10008pria_1G-1.0.0'); 
insert into objectrelation VALUES ('10017SmartPB1-1.0.0-Addon_ids-10030pria_100w', '10017SmartPB1-1.0.0-Addon_ids', '10030pria_100w-1.0.0'); 
insert into keyvalue VALUES ('10017SmartPB1-1.0.0-Addon_ids', '10017SmartPB1-1.0.0', 'Pre-Offer-1.0.0-Addon_ids', null); 
insert into keyvalue VALUES ('10017SmartPB1-1.0.0-Active', '10017SmartPB1-1.0.0', 'Pre-Offer-1.0.0-Active', 'false'); 
insert into keyvalue VALUES ('10017SmartPB1-1.0.0-Discount_counter_direction', '10017SmartPB1-1.0.0', 'Pre-Offer-1.0.0-Discount_counter_direction', 'down'); 
insert into keyvalue VALUES ('10017SmartPB1-1.0.0-Type', '10017SmartPB1-1.0.0', 'Pre-Offer-1.0.0-Type', 'IOYM'); 
insert into keyvalue VALUES ('10017SmartPB1-1.0.0-Throttling_limit_mb', '10017SmartPB1-1.0.0', 'Pre-Offer-1.0.0-Throttling_limit_mb', '0'); 
insert into keyvalue VALUES ('10017SmartPB1-1.0.0-Price', '10017SmartPB1-1.0.0', 'Pre-Offer-1.0.0-Price', '2000'); 
insert into keyvalue VALUES ('10017SmartPB1-1.0.0-SmartPack', '10017SmartPB1-1.0.0', 'Pre-Offer-1.0.0-SmartPack', 'true'); 
insert into keyvalue VALUES ('10017SmartPB1-1.0.0-Kept_with_DQ', '10017SmartPB1-1.0.0', 'Pre-Offer-1.0.0-Kept_with_DQ', 'true'); 
insert into keyvalue VALUES ('10017SmartPB1-1.0.0-Discount_id', '10017SmartPB1-1.0.0', 'Pre-Offer-1.0.0-Discount_id', '238'); 
insert into keyvalue VALUES ('10017SmartPB1-1.0.0-Online_selfcare_id', '10017SmartPB1-1.0.0', 'Pre-Offer-1.0.0-Online_selfcare_id', 'Smartpack1'); 
insert into keyvalue VALUES ('10017SmartPB1-1.0.0-Id', '10017SmartPB1-1.0.0', 'Pre-Offer-1.0.0-Id', '10017SmartPB1'); 
insert into object VALUES ('10019SmartPBD1-1.0.0', '10019SmartPBD1'); 
insert into keyvalue VALUES ('10019SmartPBD1-1.0.0-Upgrade_offer_ids', '10019SmartPBD1-1.0.0', 'Pre-Offer-1.0.0-Upgrade_offer_ids', null); 
insert into nestedkeyvalue VALUES ('10019SmartPBD1-1.0.0-Throttling_text-eng', '10019SmartPBD1-1.0.0-Throttling_text', 'Kedves Ügyfelünk! Elérted az adatforgalmi limitet. Ha tovább interneteznél, válassz kiegészítő adatopciót!'); 
insert into nestedkeyvalue VALUES ('10019SmartPBD1-1.0.0-Throttling_text-hun', '10019SmartPBD1-1.0.0-Throttling_text', 'Dear Client, You have reached 100% of your data traffic limit, the service is terminated until the end of your billing period. If you want to surf the net, select a data option.'); 
insert into nestedkeyvalue VALUES ('10019SmartPBD1-1.0.0-Throttling_text-def', '10019SmartPBD1-1.0.0-Throttling_text', 'Kedves Ügyfelünk! Elérted az adatforgalmi limitet. Ha tovább interneteznél, válassz kiegészítő adatopciót!'); 
insert into nestedkeyvalue VALUES ('10019SmartPBD1-1.0.0-Throttling_text-unLocalized', '10019SmartPBD1-1.0.0-Throttling_text', null); 
insert into keyvalue VALUES ('10019SmartPBD1-1.0.0-Throttling_text', '10019SmartPBD1-1.0.0', 'Pre-Offer-1.0.0-Throttling_text', null); 
insert into nestedkeyvalue VALUES ('10019SmartPBD1-1.0.0-Name-eng', '10019SmartPBD1-1.0.0-Name', 'Vodafone Max S'); 
insert into nestedkeyvalue VALUES ('10019SmartPBD1-1.0.0-Name-hun', '10019SmartPBD1-1.0.0-Name', 'Vodafone Max S'); 
insert into nestedkeyvalue VALUES ('10019SmartPBD1-1.0.0-Name-def', '10019SmartPBD1-1.0.0-Name', 'Vodafone Max S'); 
insert into nestedkeyvalue VALUES ('10019SmartPBD1-1.0.0-Name-unLocalized', '10019SmartPBD1-1.0.0-Name', null); 
insert into keyvalue VALUES ('10019SmartPBD1-1.0.0-Name', '10019SmartPBD1-1.0.0', 'Pre-Offer-1.0.0-Name', null); 
insert into keyvalue VALUES ('10019SmartPBD1-1.0.0-Warning_percent', '10019SmartPBD1-1.0.0', 'Pre-Offer-1.0.0-Warning_percent', '80'); 
insert into nestedkeyvalue VALUES ('10019SmartPBD1-1.0.0-Description-eng', '10019SmartPBD1-1.0.0-Description', 'A Vodafone Max S tarifacsomaggal csoporton belül díjmentesen beszélgethetsz. A csomag díja 2000 FT, amely még 30 bármely irányba lebeszélhető percet vagy SMS-t is tartalmaz.'); 
insert into nestedkeyvalue VALUES ('10019SmartPBD1-1.0.0-Description-hun', '10019SmartPBD1-1.0.0-Description', ''); 
insert into nestedkeyvalue VALUES ('10019SmartPBD1-1.0.0-Description-def', '10019SmartPBD1-1.0.0-Description', 'A Vodafone Max S tarifacsomaggal csoporton belül díjmentesen beszélgethetsz. A csomag díja 2000 FT, amely még 30 bármely irányba lebeszélhető percet vagy SMS-t is tartalmaz.'); 
insert into nestedkeyvalue VALUES ('10019SmartPBD1-1.0.0-Description-unLocalized', '10019SmartPBD1-1.0.0-Description', null); 
insert into keyvalue VALUES ('10019SmartPBD1-1.0.0-Description', '10019SmartPBD1-1.0.0', 'Pre-Offer-1.0.0-Description', null); 
insert into nestedkeyvalue VALUES ('10019SmartPBD1-1.0.0-Warning_text-eng', '10019SmartPBD1-1.0.0-Warning_text', 'Kedves Ügyfelünk! Elérted adatforgalmad 80%-át. 100%-nál a szolgáltatást számlazárásig szüneteltetjük. Adatforgalmi és egyéb információidat itt mindig díjmentesen elérheted.'); 
insert into nestedkeyvalue VALUES ('10019SmartPBD1-1.0.0-Warning_text-hun', '10019SmartPBD1-1.0.0-Warning_text', 'Dear Client, You have reached 80% of your data traffic. When reaching 100% of your limit, your service will be terminated until the closure of the billing period. Data traffic and additional information is available still free of charge.'); 
insert into nestedkeyvalue VALUES ('10019SmartPBD1-1.0.0-Warning_text-def', '10019SmartPBD1-1.0.0-Warning_text', 'Kedves Ügyfelünk! Elérted adatforgalmad 80%-át. 100%-nál a szolgáltatást számlazárásig szüneteltetjük. Adatforgalmi és egyéb információidat itt mindig díjmentesen elérheted.'); 
insert into nestedkeyvalue VALUES ('10019SmartPBD1-1.0.0-Warning_text-unLocalized', '10019SmartPBD1-1.0.0-Warning_text', null); 
insert into keyvalue VALUES ('10019SmartPBD1-1.0.0-Warning_text', '10019SmartPBD1-1.0.0', 'Pre-Offer-1.0.0-Warning_text', null); 
insert into objectrelation VALUES ('10019SmartPBD1-1.0.0-Addon_ids-10007pria_100M', '10019SmartPBD1-1.0.0-Addon_ids', '10007pria_100M-1.0.0'); 
insert into objectrelation VALUES ('10019SmartPBD1-1.0.0-Addon_ids-10005pria_500M', '10019SmartPBD1-1.0.0-Addon_ids', '10005pria_500M-1.0.0'); 
insert into objectrelation VALUES ('10019SmartPBD1-1.0.0-Addon_ids-10008pria_1G', '10019SmartPBD1-1.0.0-Addon_ids', '10008pria_1G-1.0.0'); 
insert into objectrelation VALUES ('10019SmartPBD1-1.0.0-Addon_ids-10030pria_100w', '10019SmartPBD1-1.0.0-Addon_ids', '10030pria_100w-1.0.0'); 
insert into keyvalue VALUES ('10019SmartPBD1-1.0.0-Addon_ids', '10019SmartPBD1-1.0.0', 'Pre-Offer-1.0.0-Addon_ids', null); 
insert into keyvalue VALUES ('10019SmartPBD1-1.0.0-Active', '10019SmartPBD1-1.0.0', 'Pre-Offer-1.0.0-Active', 'false'); 
insert into keyvalue VALUES ('10019SmartPBD1-1.0.0-Discount_counter_direction', '10019SmartPBD1-1.0.0', 'Pre-Offer-1.0.0-Discount_counter_direction', 'down'); 
insert into keyvalue VALUES ('10019SmartPBD1-1.0.0-Type', '10019SmartPBD1-1.0.0', 'Pre-Offer-1.0.0-Type', 'IOYM'); 
insert into keyvalue VALUES ('10019SmartPBD1-1.0.0-Throttling_limit_mb', '10019SmartPBD1-1.0.0', 'Pre-Offer-1.0.0-Throttling_limit_mb', '0'); 
insert into keyvalue VALUES ('10019SmartPBD1-1.0.0-Price', '10019SmartPBD1-1.0.0', 'Pre-Offer-1.0.0-Price', '2000'); 
insert into keyvalue VALUES ('10019SmartPBD1-1.0.0-SmartPack', '10019SmartPBD1-1.0.0', 'Pre-Offer-1.0.0-SmartPack', 'true'); 
insert into keyvalue VALUES ('10019SmartPBD1-1.0.0-Kept_with_DQ', '10019SmartPBD1-1.0.0', 'Pre-Offer-1.0.0-Kept_with_DQ', 'true'); 
insert into keyvalue VALUES ('10019SmartPBD1-1.0.0-Discount_id', '10019SmartPBD1-1.0.0', 'Pre-Offer-1.0.0-Discount_id', '244'); 
insert into keyvalue VALUES ('10019SmartPBD1-1.0.0-Online_selfcare_id', '10019SmartPBD1-1.0.0', 'Pre-Offer-1.0.0-Online_selfcare_id', 'Smartpack1'); 
insert into keyvalue VALUES ('10019SmartPBD1-1.0.0-Id', '10019SmartPBD1-1.0.0', 'Pre-Offer-1.0.0-Id', '10019SmartPBD1'); 
insert into object VALUES ('10018SmartPB2-1.0.0', '10018SmartPB2'); 
insert into keyvalue VALUES ('10018SmartPB2-1.0.0-Upgrade_offer_ids', '10018SmartPB2-1.0.0', 'Pre-Offer-1.0.0-Upgrade_offer_ids', null); 
insert into nestedkeyvalue VALUES ('10018SmartPB2-1.0.0-Throttling_text-eng', '10018SmartPB2-1.0.0-Throttling_text', 'Kedves Ügyfelünk! Elérted az adatforgalmi limitet. Ha tovább interneteznél, válassz kiegészítő adatopciót!'); 
insert into nestedkeyvalue VALUES ('10018SmartPB2-1.0.0-Throttling_text-hun', '10018SmartPB2-1.0.0-Throttling_text', 'Dear Client, You have reached 100% of your data traffic limit, the service is terminated until the end of your billing period. If you want to surf the net, select a data option.'); 
insert into nestedkeyvalue VALUES ('10018SmartPB2-1.0.0-Throttling_text-def', '10018SmartPB2-1.0.0-Throttling_text', 'Kedves Ügyfelünk! Elérted az adatforgalmi limitet. Ha tovább interneteznél, válassz kiegészítő adatopciót!'); 
insert into nestedkeyvalue VALUES ('10018SmartPB2-1.0.0-Throttling_text-unLocalized', '10018SmartPB2-1.0.0-Throttling_text', null); 
insert into keyvalue VALUES ('10018SmartPB2-1.0.0-Throttling_text', '10018SmartPB2-1.0.0', 'Pre-Offer-1.0.0-Throttling_text', null); 
insert into nestedkeyvalue VALUES ('10018SmartPB2-1.0.0-Name-eng', '10018SmartPB2-1.0.0-Name', 'Vodafone Max M'); 
insert into nestedkeyvalue VALUES ('10018SmartPB2-1.0.0-Name-hun', '10018SmartPB2-1.0.0-Name', 'Vodafone Max M'); 
insert into nestedkeyvalue VALUES ('10018SmartPB2-1.0.0-Name-def', '10018SmartPB2-1.0.0-Name', 'Vodafone Max M'); 
insert into nestedkeyvalue VALUES ('10018SmartPB2-1.0.0-Name-unLocalized', '10018SmartPB2-1.0.0-Name', null); 
insert into keyvalue VALUES ('10018SmartPB2-1.0.0-Name', '10018SmartPB2-1.0.0', 'Pre-Offer-1.0.0-Name', null); 
insert into keyvalue VALUES ('10018SmartPB2-1.0.0-Warning_percent', '10018SmartPB2-1.0.0', 'Pre-Offer-1.0.0-Warning_percent', '80'); 
insert into nestedkeyvalue VALUES ('10018SmartPB2-1.0.0-Description-eng', '10018SmartPB2-1.0.0-Description', 'A Vodafone Max M tarifacsomaggal csoporton belül díjmentesen beszélgethetsz. A csomag díja 2946 FT, amely még 100 bármely irányba lebeszélhető percet vagy SMS-t és 100 MB internetet is tartalmaz.'); 
insert into nestedkeyvalue VALUES ('10018SmartPB2-1.0.0-Description-hun', '10018SmartPB2-1.0.0-Description', ''); 
insert into nestedkeyvalue VALUES ('10018SmartPB2-1.0.0-Description-def', '10018SmartPB2-1.0.0-Description', 'A Vodafone Max M tarifacsomaggal csoporton belül díjmentesen beszélgethetsz. A csomag díja 2946 FT, amely még 100 bármely irányba lebeszélhető percet vagy SMS-t és 100 MB internetet is tartalmaz.'); 
insert into nestedkeyvalue VALUES ('10018SmartPB2-1.0.0-Description-unLocalized', '10018SmartPB2-1.0.0-Description', null); 
insert into keyvalue VALUES ('10018SmartPB2-1.0.0-Description', '10018SmartPB2-1.0.0', 'Pre-Offer-1.0.0-Description', null); 
insert into nestedkeyvalue VALUES ('10018SmartPB2-1.0.0-Warning_text-eng', '10018SmartPB2-1.0.0-Warning_text', 'Kedves Ügyfelünk! Elérted adatforgalmad 80%-át. 100%-nál a szolgáltatást számlazárásig szüneteltetjük. Adatforgalmi és egyéb információidat itt mindig díjmentesen elérheted.'); 
insert into nestedkeyvalue VALUES ('10018SmartPB2-1.0.0-Warning_text-hun', '10018SmartPB2-1.0.0-Warning_text', 'Dear Client, You have reached 80% of your data traffic. When reaching 100% of your limit, your service will be terminated until the closure of the billing period. Data traffic and additional information is available still free of charge.'); 
insert into nestedkeyvalue VALUES ('10018SmartPB2-1.0.0-Warning_text-def', '10018SmartPB2-1.0.0-Warning_text', 'Kedves Ügyfelünk! Elérted adatforgalmad 80%-át. 100%-nál a szolgáltatást számlazárásig szüneteltetjük. Adatforgalmi és egyéb információidat itt mindig díjmentesen elérheted.'); 
insert into nestedkeyvalue VALUES ('10018SmartPB2-1.0.0-Warning_text-unLocalized', '10018SmartPB2-1.0.0-Warning_text', null); 
insert into keyvalue VALUES ('10018SmartPB2-1.0.0-Warning_text', '10018SmartPB2-1.0.0', 'Pre-Offer-1.0.0-Warning_text', null); 
insert into objectrelation VALUES ('10018SmartPB2-1.0.0-Addon_ids-10007pria_100M', '10018SmartPB2-1.0.0-Addon_ids', '10007pria_100M-1.0.0'); 
insert into objectrelation VALUES ('10018SmartPB2-1.0.0-Addon_ids-10005pria_500M', '10018SmartPB2-1.0.0-Addon_ids', '10005pria_500M-1.0.0'); 
insert into objectrelation VALUES ('10018SmartPB2-1.0.0-Addon_ids-10008pria_1G', '10018SmartPB2-1.0.0-Addon_ids', '10008pria_1G-1.0.0'); 
insert into objectrelation VALUES ('10018SmartPB2-1.0.0-Addon_ids-10030pria_100w', '10018SmartPB2-1.0.0-Addon_ids', '10030pria_100w-1.0.0'); 
insert into keyvalue VALUES ('10018SmartPB2-1.0.0-Addon_ids', '10018SmartPB2-1.0.0', 'Pre-Offer-1.0.0-Addon_ids', null); 
insert into keyvalue VALUES ('10018SmartPB2-1.0.0-Active', '10018SmartPB2-1.0.0', 'Pre-Offer-1.0.0-Active', 'false'); 
insert into keyvalue VALUES ('10018SmartPB2-1.0.0-Discount_counter_direction', '10018SmartPB2-1.0.0', 'Pre-Offer-1.0.0-Discount_counter_direction', 'down'); 
insert into keyvalue VALUES ('10018SmartPB2-1.0.0-Type', '10018SmartPB2-1.0.0', 'Pre-Offer-1.0.0-Type', 'IOYM'); 
insert into keyvalue VALUES ('10018SmartPB2-1.0.0-Throttling_limit_mb', '10018SmartPB2-1.0.0', 'Pre-Offer-1.0.0-Throttling_limit_mb', '100'); 
insert into keyvalue VALUES ('10018SmartPB2-1.0.0-Price', '10018SmartPB2-1.0.0', 'Pre-Offer-1.0.0-Price', '2946'); 
insert into keyvalue VALUES ('10018SmartPB2-1.0.0-SmartPack', '10018SmartPB2-1.0.0', 'Pre-Offer-1.0.0-SmartPack', 'true'); 
insert into keyvalue VALUES ('10018SmartPB2-1.0.0-Kept_with_DQ', '10018SmartPB2-1.0.0', 'Pre-Offer-1.0.0-Kept_with_DQ', 'true'); 
insert into keyvalue VALUES ('10018SmartPB2-1.0.0-Discount_id', '10018SmartPB2-1.0.0', 'Pre-Offer-1.0.0-Discount_id', '241'); 
insert into keyvalue VALUES ('10018SmartPB2-1.0.0-Online_selfcare_id', '10018SmartPB2-1.0.0', 'Pre-Offer-1.0.0-Online_selfcare_id', 'Smartpack2'); 
insert into keyvalue VALUES ('10018SmartPB2-1.0.0-Id', '10018SmartPB2-1.0.0', 'Pre-Offer-1.0.0-Id', '10018SmartPB2'); 
insert into object VALUES ('10020SmartPBD2-1.0.0', '10020SmartPBD2'); 
insert into keyvalue VALUES ('10020SmartPBD2-1.0.0-Upgrade_offer_ids', '10020SmartPBD2-1.0.0', 'Pre-Offer-1.0.0-Upgrade_offer_ids', null); 
insert into nestedkeyvalue VALUES ('10020SmartPBD2-1.0.0-Throttling_text-eng', '10020SmartPBD2-1.0.0-Throttling_text', 'Kedves Ügyfelünk! Elérted az adatforgalmi limitet. Ha tovább interneteznél, válassz kiegészítő adatopciót!'); 
insert into nestedkeyvalue VALUES ('10020SmartPBD2-1.0.0-Throttling_text-hun', '10020SmartPBD2-1.0.0-Throttling_text', 'Dear Client, You have reached 100% of your data traffic limit, the service is terminated until the end of your billing period. If you want to surf the net, select a data option.'); 
insert into nestedkeyvalue VALUES ('10020SmartPBD2-1.0.0-Throttling_text-def', '10020SmartPBD2-1.0.0-Throttling_text', 'Kedves Ügyfelünk! Elérted az adatforgalmi limitet. Ha tovább interneteznél, válassz kiegészítő adatopciót!'); 
insert into nestedkeyvalue VALUES ('10020SmartPBD2-1.0.0-Throttling_text-unLocalized', '10020SmartPBD2-1.0.0-Throttling_text', null); 
insert into keyvalue VALUES ('10020SmartPBD2-1.0.0-Throttling_text', '10020SmartPBD2-1.0.0', 'Pre-Offer-1.0.0-Throttling_text', null); 
insert into nestedkeyvalue VALUES ('10020SmartPBD2-1.0.0-Name-eng', '10020SmartPBD2-1.0.0-Name', 'Vodafone Max M'); 
insert into nestedkeyvalue VALUES ('10020SmartPBD2-1.0.0-Name-hun', '10020SmartPBD2-1.0.0-Name', 'Vodafone Max M'); 
insert into nestedkeyvalue VALUES ('10020SmartPBD2-1.0.0-Name-def', '10020SmartPBD2-1.0.0-Name', 'Vodafone Max M'); 
insert into nestedkeyvalue VALUES ('10020SmartPBD2-1.0.0-Name-unLocalized', '10020SmartPBD2-1.0.0-Name', null); 
insert into keyvalue VALUES ('10020SmartPBD2-1.0.0-Name', '10020SmartPBD2-1.0.0', 'Pre-Offer-1.0.0-Name', null); 
insert into keyvalue VALUES ('10020SmartPBD2-1.0.0-Warning_percent', '10020SmartPBD2-1.0.0', 'Pre-Offer-1.0.0-Warning_percent', '80'); 
insert into nestedkeyvalue VALUES ('10020SmartPBD2-1.0.0-Description-eng', '10020SmartPBD2-1.0.0-Description', 'A Vodafone Max M tarifacsomaggal csoporton belül díjmentesen beszélgethetsz. A csomag díja 2946 FT, amely még 100 bármely irányba lebeszélhető percet vagy SMS-t és 100 MB internetet is tartalmaz.'); 
insert into nestedkeyvalue VALUES ('10020SmartPBD2-1.0.0-Description-hun', '10020SmartPBD2-1.0.0-Description', ''); 
insert into nestedkeyvalue VALUES ('10020SmartPBD2-1.0.0-Description-def', '10020SmartPBD2-1.0.0-Description', 'A Vodafone Max M tarifacsomaggal csoporton belül díjmentesen beszélgethetsz. A csomag díja 2946 FT, amely még 100 bármely irányba lebeszélhető percet vagy SMS-t és 100 MB internetet is tartalmaz.'); 
insert into nestedkeyvalue VALUES ('10020SmartPBD2-1.0.0-Description-unLocalized', '10020SmartPBD2-1.0.0-Description', null); 
insert into keyvalue VALUES ('10020SmartPBD2-1.0.0-Description', '10020SmartPBD2-1.0.0', 'Pre-Offer-1.0.0-Description', null); 
insert into nestedkeyvalue VALUES ('10020SmartPBD2-1.0.0-Warning_text-eng', '10020SmartPBD2-1.0.0-Warning_text', 'Kedves Ügyfelünk! Elérted adatforgalmad 80%-át. 100%-nál a szolgáltatást számlazárásig szüneteltetjük. Adatforgalmi és egyéb információidat itt mindig díjmentesen elérheted.'); 
insert into nestedkeyvalue VALUES ('10020SmartPBD2-1.0.0-Warning_text-hun', '10020SmartPBD2-1.0.0-Warning_text', 'Dear Client, You have reached 80% of your data traffic. When reaching 100% of your limit, your service will be terminated until the closure of the billing period. Data traffic and additional information is available still free of charge.'); 
insert into nestedkeyvalue VALUES ('10020SmartPBD2-1.0.0-Warning_text-def', '10020SmartPBD2-1.0.0-Warning_text', 'Kedves Ügyfelünk! Elérted adatforgalmad 80%-át. 100%-nál a szolgáltatást számlazárásig szüneteltetjük. Adatforgalmi és egyéb információidat itt mindig díjmentesen elérheted.'); 
insert into nestedkeyvalue VALUES ('10020SmartPBD2-1.0.0-Warning_text-unLocalized', '10020SmartPBD2-1.0.0-Warning_text', null); 
insert into keyvalue VALUES ('10020SmartPBD2-1.0.0-Warning_text', '10020SmartPBD2-1.0.0', 'Pre-Offer-1.0.0-Warning_text', null); 
insert into objectrelation VALUES ('10020SmartPBD2-1.0.0-Addon_ids-10007pria_100M', '10020SmartPBD2-1.0.0-Addon_ids', '10007pria_100M-1.0.0'); 
insert into objectrelation VALUES ('10020SmartPBD2-1.0.0-Addon_ids-10005pria_500M', '10020SmartPBD2-1.0.0-Addon_ids', '10005pria_500M-1.0.0'); 
insert into objectrelation VALUES ('10020SmartPBD2-1.0.0-Addon_ids-10008pria_1G', '10020SmartPBD2-1.0.0-Addon_ids', '10008pria_1G-1.0.0'); 
insert into objectrelation VALUES ('10020SmartPBD2-1.0.0-Addon_ids-10030pria_100w', '10020SmartPBD2-1.0.0-Addon_ids', '10030pria_100w-1.0.0'); 
insert into keyvalue VALUES ('10020SmartPBD2-1.0.0-Addon_ids', '10020SmartPBD2-1.0.0', 'Pre-Offer-1.0.0-Addon_ids', null); 
insert into keyvalue VALUES ('10020SmartPBD2-1.0.0-Active', '10020SmartPBD2-1.0.0', 'Pre-Offer-1.0.0-Active', 'false'); 
insert into keyvalue VALUES ('10020SmartPBD2-1.0.0-Discount_counter_direction', '10020SmartPBD2-1.0.0', 'Pre-Offer-1.0.0-Discount_counter_direction', 'down'); 
insert into keyvalue VALUES ('10020SmartPBD2-1.0.0-Type', '10020SmartPBD2-1.0.0', 'Pre-Offer-1.0.0-Type', 'IOYM'); 
insert into keyvalue VALUES ('10020SmartPBD2-1.0.0-Throttling_limit_mb', '10020SmartPBD2-1.0.0', 'Pre-Offer-1.0.0-Throttling_limit_mb', '100'); 
insert into keyvalue VALUES ('10020SmartPBD2-1.0.0-Price', '10020SmartPBD2-1.0.0', 'Pre-Offer-1.0.0-Price', '2946'); 
insert into keyvalue VALUES ('10020SmartPBD2-1.0.0-SmartPack', '10020SmartPBD2-1.0.0', 'Pre-Offer-1.0.0-SmartPack', 'true'); 
insert into keyvalue VALUES ('10020SmartPBD2-1.0.0-Kept_with_DQ', '10020SmartPBD2-1.0.0', 'Pre-Offer-1.0.0-Kept_with_DQ', 'true'); 
insert into keyvalue VALUES ('10020SmartPBD2-1.0.0-Discount_id', '10020SmartPBD2-1.0.0', 'Pre-Offer-1.0.0-Discount_id', '247'); 
insert into keyvalue VALUES ('10020SmartPBD2-1.0.0-Online_selfcare_id', '10020SmartPBD2-1.0.0', 'Pre-Offer-1.0.0-Online_selfcare_id', 'Smartpack2'); 
insert into keyvalue VALUES ('10020SmartPBD2-1.0.0-Id', '10020SmartPBD2-1.0.0', 'Pre-Offer-1.0.0-Id', '10020SmartPBD2'); 
insert into object VALUES ('42636prib_gprs-1.0.0', '42636prib_gprs'); 
insert into objectrelation VALUES ('42636prib_gprs-1.0.0-Upgrade_offer_ids-10001prib_Hplus', '42636prib_gprs-1.0.0-Upgrade_offer_ids', '10001prib_Hplus-1.0.0'); 
insert into keyvalue VALUES ('42636prib_gprs-1.0.0-Upgrade_offer_ids', '42636prib_gprs-1.0.0', 'Pre-Offer-1.0.0-Upgrade_offer_ids', null); 
insert into nestedkeyvalue VALUES ('42636prib_gprs-1.0.0-Throttling_text-eng', '42636prib_gprs-1.0.0-Throttling_text', 'Kedves Ügyfelünk! Elérted adatforgalmad 100%-át, így a szolgáltatást számlazárásig szüneteltetjük. Ha tovább interneteznél, válassz kiegészítő adatopciót.'); 
insert into nestedkeyvalue VALUES ('42636prib_gprs-1.0.0-Throttling_text-hun', '42636prib_gprs-1.0.0-Throttling_text', 'Dear Client, You have reached 100% of your data traffic limit, the service is terminated until the end of your billing period. If you want to surf the net, select a data option.'); 
insert into nestedkeyvalue VALUES ('42636prib_gprs-1.0.0-Throttling_text-def', '42636prib_gprs-1.0.0-Throttling_text', 'Kedves Ügyfelünk! Elérted adatforgalmad 100%-át, így a szolgáltatást számlazárásig szüneteltetjük. Ha tovább interneteznél, válassz kiegészítő adatopciót.'); 
insert into nestedkeyvalue VALUES ('42636prib_gprs-1.0.0-Throttling_text-unLocalized', '42636prib_gprs-1.0.0-Throttling_text', null); 
insert into keyvalue VALUES ('42636prib_gprs-1.0.0-Throttling_text', '42636prib_gprs-1.0.0', 'Pre-Offer-1.0.0-Throttling_text', null); 
insert into nestedkeyvalue VALUES ('42636prib_gprs-1.0.0-Name-eng', '42636prib_gprs-1.0.0-Name', 'GPRS Prepaid WAP'); 
insert into nestedkeyvalue VALUES ('42636prib_gprs-1.0.0-Name-hun', '42636prib_gprs-1.0.0-Name', 'GPRS Prepaid WAP'); 
insert into nestedkeyvalue VALUES ('42636prib_gprs-1.0.0-Name-def', '42636prib_gprs-1.0.0-Name', 'GPRS Prepaid WAP'); 
insert into nestedkeyvalue VALUES ('42636prib_gprs-1.0.0-Name-unLocalized', '42636prib_gprs-1.0.0-Name', null); 
insert into keyvalue VALUES ('42636prib_gprs-1.0.0-Name', '42636prib_gprs-1.0.0', 'Pre-Offer-1.0.0-Name', null); 
insert into keyvalue VALUES ('42636prib_gprs-1.0.0-Warning_percent', '42636prib_gprs-1.0.0', 'Pre-Offer-1.0.0-Warning_percent', '80'); 
insert into nestedkeyvalue VALUES ('42636prib_gprs-1.0.0-Description-eng', '42636prib_gprs-1.0.0-Description', 'Ezzel az opcióval 12 MB áll rendelkezésedre a vásárlástól számított 30 napig. Ha többet szeretnél netezni, vásárolj PluszAdatot vagy válts másik opcióra! Ha nem rendelsz PluszAdat opciót és túlléped a 12 MB-ot automatikusan levonunk 1200 Ft-ot, amiért további 14MB-ot internetezhetsz.'); 
insert into nestedkeyvalue VALUES ('42636prib_gprs-1.0.0-Description-hun', '42636prib_gprs-1.0.0-Description', '12 MB is available for you with this option for 30 days as of the date of purchase. Do you want to surf more? Buy the PlusData or change to another option. If you do not order the PlusData option and exceed 12 MB, 1200 Ft is automatically deducted from your account for which you are eligible for 14 MB internet.'); 
insert into nestedkeyvalue VALUES ('42636prib_gprs-1.0.0-Description-def', '42636prib_gprs-1.0.0-Description', 'Ezzel az opcióval 12 MB áll rendelkezésedre a vásárlástól számított 30 napig. Ha többet szeretnél netezni, vásárolj PluszAdatot vagy válts másik opcióra! Ha nem rendelsz PluszAdat opciót és túlléped a 12 MB-ot automatikusan levonunk 1200 Ft-ot, amiért további 14MB-ot internetezhetsz.'); 
insert into nestedkeyvalue VALUES ('42636prib_gprs-1.0.0-Description-unLocalized', '42636prib_gprs-1.0.0-Description', null); 
insert into keyvalue VALUES ('42636prib_gprs-1.0.0-Description', '42636prib_gprs-1.0.0', 'Pre-Offer-1.0.0-Description', null); 
insert into nestedkeyvalue VALUES ('42636prib_gprs-1.0.0-Warning_text-eng', '42636prib_gprs-1.0.0-Warning_text', 'Kedves Ügyfelünk! Elérted adatforgalmad 80%-át. 100%-nál a szolgáltatást számlazárásig szüneteltetjük. Adatforgalmi és egyéb információidat itt mindig díjmentesen elérheted.'); 
insert into nestedkeyvalue VALUES ('42636prib_gprs-1.0.0-Warning_text-hun', '42636prib_gprs-1.0.0-Warning_text', 'Dear Client, You have reached 80% of your data traffic. When reaching 100% of your limit, your service will be terminated until the closure of the billing period. Data traffic and additional information is available still free of charge.'); 
insert into nestedkeyvalue VALUES ('42636prib_gprs-1.0.0-Warning_text-def', '42636prib_gprs-1.0.0-Warning_text', 'Kedves Ügyfelünk! Elérted adatforgalmad 80%-át. 100%-nál a szolgáltatást számlazárásig szüneteltetjük. Adatforgalmi és egyéb információidat itt mindig díjmentesen elérheted.'); 
insert into nestedkeyvalue VALUES ('42636prib_gprs-1.0.0-Warning_text-unLocalized', '42636prib_gprs-1.0.0-Warning_text', null); 
insert into keyvalue VALUES ('42636prib_gprs-1.0.0-Warning_text', '42636prib_gprs-1.0.0', 'Pre-Offer-1.0.0-Warning_text', null); 
insert into objectrelation VALUES ('42636prib_gprs-1.0.0-Addon_ids-10007pria_100M', '42636prib_gprs-1.0.0-Addon_ids', '10007pria_100M-1.0.0'); 
insert into keyvalue VALUES ('42636prib_gprs-1.0.0-Addon_ids', '42636prib_gprs-1.0.0', 'Pre-Offer-1.0.0-Addon_ids', null); 
insert into keyvalue VALUES ('42636prib_gprs-1.0.0-Active', '42636prib_gprs-1.0.0', 'Pre-Offer-1.0.0-Active', 'false'); 
insert into keyvalue VALUES ('42636prib_gprs-1.0.0-Discount_counter_direction', '42636prib_gprs-1.0.0', 'Pre-Offer-1.0.0-Discount_counter_direction', 'up'); 
insert into keyvalue VALUES ('42636prib_gprs-1.0.0-Type', '42636prib_gprs-1.0.0', 'Pre-Offer-1.0.0-Type', 'IOYM'); 
insert into keyvalue VALUES ('42636prib_gprs-1.0.0-Throttling_limit_mb', '42636prib_gprs-1.0.0', 'Pre-Offer-1.0.0-Throttling_limit_mb', '26'); 
insert into keyvalue VALUES ('42636prib_gprs-1.0.0-Price', '42636prib_gprs-1.0.0', 'Pre-Offer-1.0.0-Price', '0'); 
insert into keyvalue VALUES ('42636prib_gprs-1.0.0-Discount_id', '42636prib_gprs-1.0.0', 'Pre-Offer-1.0.0-Discount_id', '186'); 
insert into keyvalue VALUES ('42636prib_gprs-1.0.0-Online_selfcare_id', '42636prib_gprs-1.0.0', 'Pre-Offer-1.0.0-Online_selfcare_id', 'GPRSPrepaidWAP'); 
insert into keyvalue VALUES ('42636prib_gprs-1.0.0-Id', '42636prib_gprs-1.0.0', 'Pre-Offer-1.0.0-Id', '42636prib_gprs'); 
insert into object VALUES ('48516prib_mweb-1.0.0', '48516prib_mweb'); 
insert into objectrelation VALUES ('48516prib_mweb-1.0.0-Upgrade_offer_ids-48516prib_mweb', '48516prib_mweb-1.0.0-Upgrade_offer_ids', '48516prib_mweb-1.0.0'); 
insert into objectrelation VALUES ('48516prib_mweb-1.0.0-Upgrade_offer_ids-10001prib_Hplus', '48516prib_mweb-1.0.0-Upgrade_offer_ids', '10001prib_Hplus-1.0.0'); 
insert into keyvalue VALUES ('48516prib_mweb-1.0.0-Upgrade_offer_ids', '48516prib_mweb-1.0.0', 'Pre-Offer-1.0.0-Upgrade_offer_ids', null); 
insert into nestedkeyvalue VALUES ('48516prib_mweb-1.0.0-Throttling_text-eng', '48516prib_mweb-1.0.0-Throttling_text', 'Kedves Ügyfelünk! Elérted adatforgalmad 100%-át, így a szolgáltatást számlazárásig szüneteltetjük. Ha tovább interneteznél, válassz kiegészítő adatopciót.'); 
insert into nestedkeyvalue VALUES ('48516prib_mweb-1.0.0-Throttling_text-hun', '48516prib_mweb-1.0.0-Throttling_text', 'Dear Client, You have reached 100% of your data traffic limit, the service is terminated until the end of your billing period. If you want to surf the net, select a data option.'); 
insert into nestedkeyvalue VALUES ('48516prib_mweb-1.0.0-Throttling_text-def', '48516prib_mweb-1.0.0-Throttling_text', 'Kedves Ügyfelünk! Elérted adatforgalmad 100%-át, így a szolgáltatást számlazárásig szüneteltetjük. Ha tovább interneteznél, válassz kiegészítő adatopciót.'); 
insert into nestedkeyvalue VALUES ('48516prib_mweb-1.0.0-Throttling_text-unLocalized', '48516prib_mweb-1.0.0-Throttling_text', null); 
insert into keyvalue VALUES ('48516prib_mweb-1.0.0-Throttling_text', '48516prib_mweb-1.0.0', 'Pre-Offer-1.0.0-Throttling_text', null); 
insert into nestedkeyvalue VALUES ('48516prib_mweb-1.0.0-Name-eng', '48516prib_mweb-1.0.0-Name', 'MobilWeb Napijegy'); 
insert into nestedkeyvalue VALUES ('48516prib_mweb-1.0.0-Name-hun', '48516prib_mweb-1.0.0-Name', 'MobilWeb Daily'); 
insert into nestedkeyvalue VALUES ('48516prib_mweb-1.0.0-Name-def', '48516prib_mweb-1.0.0-Name', 'MobilWeb Napijegy'); 
insert into nestedkeyvalue VALUES ('48516prib_mweb-1.0.0-Name-unLocalized', '48516prib_mweb-1.0.0-Name', null); 
insert into keyvalue VALUES ('48516prib_mweb-1.0.0-Name', '48516prib_mweb-1.0.0', 'Pre-Offer-1.0.0-Name', null); 
insert into keyvalue VALUES ('48516prib_mweb-1.0.0-Warning_percent', '48516prib_mweb-1.0.0', 'Pre-Offer-1.0.0-Warning_percent', '80'); 
insert into nestedkeyvalue VALUES ('48516prib_mweb-1.0.0-Description-eng', '48516prib_mweb-1.0.0-Description', 'A Napijeggyel adott naptári napon egész nap internetezhetsz. Erre 10 MB adatforgalom áll rendelkezésedre. Ha többet szeretnél netezni, rendeld meg újra vagy válassz havidíjas opciót!'); 
insert into nestedkeyvalue VALUES ('48516prib_mweb-1.0.0-Description-hun', '48516prib_mweb-1.0.0-Description', 'Use your Daily ticket all day long on the day you select. 10 MB data traffic is available for you. If you want to surf more, order it again, or select a plan with a monthly fee.'); 
insert into nestedkeyvalue VALUES ('48516prib_mweb-1.0.0-Description-def', '48516prib_mweb-1.0.0-Description', 'A Napijeggyel adott naptári napon egész nap internetezhetsz. Erre 10 MB adatforgalom áll rendelkezésedre. Ha többet szeretnél netezni, rendeld meg újra vagy válassz havidíjas opciót!'); 
insert into nestedkeyvalue VALUES ('48516prib_mweb-1.0.0-Description-unLocalized', '48516prib_mweb-1.0.0-Description', null); 
insert into keyvalue VALUES ('48516prib_mweb-1.0.0-Description', '48516prib_mweb-1.0.0', 'Pre-Offer-1.0.0-Description', null); 
insert into nestedkeyvalue VALUES ('48516prib_mweb-1.0.0-Warning_text-eng', '48516prib_mweb-1.0.0-Warning_text', 'Kedves Ügyfelünk! Elérted adatforgalmad 80%-át. 100%-nál a szolgáltatást számlazárásig szüneteltetjük. Adatforgalmi és egyéb információidat itt mindig díjmentesen elérheted.'); 
insert into nestedkeyvalue VALUES ('48516prib_mweb-1.0.0-Warning_text-hun', '48516prib_mweb-1.0.0-Warning_text', 'Dear Client, You have reached 80% of your data traffic. When reaching 100% of your limit, your service will be terminated until the closure of the billing period. Data traffic and additional information is available still free of charge.'); 
insert into nestedkeyvalue VALUES ('48516prib_mweb-1.0.0-Warning_text-def', '48516prib_mweb-1.0.0-Warning_text', 'Kedves Ügyfelünk! Elérted adatforgalmad 80%-át. 100%-nál a szolgáltatást számlazárásig szüneteltetjük. Adatforgalmi és egyéb információidat itt mindig díjmentesen elérheted.'); 
insert into nestedkeyvalue VALUES ('48516prib_mweb-1.0.0-Warning_text-unLocalized', '48516prib_mweb-1.0.0-Warning_text', null); 
insert into keyvalue VALUES ('48516prib_mweb-1.0.0-Warning_text', '48516prib_mweb-1.0.0', 'Pre-Offer-1.0.0-Warning_text', null); 
insert into keyvalue VALUES ('48516prib_mweb-1.0.0-Addon_ids', '48516prib_mweb-1.0.0', 'Pre-Offer-1.0.0-Addon_ids', null); 
insert into keyvalue VALUES ('48516prib_mweb-1.0.0-Active', '48516prib_mweb-1.0.0', 'Pre-Offer-1.0.0-Active', 'false'); 
insert into keyvalue VALUES ('48516prib_mweb-1.0.0-Discount_counter_direction', '48516prib_mweb-1.0.0', 'Pre-Offer-1.0.0-Discount_counter_direction', 'down'); 
insert into keyvalue VALUES ('48516prib_mweb-1.0.0-Type', '48516prib_mweb-1.0.0', 'Pre-Offer-1.0.0-Type', 'IOYM'); 
insert into keyvalue VALUES ('48516prib_mweb-1.0.0-Throttling_limit_mb', '48516prib_mweb-1.0.0', 'Pre-Offer-1.0.0-Throttling_limit_mb', '30'); 
insert into keyvalue VALUES ('48516prib_mweb-1.0.0-Price', '48516prib_mweb-1.0.0', 'Pre-Offer-1.0.0-Price', '185'); 
insert into keyvalue VALUES ('48516prib_mweb-1.0.0-Discount_id', '48516prib_mweb-1.0.0', 'Pre-Offer-1.0.0-Discount_id', '187'); 
insert into keyvalue VALUES ('48516prib_mweb-1.0.0-Online_selfcare_id', '48516prib_mweb-1.0.0', 'Pre-Offer-1.0.0-Online_selfcare_id', 'MobilWebNapijegy'); 
insert into keyvalue VALUES ('48516prib_mweb-1.0.0-Id', '48516prib_mweb-1.0.0', 'Pre-Offer-1.0.0-Id', '48516prib_mweb'); 
insert into object VALUES ('44570prib_i1G-1.0.0', '44570prib_i1G'); 
insert into objectrelation VALUES ('44570prib_i1G-1.0.0-Upgrade_offer_ids-10004prib_Extra', '44570prib_i1G-1.0.0-Upgrade_offer_ids', '10004prib_Extra-1.0.0'); 
insert into keyvalue VALUES ('44570prib_i1G-1.0.0-Upgrade_offer_ids', '44570prib_i1G-1.0.0', 'Pre-Offer-1.0.0-Upgrade_offer_ids', null); 
insert into nestedkeyvalue VALUES ('44570prib_i1G-1.0.0-Throttling_text-eng', '44570prib_i1G-1.0.0-Throttling_text', 'Kedves Ügyfelünk! Elérted adatforgalmad 100%-át, így a szolgáltatást számlazárásig szüneteltetjük. Ha tovább interneteznél, válassz kiegészítő adatopciót.'); 
insert into nestedkeyvalue VALUES ('44570prib_i1G-1.0.0-Throttling_text-hun', '44570prib_i1G-1.0.0-Throttling_text', 'Dear Client, You have reached 100% of your data traffic limit, the service is terminated until the end of your billing period. If you want to surf the net, select a data option.'); 
insert into nestedkeyvalue VALUES ('44570prib_i1G-1.0.0-Throttling_text-def', '44570prib_i1G-1.0.0-Throttling_text', 'Kedves Ügyfelünk! Elérted adatforgalmad 100%-át, így a szolgáltatást számlazárásig szüneteltetjük. Ha tovább interneteznél, válassz kiegészítő adatopciót.'); 
insert into nestedkeyvalue VALUES ('44570prib_i1G-1.0.0-Throttling_text-unLocalized', '44570prib_i1G-1.0.0-Throttling_text', null); 
insert into keyvalue VALUES ('44570prib_i1G-1.0.0-Throttling_text', '44570prib_i1G-1.0.0', 'Pre-Offer-1.0.0-Throttling_text', null); 
insert into nestedkeyvalue VALUES ('44570prib_i1G-1.0.0-Name-eng', '44570prib_i1G-1.0.0-Name', 'Internet 1 GB'); 
insert into nestedkeyvalue VALUES ('44570prib_i1G-1.0.0-Name-hun', '44570prib_i1G-1.0.0-Name', 'Internet 1 GB'); 
insert into nestedkeyvalue VALUES ('44570prib_i1G-1.0.0-Name-def', '44570prib_i1G-1.0.0-Name', 'Internet 1 GB'); 
insert into nestedkeyvalue VALUES ('44570prib_i1G-1.0.0-Name-unLocalized', '44570prib_i1G-1.0.0-Name', null); 
insert into keyvalue VALUES ('44570prib_i1G-1.0.0-Name', '44570prib_i1G-1.0.0', 'Pre-Offer-1.0.0-Name', null); 
insert into keyvalue VALUES ('44570prib_i1G-1.0.0-Warning_percent', '44570prib_i1G-1.0.0', 'Pre-Offer-1.0.0-Warning_percent', '80'); 
insert into nestedkeyvalue VALUES ('44570prib_i1G-1.0.0-Description-eng', '44570prib_i1G-1.0.0-Description', 'Ezzel az opcióval 1 GB áll rendelkezésedre a ciklus végéig 2787 Ft-ért. Ha többet szeretnél netezni, válassz kiegészítő adatopciót.'); 
insert into nestedkeyvalue VALUES ('44570prib_i1G-1.0.0-Description-hun', '44570prib_i1G-1.0.0-Description', '1 GB is available for you with this option until the end of your cycle for 2787 Ft. If you want to surf the net more, select our extra data option.'); 
insert into nestedkeyvalue VALUES ('44570prib_i1G-1.0.0-Description-def', '44570prib_i1G-1.0.0-Description', 'Ezzel az opcióval 1 GB áll rendelkezésedre a ciklus végéig 2787 Ft-ért. Ha többet szeretnél netezni, válassz kiegészítő adatopciót.'); 
insert into nestedkeyvalue VALUES ('44570prib_i1G-1.0.0-Description-unLocalized', '44570prib_i1G-1.0.0-Description', null); 
insert into keyvalue VALUES ('44570prib_i1G-1.0.0-Description', '44570prib_i1G-1.0.0', 'Pre-Offer-1.0.0-Description', null); 
insert into nestedkeyvalue VALUES ('44570prib_i1G-1.0.0-Warning_text-eng', '44570prib_i1G-1.0.0-Warning_text', 'Kedves Ügyfelünk! Elérted adatforgalmad 80%-át. 100%-nál a szolgáltatást számlazárásig szüneteltetjük. Adatforgalmi és egyéb információidat itt mindig díjmentesen elérheted.'); 
insert into nestedkeyvalue VALUES ('44570prib_i1G-1.0.0-Warning_text-hun', '44570prib_i1G-1.0.0-Warning_text', 'Dear Client, You have reached 80% of your data traffic. When reaching 100% of your limit, your service will be terminated until the closure of the billing period. Data traffic and additional information is available still free of charge.'); 
insert into nestedkeyvalue VALUES ('44570prib_i1G-1.0.0-Warning_text-def', '44570prib_i1G-1.0.0-Warning_text', 'Kedves Ügyfelünk! Elérted adatforgalmad 80%-át. 100%-nál a szolgáltatást számlazárásig szüneteltetjük. Adatforgalmi és egyéb információidat itt mindig díjmentesen elérheted.'); 
insert into nestedkeyvalue VALUES ('44570prib_i1G-1.0.0-Warning_text-unLocalized', '44570prib_i1G-1.0.0-Warning_text', null); 
insert into keyvalue VALUES ('44570prib_i1G-1.0.0-Warning_text', '44570prib_i1G-1.0.0', 'Pre-Offer-1.0.0-Warning_text', null); 
insert into objectrelation VALUES ('44570prib_i1G-1.0.0-Addon_ids-10007pria_100M', '44570prib_i1G-1.0.0-Addon_ids', '10007pria_100M-1.0.0'); 
insert into objectrelation VALUES ('44570prib_i1G-1.0.0-Addon_ids-10005pria_500M', '44570prib_i1G-1.0.0-Addon_ids', '10005pria_500M-1.0.0'); 
insert into objectrelation VALUES ('44570prib_i1G-1.0.0-Addon_ids-10008pria_1G', '44570prib_i1G-1.0.0-Addon_ids', '10008pria_1G-1.0.0'); 
insert into keyvalue VALUES ('44570prib_i1G-1.0.0-Addon_ids', '44570prib_i1G-1.0.0', 'Pre-Offer-1.0.0-Addon_ids', null); 
insert into keyvalue VALUES ('44570prib_i1G-1.0.0-Active', '44570prib_i1G-1.0.0', 'Pre-Offer-1.0.0-Active', 'false'); 
insert into keyvalue VALUES ('44570prib_i1G-1.0.0-Discount_counter_direction', '44570prib_i1G-1.0.0', 'Pre-Offer-1.0.0-Discount_counter_direction', 'down'); 
insert into keyvalue VALUES ('44570prib_i1G-1.0.0-Type', '44570prib_i1G-1.0.0', 'Pre-Offer-1.0.0-Type', 'IOYM'); 
insert into keyvalue VALUES ('44570prib_i1G-1.0.0-Throttling_limit_mb', '44570prib_i1G-1.0.0', 'Pre-Offer-1.0.0-Throttling_limit_mb', '1024'); 
insert into keyvalue VALUES ('44570prib_i1G-1.0.0-Price', '44570prib_i1G-1.0.0', 'Pre-Offer-1.0.0-Price', '2787'); 
insert into keyvalue VALUES ('44570prib_i1G-1.0.0-Discount_id', '44570prib_i1G-1.0.0', 'Pre-Offer-1.0.0-Discount_id', '188'); 
insert into keyvalue VALUES ('44570prib_i1G-1.0.0-Online_selfcare_id', '44570prib_i1G-1.0.0', 'Pre-Offer-1.0.0-Online_selfcare_id', 'Internet1GB'); 
insert into keyvalue VALUES ('44570prib_i1G-1.0.0-Id', '44570prib_i1G-1.0.0', 'Pre-Offer-1.0.0-Id', '44570prib_i1G'); 
insert into object VALUES ('41799prib_i5G-1.0.0', '41799prib_i5G'); 
insert into objectrelation VALUES ('41799prib_i5G-1.0.0-Upgrade_offer_ids-10004prib_Extra', '41799prib_i5G-1.0.0-Upgrade_offer_ids', '10004prib_Extra-1.0.0'); 
insert into keyvalue VALUES ('41799prib_i5G-1.0.0-Upgrade_offer_ids', '41799prib_i5G-1.0.0', 'Pre-Offer-1.0.0-Upgrade_offer_ids', null); 
insert into nestedkeyvalue VALUES ('41799prib_i5G-1.0.0-Throttling_text-eng', '41799prib_i5G-1.0.0-Throttling_text', 'Kedves Ügyfelünk! Elérted adatforgalmad 100%-át, így a szolgáltatást számlazárásig szüneteltetjük. Ha tovább interneteznél, válassz kiegészítő adatopciót.'); 
insert into nestedkeyvalue VALUES ('41799prib_i5G-1.0.0-Throttling_text-hun', '41799prib_i5G-1.0.0-Throttling_text', 'Dear Client, You have reached 100% of your data traffic limit, the service is terminated until the end of your billing period. If you want to surf the net, select a data option.'); 
insert into nestedkeyvalue VALUES ('41799prib_i5G-1.0.0-Throttling_text-def', '41799prib_i5G-1.0.0-Throttling_text', 'Kedves Ügyfelünk! Elérted adatforgalmad 100%-át, így a szolgáltatást számlazárásig szüneteltetjük. Ha tovább interneteznél, válassz kiegészítő adatopciót.'); 
insert into nestedkeyvalue VALUES ('41799prib_i5G-1.0.0-Throttling_text-unLocalized', '41799prib_i5G-1.0.0-Throttling_text', null); 
insert into keyvalue VALUES ('41799prib_i5G-1.0.0-Throttling_text', '41799prib_i5G-1.0.0', 'Pre-Offer-1.0.0-Throttling_text', null); 
insert into nestedkeyvalue VALUES ('41799prib_i5G-1.0.0-Name-eng', '41799prib_i5G-1.0.0-Name', 'Internet 5 GB'); 
insert into nestedkeyvalue VALUES ('41799prib_i5G-1.0.0-Name-hun', '41799prib_i5G-1.0.0-Name', 'Internet 5 GB'); 
insert into nestedkeyvalue VALUES ('41799prib_i5G-1.0.0-Name-def', '41799prib_i5G-1.0.0-Name', 'Internet 5 GB'); 
insert into nestedkeyvalue VALUES ('41799prib_i5G-1.0.0-Name-unLocalized', '41799prib_i5G-1.0.0-Name', null); 
insert into keyvalue VALUES ('41799prib_i5G-1.0.0-Name', '41799prib_i5G-1.0.0', 'Pre-Offer-1.0.0-Name', null); 
insert into keyvalue VALUES ('41799prib_i5G-1.0.0-Warning_percent', '41799prib_i5G-1.0.0', 'Pre-Offer-1.0.0-Warning_percent', '80'); 
insert into nestedkeyvalue VALUES ('41799prib_i5G-1.0.0-Description-eng', '41799prib_i5G-1.0.0-Description', 'Ezzel az opcióval 5 GB áll rendelkezésedre a ciklus végéig 5110 Ft-ért. Ha többet szeretnél netezni, válassz kiegészítő adatopciót.'); 
insert into nestedkeyvalue VALUES ('41799prib_i5G-1.0.0-Description-hun', '41799prib_i5G-1.0.0-Description', '5 GB is available for you with this option until the end of your cycle for 5110 Ft. If you want to surf the net more, select our extra data option.'); 
insert into nestedkeyvalue VALUES ('41799prib_i5G-1.0.0-Description-def', '41799prib_i5G-1.0.0-Description', 'Ezzel az opcióval 5 GB áll rendelkezésedre a ciklus végéig 5110 Ft-ért. Ha többet szeretnél netezni, válassz kiegészítő adatopciót.'); 
insert into nestedkeyvalue VALUES ('41799prib_i5G-1.0.0-Description-unLocalized', '41799prib_i5G-1.0.0-Description', null); 
insert into keyvalue VALUES ('41799prib_i5G-1.0.0-Description', '41799prib_i5G-1.0.0', 'Pre-Offer-1.0.0-Description', null); 
insert into nestedkeyvalue VALUES ('41799prib_i5G-1.0.0-Warning_text-eng', '41799prib_i5G-1.0.0-Warning_text', 'Kedves Ügyfelünk! Elérted adatforgalmad 80%-át. 100%-nál a szolgáltatást számlazárásig szüneteltetjük. Adatforgalmi és egyéb információidat itt mindig díjmentesen elérheted.'); 
insert into nestedkeyvalue VALUES ('41799prib_i5G-1.0.0-Warning_text-hun', '41799prib_i5G-1.0.0-Warning_text', 'Dear Client, You have reached 80% of your data traffic. When reaching 100% of your limit, your service will be terminated until the closure of the billing period. Data traffic and additional information is available still free of charge.'); 
insert into nestedkeyvalue VALUES ('41799prib_i5G-1.0.0-Warning_text-def', '41799prib_i5G-1.0.0-Warning_text', 'Kedves Ügyfelünk! Elérted adatforgalmad 80%-át. 100%-nál a szolgáltatást számlazárásig szüneteltetjük. Adatforgalmi és egyéb információidat itt mindig díjmentesen elérheted.'); 
insert into nestedkeyvalue VALUES ('41799prib_i5G-1.0.0-Warning_text-unLocalized', '41799prib_i5G-1.0.0-Warning_text', null); 
insert into keyvalue VALUES ('41799prib_i5G-1.0.0-Warning_text', '41799prib_i5G-1.0.0', 'Pre-Offer-1.0.0-Warning_text', null); 
insert into objectrelation VALUES ('41799prib_i5G-1.0.0-Addon_ids-10005pria_500M', '41799prib_i5G-1.0.0-Addon_ids', '10005pria_500M-1.0.0'); 
insert into objectrelation VALUES ('41799prib_i5G-1.0.0-Addon_ids-10008pria_1G', '41799prib_i5G-1.0.0-Addon_ids', '10008pria_1G-1.0.0'); 
insert into keyvalue VALUES ('41799prib_i5G-1.0.0-Addon_ids', '41799prib_i5G-1.0.0', 'Pre-Offer-1.0.0-Addon_ids', null); 
insert into keyvalue VALUES ('41799prib_i5G-1.0.0-Active', '41799prib_i5G-1.0.0', 'Pre-Offer-1.0.0-Active', 'false'); 
insert into keyvalue VALUES ('41799prib_i5G-1.0.0-Discount_counter_direction', '41799prib_i5G-1.0.0', 'Pre-Offer-1.0.0-Discount_counter_direction', 'down'); 
insert into keyvalue VALUES ('41799prib_i5G-1.0.0-Type', '41799prib_i5G-1.0.0', 'Pre-Offer-1.0.0-Type', 'IOYM'); 
insert into keyvalue VALUES ('41799prib_i5G-1.0.0-Throttling_limit_mb', '41799prib_i5G-1.0.0', 'Pre-Offer-1.0.0-Throttling_limit_mb', '5120'); 
insert into keyvalue VALUES ('41799prib_i5G-1.0.0-Price', '41799prib_i5G-1.0.0', 'Pre-Offer-1.0.0-Price', '5110'); 
insert into keyvalue VALUES ('41799prib_i5G-1.0.0-Discount_id', '41799prib_i5G-1.0.0', 'Pre-Offer-1.0.0-Discount_id', '189'); 
insert into keyvalue VALUES ('41799prib_i5G-1.0.0-Online_selfcare_id', '41799prib_i5G-1.0.0', 'Pre-Offer-1.0.0-Online_selfcare_id', 'Internet5GB'); 
insert into keyvalue VALUES ('41799prib_i5G-1.0.0-Id', '41799prib_i5G-1.0.0', 'Pre-Offer-1.0.0-Id', '41799prib_i5G'); 
insert into object VALUES ('45112prib_i100M-1.0.0', '45112prib_i100M'); 
insert into objectrelation VALUES ('45112prib_i100M-1.0.0-Upgrade_offer_ids-10001prib_Hplus', '45112prib_i100M-1.0.0-Upgrade_offer_ids', '10001prib_Hplus-1.0.0'); 
insert into objectrelation VALUES ('45112prib_i100M-1.0.0-Upgrade_offer_ids-10003prib_Pplus', '45112prib_i100M-1.0.0-Upgrade_offer_ids', '10003prib_Pplus-1.0.0'); 
insert into objectrelation VALUES ('45112prib_i100M-1.0.0-Upgrade_offer_ids-10004prib_Extra', '45112prib_i100M-1.0.0-Upgrade_offer_ids', '10004prib_Extra-1.0.0'); 
insert into keyvalue VALUES ('45112prib_i100M-1.0.0-Upgrade_offer_ids', '45112prib_i100M-1.0.0', 'Pre-Offer-1.0.0-Upgrade_offer_ids', null); 
insert into nestedkeyvalue VALUES ('45112prib_i100M-1.0.0-Throttling_text-eng', '45112prib_i100M-1.0.0-Throttling_text', 'Kedves Ügyfelünk! Elérted adatforgalmad 100%-át, így a szolgáltatást számlazárásig szüneteltetjük. Ha tovább interneteznél, válassz kiegészítő adatopciót.'); 
insert into nestedkeyvalue VALUES ('45112prib_i100M-1.0.0-Throttling_text-hun', '45112prib_i100M-1.0.0-Throttling_text', 'Dear Client, You have reached 100% of your data traffic limit, the service is terminated until the end of your billing period. If you want to surf the net, select a data option.'); 
insert into nestedkeyvalue VALUES ('45112prib_i100M-1.0.0-Throttling_text-def', '45112prib_i100M-1.0.0-Throttling_text', 'Kedves Ügyfelünk! Elérted adatforgalmad 100%-át, így a szolgáltatást számlazárásig szüneteltetjük. Ha tovább interneteznél, válassz kiegészítő adatopciót.'); 
insert into nestedkeyvalue VALUES ('45112prib_i100M-1.0.0-Throttling_text-unLocalized', '45112prib_i100M-1.0.0-Throttling_text', null); 
insert into keyvalue VALUES ('45112prib_i100M-1.0.0-Throttling_text', '45112prib_i100M-1.0.0', 'Pre-Offer-1.0.0-Throttling_text', null); 
insert into nestedkeyvalue VALUES ('45112prib_i100M-1.0.0-Name-eng', '45112prib_i100M-1.0.0-Name', 'Internet 100 MB'); 
insert into nestedkeyvalue VALUES ('45112prib_i100M-1.0.0-Name-hun', '45112prib_i100M-1.0.0-Name', 'Internet 100 MB'); 
insert into nestedkeyvalue VALUES ('45112prib_i100M-1.0.0-Name-def', '45112prib_i100M-1.0.0-Name', 'Internet 100 MB'); 
insert into nestedkeyvalue VALUES ('45112prib_i100M-1.0.0-Name-unLocalized', '45112prib_i100M-1.0.0-Name', null); 
insert into keyvalue VALUES ('45112prib_i100M-1.0.0-Name', '45112prib_i100M-1.0.0', 'Pre-Offer-1.0.0-Name', null); 
insert into keyvalue VALUES ('45112prib_i100M-1.0.0-Warning_percent', '45112prib_i100M-1.0.0', 'Pre-Offer-1.0.0-Warning_percent', '80'); 
insert into nestedkeyvalue VALUES ('45112prib_i100M-1.0.0-Description-eng', '45112prib_i100M-1.0.0-Description', 'Ezzel az opcióval 100 MB áll rendelkezésedre a ciklus végéig 1486 Ft-ért. Ha többet szeretnél netezni, válassz kiegészítő adatopciót.'); 
insert into nestedkeyvalue VALUES ('45112prib_i100M-1.0.0-Description-hun', '45112prib_i100M-1.0.0-Description', '100 MB is available for you with this option until the end of your cycle for 1486 Ft. If you want to surf more, select an extra data option.'); 
insert into nestedkeyvalue VALUES ('45112prib_i100M-1.0.0-Description-def', '45112prib_i100M-1.0.0-Description', 'Ezzel az opcióval 100 MB áll rendelkezésedre a ciklus végéig 1486 Ft-ért. Ha többet szeretnél netezni, válassz kiegészítő adatopciót.'); 
insert into nestedkeyvalue VALUES ('45112prib_i100M-1.0.0-Description-unLocalized', '45112prib_i100M-1.0.0-Description', null); 
insert into keyvalue VALUES ('45112prib_i100M-1.0.0-Description', '45112prib_i100M-1.0.0', 'Pre-Offer-1.0.0-Description', null); 
insert into nestedkeyvalue VALUES ('45112prib_i100M-1.0.0-Warning_text-eng', '45112prib_i100M-1.0.0-Warning_text', 'Kedves Ügyfelünk! Elérted adatforgalmad 80%-át. 100%-nál a szolgáltatást számlazárásig szüneteltetjük. Adatforgalmi és egyéb információidat itt mindig díjmentesen elérheted.'); 
insert into nestedkeyvalue VALUES ('45112prib_i100M-1.0.0-Warning_text-hun', '45112prib_i100M-1.0.0-Warning_text', 'Dear Client, You have reached 80% of your data traffic. When reaching 100% of your limit, your service will be terminated until the closure of the billing period. Data traffic and additional information is available still free of charge.'); 
insert into nestedkeyvalue VALUES ('45112prib_i100M-1.0.0-Warning_text-def', '45112prib_i100M-1.0.0-Warning_text', 'Kedves Ügyfelünk! Elérted adatforgalmad 80%-át. 100%-nál a szolgáltatást számlazárásig szüneteltetjük. Adatforgalmi és egyéb információidat itt mindig díjmentesen elérheted.'); 
insert into nestedkeyvalue VALUES ('45112prib_i100M-1.0.0-Warning_text-unLocalized', '45112prib_i100M-1.0.0-Warning_text', null); 
insert into keyvalue VALUES ('45112prib_i100M-1.0.0-Warning_text', '45112prib_i100M-1.0.0', 'Pre-Offer-1.0.0-Warning_text', null); 
insert into objectrelation VALUES ('45112prib_i100M-1.0.0-Addon_ids-10007pria_100M', '45112prib_i100M-1.0.0-Addon_ids', '10007pria_100M-1.0.0'); 
insert into keyvalue VALUES ('45112prib_i100M-1.0.0-Addon_ids', '45112prib_i100M-1.0.0', 'Pre-Offer-1.0.0-Addon_ids', null); 
insert into keyvalue VALUES ('45112prib_i100M-1.0.0-Active', '45112prib_i100M-1.0.0', 'Pre-Offer-1.0.0-Active', 'false'); 
insert into keyvalue VALUES ('45112prib_i100M-1.0.0-Discount_counter_direction', '45112prib_i100M-1.0.0', 'Pre-Offer-1.0.0-Discount_counter_direction', 'down'); 
insert into keyvalue VALUES ('45112prib_i100M-1.0.0-Type', '45112prib_i100M-1.0.0', 'Pre-Offer-1.0.0-Type', 'IOYM'); 
insert into keyvalue VALUES ('45112prib_i100M-1.0.0-Throttling_limit_mb', '45112prib_i100M-1.0.0', 'Pre-Offer-1.0.0-Throttling_limit_mb', '100'); 
insert into keyvalue VALUES ('45112prib_i100M-1.0.0-Price', '45112prib_i100M-1.0.0', 'Pre-Offer-1.0.0-Price', '1486'); 
insert into keyvalue VALUES ('45112prib_i100M-1.0.0-Discount_id', '45112prib_i100M-1.0.0', 'Pre-Offer-1.0.0-Discount_id', '190'); 
insert into keyvalue VALUES ('45112prib_i100M-1.0.0-Online_selfcare_id', '45112prib_i100M-1.0.0', 'Pre-Offer-1.0.0-Online_selfcare_id', 'Internet100MB'); 
insert into keyvalue VALUES ('45112prib_i100M-1.0.0-Id', '45112prib_i100M-1.0.0', 'Pre-Offer-1.0.0-Id', '45112prib_i100M'); 
insert into object VALUES ('10001prib_Hplus-1.0.0', '10001prib_Hplus'); 
insert into objectrelation VALUES ('10001prib_Hplus-1.0.0-Upgrade_offer_ids-10001prib_Hplus', '10001prib_Hplus-1.0.0-Upgrade_offer_ids', '10001prib_Hplus-1.0.0'); 
insert into objectrelation VALUES ('10001prib_Hplus-1.0.0-Upgrade_offer_ids-10003prib_Pplus', '10001prib_Hplus-1.0.0-Upgrade_offer_ids', '10003prib_Pplus-1.0.0'); 
insert into objectrelation VALUES ('10001prib_Hplus-1.0.0-Upgrade_offer_ids-10004prib_Extra', '10001prib_Hplus-1.0.0-Upgrade_offer_ids', '10004prib_Extra-1.0.0'); 
insert into objectrelation VALUES ('10001prib_Hplus-1.0.0-Upgrade_offer_ids-10021prib_Z2G', '10001prib_Hplus-1.0.0-Upgrade_offer_ids', '10021prib_Z2G-1.0.0'); 
insert into keyvalue VALUES ('10001prib_Hplus-1.0.0-Upgrade_offer_ids', '10001prib_Hplus-1.0.0', 'Pre-Offer-1.0.0-Upgrade_offer_ids', null); 
insert into nestedkeyvalue VALUES ('10001prib_Hplus-1.0.0-Throttling_text-eng', '10001prib_Hplus-1.0.0-Throttling_text', 'Kedves Ügyfelünk! Elérted adatforgalmad 100%-át, így a szolgáltatást számlazárásig szüneteltetjük. Ha tovább interneteznél, válassz kiegészítő adatopciót.'); 
insert into nestedkeyvalue VALUES ('10001prib_Hplus-1.0.0-Throttling_text-hun', '10001prib_Hplus-1.0.0-Throttling_text', 'Dear Client, You have reached 100% of your data traffic limit, the service is terminated until the end of your billing period. If you want to surf the net, select a data option.'); 
insert into nestedkeyvalue VALUES ('10001prib_Hplus-1.0.0-Throttling_text-def', '10001prib_Hplus-1.0.0-Throttling_text', 'Kedves Ügyfelünk! Elérted adatforgalmad 100%-át, így a szolgáltatást számlazárásig szüneteltetjük. Ha tovább interneteznél, válassz kiegészítő adatopciót.'); 
insert into nestedkeyvalue VALUES ('10001prib_Hplus-1.0.0-Throttling_text-unLocalized', '10001prib_Hplus-1.0.0-Throttling_text', null); 
insert into keyvalue VALUES ('10001prib_Hplus-1.0.0-Throttling_text', '10001prib_Hplus-1.0.0', 'Pre-Offer-1.0.0-Throttling_text', null); 
insert into nestedkeyvalue VALUES ('10001prib_Hplus-1.0.0-Name-eng', '10001prib_Hplus-1.0.0-Name', 'ZsebNet 100'); 
insert into nestedkeyvalue VALUES ('10001prib_Hplus-1.0.0-Name-hun', '10001prib_Hplus-1.0.0-Name', 'Zsebnet 100 (Pocketnet 100)'); 
insert into nestedkeyvalue VALUES ('10001prib_Hplus-1.0.0-Name-def', '10001prib_Hplus-1.0.0-Name', 'ZsebNet 100'); 
insert into nestedkeyvalue VALUES ('10001prib_Hplus-1.0.0-Name-unLocalized', '10001prib_Hplus-1.0.0-Name', null); 
insert into keyvalue VALUES ('10001prib_Hplus-1.0.0-Name', '10001prib_Hplus-1.0.0', 'Pre-Offer-1.0.0-Name', null); 
insert into keyvalue VALUES ('10001prib_Hplus-1.0.0-Warning_percent', '10001prib_Hplus-1.0.0', 'Pre-Offer-1.0.0-Warning_percent', '80'); 
insert into nestedkeyvalue VALUES ('10001prib_Hplus-1.0.0-Description-eng', '10001prib_Hplus-1.0.0-Description', 'Ezzel az opcióval 100 MB áll rendelkezésedre a ciklus végéig 919 Ft-ért. Ha többet szeretnél netezni, válassz kiegészítő adatopciót.'); 
insert into nestedkeyvalue VALUES ('10001prib_Hplus-1.0.0-Description-hun', '10001prib_Hplus-1.0.0-Description', '100 MB is available for you with this option until the end of your cycle for 919 Ft. If you want to surf more, select an extra data option.'); 
insert into nestedkeyvalue VALUES ('10001prib_Hplus-1.0.0-Description-def', '10001prib_Hplus-1.0.0-Description', 'Ezzel az opcióval 100 MB áll rendelkezésedre a ciklus végéig 919 Ft-ért. Ha többet szeretnél netezni, válassz kiegészítő adatopciót.'); 
insert into nestedkeyvalue VALUES ('10001prib_Hplus-1.0.0-Description-unLocalized', '10001prib_Hplus-1.0.0-Description', null); 
insert into keyvalue VALUES ('10001prib_Hplus-1.0.0-Description', '10001prib_Hplus-1.0.0', 'Pre-Offer-1.0.0-Description', null); 
insert into nestedkeyvalue VALUES ('10001prib_Hplus-1.0.0-Warning_text-eng', '10001prib_Hplus-1.0.0-Warning_text', 'Kedves Ügyfelünk! Elérted adatforgalmad 80%-át. 100%-nál a szolgáltatást számlazárásig szüneteltetjük. Adatforgalmi és egyéb információidat itt mindig díjmentesen elérheted.'); 
insert into nestedkeyvalue VALUES ('10001prib_Hplus-1.0.0-Warning_text-hun', '10001prib_Hplus-1.0.0-Warning_text', 'Dear Client, You have reached 80% of your data traffic. When reaching 100% of your limit, your service will be terminated until the closure of the billing period. Data traffic and additional information is available still free of charge.'); 
insert into nestedkeyvalue VALUES ('10001prib_Hplus-1.0.0-Warning_text-def', '10001prib_Hplus-1.0.0-Warning_text', 'Kedves Ügyfelünk! Elérted adatforgalmad 80%-át. 100%-nál a szolgáltatást számlazárásig szüneteltetjük. Adatforgalmi és egyéb információidat itt mindig díjmentesen elérheted.'); 
insert into nestedkeyvalue VALUES ('10001prib_Hplus-1.0.0-Warning_text-unLocalized', '10001prib_Hplus-1.0.0-Warning_text', null); 
insert into keyvalue VALUES ('10001prib_Hplus-1.0.0-Warning_text', '10001prib_Hplus-1.0.0', 'Pre-Offer-1.0.0-Warning_text', null); 
insert into objectrelation VALUES ('10001prib_Hplus-1.0.0-Addon_ids-10007pria_100M', '10001prib_Hplus-1.0.0-Addon_ids', '10007pria_100M-1.0.0'); 
insert into objectrelation VALUES ('10001prib_Hplus-1.0.0-Addon_ids-10030pria_100w', '10001prib_Hplus-1.0.0-Addon_ids', '10030pria_100w-1.0.0'); 
insert into keyvalue VALUES ('10001prib_Hplus-1.0.0-Addon_ids', '10001prib_Hplus-1.0.0', 'Pre-Offer-1.0.0-Addon_ids', null); 
insert into keyvalue VALUES ('10001prib_Hplus-1.0.0-Active', '10001prib_Hplus-1.0.0', 'Pre-Offer-1.0.0-Active', 'true'); 
insert into keyvalue VALUES ('10001prib_Hplus-1.0.0-Discount_counter_direction', '10001prib_Hplus-1.0.0', 'Pre-Offer-1.0.0-Discount_counter_direction', 'down'); 
insert into keyvalue VALUES ('10001prib_Hplus-1.0.0-Type', '10001prib_Hplus-1.0.0', 'Pre-Offer-1.0.0-Type', 'IOYM'); 
insert into keyvalue VALUES ('10001prib_Hplus-1.0.0-Throttling_limit_mb', '10001prib_Hplus-1.0.0', 'Pre-Offer-1.0.0-Throttling_limit_mb', '100'); 
insert into keyvalue VALUES ('10001prib_Hplus-1.0.0-Price', '10001prib_Hplus-1.0.0', 'Pre-Offer-1.0.0-Price', '919'); 
insert into keyvalue VALUES ('10001prib_Hplus-1.0.0-Discount_id', '10001prib_Hplus-1.0.0', 'Pre-Offer-1.0.0-Discount_id', '191'); 
insert into keyvalue VALUES ('10001prib_Hplus-1.0.0-Online_selfcare_id', '10001prib_Hplus-1.0.0', 'Pre-Offer-1.0.0-Online_selfcare_id', 'ZsebNet100'); 
insert into keyvalue VALUES ('10001prib_Hplus-1.0.0-Id', '10001prib_Hplus-1.0.0', 'Pre-Offer-1.0.0-Id', '10001prib_Hplus'); 
insert into object VALUES ('10003prib_Pplus-1.0.0', '10003prib_Pplus'); 
insert into objectrelation VALUES ('10003prib_Pplus-1.0.0-Upgrade_offer_ids-10003prib_Pplus', '10003prib_Pplus-1.0.0-Upgrade_offer_ids', '10003prib_Pplus-1.0.0'); 
insert into objectrelation VALUES ('10003prib_Pplus-1.0.0-Upgrade_offer_ids-10004prib_Extra', '10003prib_Pplus-1.0.0-Upgrade_offer_ids', '10004prib_Extra-1.0.0'); 
insert into objectrelation VALUES ('10003prib_Pplus-1.0.0-Upgrade_offer_ids-10021prib_Z2G', '10003prib_Pplus-1.0.0-Upgrade_offer_ids', '10021prib_Z2G-1.0.0'); 
insert into keyvalue VALUES ('10003prib_Pplus-1.0.0-Upgrade_offer_ids', '10003prib_Pplus-1.0.0', 'Pre-Offer-1.0.0-Upgrade_offer_ids', null); 
insert into nestedkeyvalue VALUES ('10003prib_Pplus-1.0.0-Throttling_text-eng', '10003prib_Pplus-1.0.0-Throttling_text', 'Kedves Ügyfelünk! Elérted adatforgalmad 100%-át, így a szolgáltatást számlazárásig szüneteltetjük. Ha tovább interneteznél, válassz kiegészítő adatopciót.'); 
insert into nestedkeyvalue VALUES ('10003prib_Pplus-1.0.0-Throttling_text-hun', '10003prib_Pplus-1.0.0-Throttling_text', 'Dear Client, You have reached 100% of your data traffic limit, the service is terminated until the end of your billing period. If you want to surf the net, select a data option.'); 
insert into nestedkeyvalue VALUES ('10003prib_Pplus-1.0.0-Throttling_text-def', '10003prib_Pplus-1.0.0-Throttling_text', 'Kedves Ügyfelünk! Elérted adatforgalmad 100%-át, így a szolgáltatást számlazárásig szüneteltetjük. Ha tovább interneteznél, válassz kiegészítő adatopciót.'); 
insert into nestedkeyvalue VALUES ('10003prib_Pplus-1.0.0-Throttling_text-unLocalized', '10003prib_Pplus-1.0.0-Throttling_text', null); 
insert into keyvalue VALUES ('10003prib_Pplus-1.0.0-Throttling_text', '10003prib_Pplus-1.0.0', 'Pre-Offer-1.0.0-Throttling_text', null); 
insert into nestedkeyvalue VALUES ('10003prib_Pplus-1.0.0-Name-eng', '10003prib_Pplus-1.0.0-Name', 'ZsebNet 500'); 
insert into nestedkeyvalue VALUES ('10003prib_Pplus-1.0.0-Name-hun', '10003prib_Pplus-1.0.0-Name', 'Zsebnet 500 (Pocketnet 500)'); 
insert into nestedkeyvalue VALUES ('10003prib_Pplus-1.0.0-Name-def', '10003prib_Pplus-1.0.0-Name', 'ZsebNet 500'); 
insert into nestedkeyvalue VALUES ('10003prib_Pplus-1.0.0-Name-unLocalized', '10003prib_Pplus-1.0.0-Name', null); 
insert into keyvalue VALUES ('10003prib_Pplus-1.0.0-Name', '10003prib_Pplus-1.0.0', 'Pre-Offer-1.0.0-Name', null); 
insert into keyvalue VALUES ('10003prib_Pplus-1.0.0-Warning_percent', '10003prib_Pplus-1.0.0', 'Pre-Offer-1.0.0-Warning_percent', '80'); 
insert into nestedkeyvalue VALUES ('10003prib_Pplus-1.0.0-Description-eng', '10003prib_Pplus-1.0.0-Description', 'Ezzel az opcióval 500 MB áll rendelkezésedre a ciklus végéig 1848 Ft-ért. Ha többet szeretnél netezni, válassz kiegészítő adatopciót.'); 
insert into nestedkeyvalue VALUES ('10003prib_Pplus-1.0.0-Description-hun', '10003prib_Pplus-1.0.0-Description', '500 MB is available for you with this option until the end of your cycle for 1848 Ft. If you want to surf more, select an extra data option.'); 
insert into nestedkeyvalue VALUES ('10003prib_Pplus-1.0.0-Description-def', '10003prib_Pplus-1.0.0-Description', 'Ezzel az opcióval 500 MB áll rendelkezésedre a ciklus végéig 1848 Ft-ért. Ha többet szeretnél netezni, válassz kiegészítő adatopciót.'); 
insert into nestedkeyvalue VALUES ('10003prib_Pplus-1.0.0-Description-unLocalized', '10003prib_Pplus-1.0.0-Description', null); 
insert into keyvalue VALUES ('10003prib_Pplus-1.0.0-Description', '10003prib_Pplus-1.0.0', 'Pre-Offer-1.0.0-Description', null); 
insert into nestedkeyvalue VALUES ('10003prib_Pplus-1.0.0-Warning_text-eng', '10003prib_Pplus-1.0.0-Warning_text', 'Kedves Ügyfelünk! Elérted adatforgalmad 80%-át. 100%-nál a szolgáltatást számlazárásig szüneteltetjük. Adatforgalmi és egyéb információidat itt mindig díjmentesen elérheted.'); 
insert into nestedkeyvalue VALUES ('10003prib_Pplus-1.0.0-Warning_text-hun', '10003prib_Pplus-1.0.0-Warning_text', 'Dear Client, You have reached 80% of your data traffic. When reaching 100% of your limit, your service will be terminated until the closure of the billing period. Data traffic and additional information is available still free of charge.'); 
insert into nestedkeyvalue VALUES ('10003prib_Pplus-1.0.0-Warning_text-def', '10003prib_Pplus-1.0.0-Warning_text', 'Kedves Ügyfelünk! Elérted adatforgalmad 80%-át. 100%-nál a szolgáltatást számlazárásig szüneteltetjük. Adatforgalmi és egyéb információidat itt mindig díjmentesen elérheted.'); 
insert into nestedkeyvalue VALUES ('10003prib_Pplus-1.0.0-Warning_text-unLocalized', '10003prib_Pplus-1.0.0-Warning_text', null); 
insert into keyvalue VALUES ('10003prib_Pplus-1.0.0-Warning_text', '10003prib_Pplus-1.0.0', 'Pre-Offer-1.0.0-Warning_text', null); 
insert into objectrelation VALUES ('10003prib_Pplus-1.0.0-Addon_ids-10007pria_100M', '10003prib_Pplus-1.0.0-Addon_ids', '10007pria_100M-1.0.0'); 
insert into objectrelation VALUES ('10003prib_Pplus-1.0.0-Addon_ids-10005pria_500M', '10003prib_Pplus-1.0.0-Addon_ids', '10005pria_500M-1.0.0'); 
insert into objectrelation VALUES ('10003prib_Pplus-1.0.0-Addon_ids-10030pria_100w', '10003prib_Pplus-1.0.0-Addon_ids', '10030pria_100w-1.0.0'); 
insert into keyvalue VALUES ('10003prib_Pplus-1.0.0-Addon_ids', '10003prib_Pplus-1.0.0', 'Pre-Offer-1.0.0-Addon_ids', null); 
insert into keyvalue VALUES ('10003prib_Pplus-1.0.0-Active', '10003prib_Pplus-1.0.0', 'Pre-Offer-1.0.0-Active', 'true'); 
insert into keyvalue VALUES ('10003prib_Pplus-1.0.0-Discount_counter_direction', '10003prib_Pplus-1.0.0', 'Pre-Offer-1.0.0-Discount_counter_direction', 'down'); 
insert into keyvalue VALUES ('10003prib_Pplus-1.0.0-Type', '10003prib_Pplus-1.0.0', 'Pre-Offer-1.0.0-Type', 'IOYM'); 
insert into keyvalue VALUES ('10003prib_Pplus-1.0.0-Throttling_limit_mb', '10003prib_Pplus-1.0.0', 'Pre-Offer-1.0.0-Throttling_limit_mb', '500'); 
insert into keyvalue VALUES ('10003prib_Pplus-1.0.0-Price', '10003prib_Pplus-1.0.0', 'Pre-Offer-1.0.0-Price', '1848'); 
insert into keyvalue VALUES ('10003prib_Pplus-1.0.0-Discount_id', '10003prib_Pplus-1.0.0', 'Pre-Offer-1.0.0-Discount_id', '192'); 
insert into keyvalue VALUES ('10003prib_Pplus-1.0.0-Online_selfcare_id', '10003prib_Pplus-1.0.0', 'Pre-Offer-1.0.0-Online_selfcare_id', 'ZsebNet500'); 
insert into keyvalue VALUES ('10003prib_Pplus-1.0.0-Id', '10003prib_Pplus-1.0.0', 'Pre-Offer-1.0.0-Id', '10003prib_Pplus'); 
insert into object VALUES ('10004prib_Extra-1.0.0', '10004prib_Extra'); 
insert into objectrelation VALUES ('10004prib_Extra-1.0.0-Upgrade_offer_ids-10004prib_Extra', '10004prib_Extra-1.0.0-Upgrade_offer_ids', '10004prib_Extra-1.0.0'); 
insert into objectrelation VALUES ('10004prib_Extra-1.0.0-Upgrade_offer_ids-10021prib_Z2G', '10004prib_Extra-1.0.0-Upgrade_offer_ids', '10021prib_Z2G-1.0.0'); 
insert into keyvalue VALUES ('10004prib_Extra-1.0.0-Upgrade_offer_ids', '10004prib_Extra-1.0.0', 'Pre-Offer-1.0.0-Upgrade_offer_ids', null); 
insert into nestedkeyvalue VALUES ('10004prib_Extra-1.0.0-Throttling_text-eng', '10004prib_Extra-1.0.0-Throttling_text', 'Kedves Ügyfelünk! Elérted adatforgalmad 100%-át, így a szolgáltatást számlazárásig szüneteltetjük. Ha tovább interneteznél, válassz kiegészítő adatopciót.'); 
insert into nestedkeyvalue VALUES ('10004prib_Extra-1.0.0-Throttling_text-hun', '10004prib_Extra-1.0.0-Throttling_text', 'Dear Client, You have reached 100% of your data traffic limit, the service is terminated until the end of your billing period. If you want to surf the net, select a data option.'); 
insert into nestedkeyvalue VALUES ('10004prib_Extra-1.0.0-Throttling_text-def', '10004prib_Extra-1.0.0-Throttling_text', 'Kedves Ügyfelünk! Elérted adatforgalmad 100%-át, így a szolgáltatást számlazárásig szüneteltetjük. Ha tovább interneteznél, válassz kiegészítő adatopciót.'); 
insert into nestedkeyvalue VALUES ('10004prib_Extra-1.0.0-Throttling_text-unLocalized', '10004prib_Extra-1.0.0-Throttling_text', null); 
insert into keyvalue VALUES ('10004prib_Extra-1.0.0-Throttling_text', '10004prib_Extra-1.0.0', 'Pre-Offer-1.0.0-Throttling_text', null); 
insert into nestedkeyvalue VALUES ('10004prib_Extra-1.0.0-Name-eng', '10004prib_Extra-1.0.0-Name', 'ZsebNet 1000'); 
insert into nestedkeyvalue VALUES ('10004prib_Extra-1.0.0-Name-hun', '10004prib_Extra-1.0.0-Name', 'Zsebnet 1000 (Pocketnet 1000)'); 
insert into nestedkeyvalue VALUES ('10004prib_Extra-1.0.0-Name-def', '10004prib_Extra-1.0.0-Name', 'ZsebNet 1000'); 
insert into nestedkeyvalue VALUES ('10004prib_Extra-1.0.0-Name-unLocalized', '10004prib_Extra-1.0.0-Name', null); 
insert into keyvalue VALUES ('10004prib_Extra-1.0.0-Name', '10004prib_Extra-1.0.0', 'Pre-Offer-1.0.0-Name', null); 
insert into keyvalue VALUES ('10004prib_Extra-1.0.0-Warning_percent', '10004prib_Extra-1.0.0', 'Pre-Offer-1.0.0-Warning_percent', '80'); 
insert into nestedkeyvalue VALUES ('10004prib_Extra-1.0.0-Description-eng', '10004prib_Extra-1.0.0-Description', 'Ezzel az opcióval 1 GB áll rendelkezésedre a ciklus végéig 2313 Ft-ért. Ha többet szeretnél netezni, válassz kiegészítő adatopciót.'); 
insert into nestedkeyvalue VALUES ('10004prib_Extra-1.0.0-Description-hun', '10004prib_Extra-1.0.0-Description', '1 GB is available for you with this option until the end of your cycle for 2313 Ft. If you want to surf the net more, select our extra data option.'); 
insert into nestedkeyvalue VALUES ('10004prib_Extra-1.0.0-Description-def', '10004prib_Extra-1.0.0-Description', 'Ezzel az opcióval 1 GB áll rendelkezésedre a ciklus végéig 2313 Ft-ért. Ha többet szeretnél netezni, válassz kiegészítő adatopciót.'); 
insert into nestedkeyvalue VALUES ('10004prib_Extra-1.0.0-Description-unLocalized', '10004prib_Extra-1.0.0-Description', null); 
insert into keyvalue VALUES ('10004prib_Extra-1.0.0-Description', '10004prib_Extra-1.0.0', 'Pre-Offer-1.0.0-Description', null); 
insert into nestedkeyvalue VALUES ('10004prib_Extra-1.0.0-Warning_text-eng', '10004prib_Extra-1.0.0-Warning_text', 'Kedves Ügyfelünk! Elérted adatforgalmad 80%-át. 100%-nál a szolgáltatást számlazárásig szüneteltetjük. Adatforgalmi és egyéb információidat itt mindig díjmentesen elérheted.'); 
insert into nestedkeyvalue VALUES ('10004prib_Extra-1.0.0-Warning_text-hun', '10004prib_Extra-1.0.0-Warning_text', 'Dear Client, You have reached 80% of your data traffic. When reaching 100% of your limit, your service will be terminated until the closure of the billing period. Data traffic and additional information is available still free of charge.'); 
insert into nestedkeyvalue VALUES ('10004prib_Extra-1.0.0-Warning_text-def', '10004prib_Extra-1.0.0-Warning_text', 'Kedves Ügyfelünk! Elérted adatforgalmad 80%-át. 100%-nál a szolgáltatást számlazárásig szüneteltetjük. Adatforgalmi és egyéb információidat itt mindig díjmentesen elérheted.'); 
insert into nestedkeyvalue VALUES ('10004prib_Extra-1.0.0-Warning_text-unLocalized', '10004prib_Extra-1.0.0-Warning_text', null); 
insert into keyvalue VALUES ('10004prib_Extra-1.0.0-Warning_text', '10004prib_Extra-1.0.0', 'Pre-Offer-1.0.0-Warning_text', null); 
insert into objectrelation VALUES ('10004prib_Extra-1.0.0-Addon_ids-10007pria_100M', '10004prib_Extra-1.0.0-Addon_ids', '10007pria_100M-1.0.0'); 
insert into objectrelation VALUES ('10004prib_Extra-1.0.0-Addon_ids-10005pria_500M', '10004prib_Extra-1.0.0-Addon_ids', '10005pria_500M-1.0.0'); 
insert into objectrelation VALUES ('10004prib_Extra-1.0.0-Addon_ids-10008pria_1G', '10004prib_Extra-1.0.0-Addon_ids', '10008pria_1G-1.0.0'); 
insert into objectrelation VALUES ('10004prib_Extra-1.0.0-Addon_ids-10030pria_100w', '10004prib_Extra-1.0.0-Addon_ids', '10030pria_100w-1.0.0'); 
insert into keyvalue VALUES ('10004prib_Extra-1.0.0-Addon_ids', '10004prib_Extra-1.0.0', 'Pre-Offer-1.0.0-Addon_ids', null); 
insert into keyvalue VALUES ('10004prib_Extra-1.0.0-Active', '10004prib_Extra-1.0.0', 'Pre-Offer-1.0.0-Active', 'true'); 
insert into keyvalue VALUES ('10004prib_Extra-1.0.0-Discount_counter_direction', '10004prib_Extra-1.0.0', 'Pre-Offer-1.0.0-Discount_counter_direction', 'down'); 
insert into keyvalue VALUES ('10004prib_Extra-1.0.0-Type', '10004prib_Extra-1.0.0', 'Pre-Offer-1.0.0-Type', 'IOYM'); 
insert into keyvalue VALUES ('10004prib_Extra-1.0.0-Throttling_limit_mb', '10004prib_Extra-1.0.0', 'Pre-Offer-1.0.0-Throttling_limit_mb', '1024'); 
insert into keyvalue VALUES ('10004prib_Extra-1.0.0-Price', '10004prib_Extra-1.0.0', 'Pre-Offer-1.0.0-Price', '2313'); 
insert into keyvalue VALUES ('10004prib_Extra-1.0.0-Discount_id', '10004prib_Extra-1.0.0', 'Pre-Offer-1.0.0-Discount_id', '193'); 
insert into keyvalue VALUES ('10004prib_Extra-1.0.0-Online_selfcare_id', '10004prib_Extra-1.0.0', 'Pre-Offer-1.0.0-Online_selfcare_id', 'ZsebNet1000'); 
insert into keyvalue VALUES ('10004prib_Extra-1.0.0-Id', '10004prib_Extra-1.0.0', 'Pre-Offer-1.0.0-Id', '10004prib_Extra'); 
insert into object VALUES ('48025prib_Hobbi-1.0.0', '48025prib_Hobbi'); 
insert into objectrelation VALUES ('48025prib_Hobbi-1.0.0-Upgrade_offer_ids-10001prib_Hplus', '48025prib_Hobbi-1.0.0-Upgrade_offer_ids', '10001prib_Hplus-1.0.0'); 
insert into objectrelation VALUES ('48025prib_Hobbi-1.0.0-Upgrade_offer_ids-10003prib_Pplus', '48025prib_Hobbi-1.0.0-Upgrade_offer_ids', '10003prib_Pplus-1.0.0'); 
insert into objectrelation VALUES ('48025prib_Hobbi-1.0.0-Upgrade_offer_ids-10021prib_Z2G', '48025prib_Hobbi-1.0.0-Upgrade_offer_ids', '10021prib_Z2G-1.0.0'); 
insert into keyvalue VALUES ('48025prib_Hobbi-1.0.0-Upgrade_offer_ids', '48025prib_Hobbi-1.0.0', 'Pre-Offer-1.0.0-Upgrade_offer_ids', null); 
insert into nestedkeyvalue VALUES ('48025prib_Hobbi-1.0.0-Throttling_text-eng', '48025prib_Hobbi-1.0.0-Throttling_text', 'Kedves Ügyfelünk! Elérted adatforgalmad 100%-át, így a szolgáltatást számlazárásig szüneteltetjük. Ha tovább interneteznél, válassz kiegészítő adatopciót.'); 
insert into nestedkeyvalue VALUES ('48025prib_Hobbi-1.0.0-Throttling_text-hun', '48025prib_Hobbi-1.0.0-Throttling_text', 'Dear Client, You have reached 100% of your data traffic limit, the service is terminated until the end of your billing period. If you want to surf the net, select a data option.'); 
insert into nestedkeyvalue VALUES ('48025prib_Hobbi-1.0.0-Throttling_text-def', '48025prib_Hobbi-1.0.0-Throttling_text', 'Kedves Ügyfelünk! Elérted adatforgalmad 100%-át, így a szolgáltatást számlazárásig szüneteltetjük. Ha tovább interneteznél, válassz kiegészítő adatopciót.'); 
insert into nestedkeyvalue VALUES ('48025prib_Hobbi-1.0.0-Throttling_text-unLocalized', '48025prib_Hobbi-1.0.0-Throttling_text', null); 
insert into keyvalue VALUES ('48025prib_Hobbi-1.0.0-Throttling_text', '48025prib_Hobbi-1.0.0', 'Pre-Offer-1.0.0-Throttling_text', null); 
insert into nestedkeyvalue VALUES ('48025prib_Hobbi-1.0.0-Name-eng', '48025prib_Hobbi-1.0.0-Name', 'MobilWeb Hobbi'); 
insert into nestedkeyvalue VALUES ('48025prib_Hobbi-1.0.0-Name-hun', '48025prib_Hobbi-1.0.0-Name', 'MobilWeb Hobby'); 
insert into nestedkeyvalue VALUES ('48025prib_Hobbi-1.0.0-Name-def', '48025prib_Hobbi-1.0.0-Name', 'MobilWeb Hobbi'); 
insert into nestedkeyvalue VALUES ('48025prib_Hobbi-1.0.0-Name-unLocalized', '48025prib_Hobbi-1.0.0-Name', null); 
insert into keyvalue VALUES ('48025prib_Hobbi-1.0.0-Name', '48025prib_Hobbi-1.0.0', 'Pre-Offer-1.0.0-Name', null); 
insert into keyvalue VALUES ('48025prib_Hobbi-1.0.0-Warning_percent', '48025prib_Hobbi-1.0.0', 'Pre-Offer-1.0.0-Warning_percent', '80'); 
insert into nestedkeyvalue VALUES ('48025prib_Hobbi-1.0.0-Description-eng', '48025prib_Hobbi-1.0.0-Description', 'Ezzel az opcióval 100 MB áll rendelkezésedre a ciklus végéig 929 Ft-ért. Ha többet szeretnél netezni, válassz kiegészítő adatopciót.'); 
insert into nestedkeyvalue VALUES ('48025prib_Hobbi-1.0.0-Description-hun', '48025prib_Hobbi-1.0.0-Description', '100 MB is available for you with this option until the end of your cycle for 929 Ft. If you want to surf the net more, select our extra data option.'); 
insert into nestedkeyvalue VALUES ('48025prib_Hobbi-1.0.0-Description-def', '48025prib_Hobbi-1.0.0-Description', 'Ezzel az opcióval 100 MB áll rendelkezésedre a ciklus végéig 929 Ft-ért. Ha többet szeretnél netezni, válassz kiegészítő adatopciót.'); 
insert into nestedkeyvalue VALUES ('48025prib_Hobbi-1.0.0-Description-unLocalized', '48025prib_Hobbi-1.0.0-Description', null); 
insert into keyvalue VALUES ('48025prib_Hobbi-1.0.0-Description', '48025prib_Hobbi-1.0.0', 'Pre-Offer-1.0.0-Description', null); 
insert into nestedkeyvalue VALUES ('48025prib_Hobbi-1.0.0-Warning_text-eng', '48025prib_Hobbi-1.0.0-Warning_text', 'Kedves Ügyfelünk! Elérted adatforgalmad 80%-át. 100%-nál a szolgáltatást számlazárásig szüneteltetjük. Adatforgalmi és egyéb információidat itt mindig díjmentesen elérheted.'); 
insert into nestedkeyvalue VALUES ('48025prib_Hobbi-1.0.0-Warning_text-hun', '48025prib_Hobbi-1.0.0-Warning_text', 'Dear Client, You have reached 80% of your data traffic. When reaching 100% of your limit, your service will be terminated until the closure of the billing period. Data traffic and additional information is available still free of charge.'); 
insert into nestedkeyvalue VALUES ('48025prib_Hobbi-1.0.0-Warning_text-def', '48025prib_Hobbi-1.0.0-Warning_text', 'Kedves Ügyfelünk! Elérted adatforgalmad 80%-át. 100%-nál a szolgáltatást számlazárásig szüneteltetjük. Adatforgalmi és egyéb információidat itt mindig díjmentesen elérheted.'); 
insert into nestedkeyvalue VALUES ('48025prib_Hobbi-1.0.0-Warning_text-unLocalized', '48025prib_Hobbi-1.0.0-Warning_text', null); 
insert into keyvalue VALUES ('48025prib_Hobbi-1.0.0-Warning_text', '48025prib_Hobbi-1.0.0', 'Pre-Offer-1.0.0-Warning_text', null); 
insert into objectrelation VALUES ('48025prib_Hobbi-1.0.0-Addon_ids-10007pria_100M', '48025prib_Hobbi-1.0.0-Addon_ids', '10007pria_100M-1.0.0'); 
insert into keyvalue VALUES ('48025prib_Hobbi-1.0.0-Addon_ids', '48025prib_Hobbi-1.0.0', 'Pre-Offer-1.0.0-Addon_ids', null); 
insert into keyvalue VALUES ('48025prib_Hobbi-1.0.0-Active', '48025prib_Hobbi-1.0.0', 'Pre-Offer-1.0.0-Active', 'false'); 
insert into keyvalue VALUES ('48025prib_Hobbi-1.0.0-Discount_counter_direction', '48025prib_Hobbi-1.0.0', 'Pre-Offer-1.0.0-Discount_counter_direction', 'down'); 
insert into keyvalue VALUES ('48025prib_Hobbi-1.0.0-Type', '48025prib_Hobbi-1.0.0', 'Pre-Offer-1.0.0-Type', 'IOYM'); 
insert into keyvalue VALUES ('48025prib_Hobbi-1.0.0-Throttling_limit_mb', '48025prib_Hobbi-1.0.0', 'Pre-Offer-1.0.0-Throttling_limit_mb', '100'); 
insert into keyvalue VALUES ('48025prib_Hobbi-1.0.0-Price', '48025prib_Hobbi-1.0.0', 'Pre-Offer-1.0.0-Price', '929'); 
insert into keyvalue VALUES ('48025prib_Hobbi-1.0.0-Discount_id', '48025prib_Hobbi-1.0.0', 'Pre-Offer-1.0.0-Discount_id', '195'); 
insert into keyvalue VALUES ('48025prib_Hobbi-1.0.0-Online_selfcare_id', '48025prib_Hobbi-1.0.0', 'Pre-Offer-1.0.0-Online_selfcare_id', 'MobilWebHobbi'); 
insert into keyvalue VALUES ('48025prib_Hobbi-1.0.0-Id', '48025prib_Hobbi-1.0.0', 'Pre-Offer-1.0.0-Id', '48025prib_Hobbi'); 
insert into object VALUES ('48026prib_Profi-1.0.0', '48026prib_Profi'); 
insert into objectrelation VALUES ('48026prib_Profi-1.0.0-Upgrade_offer_ids-10003prib_Pplus', '48026prib_Profi-1.0.0-Upgrade_offer_ids', '10003prib_Pplus-1.0.0'); 
insert into objectrelation VALUES ('48026prib_Profi-1.0.0-Upgrade_offer_ids-10004prib_Extra', '48026prib_Profi-1.0.0-Upgrade_offer_ids', '10004prib_Extra-1.0.0'); 
insert into objectrelation VALUES ('48026prib_Profi-1.0.0-Upgrade_offer_ids-10021prib_Z2G', '48026prib_Profi-1.0.0-Upgrade_offer_ids', '10021prib_Z2G-1.0.0'); 
insert into keyvalue VALUES ('48026prib_Profi-1.0.0-Upgrade_offer_ids', '48026prib_Profi-1.0.0', 'Pre-Offer-1.0.0-Upgrade_offer_ids', null); 
insert into nestedkeyvalue VALUES ('48026prib_Profi-1.0.0-Throttling_text-eng', '48026prib_Profi-1.0.0-Throttling_text', 'Kedves Ügyfelünk! Elérted adatforgalmad 100%-át, így a szolgáltatást számlazárásig szüneteltetjük. Ha tovább interneteznél, válassz kiegészítő adatopciót.'); 
insert into nestedkeyvalue VALUES ('48026prib_Profi-1.0.0-Throttling_text-hun', '48026prib_Profi-1.0.0-Throttling_text', 'Dear Client, You have reached 100% of your data traffic limit, the service is terminated until the end of your billing period. If you want to surf the net, select a data option.'); 
insert into nestedkeyvalue VALUES ('48026prib_Profi-1.0.0-Throttling_text-def', '48026prib_Profi-1.0.0-Throttling_text', 'Kedves Ügyfelünk! Elérted adatforgalmad 100%-át, így a szolgáltatást számlazárásig szüneteltetjük. Ha tovább interneteznél, válassz kiegészítő adatopciót.'); 
insert into nestedkeyvalue VALUES ('48026prib_Profi-1.0.0-Throttling_text-unLocalized', '48026prib_Profi-1.0.0-Throttling_text', null); 
insert into keyvalue VALUES ('48026prib_Profi-1.0.0-Throttling_text', '48026prib_Profi-1.0.0', 'Pre-Offer-1.0.0-Throttling_text', null); 
insert into nestedkeyvalue VALUES ('48026prib_Profi-1.0.0-Name-eng', '48026prib_Profi-1.0.0-Name', 'MobilWeb Profi'); 
insert into nestedkeyvalue VALUES ('48026prib_Profi-1.0.0-Name-hun', '48026prib_Profi-1.0.0-Name', 'MobilWeb Professional'); 
insert into nestedkeyvalue VALUES ('48026prib_Profi-1.0.0-Name-def', '48026prib_Profi-1.0.0-Name', 'MobilWeb Profi'); 
insert into nestedkeyvalue VALUES ('48026prib_Profi-1.0.0-Name-unLocalized', '48026prib_Profi-1.0.0-Name', null); 
insert into keyvalue VALUES ('48026prib_Profi-1.0.0-Name', '48026prib_Profi-1.0.0', 'Pre-Offer-1.0.0-Name', null); 
insert into keyvalue VALUES ('48026prib_Profi-1.0.0-Warning_percent', '48026prib_Profi-1.0.0', 'Pre-Offer-1.0.0-Warning_percent', '80'); 
insert into nestedkeyvalue VALUES ('48026prib_Profi-1.0.0-Description-eng', '48026prib_Profi-1.0.0-Description', 'Ezzel az opcióval 500 MB áll rendelkezésedre a ciklus végéig 1858 Ft-ért. Ha többet szeretnél netezni, válassz kiegészítő adatopciót.'); 
insert into nestedkeyvalue VALUES ('48026prib_Profi-1.0.0-Description-hun', '48026prib_Profi-1.0.0-Description', '500 MB is available for you with this option until the end of your cycle for 1858 Ft. If you want to surf the net more, select our extra data option.'); 
insert into nestedkeyvalue VALUES ('48026prib_Profi-1.0.0-Description-def', '48026prib_Profi-1.0.0-Description', 'Ezzel az opcióval 500 MB áll rendelkezésedre a ciklus végéig 1858 Ft-ért. Ha többet szeretnél netezni, válassz kiegészítő adatopciót.'); 
insert into nestedkeyvalue VALUES ('48026prib_Profi-1.0.0-Description-unLocalized', '48026prib_Profi-1.0.0-Description', null); 
insert into keyvalue VALUES ('48026prib_Profi-1.0.0-Description', '48026prib_Profi-1.0.0', 'Pre-Offer-1.0.0-Description', null); 
insert into nestedkeyvalue VALUES ('48026prib_Profi-1.0.0-Warning_text-eng', '48026prib_Profi-1.0.0-Warning_text', 'Kedves Ügyfelünk! Elérted adatforgalmad 80%-át. 100%-nál a szolgáltatást számlazárásig szüneteltetjük. Adatforgalmi és egyéb információidat itt mindig díjmentesen elérheted.'); 
insert into nestedkeyvalue VALUES ('48026prib_Profi-1.0.0-Warning_text-hun', '48026prib_Profi-1.0.0-Warning_text', 'Dear Client, You have reached 80% of your data traffic. When reaching 100% of your limit, your service will be terminated until the closure of the billing period. Data traffic and additional information is available still free of charge.'); 
insert into nestedkeyvalue VALUES ('48026prib_Profi-1.0.0-Warning_text-def', '48026prib_Profi-1.0.0-Warning_text', 'Kedves Ügyfelünk! Elérted adatforgalmad 80%-át. 100%-nál a szolgáltatást számlazárásig szüneteltetjük. Adatforgalmi és egyéb információidat itt mindig díjmentesen elérheted.'); 
insert into nestedkeyvalue VALUES ('48026prib_Profi-1.0.0-Warning_text-unLocalized', '48026prib_Profi-1.0.0-Warning_text', null); 
insert into keyvalue VALUES ('48026prib_Profi-1.0.0-Warning_text', '48026prib_Profi-1.0.0', 'Pre-Offer-1.0.0-Warning_text', null); 
insert into objectrelation VALUES ('48026prib_Profi-1.0.0-Addon_ids-10007pria_100M', '48026prib_Profi-1.0.0-Addon_ids', '10007pria_100M-1.0.0'); 
insert into objectrelation VALUES ('48026prib_Profi-1.0.0-Addon_ids-10005pria_500M', '48026prib_Profi-1.0.0-Addon_ids', '10005pria_500M-1.0.0'); 
insert into keyvalue VALUES ('48026prib_Profi-1.0.0-Addon_ids', '48026prib_Profi-1.0.0', 'Pre-Offer-1.0.0-Addon_ids', null); 
insert into keyvalue VALUES ('48026prib_Profi-1.0.0-Active', '48026prib_Profi-1.0.0', 'Pre-Offer-1.0.0-Active', 'false'); 
insert into keyvalue VALUES ('48026prib_Profi-1.0.0-Discount_counter_direction', '48026prib_Profi-1.0.0', 'Pre-Offer-1.0.0-Discount_counter_direction', 'down'); 
insert into keyvalue VALUES ('48026prib_Profi-1.0.0-Type', '48026prib_Profi-1.0.0', 'Pre-Offer-1.0.0-Type', 'IOYM'); 
insert into keyvalue VALUES ('48026prib_Profi-1.0.0-Throttling_limit_mb', '48026prib_Profi-1.0.0', 'Pre-Offer-1.0.0-Throttling_limit_mb', '500'); 
insert into keyvalue VALUES ('48026prib_Profi-1.0.0-Price', '48026prib_Profi-1.0.0', 'Pre-Offer-1.0.0-Price', '1858'); 
insert into keyvalue VALUES ('48026prib_Profi-1.0.0-Discount_id', '48026prib_Profi-1.0.0', 'Pre-Offer-1.0.0-Discount_id', '196'); 
insert into keyvalue VALUES ('48026prib_Profi-1.0.0-Online_selfcare_id', '48026prib_Profi-1.0.0', 'Pre-Offer-1.0.0-Online_selfcare_id', 'MobilWebProfi'); 
insert into keyvalue VALUES ('48026prib_Profi-1.0.0-Id', '48026prib_Profi-1.0.0', 'Pre-Offer-1.0.0-Id', '48026prib_Profi'); 
insert into object VALUES ('10009prmb_Daily-1.0.0', '10009prmb_Daily'); 
insert into objectrelation VALUES ('10009prmb_Daily-1.0.0-Upgrade_offer_ids-10009prmb_Daily', '10009prmb_Daily-1.0.0-Upgrade_offer_ids', '10009prmb_Daily-1.0.0'); 
insert into objectrelation VALUES ('10009prmb_Daily-1.0.0-Upgrade_offer_ids-10010prmb_Week', '10009prmb_Daily-1.0.0-Upgrade_offer_ids', '10010prmb_Week-1.0.0'); 
insert into objectrelation VALUES ('10009prmb_Daily-1.0.0-Upgrade_offer_ids-10011prmb_Month', '10009prmb_Daily-1.0.0-Upgrade_offer_ids', '10011prmb_Month-1.0.0'); 
insert into keyvalue VALUES ('10009prmb_Daily-1.0.0-Upgrade_offer_ids', '10009prmb_Daily-1.0.0', 'Pre-Offer-1.0.0-Upgrade_offer_ids', null); 
insert into nestedkeyvalue VALUES ('10009prmb_Daily-1.0.0-Throttling_text-eng', '10009prmb_Daily-1.0.0-Throttling_text', 'Kedves Ügyfelünk! Elérted adatforgalmad 100%-át, így a szolgáltatást számlazárásig szüneteltetjük.'); 
insert into nestedkeyvalue VALUES ('10009prmb_Daily-1.0.0-Throttling_text-hun', '10009prmb_Daily-1.0.0-Throttling_text', 'Dear Client, You have reached 100% of your data traffic limit, the service is terminated until the end of your billing period.'); 
insert into nestedkeyvalue VALUES ('10009prmb_Daily-1.0.0-Throttling_text-def', '10009prmb_Daily-1.0.0-Throttling_text', 'Kedves Ügyfelünk! Elérted adatforgalmad 100%-át, így a szolgáltatást számlazárásig szüneteltetjük.'); 
insert into nestedkeyvalue VALUES ('10009prmb_Daily-1.0.0-Throttling_text-unLocalized', '10009prmb_Daily-1.0.0-Throttling_text', null); 
insert into keyvalue VALUES ('10009prmb_Daily-1.0.0-Throttling_text', '10009prmb_Daily-1.0.0', 'Pre-Offer-1.0.0-Throttling_text', null); 
insert into nestedkeyvalue VALUES ('10009prmb_Daily-1.0.0-Name-eng', '10009prmb_Daily-1.0.0-Name', 'Netjegy Napijegy'); 
insert into nestedkeyvalue VALUES ('10009prmb_Daily-1.0.0-Name-hun', '10009prmb_Daily-1.0.0-Name', 'NetTicket Daily'); 
insert into nestedkeyvalue VALUES ('10009prmb_Daily-1.0.0-Name-def', '10009prmb_Daily-1.0.0-Name', 'Netjegy Napijegy'); 
insert into nestedkeyvalue VALUES ('10009prmb_Daily-1.0.0-Name-unLocalized', '10009prmb_Daily-1.0.0-Name', null); 
insert into keyvalue VALUES ('10009prmb_Daily-1.0.0-Name', '10009prmb_Daily-1.0.0', 'Pre-Offer-1.0.0-Name', null); 
insert into keyvalue VALUES ('10009prmb_Daily-1.0.0-Warning_percent', '10009prmb_Daily-1.0.0', 'Pre-Offer-1.0.0-Warning_percent', '80'); 
insert into nestedkeyvalue VALUES ('10009prmb_Daily-1.0.0-Description-eng', '10009prmb_Daily-1.0.0-Description', 'A Netjegy Napijeggyel 24 órán keresztül internetezhetsz 641 Ft-ért, az 500 MB benne foglalt adatforgalom felhasználásáig.'); 
insert into nestedkeyvalue VALUES ('10009prmb_Daily-1.0.0-Description-hun', '10009prmb_Daily-1.0.0-Description', 'By using your NetTicket Daily for 641 Ft you are eligible to surf the net for 24 hours provided you do not exceed your 500 MB data traffic limit included in the plan.'); 
insert into nestedkeyvalue VALUES ('10009prmb_Daily-1.0.0-Description-def', '10009prmb_Daily-1.0.0-Description', 'A Netjegy Napijeggyel 24 órán keresztül internetezhetsz 641 Ft-ért, az 500 MB benne foglalt adatforgalom felhasználásáig.'); 
insert into nestedkeyvalue VALUES ('10009prmb_Daily-1.0.0-Description-unLocalized', '10009prmb_Daily-1.0.0-Description', null); 
insert into keyvalue VALUES ('10009prmb_Daily-1.0.0-Description', '10009prmb_Daily-1.0.0', 'Pre-Offer-1.0.0-Description', null); 
insert into nestedkeyvalue VALUES ('10009prmb_Daily-1.0.0-Warning_text-eng', '10009prmb_Daily-1.0.0-Warning_text', 'Kedves Ügyfelünk! Elérted adatforgalmad 80%-át. 100%-nál a szolgáltatást számlazárásig szüneteltetjük. Adatforgalmi és egyéb információidat itt mindig díjmentesen elérheted.'); 
insert into nestedkeyvalue VALUES ('10009prmb_Daily-1.0.0-Warning_text-hun', '10009prmb_Daily-1.0.0-Warning_text', 'Dear Client, You have reached 80% of your data traffic. When reaching 100% of your limit, your service will be terminated until the closure of the billing period. Data traffic and additional information is available still free of charge.'); 
insert into nestedkeyvalue VALUES ('10009prmb_Daily-1.0.0-Warning_text-def', '10009prmb_Daily-1.0.0-Warning_text', 'Kedves Ügyfelünk! Elérted adatforgalmad 80%-át. 100%-nál a szolgáltatást számlazárásig szüneteltetjük. Adatforgalmi és egyéb információidat itt mindig díjmentesen elérheted.'); 
insert into nestedkeyvalue VALUES ('10009prmb_Daily-1.0.0-Warning_text-unLocalized', '10009prmb_Daily-1.0.0-Warning_text', null); 
insert into keyvalue VALUES ('10009prmb_Daily-1.0.0-Warning_text', '10009prmb_Daily-1.0.0', 'Pre-Offer-1.0.0-Warning_text', null); 
insert into keyvalue VALUES ('10009prmb_Daily-1.0.0-Addon_ids', '10009prmb_Daily-1.0.0', 'Pre-Offer-1.0.0-Addon_ids', null); 
insert into keyvalue VALUES ('10009prmb_Daily-1.0.0-Active', '10009prmb_Daily-1.0.0', 'Pre-Offer-1.0.0-Active', 'true'); 
insert into keyvalue VALUES ('10009prmb_Daily-1.0.0-Discount_counter_direction', '10009prmb_Daily-1.0.0', 'Pre-Offer-1.0.0-Discount_counter_direction', 'down'); 
insert into keyvalue VALUES ('10009prmb_Daily-1.0.0-Type', '10009prmb_Daily-1.0.0', 'Pre-Offer-1.0.0-Type', 'MBB'); 
insert into keyvalue VALUES ('10009prmb_Daily-1.0.0-Throttling_limit_mb', '10009prmb_Daily-1.0.0', 'Pre-Offer-1.0.0-Throttling_limit_mb', '500'); 
insert into keyvalue VALUES ('10009prmb_Daily-1.0.0-Price', '10009prmb_Daily-1.0.0', 'Pre-Offer-1.0.0-Price', '641'); 
insert into keyvalue VALUES ('10009prmb_Daily-1.0.0-Discount_id', '10009prmb_Daily-1.0.0', 'Pre-Offer-1.0.0-Discount_id', '197'); 
insert into keyvalue VALUES ('10009prmb_Daily-1.0.0-Online_selfcare_id', '10009prmb_Daily-1.0.0', 'Pre-Offer-1.0.0-Online_selfcare_id', 'NetjegyNapijegy'); 
insert into keyvalue VALUES ('10009prmb_Daily-1.0.0-Id', '10009prmb_Daily-1.0.0', 'Pre-Offer-1.0.0-Id', '10009prmb_Daily'); 
insert into object VALUES ('10010prmb_Week-1.0.0', '10010prmb_Week'); 
insert into objectrelation VALUES ('10010prmb_Week-1.0.0-Upgrade_offer_ids-10009prmb_Daily', '10010prmb_Week-1.0.0-Upgrade_offer_ids', '10009prmb_Daily-1.0.0'); 
insert into objectrelation VALUES ('10010prmb_Week-1.0.0-Upgrade_offer_ids-10010prmb_Week', '10010prmb_Week-1.0.0-Upgrade_offer_ids', '10010prmb_Week-1.0.0'); 
insert into objectrelation VALUES ('10010prmb_Week-1.0.0-Upgrade_offer_ids-10011prmb_Month', '10010prmb_Week-1.0.0-Upgrade_offer_ids', '10011prmb_Month-1.0.0'); 
insert into keyvalue VALUES ('10010prmb_Week-1.0.0-Upgrade_offer_ids', '10010prmb_Week-1.0.0', 'Pre-Offer-1.0.0-Upgrade_offer_ids', null); 
insert into nestedkeyvalue VALUES ('10010prmb_Week-1.0.0-Throttling_text-eng', '10010prmb_Week-1.0.0-Throttling_text', 'Kedves Ügyfelünk! Elérted adatforgalmad 100%-át, így a szolgáltatást számlazárásig szüneteltetjük.'); 
insert into nestedkeyvalue VALUES ('10010prmb_Week-1.0.0-Throttling_text-hun', '10010prmb_Week-1.0.0-Throttling_text', 'Dear Client, You have reached 100% of your data traffic limit, the service is terminated until the end of your billing period.'); 
insert into nestedkeyvalue VALUES ('10010prmb_Week-1.0.0-Throttling_text-def', '10010prmb_Week-1.0.0-Throttling_text', 'Kedves Ügyfelünk! Elérted adatforgalmad 100%-át, így a szolgáltatást számlazárásig szüneteltetjük.'); 
insert into nestedkeyvalue VALUES ('10010prmb_Week-1.0.0-Throttling_text-unLocalized', '10010prmb_Week-1.0.0-Throttling_text', null); 
insert into keyvalue VALUES ('10010prmb_Week-1.0.0-Throttling_text', '10010prmb_Week-1.0.0', 'Pre-Offer-1.0.0-Throttling_text', null); 
insert into nestedkeyvalue VALUES ('10010prmb_Week-1.0.0-Name-eng', '10010prmb_Week-1.0.0-Name', 'Netjegy Hetijegy'); 
insert into nestedkeyvalue VALUES ('10010prmb_Week-1.0.0-Name-hun', '10010prmb_Week-1.0.0-Name', 'NetTicket Weekly'); 
insert into nestedkeyvalue VALUES ('10010prmb_Week-1.0.0-Name-def', '10010prmb_Week-1.0.0-Name', 'Netjegy Hetijegy'); 
insert into nestedkeyvalue VALUES ('10010prmb_Week-1.0.0-Name-unLocalized', '10010prmb_Week-1.0.0-Name', null); 
insert into keyvalue VALUES ('10010prmb_Week-1.0.0-Name', '10010prmb_Week-1.0.0', 'Pre-Offer-1.0.0-Name', null); 
insert into keyvalue VALUES ('10010prmb_Week-1.0.0-Warning_percent', '10010prmb_Week-1.0.0', 'Pre-Offer-1.0.0-Warning_percent', '80'); 
insert into nestedkeyvalue VALUES ('10010prmb_Week-1.0.0-Description-eng', '10010prmb_Week-1.0.0-Description', 'A Netjegy Hetijeggyel 168 órán keresztül internetezhetsz 2313 Ft-ért, az 1 GB benne foglalt adatforgalom felhasználásáig.'); 
insert into nestedkeyvalue VALUES ('10010prmb_Week-1.0.0-Description-hun', '10010prmb_Week-1.0.0-Description', 'By using your NetTicket Weekly for 2313 Ft you are eligible to surf the net for 168 hours provided you do not exceed your 1 GB data traffic limit included in the plan.'); 
insert into nestedkeyvalue VALUES ('10010prmb_Week-1.0.0-Description-def', '10010prmb_Week-1.0.0-Description', 'A Netjegy Hetijeggyel 168 órán keresztül internetezhetsz 2313 Ft-ért, az 1 GB benne foglalt adatforgalom felhasználásáig.'); 
insert into nestedkeyvalue VALUES ('10010prmb_Week-1.0.0-Description-unLocalized', '10010prmb_Week-1.0.0-Description', null); 
insert into keyvalue VALUES ('10010prmb_Week-1.0.0-Description', '10010prmb_Week-1.0.0', 'Pre-Offer-1.0.0-Description', null); 
insert into nestedkeyvalue VALUES ('10010prmb_Week-1.0.0-Warning_text-eng', '10010prmb_Week-1.0.0-Warning_text', 'Kedves Ügyfelünk! Elérted adatforgalmad 80%-át. 100%-nál a szolgáltatást számlazárásig szüneteltetjük. Adatforgalmi és egyéb információidat itt mindig díjmentesen elérheted.'); 
insert into nestedkeyvalue VALUES ('10010prmb_Week-1.0.0-Warning_text-hun', '10010prmb_Week-1.0.0-Warning_text', 'Dear Client, You have reached 80% of your data traffic. When reaching 100% of your limit, your service will be terminated until the closure of the billing period. Data traffic and additional information is available still free of charge.'); 
insert into nestedkeyvalue VALUES ('10010prmb_Week-1.0.0-Warning_text-def', '10010prmb_Week-1.0.0-Warning_text', 'Kedves Ügyfelünk! Elérted adatforgalmad 80%-át. 100%-nál a szolgáltatást számlazárásig szüneteltetjük. Adatforgalmi és egyéb információidat itt mindig díjmentesen elérheted.'); 
insert into nestedkeyvalue VALUES ('10010prmb_Week-1.0.0-Warning_text-unLocalized', '10010prmb_Week-1.0.0-Warning_text', null); 
insert into keyvalue VALUES ('10010prmb_Week-1.0.0-Warning_text', '10010prmb_Week-1.0.0', 'Pre-Offer-1.0.0-Warning_text', null); 
insert into keyvalue VALUES ('10010prmb_Week-1.0.0-Addon_ids', '10010prmb_Week-1.0.0', 'Pre-Offer-1.0.0-Addon_ids', null); 
insert into keyvalue VALUES ('10010prmb_Week-1.0.0-Active', '10010prmb_Week-1.0.0', 'Pre-Offer-1.0.0-Active', 'true'); 
insert into keyvalue VALUES ('10010prmb_Week-1.0.0-Discount_counter_direction', '10010prmb_Week-1.0.0', 'Pre-Offer-1.0.0-Discount_counter_direction', 'down'); 
insert into keyvalue VALUES ('10010prmb_Week-1.0.0-Type', '10010prmb_Week-1.0.0', 'Pre-Offer-1.0.0-Type', 'MBB'); 
insert into keyvalue VALUES ('10010prmb_Week-1.0.0-Throttling_limit_mb', '10010prmb_Week-1.0.0', 'Pre-Offer-1.0.0-Throttling_limit_mb', '1024'); 
insert into keyvalue VALUES ('10010prmb_Week-1.0.0-Price', '10010prmb_Week-1.0.0', 'Pre-Offer-1.0.0-Price', '2313'); 
insert into keyvalue VALUES ('10010prmb_Week-1.0.0-Discount_id', '10010prmb_Week-1.0.0', 'Pre-Offer-1.0.0-Discount_id', '198'); 
insert into keyvalue VALUES ('10010prmb_Week-1.0.0-Online_selfcare_id', '10010prmb_Week-1.0.0', 'Pre-Offer-1.0.0-Online_selfcare_id', 'NetjegyHetijegy'); 
insert into keyvalue VALUES ('10010prmb_Week-1.0.0-Id', '10010prmb_Week-1.0.0', 'Pre-Offer-1.0.0-Id', '10010prmb_Week'); 
insert into object VALUES ('10011prmb_Month-1.0.0', '10011prmb_Month'); 
insert into objectrelation VALUES ('10011prmb_Month-1.0.0-Upgrade_offer_ids-10009prmb_Daily', '10011prmb_Month-1.0.0-Upgrade_offer_ids', '10009prmb_Daily-1.0.0'); 
insert into objectrelation VALUES ('10011prmb_Month-1.0.0-Upgrade_offer_ids-10010prmb_Week', '10011prmb_Month-1.0.0-Upgrade_offer_ids', '10010prmb_Week-1.0.0'); 
insert into objectrelation VALUES ('10011prmb_Month-1.0.0-Upgrade_offer_ids-10011prmb_Month', '10011prmb_Month-1.0.0-Upgrade_offer_ids', '10011prmb_Month-1.0.0'); 
insert into keyvalue VALUES ('10011prmb_Month-1.0.0-Upgrade_offer_ids', '10011prmb_Month-1.0.0', 'Pre-Offer-1.0.0-Upgrade_offer_ids', null); 
insert into nestedkeyvalue VALUES ('10011prmb_Month-1.0.0-Throttling_text-eng', '10011prmb_Month-1.0.0-Throttling_text', 'Kedves Ügyfelünk! Elérted adatforgalmad 100%-át, így a szolgáltatást számlazárásig szüneteltetjük.'); 
insert into nestedkeyvalue VALUES ('10011prmb_Month-1.0.0-Throttling_text-hun', '10011prmb_Month-1.0.0-Throttling_text', 'Dear Client, You have reached 100% of your data traffic limit, the service is terminated until the end of your billing period.'); 
insert into nestedkeyvalue VALUES ('10011prmb_Month-1.0.0-Throttling_text-def', '10011prmb_Month-1.0.0-Throttling_text', 'Kedves Ügyfelünk! Elérted adatforgalmad 100%-át, így a szolgáltatást számlazárásig szüneteltetjük.'); 
insert into nestedkeyvalue VALUES ('10011prmb_Month-1.0.0-Throttling_text-unLocalized', '10011prmb_Month-1.0.0-Throttling_text', null); 
insert into keyvalue VALUES ('10011prmb_Month-1.0.0-Throttling_text', '10011prmb_Month-1.0.0', 'Pre-Offer-1.0.0-Throttling_text', null); 
insert into nestedkeyvalue VALUES ('10011prmb_Month-1.0.0-Name-eng', '10011prmb_Month-1.0.0-Name', 'Netjegy Havijegy'); 
insert into nestedkeyvalue VALUES ('10011prmb_Month-1.0.0-Name-hun', '10011prmb_Month-1.0.0-Name', 'NetTicket Monthly'); 
insert into nestedkeyvalue VALUES ('10011prmb_Month-1.0.0-Name-def', '10011prmb_Month-1.0.0-Name', 'Netjegy Havijegy'); 
insert into nestedkeyvalue VALUES ('10011prmb_Month-1.0.0-Name-unLocalized', '10011prmb_Month-1.0.0-Name', null); 
insert into keyvalue VALUES ('10011prmb_Month-1.0.0-Name', '10011prmb_Month-1.0.0', 'Pre-Offer-1.0.0-Name', null); 
insert into keyvalue VALUES ('10011prmb_Month-1.0.0-Warning_percent', '10011prmb_Month-1.0.0', 'Pre-Offer-1.0.0-Warning_percent', '80'); 
insert into nestedkeyvalue VALUES ('10011prmb_Month-1.0.0-Description-eng', '10011prmb_Month-1.0.0-Description', 'A Netjegy Havijeggyel 30 napon keresztül internetezhetsz 3707 Ft-ért, a 3 GB benne foglalt adatforgalom felhasználásáig.'); 
insert into nestedkeyvalue VALUES ('10011prmb_Month-1.0.0-Description-hun', '10011prmb_Month-1.0.0-Description', 'By using your NetTicket Monthly for 3707 Ft you are eligible to surf the net for 30 days provided you do not exceed your 3 GB data traffic limit included in the plan.'); 
insert into nestedkeyvalue VALUES ('10011prmb_Month-1.0.0-Description-def', '10011prmb_Month-1.0.0-Description', 'A Netjegy Havijeggyel 30 napon keresztül internetezhetsz 3707 Ft-ért, a 3 GB benne foglalt adatforgalom felhasználásáig.'); 
insert into nestedkeyvalue VALUES ('10011prmb_Month-1.0.0-Description-unLocalized', '10011prmb_Month-1.0.0-Description', null); 
insert into keyvalue VALUES ('10011prmb_Month-1.0.0-Description', '10011prmb_Month-1.0.0', 'Pre-Offer-1.0.0-Description', null); 
insert into nestedkeyvalue VALUES ('10011prmb_Month-1.0.0-Warning_text-eng', '10011prmb_Month-1.0.0-Warning_text', 'Kedves Ügyfelünk! Elérted adatforgalmad 80%-át. 100%-nál a szolgáltatást számlazárásig szüneteltetjük. Adatforgalmi és egyéb információidat itt mindig díjmentesen elérheted.'); 
insert into nestedkeyvalue VALUES ('10011prmb_Month-1.0.0-Warning_text-hun', '10011prmb_Month-1.0.0-Warning_text', 'Dear Client, You have reached 80% of your data traffic. When reaching 100% of your limit, your service will be terminated until the closure of the billing period. Data traffic and additional information is available still free of charge.'); 
insert into nestedkeyvalue VALUES ('10011prmb_Month-1.0.0-Warning_text-def', '10011prmb_Month-1.0.0-Warning_text', 'Kedves Ügyfelünk! Elérted adatforgalmad 80%-át. 100%-nál a szolgáltatást számlazárásig szüneteltetjük. Adatforgalmi és egyéb információidat itt mindig díjmentesen elérheted.'); 
insert into nestedkeyvalue VALUES ('10011prmb_Month-1.0.0-Warning_text-unLocalized', '10011prmb_Month-1.0.0-Warning_text', null); 
insert into keyvalue VALUES ('10011prmb_Month-1.0.0-Warning_text', '10011prmb_Month-1.0.0', 'Pre-Offer-1.0.0-Warning_text', null); 
insert into keyvalue VALUES ('10011prmb_Month-1.0.0-Addon_ids', '10011prmb_Month-1.0.0', 'Pre-Offer-1.0.0-Addon_ids', null); 
insert into keyvalue VALUES ('10011prmb_Month-1.0.0-Active', '10011prmb_Month-1.0.0', 'Pre-Offer-1.0.0-Active', 'true'); 
insert into keyvalue VALUES ('10011prmb_Month-1.0.0-Discount_counter_direction', '10011prmb_Month-1.0.0', 'Pre-Offer-1.0.0-Discount_counter_direction', 'down'); 
insert into keyvalue VALUES ('10011prmb_Month-1.0.0-Type', '10011prmb_Month-1.0.0', 'Pre-Offer-1.0.0-Type', 'MBB'); 
insert into keyvalue VALUES ('10011prmb_Month-1.0.0-Throttling_limit_mb', '10011prmb_Month-1.0.0', 'Pre-Offer-1.0.0-Throttling_limit_mb', '3072'); 
insert into keyvalue VALUES ('10011prmb_Month-1.0.0-Price', '10011prmb_Month-1.0.0', 'Pre-Offer-1.0.0-Price', '3707'); 
insert into keyvalue VALUES ('10011prmb_Month-1.0.0-Discount_id', '10011prmb_Month-1.0.0', 'Pre-Offer-1.0.0-Discount_id', '199'); 
insert into keyvalue VALUES ('10011prmb_Month-1.0.0-Online_selfcare_id', '10011prmb_Month-1.0.0', 'Pre-Offer-1.0.0-Online_selfcare_id', 'NetjegyHavijegy'); 
insert into keyvalue VALUES ('10011prmb_Month-1.0.0-Id', '10011prmb_Month-1.0.0', 'Pre-Offer-1.0.0-Id', '10011prmb_Month'); 
insert into object VALUES ('10002prib_Hpfr-1.0.0', '10002prib_Hpfr'); 
insert into objectrelation VALUES ('10002prib_Hpfr-1.0.0-Upgrade_offer_ids-10001prib_Hplus', '10002prib_Hpfr-1.0.0-Upgrade_offer_ids', '10001prib_Hplus-1.0.0'); 
insert into objectrelation VALUES ('10002prib_Hpfr-1.0.0-Upgrade_offer_ids-10003prib_Pplus', '10002prib_Hpfr-1.0.0-Upgrade_offer_ids', '10003prib_Pplus-1.0.0'); 
insert into keyvalue VALUES ('10002prib_Hpfr-1.0.0-Upgrade_offer_ids', '10002prib_Hpfr-1.0.0', 'Pre-Offer-1.0.0-Upgrade_offer_ids', null); 
insert into nestedkeyvalue VALUES ('10002prib_Hpfr-1.0.0-Throttling_text-eng', '10002prib_Hpfr-1.0.0-Throttling_text', 'Kedves Ügyfelünk! Elérted adatforgalmad 100%-át, így a szolgáltatást számlazárásig szüneteltetjük. Ha tovább interneteznél, válassz kiegészítő adatopciót.'); 
insert into nestedkeyvalue VALUES ('10002prib_Hpfr-1.0.0-Throttling_text-hun', '10002prib_Hpfr-1.0.0-Throttling_text', 'Dear Client, You have reached 100% of your data traffic limit, the service is terminated until the end of your billing period. If you want to surf the net, select a data option.'); 
insert into nestedkeyvalue VALUES ('10002prib_Hpfr-1.0.0-Throttling_text-def', '10002prib_Hpfr-1.0.0-Throttling_text', 'Kedves Ügyfelünk! Elérted adatforgalmad 100%-át, így a szolgáltatást számlazárásig szüneteltetjük. Ha tovább interneteznél, válassz kiegészítő adatopciót.'); 
insert into nestedkeyvalue VALUES ('10002prib_Hpfr-1.0.0-Throttling_text-unLocalized', '10002prib_Hpfr-1.0.0-Throttling_text', null); 
insert into keyvalue VALUES ('10002prib_Hpfr-1.0.0-Throttling_text', '10002prib_Hpfr-1.0.0', 'Pre-Offer-1.0.0-Throttling_text', null); 
insert into nestedkeyvalue VALUES ('10002prib_Hpfr-1.0.0-Name-eng', '10002prib_Hpfr-1.0.0-Name', '1 hó díjmentes 100MB'); 
insert into nestedkeyvalue VALUES ('10002prib_Hpfr-1.0.0-Name-hun', '10002prib_Hpfr-1.0.0-Name', '100 MB free of charge for 1 month.'); 
insert into nestedkeyvalue VALUES ('10002prib_Hpfr-1.0.0-Name-def', '10002prib_Hpfr-1.0.0-Name', '1 hó díjmentes 100MB'); 
insert into nestedkeyvalue VALUES ('10002prib_Hpfr-1.0.0-Name-unLocalized', '10002prib_Hpfr-1.0.0-Name', null); 
insert into keyvalue VALUES ('10002prib_Hpfr-1.0.0-Name', '10002prib_Hpfr-1.0.0', 'Pre-Offer-1.0.0-Name', null); 
insert into keyvalue VALUES ('10002prib_Hpfr-1.0.0-Warning_percent', '10002prib_Hpfr-1.0.0', 'Pre-Offer-1.0.0-Warning_percent', '80'); 
insert into nestedkeyvalue VALUES ('10002prib_Hpfr-1.0.0-Description-eng', '10002prib_Hpfr-1.0.0-Description', 'ZebNet 100 1 hó díjmentes'); 
insert into nestedkeyvalue VALUES ('10002prib_Hpfr-1.0.0-Description-hun', '10002prib_Hpfr-1.0.0-Description', 'ZebNet 100, 1 month free of charge'); 
insert into nestedkeyvalue VALUES ('10002prib_Hpfr-1.0.0-Description-def', '10002prib_Hpfr-1.0.0-Description', 'ZebNet 100 1 hó díjmentes'); 
insert into nestedkeyvalue VALUES ('10002prib_Hpfr-1.0.0-Description-unLocalized', '10002prib_Hpfr-1.0.0-Description', null); 
insert into keyvalue VALUES ('10002prib_Hpfr-1.0.0-Description', '10002prib_Hpfr-1.0.0', 'Pre-Offer-1.0.0-Description', null); 
insert into nestedkeyvalue VALUES ('10002prib_Hpfr-1.0.0-Warning_text-eng', '10002prib_Hpfr-1.0.0-Warning_text', 'Kedves Ügyfelünk! Elérted adatforgalmad 80%-át. 100%-nál a szolgáltatást számlazárásig szüneteltetjük. Adatforgalmi és egyéb információidat itt mindig díjmentesen elérheted.'); 
insert into nestedkeyvalue VALUES ('10002prib_Hpfr-1.0.0-Warning_text-hun', '10002prib_Hpfr-1.0.0-Warning_text', 'Dear Client, You have reached 80% of your data traffic. When reaching 100% of your limit, your service will be terminated until the closure of the billing period. Data traffic and additional information is available still free of charge.'); 
insert into nestedkeyvalue VALUES ('10002prib_Hpfr-1.0.0-Warning_text-def', '10002prib_Hpfr-1.0.0-Warning_text', 'Kedves Ügyfelünk! Elérted adatforgalmad 80%-át. 100%-nál a szolgáltatást számlazárásig szüneteltetjük. Adatforgalmi és egyéb információidat itt mindig díjmentesen elérheted.'); 
insert into nestedkeyvalue VALUES ('10002prib_Hpfr-1.0.0-Warning_text-unLocalized', '10002prib_Hpfr-1.0.0-Warning_text', null); 
insert into keyvalue VALUES ('10002prib_Hpfr-1.0.0-Warning_text', '10002prib_Hpfr-1.0.0', 'Pre-Offer-1.0.0-Warning_text', null); 
insert into objectrelation VALUES ('10002prib_Hpfr-1.0.0-Addon_ids-10007pria_100M', '10002prib_Hpfr-1.0.0-Addon_ids', '10007pria_100M-1.0.0'); 
insert into objectrelation VALUES ('10002prib_Hpfr-1.0.0-Addon_ids-10030pria_100w', '10002prib_Hpfr-1.0.0-Addon_ids', '10030pria_100w-1.0.0'); 
insert into keyvalue VALUES ('10002prib_Hpfr-1.0.0-Addon_ids', '10002prib_Hpfr-1.0.0', 'Pre-Offer-1.0.0-Addon_ids', null); 
insert into keyvalue VALUES ('10002prib_Hpfr-1.0.0-Active', '10002prib_Hpfr-1.0.0', 'Pre-Offer-1.0.0-Active', 'false'); 
insert into keyvalue VALUES ('10002prib_Hpfr-1.0.0-Discount_counter_direction', '10002prib_Hpfr-1.0.0', 'Pre-Offer-1.0.0-Discount_counter_direction', 'down'); 
insert into keyvalue VALUES ('10002prib_Hpfr-1.0.0-Type', '10002prib_Hpfr-1.0.0', 'Pre-Offer-1.0.0-Type', 'IOYM'); 
insert into keyvalue VALUES ('10002prib_Hpfr-1.0.0-Throttling_limit_mb', '10002prib_Hpfr-1.0.0', 'Pre-Offer-1.0.0-Throttling_limit_mb', '100'); 
insert into keyvalue VALUES ('10002prib_Hpfr-1.0.0-Price', '10002prib_Hpfr-1.0.0', 'Pre-Offer-1.0.0-Price', '0'); 
insert into keyvalue VALUES ('10002prib_Hpfr-1.0.0-Discount_id', '10002prib_Hpfr-1.0.0', 'Pre-Offer-1.0.0-Discount_id', '204'); 
insert into keyvalue VALUES ('10002prib_Hpfr-1.0.0-Online_selfcare_id', '10002prib_Hpfr-1.0.0', 'Pre-Offer-1.0.0-Online_selfcare_id', null); 
insert into keyvalue VALUES ('10002prib_Hpfr-1.0.0-Id', '10002prib_Hpfr-1.0.0', 'Pre-Offer-1.0.0-Id', '10002prib_Hpfr'); 
insert into object VALUES ('43080SCool-1.0.0', '43080SCool'); 
insert into keyvalue VALUES ('43080SCool-1.0.0-Upgrade_offer_ids', '43080SCool-1.0.0', 'Pre-Offer-1.0.0-Upgrade_offer_ids', null); 
insert into nestedkeyvalue VALUES ('43080SCool-1.0.0-Throttling_text-eng', '43080SCool-1.0.0-Throttling_text', 'Kedves Ügyfelünk! Elérted adatforgalmad 100%-át, így a szolgáltatást számlazárásig szüneteltetjük. Ha tovább interneteznél, válassz kiegészítő adatopciót.'); 
insert into nestedkeyvalue VALUES ('43080SCool-1.0.0-Throttling_text-hun', '43080SCool-1.0.0-Throttling_text', 'Dear Client, You have reached 100% of your data traffic limit, the service is terminated until the end of your billing period. If you want to surf the net, select a data option.'); 
insert into nestedkeyvalue VALUES ('43080SCool-1.0.0-Throttling_text-def', '43080SCool-1.0.0-Throttling_text', 'Kedves Ügyfelünk! Elérted adatforgalmad 100%-át, így a szolgáltatást számlazárásig szüneteltetjük. Ha tovább interneteznél, válassz kiegészítő adatopciót.'); 
insert into nestedkeyvalue VALUES ('43080SCool-1.0.0-Throttling_text-unLocalized', '43080SCool-1.0.0-Throttling_text', null); 
insert into keyvalue VALUES ('43080SCool-1.0.0-Throttling_text', '43080SCool-1.0.0', 'Pre-Offer-1.0.0-Throttling_text', null); 
insert into nestedkeyvalue VALUES ('43080SCool-1.0.0-Name-eng', '43080SCool-1.0.0-Name', 'Vitamax Scool'); 
insert into nestedkeyvalue VALUES ('43080SCool-1.0.0-Name-hun', '43080SCool-1.0.0-Name', 'Vitamax Scool'); 
insert into nestedkeyvalue VALUES ('43080SCool-1.0.0-Name-def', '43080SCool-1.0.0-Name', 'Vitamax Scool'); 
insert into nestedkeyvalue VALUES ('43080SCool-1.0.0-Name-unLocalized', '43080SCool-1.0.0-Name', null); 
insert into keyvalue VALUES ('43080SCool-1.0.0-Name', '43080SCool-1.0.0', 'Pre-Offer-1.0.0-Name', null); 
insert into keyvalue VALUES ('43080SCool-1.0.0-Warning_percent', '43080SCool-1.0.0', 'Pre-Offer-1.0.0-Warning_percent', '80'); 
insert into nestedkeyvalue VALUES ('43080SCool-1.0.0-Description-eng', '43080SCool-1.0.0-Description', 'Ezzel az opcióval 15 MB áll rendelkezésedre a ciklus végéig. Ha többet szeretnél netezni, válassz kiegészítő adatopciót.'); 
insert into nestedkeyvalue VALUES ('43080SCool-1.0.0-Description-hun', '43080SCool-1.0.0-Description', '15 MB is available for you with this option until the end of your cycle. If you want to surf the net more, select our extra data option.'); 
insert into nestedkeyvalue VALUES ('43080SCool-1.0.0-Description-def', '43080SCool-1.0.0-Description', 'Ezzel az opcióval 15 MB áll rendelkezésedre a ciklus végéig. Ha többet szeretnél netezni, válassz kiegészítő adatopciót.'); 
insert into nestedkeyvalue VALUES ('43080SCool-1.0.0-Description-unLocalized', '43080SCool-1.0.0-Description', null); 
insert into keyvalue VALUES ('43080SCool-1.0.0-Description', '43080SCool-1.0.0', 'Pre-Offer-1.0.0-Description', null); 
insert into nestedkeyvalue VALUES ('43080SCool-1.0.0-Warning_text-eng', '43080SCool-1.0.0-Warning_text', 'Kedves Ügyfelünk! Elérted adatforgalmad 80%-át. 100%-nál a szolgáltatást számlazárásig szüneteltetjük. Adatforgalmi és egyéb információidat itt mindig díjmentesen elérheted.'); 
insert into nestedkeyvalue VALUES ('43080SCool-1.0.0-Warning_text-hun', '43080SCool-1.0.0-Warning_text', 'Dear Client, You have reached 80% of your data traffic. When reaching 100% of your limit, your service will be terminated until the closure of the billing period. Data traffic and additional information is available still free of charge.'); 
insert into nestedkeyvalue VALUES ('43080SCool-1.0.0-Warning_text-def', '43080SCool-1.0.0-Warning_text', 'Kedves Ügyfelünk! Elérted adatforgalmad 80%-át. 100%-nál a szolgáltatást számlazárásig szüneteltetjük. Adatforgalmi és egyéb információidat itt mindig díjmentesen elérheted.'); 
insert into nestedkeyvalue VALUES ('43080SCool-1.0.0-Warning_text-unLocalized', '43080SCool-1.0.0-Warning_text', null); 
insert into keyvalue VALUES ('43080SCool-1.0.0-Warning_text', '43080SCool-1.0.0', 'Pre-Offer-1.0.0-Warning_text', null); 
insert into objectrelation VALUES ('43080SCool-1.0.0-Addon_ids-10007pria_100M', '43080SCool-1.0.0-Addon_ids', '10007pria_100M-1.0.0'); 
insert into keyvalue VALUES ('43080SCool-1.0.0-Addon_ids', '43080SCool-1.0.0', 'Pre-Offer-1.0.0-Addon_ids', null); 
insert into keyvalue VALUES ('43080SCool-1.0.0-Active', '43080SCool-1.0.0', 'Pre-Offer-1.0.0-Active', 'false'); 
insert into keyvalue VALUES ('43080SCool-1.0.0-Discount_counter_direction', '43080SCool-1.0.0', 'Pre-Offer-1.0.0-Discount_counter_direction', 'down'); 
insert into keyvalue VALUES ('43080SCool-1.0.0-Type', '43080SCool-1.0.0', 'Pre-Offer-1.0.0-Type', 'IOYM'); 
insert into keyvalue VALUES ('43080SCool-1.0.0-Throttling_limit_mb', '43080SCool-1.0.0', 'Pre-Offer-1.0.0-Throttling_limit_mb', '15'); 
insert into keyvalue VALUES ('43080SCool-1.0.0-Price', '43080SCool-1.0.0', 'Pre-Offer-1.0.0-Price', '0'); 
insert into keyvalue VALUES ('43080SCool-1.0.0-Kept_with_DQ', '43080SCool-1.0.0', 'Pre-Offer-1.0.0-Kept_with_DQ', 'true'); 
insert into keyvalue VALUES ('43080SCool-1.0.0-Discount_id', '43080SCool-1.0.0', 'Pre-Offer-1.0.0-Discount_id', '200'); 
insert into keyvalue VALUES ('43080SCool-1.0.0-Online_selfcare_id', '43080SCool-1.0.0', 'Pre-Offer-1.0.0-Online_selfcare_id', 'VitamaxScool'); 
insert into keyvalue VALUES ('43080SCool-1.0.0-Id', '43080SCool-1.0.0', 'Pre-Offer-1.0.0-Id', '43080SCool'); 
insert into object VALUES ('10014prib_Z100d-1.0.0', '10014prib_Z100d'); 
insert into objectrelation VALUES ('10014prib_Z100d-1.0.0-Upgrade_offer_ids-10001prib_Hplus', '10014prib_Z100d-1.0.0-Upgrade_offer_ids', '10001prib_Hplus-1.0.0'); 
insert into objectrelation VALUES ('10014prib_Z100d-1.0.0-Upgrade_offer_ids-10003prib_Pplus', '10014prib_Z100d-1.0.0-Upgrade_offer_ids', '10003prib_Pplus-1.0.0'); 
insert into objectrelation VALUES ('10014prib_Z100d-1.0.0-Upgrade_offer_ids-10004prib_Extra', '10014prib_Z100d-1.0.0-Upgrade_offer_ids', '10004prib_Extra-1.0.0'); 
insert into objectrelation VALUES ('10014prib_Z100d-1.0.0-Upgrade_offer_ids-10021prib_Z2G', '10014prib_Z100d-1.0.0-Upgrade_offer_ids', '10021prib_Z2G-1.0.0'); 
insert into keyvalue VALUES ('10014prib_Z100d-1.0.0-Upgrade_offer_ids', '10014prib_Z100d-1.0.0', 'Pre-Offer-1.0.0-Upgrade_offer_ids', null); 
insert into nestedkeyvalue VALUES ('10014prib_Z100d-1.0.0-Throttling_text-eng', '10014prib_Z100d-1.0.0-Throttling_text', 'Kedves Ügyfelünk! Elérted adatforgalmad 100%-át, így a szolgáltatást számlazárásig szüneteltetjük. Ha tovább interneteznél, válassz kiegészítő adatopciót.'); 
insert into nestedkeyvalue VALUES ('10014prib_Z100d-1.0.0-Throttling_text-hun', '10014prib_Z100d-1.0.0-Throttling_text', 'Dear Client, You have reached 100% of your data traffic limit, the service is terminated until the end of your billing period. If you want to surf the net, select a data option.'); 
insert into nestedkeyvalue VALUES ('10014prib_Z100d-1.0.0-Throttling_text-def', '10014prib_Z100d-1.0.0-Throttling_text', 'Kedves Ügyfelünk! Elérted adatforgalmad 100%-át, így a szolgáltatást számlazárásig szüneteltetjük. Ha tovább interneteznél, válassz kiegészítő adatopciót.'); 
insert into nestedkeyvalue VALUES ('10014prib_Z100d-1.0.0-Throttling_text-unLocalized', '10014prib_Z100d-1.0.0-Throttling_text', null); 
insert into keyvalue VALUES ('10014prib_Z100d-1.0.0-Throttling_text', '10014prib_Z100d-1.0.0', 'Pre-Offer-1.0.0-Throttling_text', null); 
insert into nestedkeyvalue VALUES ('10014prib_Z100d-1.0.0-Name-eng', '10014prib_Z100d-1.0.0-Name', 'ZsebNet 100 3hó 50%'); 
insert into nestedkeyvalue VALUES ('10014prib_Z100d-1.0.0-Name-hun', '10014prib_Z100d-1.0.0-Name', 'ZsebNet 100 3hó 50%'); 
insert into nestedkeyvalue VALUES ('10014prib_Z100d-1.0.0-Name-def', '10014prib_Z100d-1.0.0-Name', 'ZsebNet 100 3hó 50%'); 
insert into nestedkeyvalue VALUES ('10014prib_Z100d-1.0.0-Name-unLocalized', '10014prib_Z100d-1.0.0-Name', null); 
insert into keyvalue VALUES ('10014prib_Z100d-1.0.0-Name', '10014prib_Z100d-1.0.0', 'Pre-Offer-1.0.0-Name', null); 
insert into keyvalue VALUES ('10014prib_Z100d-1.0.0-Warning_percent', '10014prib_Z100d-1.0.0', 'Pre-Offer-1.0.0-Warning_percent', '80'); 
insert into nestedkeyvalue VALUES ('10014prib_Z100d-1.0.0-Description-un', '10014prib_Z100d-1.0.0-Description', 'unLocalized'); 
insert into keyvalue VALUES ('10014prib_Z100d-1.0.0-Description', '10014prib_Z100d-1.0.0', 'Pre-Offer-1.0.0-Description', 'Ezzel az opcióval 100 MB áll rendelkezésedre a ciklus végéig. Az opció kedvezményes ára 919 Ft. Ha többet szeretnél netezni, válaszd kiegészítő adat opciónkat.'); 
insert into nestedkeyvalue VALUES ('10014prib_Z100d-1.0.0-Warning_text-eng', '10014prib_Z100d-1.0.0-Warning_text', 'Kedves Ügyfelünk! Elérted adatforgalmad 80%-át. 100%-nál a szolgáltatást számlazárásig szüneteltetjük. Adatforgalmi és egyéb információidat itt mindig díjmentesen elérheted.'); 
insert into nestedkeyvalue VALUES ('10014prib_Z100d-1.0.0-Warning_text-hun', '10014prib_Z100d-1.0.0-Warning_text', 'Dear Client, You have reached 80% of your data traffic. When reaching 100% of your limit, your service will be terminated until the closure of the billing period. Data traffic and additional information is available still free of charge.'); 
insert into nestedkeyvalue VALUES ('10014prib_Z100d-1.0.0-Warning_text-def', '10014prib_Z100d-1.0.0-Warning_text', 'Kedves Ügyfelünk! Elérted adatforgalmad 80%-át. 100%-nál a szolgáltatást számlazárásig szüneteltetjük. Adatforgalmi és egyéb információidat itt mindig díjmentesen elérheted.'); 
insert into nestedkeyvalue VALUES ('10014prib_Z100d-1.0.0-Warning_text-unLocalized', '10014prib_Z100d-1.0.0-Warning_text', null); 
insert into keyvalue VALUES ('10014prib_Z100d-1.0.0-Warning_text', '10014prib_Z100d-1.0.0', 'Pre-Offer-1.0.0-Warning_text', null); 
insert into objectrelation VALUES ('10014prib_Z100d-1.0.0-Addon_ids-10007pria_100M', '10014prib_Z100d-1.0.0-Addon_ids', '10007pria_100M-1.0.0'); 
insert into objectrelation VALUES ('10014prib_Z100d-1.0.0-Addon_ids-10030pria_100w', '10014prib_Z100d-1.0.0-Addon_ids', '10030pria_100w-1.0.0'); 
insert into keyvalue VALUES ('10014prib_Z100d-1.0.0-Addon_ids', '10014prib_Z100d-1.0.0', 'Pre-Offer-1.0.0-Addon_ids', null); 
insert into keyvalue VALUES ('10014prib_Z100d-1.0.0-Active', '10014prib_Z100d-1.0.0', 'Pre-Offer-1.0.0-Active', 'false'); 
insert into keyvalue VALUES ('10014prib_Z100d-1.0.0-Discount_counter_direction', '10014prib_Z100d-1.0.0', 'Pre-Offer-1.0.0-Discount_counter_direction', 'down'); 
insert into keyvalue VALUES ('10014prib_Z100d-1.0.0-Type', '10014prib_Z100d-1.0.0', 'Pre-Offer-1.0.0-Type', 'IOYM'); 
insert into keyvalue VALUES ('10014prib_Z100d-1.0.0-Throttling_limit_mb', '10014prib_Z100d-1.0.0', 'Pre-Offer-1.0.0-Throttling_limit_mb', '100'); 
insert into keyvalue VALUES ('10014prib_Z100d-1.0.0-Price', '10014prib_Z100d-1.0.0', 'Pre-Offer-1.0.0-Price', '919'); 
insert into keyvalue VALUES ('10014prib_Z100d-1.0.0-Discount_id', '10014prib_Z100d-1.0.0', 'Pre-Offer-1.0.0-Discount_id', '233'); 
insert into keyvalue VALUES ('10014prib_Z100d-1.0.0-Online_selfcare_id', '10014prib_Z100d-1.0.0', 'Pre-Offer-1.0.0-Online_selfcare_id', 'ZsebNet100_3ho_50'); 
insert into keyvalue VALUES ('10014prib_Z100d-1.0.0-Id', '10014prib_Z100d-1.0.0', 'Pre-Offer-1.0.0-Id', '10014prib_Z100d'); 
insert into object VALUES ('10015prib_Z500d-1.0.0', '10015prib_Z500d'); 
insert into objectrelation VALUES ('10015prib_Z500d-1.0.0-Upgrade_offer_ids-10003prib_Pplus', '10015prib_Z500d-1.0.0-Upgrade_offer_ids', '10003prib_Pplus-1.0.0'); 
insert into objectrelation VALUES ('10015prib_Z500d-1.0.0-Upgrade_offer_ids-10004prib_Extra', '10015prib_Z500d-1.0.0-Upgrade_offer_ids', '10004prib_Extra-1.0.0'); 
insert into objectrelation VALUES ('10015prib_Z500d-1.0.0-Upgrade_offer_ids-10021prib_Z2G', '10015prib_Z500d-1.0.0-Upgrade_offer_ids', '10021prib_Z2G-1.0.0'); 
insert into keyvalue VALUES ('10015prib_Z500d-1.0.0-Upgrade_offer_ids', '10015prib_Z500d-1.0.0', 'Pre-Offer-1.0.0-Upgrade_offer_ids', null); 
insert into nestedkeyvalue VALUES ('10015prib_Z500d-1.0.0-Throttling_text-un', '10015prib_Z500d-1.0.0-Throttling_text', 'unLocalized'); 
insert into keyvalue VALUES ('10015prib_Z500d-1.0.0-Throttling_text', '10015prib_Z500d-1.0.0', 'Pre-Offer-1.0.0-Throttling_text', 'Kedves Ügyfelünk! Elérted adatforgalmad 100%-át, így a szolgáltatást számlazárásig szüneteltetjük. Ha tovább interneteznél, válassz kiegészítő adatopciót.'); 
insert into nestedkeyvalue VALUES ('10015prib_Z500d-1.0.0-Name-un', '10015prib_Z500d-1.0.0-Name', 'unLocalized'); 
insert into keyvalue VALUES ('10015prib_Z500d-1.0.0-Name', '10015prib_Z500d-1.0.0', 'Pre-Offer-1.0.0-Name', 'ZsebNet 500 3hó 50%'); 
insert into keyvalue VALUES ('10015prib_Z500d-1.0.0-Warning_percent', '10015prib_Z500d-1.0.0', 'Pre-Offer-1.0.0-Warning_percent', '80'); 
insert into nestedkeyvalue VALUES ('10015prib_Z500d-1.0.0-Description-un', '10015prib_Z500d-1.0.0-Description', 'unLocalized'); 
insert into keyvalue VALUES ('10015prib_Z500d-1.0.0-Description', '10015prib_Z500d-1.0.0', 'Pre-Offer-1.0.0-Description', 'Ezzel az opcióval 500 MB áll rendelkezésedre a ciklus végéig. Az opció kedvezményes ára 1848 Ft. Ha többet szeretnél netezni, válaszd kiegészítő adat opciónkat.'); 
insert into nestedkeyvalue VALUES ('10015prib_Z500d-1.0.0-Warning_text-un', '10015prib_Z500d-1.0.0-Warning_text', 'unLocalized'); 
insert into keyvalue VALUES ('10015prib_Z500d-1.0.0-Warning_text', '10015prib_Z500d-1.0.0', 'Pre-Offer-1.0.0-Warning_text', 'Kedves Ügyfelünk! Elérted adatforgalmad 80%-át. 100%-nál a szolgáltatást számlazárásig szüneteltetjük. Adatforgalmi és egyéb információidat itt mindig díjmentesen elérheted.'); 
insert into objectrelation VALUES ('10015prib_Z500d-1.0.0-Addon_ids-10007pria_100M', '10015prib_Z500d-1.0.0-Addon_ids', '10007pria_100M-1.0.0'); 
insert into objectrelation VALUES ('10015prib_Z500d-1.0.0-Addon_ids-10005pria_500M', '10015prib_Z500d-1.0.0-Addon_ids', '10005pria_500M-1.0.0'); 
insert into objectrelation VALUES ('10015prib_Z500d-1.0.0-Addon_ids-10030pria_100w', '10015prib_Z500d-1.0.0-Addon_ids', '10030pria_100w-1.0.0'); 
insert into keyvalue VALUES ('10015prib_Z500d-1.0.0-Addon_ids', '10015prib_Z500d-1.0.0', 'Pre-Offer-1.0.0-Addon_ids', null); 
insert into keyvalue VALUES ('10015prib_Z500d-1.0.0-Active', '10015prib_Z500d-1.0.0', 'Pre-Offer-1.0.0-Active', 'false'); 
insert into keyvalue VALUES ('10015prib_Z500d-1.0.0-Discount_counter_direction', '10015prib_Z500d-1.0.0', 'Pre-Offer-1.0.0-Discount_counter_direction', 'down'); 
insert into keyvalue VALUES ('10015prib_Z500d-1.0.0-Type', '10015prib_Z500d-1.0.0', 'Pre-Offer-1.0.0-Type', 'IOYM'); 
insert into keyvalue VALUES ('10015prib_Z500d-1.0.0-Throttling_limit_mb', '10015prib_Z500d-1.0.0', 'Pre-Offer-1.0.0-Throttling_limit_mb', '500'); 
insert into keyvalue VALUES ('10015prib_Z500d-1.0.0-Price', '10015prib_Z500d-1.0.0', 'Pre-Offer-1.0.0-Price', '1848'); 
insert into keyvalue VALUES ('10015prib_Z500d-1.0.0-Discount_id', '10015prib_Z500d-1.0.0', 'Pre-Offer-1.0.0-Discount_id', '234'); 
insert into keyvalue VALUES ('10015prib_Z500d-1.0.0-Online_selfcare_id', '10015prib_Z500d-1.0.0', 'Pre-Offer-1.0.0-Online_selfcare_id', 'ZsebNet500_3ho_50'); 
insert into keyvalue VALUES ('10015prib_Z500d-1.0.0-Id', '10015prib_Z500d-1.0.0', 'Pre-Offer-1.0.0-Id', '10015prib_Z500d'); 
insert into object VALUES ('10016prib_Z1Gd-1.0.0', '10016prib_Z1Gd'); 
insert into objectrelation VALUES ('10016prib_Z1Gd-1.0.0-Upgrade_offer_ids-10004prib_Extra', '10016prib_Z1Gd-1.0.0-Upgrade_offer_ids', '10004prib_Extra-1.0.0'); 
insert into objectrelation VALUES ('10016prib_Z1Gd-1.0.0-Upgrade_offer_ids-10021prib_Z2G', '10016prib_Z1Gd-1.0.0-Upgrade_offer_ids', '10021prib_Z2G-1.0.0'); 
insert into keyvalue VALUES ('10016prib_Z1Gd-1.0.0-Upgrade_offer_ids', '10016prib_Z1Gd-1.0.0', 'Pre-Offer-1.0.0-Upgrade_offer_ids', null); 
insert into nestedkeyvalue VALUES ('10016prib_Z1Gd-1.0.0-Throttling_text-un', '10016prib_Z1Gd-1.0.0-Throttling_text', 'unLocalized'); 
insert into keyvalue VALUES ('10016prib_Z1Gd-1.0.0-Throttling_text', '10016prib_Z1Gd-1.0.0', 'Pre-Offer-1.0.0-Throttling_text', 'Kedves Ügyfelünk! Elérted adatforgalmad 100%-át, így a szolgáltatást számlazárásig szüneteltetjük. Ha tovább interneteznél, válassz kiegészítő adatopciót.'); 
insert into nestedkeyvalue VALUES ('10016prib_Z1Gd-1.0.0-Name-un', '10016prib_Z1Gd-1.0.0-Name', 'unLocalized'); 
insert into keyvalue VALUES ('10016prib_Z1Gd-1.0.0-Name', '10016prib_Z1Gd-1.0.0', 'Pre-Offer-1.0.0-Name', 'ZsebNet 1000 3hó 50%'); 
insert into keyvalue VALUES ('10016prib_Z1Gd-1.0.0-Warning_percent', '10016prib_Z1Gd-1.0.0', 'Pre-Offer-1.0.0-Warning_percent', '80'); 
insert into nestedkeyvalue VALUES ('10016prib_Z1Gd-1.0.0-Description-un', '10016prib_Z1Gd-1.0.0-Description', 'unLocalized'); 
insert into keyvalue VALUES ('10016prib_Z1Gd-1.0.0-Description', '10016prib_Z1Gd-1.0.0', 'Pre-Offer-1.0.0-Description', 'Ezzel az opcióval 1 GB áll rendelkezésedre a ciklus végéig. Az opció kedvezményes ára 2313 Ft. Ha többet szeretnél netezni, válaszd kiegészítő adat opciónkat.'); 
insert into nestedkeyvalue VALUES ('10016prib_Z1Gd-1.0.0-Warning_text-un', '10016prib_Z1Gd-1.0.0-Warning_text', 'unLocalized'); 
insert into keyvalue VALUES ('10016prib_Z1Gd-1.0.0-Warning_text', '10016prib_Z1Gd-1.0.0', 'Pre-Offer-1.0.0-Warning_text', 'Kedves Ügyfelünk! Elérted adatforgalmad 80%-át. 100%-nál a szolgáltatást számlazárásig szüneteltetjük. Adatforgalmi és egyéb információidat itt mindig díjmentesen elérheted.'); 
insert into objectrelation VALUES ('10016prib_Z1Gd-1.0.0-Addon_ids-10007pria_100M', '10016prib_Z1Gd-1.0.0-Addon_ids', '10007pria_100M-1.0.0'); 
insert into objectrelation VALUES ('10016prib_Z1Gd-1.0.0-Addon_ids-10005pria_500M', '10016prib_Z1Gd-1.0.0-Addon_ids', '10005pria_500M-1.0.0'); 
insert into objectrelation VALUES ('10016prib_Z1Gd-1.0.0-Addon_ids-10008pria_1G', '10016prib_Z1Gd-1.0.0-Addon_ids', '10008pria_1G-1.0.0'); 
insert into objectrelation VALUES ('10016prib_Z1Gd-1.0.0-Addon_ids-10030pria_100w', '10016prib_Z1Gd-1.0.0-Addon_ids', '10030pria_100w-1.0.0'); 
insert into keyvalue VALUES ('10016prib_Z1Gd-1.0.0-Addon_ids', '10016prib_Z1Gd-1.0.0', 'Pre-Offer-1.0.0-Addon_ids', null); 
insert into keyvalue VALUES ('10016prib_Z1Gd-1.0.0-Active', '10016prib_Z1Gd-1.0.0', 'Pre-Offer-1.0.0-Active', 'false'); 
insert into keyvalue VALUES ('10016prib_Z1Gd-1.0.0-Discount_counter_direction', '10016prib_Z1Gd-1.0.0', 'Pre-Offer-1.0.0-Discount_counter_direction', 'down'); 
insert into keyvalue VALUES ('10016prib_Z1Gd-1.0.0-Type', '10016prib_Z1Gd-1.0.0', 'Pre-Offer-1.0.0-Type', 'IOYM'); 
insert into keyvalue VALUES ('10016prib_Z1Gd-1.0.0-Throttling_limit_mb', '10016prib_Z1Gd-1.0.0', 'Pre-Offer-1.0.0-Throttling_limit_mb', '1024'); 
insert into keyvalue VALUES ('10016prib_Z1Gd-1.0.0-Price', '10016prib_Z1Gd-1.0.0', 'Pre-Offer-1.0.0-Price', '2313'); 
insert into keyvalue VALUES ('10016prib_Z1Gd-1.0.0-Discount_id', '10016prib_Z1Gd-1.0.0', 'Pre-Offer-1.0.0-Discount_id', '235'); 
insert into keyvalue VALUES ('10016prib_Z1Gd-1.0.0-Online_selfcare_id', '10016prib_Z1Gd-1.0.0', 'Pre-Offer-1.0.0-Online_selfcare_id', 'ZsebNet1000_3ho_50'); 
insert into keyvalue VALUES ('10016prib_Z1Gd-1.0.0-Id', '10016prib_Z1Gd-1.0.0', 'Pre-Offer-1.0.0-Id', '10016prib_Z1Gd'); 
insert into object VALUES ('10021prib_Z2G-1.0.0', '10021prib_Z2G'); 
insert into objectrelation VALUES ('10021prib_Z2G-1.0.0-Upgrade_offer_ids-10021prib_Z2G', '10021prib_Z2G-1.0.0-Upgrade_offer_ids', '10021prib_Z2G-1.0.0'); 
insert into keyvalue VALUES ('10021prib_Z2G-1.0.0-Upgrade_offer_ids', '10021prib_Z2G-1.0.0', 'Pre-Offer-1.0.0-Upgrade_offer_ids', null); 
insert into nestedkeyvalue VALUES ('10021prib_Z2G-1.0.0-Throttling_text-eng', '10021prib_Z2G-1.0.0-Throttling_text', 'Tisztelt Ügyfelünk! Elérted adatforgalmad 100%-át, ezért a ZsebNet 2000 opciót töröltük. A netinfo.vodafone.hu oldalon válassz adatopcióink közül! Vodafone'); 
insert into nestedkeyvalue VALUES ('10021prib_Z2G-1.0.0-Throttling_text-hun', '10021prib_Z2G-1.0.0-Throttling_text', 'Dear Customer! You have reached 100% of your data usage, so ZsebNet 2000 has been removed from your subscription. Choose one out of our internet options on netinfo.vodafone.hu site! Vodafone'); 
insert into nestedkeyvalue VALUES ('10021prib_Z2G-1.0.0-Throttling_text-def', '10021prib_Z2G-1.0.0-Throttling_text', 'Tisztelt Ügyfelünk! Elérted adatforgalmad 100%-át, ezért a ZsebNet 2000 opciót töröltük. A netinfo.vodafone.hu oldalon válassz adatopcióink közül! Vodafone'); 
insert into nestedkeyvalue VALUES ('10021prib_Z2G-1.0.0-Throttling_text-unLocalized', '10021prib_Z2G-1.0.0-Throttling_text', null); 
insert into keyvalue VALUES ('10021prib_Z2G-1.0.0-Throttling_text', '10021prib_Z2G-1.0.0', 'Pre-Offer-1.0.0-Throttling_text', null); 
insert into nestedkeyvalue VALUES ('10021prib_Z2G-1.0.0-Name-eng', '10021prib_Z2G-1.0.0-Name', 'ZsebNet 2000'); 
insert into nestedkeyvalue VALUES ('10021prib_Z2G-1.0.0-Name-hun', '10021prib_Z2G-1.0.0-Name', 'ZsebNet 2000'); 
insert into nestedkeyvalue VALUES ('10021prib_Z2G-1.0.0-Name-def', '10021prib_Z2G-1.0.0-Name', 'ZsebNet 2000'); 
insert into nestedkeyvalue VALUES ('10021prib_Z2G-1.0.0-Name-unLocalized', '10021prib_Z2G-1.0.0-Name', null); 
insert into keyvalue VALUES ('10021prib_Z2G-1.0.0-Name', '10021prib_Z2G-1.0.0', 'Pre-Offer-1.0.0-Name', null); 
insert into keyvalue VALUES ('10021prib_Z2G-1.0.0-Warning_percent', '10021prib_Z2G-1.0.0', 'Pre-Offer-1.0.0-Warning_percent', '80'); 
insert into nestedkeyvalue VALUES ('10021prib_Z2G-1.0.0-Description-eng', '10021prib_Z2G-1.0.0-Description', 'Ezzel az opcióval 2 GB áll rendelkezésedre a ciklus végéig. Ha többet szeretnél netezni, válaszd kiegészítő adat opciónkat.'); 
insert into nestedkeyvalue VALUES ('10021prib_Z2G-1.0.0-Description-hun', '10021prib_Z2G-1.0.0-Description', 'This option gives you data up to 2 GB until expiration. If you want more, choose an internet add-on.'); 
insert into nestedkeyvalue VALUES ('10021prib_Z2G-1.0.0-Description-def', '10021prib_Z2G-1.0.0-Description', 'Ezzel az opcióval 2 GB áll rendelkezésedre a ciklus végéig. Ha többet szeretnél netezni, válaszd kiegészítő adat opciónkat.'); 
insert into nestedkeyvalue VALUES ('10021prib_Z2G-1.0.0-Description-unLocalized', '10021prib_Z2G-1.0.0-Description', null); 
insert into keyvalue VALUES ('10021prib_Z2G-1.0.0-Description', '10021prib_Z2G-1.0.0', 'Pre-Offer-1.0.0-Description', null); 
insert into nestedkeyvalue VALUES ('10021prib_Z2G-1.0.0-Warning_text-eng', '10021prib_Z2G-1.0.0-Warning_text', 'Kedves Ügyfelünk! Elérted adatforgalmad 80%-át. 100%-nál a szolgáltatást számlazárásig szüneteltetjük. Adatforgalmi és egyéb információidat itt mindig díjmentesen elérheted.'); 
insert into nestedkeyvalue VALUES ('10021prib_Z2G-1.0.0-Warning_text-hun', '10021prib_Z2G-1.0.0-Warning_text', 'Dear Client, You have reached 80% of your data traffic. When reaching 100% of your limit, your service will be terminated until the closure of the billing period. Data traffic and additional information is available still free of charge.'); 
insert into nestedkeyvalue VALUES ('10021prib_Z2G-1.0.0-Warning_text-def', '10021prib_Z2G-1.0.0-Warning_text', 'Kedves Ügyfelünk! Elérted adatforgalmad 80%-át. 100%-nál a szolgáltatást számlazárásig szüneteltetjük. Adatforgalmi és egyéb információidat itt mindig díjmentesen elérheted.'); 
insert into nestedkeyvalue VALUES ('10021prib_Z2G-1.0.0-Warning_text-unLocalized', '10021prib_Z2G-1.0.0-Warning_text', null); 
insert into keyvalue VALUES ('10021prib_Z2G-1.0.0-Warning_text', '10021prib_Z2G-1.0.0', 'Pre-Offer-1.0.0-Warning_text', null); 
insert into objectrelation VALUES ('10021prib_Z2G-1.0.0-Addon_ids-10007pria_100M', '10021prib_Z2G-1.0.0-Addon_ids', '10007pria_100M-1.0.0'); 
insert into objectrelation VALUES ('10021prib_Z2G-1.0.0-Addon_ids-10005pria_500M', '10021prib_Z2G-1.0.0-Addon_ids', '10005pria_500M-1.0.0'); 
insert into objectrelation VALUES ('10021prib_Z2G-1.0.0-Addon_ids-10008pria_1G', '10021prib_Z2G-1.0.0-Addon_ids', '10008pria_1G-1.0.0'); 
insert into objectrelation VALUES ('10021prib_Z2G-1.0.0-Addon_ids-10030pria_100w', '10021prib_Z2G-1.0.0-Addon_ids', '10030pria_100w-1.0.0'); 
insert into keyvalue VALUES ('10021prib_Z2G-1.0.0-Addon_ids', '10021prib_Z2G-1.0.0', 'Pre-Offer-1.0.0-Addon_ids', null); 
insert into keyvalue VALUES ('10021prib_Z2G-1.0.0-Active', '10021prib_Z2G-1.0.0', 'Pre-Offer-1.0.0-Active', 'true'); 
insert into keyvalue VALUES ('10021prib_Z2G-1.0.0-Discount_counter_direction', '10021prib_Z2G-1.0.0', 'Pre-Offer-1.0.0-Discount_counter_direction', 'down'); 
insert into keyvalue VALUES ('10021prib_Z2G-1.0.0-Type', '10021prib_Z2G-1.0.0', 'Pre-Offer-1.0.0-Type', 'IOYM'); 
insert into keyvalue VALUES ('10021prib_Z2G-1.0.0-Throttling_limit_mb', '10021prib_Z2G-1.0.0', 'Pre-Offer-1.0.0-Throttling_limit_mb', '2048'); 
insert into keyvalue VALUES ('10021prib_Z2G-1.0.0-Price', '10021prib_Z2G-1.0.0', 'Pre-Offer-1.0.0-Price', '3242'); 
insert into keyvalue VALUES ('10021prib_Z2G-1.0.0-Discount_id', '10021prib_Z2G-1.0.0', 'Pre-Offer-1.0.0-Discount_id', '248'); 
insert into keyvalue VALUES ('10021prib_Z2G-1.0.0-Online_selfcare_id', '10021prib_Z2G-1.0.0', 'Pre-Offer-1.0.0-Online_selfcare_id', 'ZsebNet2000'); 
insert into keyvalue VALUES ('10021prib_Z2G-1.0.0-Id', '10021prib_Z2G-1.0.0', 'Pre-Offer-1.0.0-Id', '10021prib_Z2G'); 
insert into object VALUES ('10022prib_Z2Gd-1.0.0', '10022prib_Z2Gd'); 
insert into objectrelation VALUES ('10022prib_Z2Gd-1.0.0-Upgrade_offer_ids-10021prib_Z2G', '10022prib_Z2Gd-1.0.0-Upgrade_offer_ids', '10021prib_Z2G-1.0.0'); 
insert into keyvalue VALUES ('10022prib_Z2Gd-1.0.0-Upgrade_offer_ids', '10022prib_Z2Gd-1.0.0', 'Pre-Offer-1.0.0-Upgrade_offer_ids', null); 
insert into nestedkeyvalue VALUES ('10022prib_Z2Gd-1.0.0-Throttling_text-eng', '10022prib_Z2Gd-1.0.0-Throttling_text', 'Tisztelt Ügyfelünk! Elérted adatforgalmad 100%-át, ezért a ZsebNet 2000 3hó 50% opciót töröltük. A netinfo.vodafone.hu oldalon válassz adatopcióink közül! Vodafone'); 
insert into nestedkeyvalue VALUES ('10022prib_Z2Gd-1.0.0-Throttling_text-hun', '10022prib_Z2Gd-1.0.0-Throttling_text', 'Dear Customer! You have reached 100% of your data usage, so ZsebNet 2000 3hó 50% has been removed from your subscription. Choose one out of our internet options on netinfo.vodafone.hu site! Vodafone'); 
insert into nestedkeyvalue VALUES ('10022prib_Z2Gd-1.0.0-Throttling_text-def', '10022prib_Z2Gd-1.0.0-Throttling_text', 'Tisztelt Ügyfelünk! Elérted adatforgalmad 100%-át, ezért a ZsebNet 2000 3hó 50% opciót töröltük. A netinfo.vodafone.hu oldalon válassz adatopcióink közül! Vodafone'); 
insert into nestedkeyvalue VALUES ('10022prib_Z2Gd-1.0.0-Throttling_text-unLocalized', '10022prib_Z2Gd-1.0.0-Throttling_text', null); 
insert into keyvalue VALUES ('10022prib_Z2Gd-1.0.0-Throttling_text', '10022prib_Z2Gd-1.0.0', 'Pre-Offer-1.0.0-Throttling_text', null); 
insert into nestedkeyvalue VALUES ('10022prib_Z2Gd-1.0.0-Name-eng', '10022prib_Z2Gd-1.0.0-Name', 'ZsebNet 2000 3hó 50%'); 
insert into nestedkeyvalue VALUES ('10022prib_Z2Gd-1.0.0-Name-hun', '10022prib_Z2Gd-1.0.0-Name', 'ZsebNet 2000 3hó 50%'); 
insert into nestedkeyvalue VALUES ('10022prib_Z2Gd-1.0.0-Name-def', '10022prib_Z2Gd-1.0.0-Name', 'ZsebNet 2000 3hó 50%'); 
insert into nestedkeyvalue VALUES ('10022prib_Z2Gd-1.0.0-Name-unLocalized', '10022prib_Z2Gd-1.0.0-Name', null); 
insert into keyvalue VALUES ('10022prib_Z2Gd-1.0.0-Name', '10022prib_Z2Gd-1.0.0', 'Pre-Offer-1.0.0-Name', null); 
insert into keyvalue VALUES ('10022prib_Z2Gd-1.0.0-Warning_percent', '10022prib_Z2Gd-1.0.0', 'Pre-Offer-1.0.0-Warning_percent', '80'); 
insert into nestedkeyvalue VALUES ('10022prib_Z2Gd-1.0.0-Description-eng', '10022prib_Z2Gd-1.0.0-Description', 'Ezzel az opcióval 2 GB áll rendelkezésedre a ciklus végéig. Ha többet szeretnél netezni, válaszd kiegészítő adat opciónkat.'); 
insert into nestedkeyvalue VALUES ('10022prib_Z2Gd-1.0.0-Description-hun', '10022prib_Z2Gd-1.0.0-Description', 'This option gives you data up to 2 GB until expiration. If you want more, choose an internet add-on.'); 
insert into nestedkeyvalue VALUES ('10022prib_Z2Gd-1.0.0-Description-def', '10022prib_Z2Gd-1.0.0-Description', 'Ezzel az opcióval 2 GB áll rendelkezésedre a ciklus végéig. Ha többet szeretnél netezni, válaszd kiegészítő adat opciónkat.'); 
insert into nestedkeyvalue VALUES ('10022prib_Z2Gd-1.0.0-Description-unLocalized', '10022prib_Z2Gd-1.0.0-Description', null); 
insert into keyvalue VALUES ('10022prib_Z2Gd-1.0.0-Description', '10022prib_Z2Gd-1.0.0', 'Pre-Offer-1.0.0-Description', null); 
insert into nestedkeyvalue VALUES ('10022prib_Z2Gd-1.0.0-Warning_text-eng', '10022prib_Z2Gd-1.0.0-Warning_text', 'Kedves Ügyfelünk! Elérted adatforgalmad 80%-át. 100%-nál a szolgáltatást számlazárásig szüneteltetjük. Adatforgalmi és egyéb információidat itt mindig díjmentesen elérheted.'); 
insert into nestedkeyvalue VALUES ('10022prib_Z2Gd-1.0.0-Warning_text-hun', '10022prib_Z2Gd-1.0.0-Warning_text', 'Dear Client, You have reached 80% of your data traffic. When reaching 100% of your limit, your service will be terminated until the closure of the billing period. Data traffic and additional information is available still free of charge.'); 
insert into nestedkeyvalue VALUES ('10022prib_Z2Gd-1.0.0-Warning_text-def', '10022prib_Z2Gd-1.0.0-Warning_text', 'Kedves Ügyfelünk! Elérted adatforgalmad 80%-át. 100%-nál a szolgáltatást számlazárásig szüneteltetjük. Adatforgalmi és egyéb információidat itt mindig díjmentesen elérheted.'); 
insert into nestedkeyvalue VALUES ('10022prib_Z2Gd-1.0.0-Warning_text-unLocalized', '10022prib_Z2Gd-1.0.0-Warning_text', null); 
insert into keyvalue VALUES ('10022prib_Z2Gd-1.0.0-Warning_text', '10022prib_Z2Gd-1.0.0', 'Pre-Offer-1.0.0-Warning_text', null); 
insert into objectrelation VALUES ('10022prib_Z2Gd-1.0.0-Addon_ids-10007pria_100M', '10022prib_Z2Gd-1.0.0-Addon_ids', '10007pria_100M-1.0.0'); 
insert into objectrelation VALUES ('10022prib_Z2Gd-1.0.0-Addon_ids-10005pria_500M', '10022prib_Z2Gd-1.0.0-Addon_ids', '10005pria_500M-1.0.0'); 
insert into objectrelation VALUES ('10022prib_Z2Gd-1.0.0-Addon_ids-10008pria_1G', '10022prib_Z2Gd-1.0.0-Addon_ids', '10008pria_1G-1.0.0'); 
insert into objectrelation VALUES ('10022prib_Z2Gd-1.0.0-Addon_ids-10030pria_100w', '10022prib_Z2Gd-1.0.0-Addon_ids', '10030pria_100w-1.0.0'); 
insert into keyvalue VALUES ('10022prib_Z2Gd-1.0.0-Addon_ids', '10022prib_Z2Gd-1.0.0', 'Pre-Offer-1.0.0-Addon_ids', null); 
insert into keyvalue VALUES ('10022prib_Z2Gd-1.0.0-Active', '10022prib_Z2Gd-1.0.0', 'Pre-Offer-1.0.0-Active', 'false'); 
insert into keyvalue VALUES ('10022prib_Z2Gd-1.0.0-Discount_counter_direction', '10022prib_Z2Gd-1.0.0', 'Pre-Offer-1.0.0-Discount_counter_direction', 'down'); 
insert into keyvalue VALUES ('10022prib_Z2Gd-1.0.0-Type', '10022prib_Z2Gd-1.0.0', 'Pre-Offer-1.0.0-Type', 'IOYM'); 
insert into keyvalue VALUES ('10022prib_Z2Gd-1.0.0-Throttling_limit_mb', '10022prib_Z2Gd-1.0.0', 'Pre-Offer-1.0.0-Throttling_limit_mb', '2048'); 
insert into keyvalue VALUES ('10022prib_Z2Gd-1.0.0-Price', '10022prib_Z2Gd-1.0.0', 'Pre-Offer-1.0.0-Price', '3242'); 
insert into keyvalue VALUES ('10022prib_Z2Gd-1.0.0-Discount_id', '10022prib_Z2Gd-1.0.0', 'Pre-Offer-1.0.0-Discount_id', '249'); 
insert into keyvalue VALUES ('10022prib_Z2Gd-1.0.0-Online_selfcare_id', '10022prib_Z2Gd-1.0.0', 'Pre-Offer-1.0.0-Online_selfcare_id', 'ZsebNet2000_3ho_50'); 
insert into keyvalue VALUES ('10022prib_Z2Gd-1.0.0-Id', '10022prib_Z2Gd-1.0.0', 'Pre-Offer-1.0.0-Id', '10022prib_Z2Gd'); 
insert into object VALUES ('10023SmartPB3-1.0.0', '10023SmartPB3'); 
insert into keyvalue VALUES ('10023SmartPB3-1.0.0-Upgrade_offer_ids', '10023SmartPB3-1.0.0', 'Pre-Offer-1.0.0-Upgrade_offer_ids', null); 
insert into nestedkeyvalue VALUES ('10023SmartPB3-1.0.0-Throttling_text-eng', '10023SmartPB3-1.0.0-Throttling_text', 'Kedves Ügyfelünk! Elérted az adatforgalmi limitet. Ha tovább interneteznél, válassz Plusz adat opcióink közül!'); 
insert into nestedkeyvalue VALUES ('10023SmartPB3-1.0.0-Throttling_text-hun', '10023SmartPB3-1.0.0-Throttling_text', 'Dear Client, You have reached 100% of your data traffic limit, the service is terminated until the end of your billing period. If you want to surf the net, select a data option.'); 
insert into nestedkeyvalue VALUES ('10023SmartPB3-1.0.0-Throttling_text-def', '10023SmartPB3-1.0.0-Throttling_text', 'Kedves Ügyfelünk! Elérted az adatforgalmi limitet. Ha tovább interneteznél, válassz Plusz adat opcióink közül!'); 
insert into nestedkeyvalue VALUES ('10023SmartPB3-1.0.0-Throttling_text-unLocalized', '10023SmartPB3-1.0.0-Throttling_text', null); 
insert into keyvalue VALUES ('10023SmartPB3-1.0.0-Throttling_text', '10023SmartPB3-1.0.0', 'Pre-Offer-1.0.0-Throttling_text', null); 
insert into nestedkeyvalue VALUES ('10023SmartPB3-1.0.0-Name-eng', '10023SmartPB3-1.0.0-Name', 'Vodafone Max L'); 
insert into nestedkeyvalue VALUES ('10023SmartPB3-1.0.0-Name-hun', '10023SmartPB3-1.0.0-Name', 'Vodafone Max L'); 
insert into nestedkeyvalue VALUES ('10023SmartPB3-1.0.0-Name-def', '10023SmartPB3-1.0.0-Name', 'Vodafone Max L'); 
insert into nestedkeyvalue VALUES ('10023SmartPB3-1.0.0-Name-unLocalized', '10023SmartPB3-1.0.0-Name', null); 
insert into keyvalue VALUES ('10023SmartPB3-1.0.0-Name', '10023SmartPB3-1.0.0', 'Pre-Offer-1.0.0-Name', null); 
insert into keyvalue VALUES ('10023SmartPB3-1.0.0-Warning_percent', '10023SmartPB3-1.0.0', 'Pre-Offer-1.0.0-Warning_percent', '80'); 
insert into nestedkeyvalue VALUES ('10023SmartPB3-1.0.0-Description-eng', '10023SmartPB3-1.0.0-Description', 'A Vodafone Max L tarifacsomaggal csoporton belül díjmentesen beszélgethetsz. A csomag díja 3858 FT, amely még 100 bármely irányba lebeszélhető percet vagy SMS-t, illetve 1 GB internetet is tartalmaz.'); 
insert into nestedkeyvalue VALUES ('10023SmartPB3-1.0.0-Description-hun', '10023SmartPB3-1.0.0-Description', ''); 
insert into nestedkeyvalue VALUES ('10023SmartPB3-1.0.0-Description-def', '10023SmartPB3-1.0.0-Description', 'A Vodafone Max L tarifacsomaggal csoporton belül díjmentesen beszélgethetsz. A csomag díja 3858 FT, amely még 100 bármely irányba lebeszélhető percet vagy SMS-t, illetve 1 GB internetet is tartalmaz.'); 
insert into nestedkeyvalue VALUES ('10023SmartPB3-1.0.0-Description-unLocalized', '10023SmartPB3-1.0.0-Description', null); 
insert into keyvalue VALUES ('10023SmartPB3-1.0.0-Description', '10023SmartPB3-1.0.0', 'Pre-Offer-1.0.0-Description', null); 
insert into nestedkeyvalue VALUES ('10023SmartPB3-1.0.0-Warning_text-eng', '10023SmartPB3-1.0.0-Warning_text', 'Kedves Ügyfelünk! Elérted adatforgalmad 80%-át. 100%-nál a szolgáltatást számlazárásig szüneteltetjük. Adatforgalmi és egyéb információidat itt mindig díjmentesen elérheted.'); 
insert into nestedkeyvalue VALUES ('10023SmartPB3-1.0.0-Warning_text-hun', '10023SmartPB3-1.0.0-Warning_text', 'Dear Client, You have reached 80% of your data traffic. When reaching 100% of your limit, your service will be terminated until the closure of the billing period. Data traffic and additional information is available still free of charge.'); 
insert into nestedkeyvalue VALUES ('10023SmartPB3-1.0.0-Warning_text-def', '10023SmartPB3-1.0.0-Warning_text', 'Kedves Ügyfelünk! Elérted adatforgalmad 80%-át. 100%-nál a szolgáltatást számlazárásig szüneteltetjük. Adatforgalmi és egyéb információidat itt mindig díjmentesen elérheted.'); 
insert into nestedkeyvalue VALUES ('10023SmartPB3-1.0.0-Warning_text-unLocalized', '10023SmartPB3-1.0.0-Warning_text', null); 
insert into keyvalue VALUES ('10023SmartPB3-1.0.0-Warning_text', '10023SmartPB3-1.0.0', 'Pre-Offer-1.0.0-Warning_text', null); 
insert into objectrelation VALUES ('10023SmartPB3-1.0.0-Addon_ids-10007pria_100M', '10023SmartPB3-1.0.0-Addon_ids', '10007pria_100M-1.0.0'); 
insert into objectrelation VALUES ('10023SmartPB3-1.0.0-Addon_ids-10005pria_500M', '10023SmartPB3-1.0.0-Addon_ids', '10005pria_500M-1.0.0'); 
insert into objectrelation VALUES ('10023SmartPB3-1.0.0-Addon_ids-10008pria_1G', '10023SmartPB3-1.0.0-Addon_ids', '10008pria_1G-1.0.0'); 
insert into objectrelation VALUES ('10023SmartPB3-1.0.0-Addon_ids-10030pria_100w', '10023SmartPB3-1.0.0-Addon_ids', '10030pria_100w-1.0.0'); 
insert into keyvalue VALUES ('10023SmartPB3-1.0.0-Addon_ids', '10023SmartPB3-1.0.0', 'Pre-Offer-1.0.0-Addon_ids', null); 
insert into keyvalue VALUES ('10023SmartPB3-1.0.0-Active', '10023SmartPB3-1.0.0', 'Pre-Offer-1.0.0-Active', 'false'); 
insert into keyvalue VALUES ('10023SmartPB3-1.0.0-Discount_counter_direction', '10023SmartPB3-1.0.0', 'Pre-Offer-1.0.0-Discount_counter_direction', 'down'); 
insert into keyvalue VALUES ('10023SmartPB3-1.0.0-Type', '10023SmartPB3-1.0.0', 'Pre-Offer-1.0.0-Type', 'IOYM'); 
insert into keyvalue VALUES ('10023SmartPB3-1.0.0-Throttling_limit_mb', '10023SmartPB3-1.0.0', 'Pre-Offer-1.0.0-Throttling_limit_mb', '1024'); 
insert into keyvalue VALUES ('10023SmartPB3-1.0.0-Price', '10023SmartPB3-1.0.0', 'Pre-Offer-1.0.0-Price', '3858'); 
insert into keyvalue VALUES ('10023SmartPB3-1.0.0-SmartPack', '10023SmartPB3-1.0.0', 'Pre-Offer-1.0.0-SmartPack', 'true'); 
insert into keyvalue VALUES ('10023SmartPB3-1.0.0-Kept_with_DQ', '10023SmartPB3-1.0.0', 'Pre-Offer-1.0.0-Kept_with_DQ', 'true'); 
insert into keyvalue VALUES ('10023SmartPB3-1.0.0-Discount_id', '10023SmartPB3-1.0.0', 'Pre-Offer-1.0.0-Discount_id', '256'); 
insert into keyvalue VALUES ('10023SmartPB3-1.0.0-Online_selfcare_id', '10023SmartPB3-1.0.0', 'Pre-Offer-1.0.0-Online_selfcare_id', 'Smartpack1'); 
insert into keyvalue VALUES ('10023SmartPB3-1.0.0-Id', '10023SmartPB3-1.0.0', 'Pre-Offer-1.0.0-Id', '10023SmartPB3'); 
insert into object VALUES ('10024SmartPB4-1.0.0', '10024SmartPB4'); 
insert into keyvalue VALUES ('10024SmartPB4-1.0.0-Upgrade_offer_ids', '10024SmartPB4-1.0.0', 'Pre-Offer-1.0.0-Upgrade_offer_ids', null); 
insert into nestedkeyvalue VALUES ('10024SmartPB4-1.0.0-Throttling_text-eng', '10024SmartPB4-1.0.0-Throttling_text', 'Kedves Ügyfelünk! Elérted az adatforgalmi limitet. Ha tovább interneteznél, válassz Plusz adat opcióink közül!'); 
insert into nestedkeyvalue VALUES ('10024SmartPB4-1.0.0-Throttling_text-hun', '10024SmartPB4-1.0.0-Throttling_text', 'Dear Client, You have reached 100% of your data traffic limit, the service is terminated until the end of your billing period. If you want to surf the net, select a data option.'); 
insert into nestedkeyvalue VALUES ('10024SmartPB4-1.0.0-Throttling_text-def', '10024SmartPB4-1.0.0-Throttling_text', 'Kedves Ügyfelünk! Elérted az adatforgalmi limitet. Ha tovább interneteznél, válassz Plusz adat opcióink közül!'); 
insert into nestedkeyvalue VALUES ('10024SmartPB4-1.0.0-Throttling_text-unLocalized', '10024SmartPB4-1.0.0-Throttling_text', null); 
insert into keyvalue VALUES ('10024SmartPB4-1.0.0-Throttling_text', '10024SmartPB4-1.0.0', 'Pre-Offer-1.0.0-Throttling_text', null); 
insert into nestedkeyvalue VALUES ('10024SmartPB4-1.0.0-Name-eng', '10024SmartPB4-1.0.0-Name', 'Vodafone Max XL'); 
insert into nestedkeyvalue VALUES ('10024SmartPB4-1.0.0-Name-hun', '10024SmartPB4-1.0.0-Name', 'Vodafone Max XL'); 
insert into nestedkeyvalue VALUES ('10024SmartPB4-1.0.0-Name-def', '10024SmartPB4-1.0.0-Name', 'Vodafone Max XL'); 
insert into nestedkeyvalue VALUES ('10024SmartPB4-1.0.0-Name-unLocalized', '10024SmartPB4-1.0.0-Name', null); 
insert into keyvalue VALUES ('10024SmartPB4-1.0.0-Name', '10024SmartPB4-1.0.0', 'Pre-Offer-1.0.0-Name', null); 
insert into keyvalue VALUES ('10024SmartPB4-1.0.0-Warning_percent', '10024SmartPB4-1.0.0', 'Pre-Offer-1.0.0-Warning_percent', '80'); 
insert into nestedkeyvalue VALUES ('10024SmartPB4-1.0.0-Description-eng', '10024SmartPB4-1.0.0-Description', 'A Vodafone Max XL tarifacsomaggal hálózaton belül díjmentesen beszélgethetsz. A csomag díja 5858 FT, amely még 150 bármely irányba lebeszélhető percet vagy SMS-t továbbá 1 GB internetet is tartalmaz.'); 
insert into nestedkeyvalue VALUES ('10024SmartPB4-1.0.0-Description-hun', '10024SmartPB4-1.0.0-Description', ''); 
insert into nestedkeyvalue VALUES ('10024SmartPB4-1.0.0-Description-def', '10024SmartPB4-1.0.0-Description', 'A Vodafone Max XL tarifacsomaggal hálózaton belül díjmentesen beszélgethetsz. A csomag díja 5858 FT, amely még 150 bármely irányba lebeszélhető percet vagy SMS-t továbbá 1 GB internetet is tartalmaz.'); 
insert into nestedkeyvalue VALUES ('10024SmartPB4-1.0.0-Description-unLocalized', '10024SmartPB4-1.0.0-Description', null); 
insert into keyvalue VALUES ('10024SmartPB4-1.0.0-Description', '10024SmartPB4-1.0.0', 'Pre-Offer-1.0.0-Description', null); 
insert into nestedkeyvalue VALUES ('10024SmartPB4-1.0.0-Warning_text-eng', '10024SmartPB4-1.0.0-Warning_text', 'Kedves Ügyfelünk! Elérted adatforgalmad 80%-át. 100%-nál a szolgáltatást számlazárásig szüneteltetjük. Adatforgalmi és egyéb információidat itt mindig díjmentesen elérheted.'); 
insert into nestedkeyvalue VALUES ('10024SmartPB4-1.0.0-Warning_text-hun', '10024SmartPB4-1.0.0-Warning_text', 'Dear Client, You have reached 80% of your data traffic. When reaching 100% of your limit, your service will be terminated until the closure of the billing period. Data traffic and additional information is available still free of charge.'); 
insert into nestedkeyvalue VALUES ('10024SmartPB4-1.0.0-Warning_text-def', '10024SmartPB4-1.0.0-Warning_text', 'Kedves Ügyfelünk! Elérted adatforgalmad 80%-át. 100%-nál a szolgáltatást számlazárásig szüneteltetjük. Adatforgalmi és egyéb információidat itt mindig díjmentesen elérheted.'); 
insert into nestedkeyvalue VALUES ('10024SmartPB4-1.0.0-Warning_text-unLocalized', '10024SmartPB4-1.0.0-Warning_text', null); 
insert into keyvalue VALUES ('10024SmartPB4-1.0.0-Warning_text', '10024SmartPB4-1.0.0', 'Pre-Offer-1.0.0-Warning_text', null); 
insert into objectrelation VALUES ('10024SmartPB4-1.0.0-Addon_ids-10007pria_100M', '10024SmartPB4-1.0.0-Addon_ids', '10007pria_100M-1.0.0'); 
insert into objectrelation VALUES ('10024SmartPB4-1.0.0-Addon_ids-10005pria_500M', '10024SmartPB4-1.0.0-Addon_ids', '10005pria_500M-1.0.0'); 
insert into objectrelation VALUES ('10024SmartPB4-1.0.0-Addon_ids-10008pria_1G', '10024SmartPB4-1.0.0-Addon_ids', '10008pria_1G-1.0.0'); 
insert into objectrelation VALUES ('10024SmartPB4-1.0.0-Addon_ids-10030pria_100w', '10024SmartPB4-1.0.0-Addon_ids', '10030pria_100w-1.0.0'); 
insert into keyvalue VALUES ('10024SmartPB4-1.0.0-Addon_ids', '10024SmartPB4-1.0.0', 'Pre-Offer-1.0.0-Addon_ids', null); 
insert into keyvalue VALUES ('10024SmartPB4-1.0.0-Active', '10024SmartPB4-1.0.0', 'Pre-Offer-1.0.0-Active', 'false'); 
insert into keyvalue VALUES ('10024SmartPB4-1.0.0-Discount_counter_direction', '10024SmartPB4-1.0.0', 'Pre-Offer-1.0.0-Discount_counter_direction', 'down'); 
insert into keyvalue VALUES ('10024SmartPB4-1.0.0-Type', '10024SmartPB4-1.0.0', 'Pre-Offer-1.0.0-Type', 'IOYM'); 
insert into keyvalue VALUES ('10024SmartPB4-1.0.0-Throttling_limit_mb', '10024SmartPB4-1.0.0', 'Pre-Offer-1.0.0-Throttling_limit_mb', '1024'); 
insert into keyvalue VALUES ('10024SmartPB4-1.0.0-Price', '10024SmartPB4-1.0.0', 'Pre-Offer-1.0.0-Price', '5858'); 
insert into keyvalue VALUES ('10024SmartPB4-1.0.0-SmartPack', '10024SmartPB4-1.0.0', 'Pre-Offer-1.0.0-SmartPack', 'true'); 
insert into keyvalue VALUES ('10024SmartPB4-1.0.0-Kept_with_DQ', '10024SmartPB4-1.0.0', 'Pre-Offer-1.0.0-Kept_with_DQ', 'true'); 
insert into keyvalue VALUES ('10024SmartPB4-1.0.0-Discount_id', '10024SmartPB4-1.0.0', 'Pre-Offer-1.0.0-Discount_id', '260'); 
insert into keyvalue VALUES ('10024SmartPB4-1.0.0-Online_selfcare_id', '10024SmartPB4-1.0.0', 'Pre-Offer-1.0.0-Online_selfcare_id', 'Smartpack2'); 
insert into keyvalue VALUES ('10024SmartPB4-1.0.0-Id', '10024SmartPB4-1.0.0', 'Pre-Offer-1.0.0-Id', '10024SmartPB4'); 
insert into object VALUES ('10029prib_Z100w-1.0.0', '10029prib_Z100w'); 
insert into objectrelation VALUES ('10029prib_Z100w-1.0.0-Upgrade_offer_ids-10001prib_Hplus', '10029prib_Z100w-1.0.0-Upgrade_offer_ids', '10001prib_Hplus-1.0.0'); 
insert into objectrelation VALUES ('10029prib_Z100w-1.0.0-Upgrade_offer_ids-10003prib_Pplus', '10029prib_Z100w-1.0.0-Upgrade_offer_ids', '10003prib_Pplus-1.0.0'); 
insert into objectrelation VALUES ('10029prib_Z100w-1.0.0-Upgrade_offer_ids-10004prib_Extra', '10029prib_Z100w-1.0.0-Upgrade_offer_ids', '10004prib_Extra-1.0.0'); 
insert into objectrelation VALUES ('10029prib_Z100w-1.0.0-Upgrade_offer_ids-10029prib_Z100w', '10029prib_Z100w-1.0.0-Upgrade_offer_ids', '10029prib_Z100w-1.0.0'); 
insert into keyvalue VALUES ('10029prib_Z100w-1.0.0-Upgrade_offer_ids', '10029prib_Z100w-1.0.0', 'Pre-Offer-1.0.0-Upgrade_offer_ids', null); 
insert into nestedkeyvalue VALUES ('10029prib_Z100w-1.0.0-Throttling_text-eng', '10029prib_Z100w-1.0.0-Throttling_text', 'Kedves Ügyfelünk! Elérted adatforgalmad 100%-át, így a szolgáltatást az adatopció felhasználási időszakának végéig szüneteltetjük. Válassz kiegészítő adatopciót, ha tovább interneteznél!'); 
insert into nestedkeyvalue VALUES ('10029prib_Z100w-1.0.0-Throttling_text-hun', '10029prib_Z100w-1.0.0-Throttling_text', 'You have reached 100 % of your mobile Data allowance. Please choose an extra data pack from below to continue using mobile internet!'); 
insert into nestedkeyvalue VALUES ('10029prib_Z100w-1.0.0-Throttling_text-def', '10029prib_Z100w-1.0.0-Throttling_text', 'Kedves Ügyfelünk! Elérted adatforgalmad 100%-át, így a szolgáltatást az adatopció felhasználási időszakának végéig szüneteltetjük. Válassz kiegészítő adatopciót, ha tovább interneteznél!'); 
insert into nestedkeyvalue VALUES ('10029prib_Z100w-1.0.0-Throttling_text-unLocalized', '10029prib_Z100w-1.0.0-Throttling_text', null); 
insert into keyvalue VALUES ('10029prib_Z100w-1.0.0-Throttling_text', '10029prib_Z100w-1.0.0', 'Pre-Offer-1.0.0-Throttling_text', null); 
insert into nestedkeyvalue VALUES ('10029prib_Z100w-1.0.0-Name-eng', '10029prib_Z100w-1.0.0-Name', 'Heti Adat 100'); 
insert into nestedkeyvalue VALUES ('10029prib_Z100w-1.0.0-Name-hun', '10029prib_Z100w-1.0.0-Name', 'Weekly Adat 100'); 
insert into nestedkeyvalue VALUES ('10029prib_Z100w-1.0.0-Name-def', '10029prib_Z100w-1.0.0-Name', 'Heti Adat 100'); 
insert into nestedkeyvalue VALUES ('10029prib_Z100w-1.0.0-Name-unLocalized', '10029prib_Z100w-1.0.0-Name', null); 
insert into keyvalue VALUES ('10029prib_Z100w-1.0.0-Name', '10029prib_Z100w-1.0.0', 'Pre-Offer-1.0.0-Name', null); 
insert into keyvalue VALUES ('10029prib_Z100w-1.0.0-Warning_percent', '10029prib_Z100w-1.0.0', 'Pre-Offer-1.0.0-Warning_percent', '80'); 
insert into nestedkeyvalue VALUES ('10029prib_Z100w-1.0.0-Description-eng', '10029prib_Z100w-1.0.0-Description', 'Ezzel a csomaggal 100 MB adat áll rendelkezésedre 7 napon keresztül, mely automatikusan megújul, amennyiben elegendő egyenleg áll rendelkezésre.'); 
insert into nestedkeyvalue VALUES ('10029prib_Z100w-1.0.0-Description-hun', '10029prib_Z100w-1.0.0-Description', 'This tariff has 100 MB of mobile internet included for 7 days. This option will automatically renew if sufficient balance is available.'); 
insert into nestedkeyvalue VALUES ('10029prib_Z100w-1.0.0-Description-def', '10029prib_Z100w-1.0.0-Description', 'Ezzel a csomaggal 100 MB adat áll rendelkezésedre 7 napon keresztül, mely automatikusan megújul, amennyiben elegendő egyenleg áll rendelkezésre.'); 
insert into nestedkeyvalue VALUES ('10029prib_Z100w-1.0.0-Description-unLocalized', '10029prib_Z100w-1.0.0-Description', null); 
insert into keyvalue VALUES ('10029prib_Z100w-1.0.0-Description', '10029prib_Z100w-1.0.0', 'Pre-Offer-1.0.0-Description', null); 
insert into nestedkeyvalue VALUES ('10029prib_Z100w-1.0.0-Warning_text-eng', '10029prib_Z100w-1.0.0-Warning_text', 'Kedves Ügyfelünk! Elérted adatforgalmad 80%-át. 100%-nál a szolgáltatást az adatopció felhasználási időszakának végéig szüneteltetjük. Vásárolj további adatopciót vagy ellenőrízd díjmentesen adatforgalomadat itt!'); 
insert into nestedkeyvalue VALUES ('10029prib_Z100w-1.0.0-Warning_text-hun', '10029prib_Z100w-1.0.0-Warning_text', 'You have reached 80% of your mobile Data allowance. When you reach 100%, you can choose an extra data pack to continue using mobile internet. You can check your current data traffic here!'); 
insert into nestedkeyvalue VALUES ('10029prib_Z100w-1.0.0-Warning_text-def', '10029prib_Z100w-1.0.0-Warning_text', 'Kedves Ügyfelünk! Elérted adatforgalmad 80%-át. 100%-nál a szolgáltatást az adatopció felhasználási időszakának végéig szüneteltetjük. Vásárolj további adatopciót vagy ellenőrízd díjmentesen adatforgalomadat itt!'); 
insert into nestedkeyvalue VALUES ('10029prib_Z100w-1.0.0-Warning_text-unLocalized', '10029prib_Z100w-1.0.0-Warning_text', null); 
insert into keyvalue VALUES ('10029prib_Z100w-1.0.0-Warning_text', '10029prib_Z100w-1.0.0', 'Pre-Offer-1.0.0-Warning_text', null); 
insert into keyvalue VALUES ('10029prib_Z100w-1.0.0-Addon_ids', '10029prib_Z100w-1.0.0', 'Pre-Offer-1.0.0-Addon_ids', null); 
insert into keyvalue VALUES ('10029prib_Z100w-1.0.0-Active', '10029prib_Z100w-1.0.0', 'Pre-Offer-1.0.0-Active', 'true'); 
insert into keyvalue VALUES ('10029prib_Z100w-1.0.0-Discount_counter_direction', '10029prib_Z100w-1.0.0', 'Pre-Offer-1.0.0-Discount_counter_direction', 'down'); 
insert into keyvalue VALUES ('10029prib_Z100w-1.0.0-Type', '10029prib_Z100w-1.0.0', 'Pre-Offer-1.0.0-Type', 'IOYM'); 
insert into keyvalue VALUES ('10029prib_Z100w-1.0.0-Throttling_limit_mb', '10029prib_Z100w-1.0.0', 'Pre-Offer-1.0.0-Throttling_limit_mb', '100'); 
insert into keyvalue VALUES ('10029prib_Z100w-1.0.0-Price', '10029prib_Z100w-1.0.0', 'Pre-Offer-1.0.0-Price', '278'); 
insert into keyvalue VALUES ('10029prib_Z100w-1.0.0-SmartPack', '10029prib_Z100w-1.0.0', 'Pre-Offer-1.0.0-SmartPack', 'false'); 
insert into keyvalue VALUES ('10029prib_Z100w-1.0.0-Discount_id', '10029prib_Z100w-1.0.0', 'Pre-Offer-1.0.0-Discount_id', '271'); 
insert into keyvalue VALUES ('10029prib_Z100w-1.0.0-Online_selfcare_id', '10029prib_Z100w-1.0.0', 'Pre-Offer-1.0.0-Online_selfcare_id', null); 
insert into keyvalue VALUES ('10029prib_Z100w-1.0.0-Id', '10029prib_Z100w-1.0.0', 'Pre-Offer-1.0.0-Id', '10029prib_Z100w'); 
insert into object VALUES ('10025SmartPBD3-1.0.0', '10025SmartPBD3'); 
insert into keyvalue VALUES ('10025SmartPBD3-1.0.0-Upgrade_offer_ids', '10025SmartPBD3-1.0.0', 'Pre-Offer-1.0.0-Upgrade_offer_ids', null); 
insert into nestedkeyvalue VALUES ('10025SmartPBD3-1.0.0-Throttling_text-eng', '10025SmartPBD3-1.0.0-Throttling_text', 'Kedves Ügyfelünk! Elérted az adatforgalmi limitet. Ha tovább interneteznél, válassz elérhető adat opcióink közül.'); 
insert into nestedkeyvalue VALUES ('10025SmartPBD3-1.0.0-Throttling_text-hun', '10025SmartPBD3-1.0.0-Throttling_text', 'Dear Customer! You have reached your data trafic limit. Please choose from any of our data options.'); 
insert into nestedkeyvalue VALUES ('10025SmartPBD3-1.0.0-Throttling_text-def', '10025SmartPBD3-1.0.0-Throttling_text', 'Kedves Ügyfelünk! Elérted az adatforgalmi limitet. Ha tovább interneteznél, válassz elérhető adat opcióink közül.'); 
insert into nestedkeyvalue VALUES ('10025SmartPBD3-1.0.0-Throttling_text-unLocalized', '10025SmartPBD3-1.0.0-Throttling_text', null); 
insert into keyvalue VALUES ('10025SmartPBD3-1.0.0-Throttling_text', '10025SmartPBD3-1.0.0', 'Pre-Offer-1.0.0-Throttling_text', null); 
insert into nestedkeyvalue VALUES ('10025SmartPBD3-1.0.0-Name-eng', '10025SmartPBD3-1.0.0-Name', 'Vodafone Max L'); 
insert into nestedkeyvalue VALUES ('10025SmartPBD3-1.0.0-Name-hun', '10025SmartPBD3-1.0.0-Name', 'Vodafone Max L'); 
insert into nestedkeyvalue VALUES ('10025SmartPBD3-1.0.0-Name-def', '10025SmartPBD3-1.0.0-Name', 'Vodafone Max L'); 
insert into nestedkeyvalue VALUES ('10025SmartPBD3-1.0.0-Name-unLocalized', '10025SmartPBD3-1.0.0-Name', null); 
insert into keyvalue VALUES ('10025SmartPBD3-1.0.0-Name', '10025SmartPBD3-1.0.0', 'Pre-Offer-1.0.0-Name', null); 
insert into keyvalue VALUES ('10025SmartPBD3-1.0.0-Warning_percent', '10025SmartPBD3-1.0.0', 'Pre-Offer-1.0.0-Warning_percent', '80'); 
insert into nestedkeyvalue VALUES ('10025SmartPBD3-1.0.0-Description-eng', '10025SmartPBD3-1.0.0-Description', 'Max L csomaggal 3858 Ft csomagdíjért csoporton belül díjmentesen beszélhetsz, emellett 100 bármely irányban lebeszélhető percet vagy SMS-t és 1 GB internetet is kapsz.'); 
insert into nestedkeyvalue VALUES ('10025SmartPBD3-1.0.0-Description-hun', '10025SmartPBD3-1.0.0-Description', 'Max L tariff plan includes free calls within the group, 100 domestic mins or SMSs and 1 GB internet for 3858 huf bundle fee.'); 
insert into nestedkeyvalue VALUES ('10025SmartPBD3-1.0.0-Description-def', '10025SmartPBD3-1.0.0-Description', 'Max L csomaggal 3858 Ft csomagdíjért csoporton belül díjmentesen beszélhetsz, emellett 100 bármely irányban lebeszélhető percet vagy SMS-t és 1 GB internetet is kapsz.'); 
insert into nestedkeyvalue VALUES ('10025SmartPBD3-1.0.0-Description-unLocalized', '10025SmartPBD3-1.0.0-Description', null); 
insert into keyvalue VALUES ('10025SmartPBD3-1.0.0-Description', '10025SmartPBD3-1.0.0', 'Pre-Offer-1.0.0-Description', null); 
insert into nestedkeyvalue VALUES ('10025SmartPBD3-1.0.0-Warning_text-eng', '10025SmartPBD3-1.0.0-Warning_text', 'Kedves Ügyfelünk! Elérted adatforgalmad 80%-át. 100%-nál a szolgáltatást számlazárásig szüneteltetjük. Adatforgalmi és egyéb információidat itt mindig díjmentesen elérheted.'); 
insert into nestedkeyvalue VALUES ('10025SmartPBD3-1.0.0-Warning_text-hun', '10025SmartPBD3-1.0.0-Warning_text', 'Dear Customer! Your have reached 80% of your data trafic. Service will be paused at 100% until bill closing date. Data Trafic and other information is available this site for free of charge.'); 
insert into nestedkeyvalue VALUES ('10025SmartPBD3-1.0.0-Warning_text-def', '10025SmartPBD3-1.0.0-Warning_text', 'Kedves Ügyfelünk! Elérted adatforgalmad 80%-át. 100%-nál a szolgáltatást számlazárásig szüneteltetjük. Adatforgalmi és egyéb információidat itt mindig díjmentesen elérheted.'); 
insert into nestedkeyvalue VALUES ('10025SmartPBD3-1.0.0-Warning_text-unLocalized', '10025SmartPBD3-1.0.0-Warning_text', null); 
insert into keyvalue VALUES ('10025SmartPBD3-1.0.0-Warning_text', '10025SmartPBD3-1.0.0', 'Pre-Offer-1.0.0-Warning_text', null); 
insert into keyvalue VALUES ('10025SmartPBD3-1.0.0-Addon_ids', '10025SmartPBD3-1.0.0', 'Pre-Offer-1.0.0-Addon_ids', null); 
insert into keyvalue VALUES ('10025SmartPBD3-1.0.0-Active', '10025SmartPBD3-1.0.0', 'Pre-Offer-1.0.0-Active', 'true'); 
insert into keyvalue VALUES ('10025SmartPBD3-1.0.0-Discount_counter_direction', '10025SmartPBD3-1.0.0', 'Pre-Offer-1.0.0-Discount_counter_direction', 'down'); 
insert into keyvalue VALUES ('10025SmartPBD3-1.0.0-Type', '10025SmartPBD3-1.0.0', 'Pre-Offer-1.0.0-Type', 'IOYM'); 
insert into keyvalue VALUES ('10025SmartPBD3-1.0.0-Throttling_limit_mb', '10025SmartPBD3-1.0.0', 'Pre-Offer-1.0.0-Throttling_limit_mb', '1024'); 
insert into keyvalue VALUES ('10025SmartPBD3-1.0.0-Price', '10025SmartPBD3-1.0.0', 'Pre-Offer-1.0.0-Price', '3858'); 
insert into keyvalue VALUES ('10025SmartPBD3-1.0.0-SmartPack', '10025SmartPBD3-1.0.0', 'Pre-Offer-1.0.0-SmartPack', 'true'); 
insert into keyvalue VALUES ('10025SmartPBD3-1.0.0-Kept_with_DQ', '10025SmartPBD3-1.0.0', 'Pre-Offer-1.0.0-Kept_with_DQ', 'true'); 
insert into keyvalue VALUES ('10025SmartPBD3-1.0.0-Id', '10025SmartPBD3-1.0.0', 'Pre-Offer-1.0.0-Id', '10025SmartPBD3'); 
insert into object VALUES ('10026SmartPBD4-1.0.0', '10026SmartPBD4'); 
insert into keyvalue VALUES ('10026SmartPBD4-1.0.0-Upgrade_offer_ids', '10026SmartPBD4-1.0.0', 'Pre-Offer-1.0.0-Upgrade_offer_ids', null); 
insert into nestedkeyvalue VALUES ('10026SmartPBD4-1.0.0-Throttling_text-eng', '10026SmartPBD4-1.0.0-Throttling_text', null); 
insert into nestedkeyvalue VALUES ('10026SmartPBD4-1.0.0-Throttling_text-hun', '10026SmartPBD4-1.0.0-Throttling_text', null); 
insert into nestedkeyvalue VALUES ('10026SmartPBD4-1.0.0-Throttling_text-def', '10026SmartPBD4-1.0.0-Throttling_text', null); 
insert into nestedkeyvalue VALUES ('10026SmartPBD4-1.0.0-Throttling_text-unLocalized', '10026SmartPBD4-1.0.0-Throttling_text', null); 
insert into keyvalue VALUES ('10026SmartPBD4-1.0.0-Throttling_text', '10026SmartPBD4-1.0.0', 'Pre-Offer-1.0.0-Throttling_text', null); 
insert into nestedkeyvalue VALUES ('10026SmartPBD4-1.0.0-Name-eng', '10026SmartPBD4-1.0.0-Name', null); 
insert into nestedkeyvalue VALUES ('10026SmartPBD4-1.0.0-Name-hun', '10026SmartPBD4-1.0.0-Name', null); 
insert into nestedkeyvalue VALUES ('10026SmartPBD4-1.0.0-Name-def', '10026SmartPBD4-1.0.0-Name', null); 
insert into nestedkeyvalue VALUES ('10026SmartPBD4-1.0.0-Name-unLocalized', '10026SmartPBD4-1.0.0-Name', null); 
insert into keyvalue VALUES ('10026SmartPBD4-1.0.0-Name', '10026SmartPBD4-1.0.0', 'Pre-Offer-1.0.0-Name', null); 
insert into keyvalue VALUES ('10026SmartPBD4-1.0.0-Warning_percent', '10026SmartPBD4-1.0.0', 'Pre-Offer-1.0.0-Warning_percent', '80'); 
insert into nestedkeyvalue VALUES ('10026SmartPBD4-1.0.0-Description-eng', '10026SmartPBD4-1.0.0-Description', null); 
insert into nestedkeyvalue VALUES ('10026SmartPBD4-1.0.0-Description-hun', '10026SmartPBD4-1.0.0-Description', null); 
insert into nestedkeyvalue VALUES ('10026SmartPBD4-1.0.0-Description-def', '10026SmartPBD4-1.0.0-Description', null); 
insert into nestedkeyvalue VALUES ('10026SmartPBD4-1.0.0-Description-unLocalized', '10026SmartPBD4-1.0.0-Description', null); 
insert into keyvalue VALUES ('10026SmartPBD4-1.0.0-Description', '10026SmartPBD4-1.0.0', 'Pre-Offer-1.0.0-Description', null); 
insert into nestedkeyvalue VALUES ('10026SmartPBD4-1.0.0-Warning_text-eng', '10026SmartPBD4-1.0.0-Warning_text', null); 
insert into nestedkeyvalue VALUES ('10026SmartPBD4-1.0.0-Warning_text-hun', '10026SmartPBD4-1.0.0-Warning_text', null); 
insert into nestedkeyvalue VALUES ('10026SmartPBD4-1.0.0-Warning_text-def', '10026SmartPBD4-1.0.0-Warning_text', null); 
insert into nestedkeyvalue VALUES ('10026SmartPBD4-1.0.0-Warning_text-unLocalized', '10026SmartPBD4-1.0.0-Warning_text', null); 
insert into keyvalue VALUES ('10026SmartPBD4-1.0.0-Warning_text', '10026SmartPBD4-1.0.0', 'Pre-Offer-1.0.0-Warning_text', null); 
insert into keyvalue VALUES ('10026SmartPBD4-1.0.0-Addon_ids', '10026SmartPBD4-1.0.0', 'Pre-Offer-1.0.0-Addon_ids', null); 
insert into keyvalue VALUES ('10026SmartPBD4-1.0.0-Active', '10026SmartPBD4-1.0.0', 'Pre-Offer-1.0.0-Active', 'true'); 
insert into keyvalue VALUES ('10026SmartPBD4-1.0.0-Discount_counter_direction', '10026SmartPBD4-1.0.0', 'Pre-Offer-1.0.0-Discount_counter_direction', 'down'); 
insert into keyvalue VALUES ('10026SmartPBD4-1.0.0-Type', '10026SmartPBD4-1.0.0', 'Pre-Offer-1.0.0-Type', 'IOYM'); 
insert into keyvalue VALUES ('10026SmartPBD4-1.0.0-Throttling_limit_mb', '10026SmartPBD4-1.0.0', 'Pre-Offer-1.0.0-Throttling_limit_mb', '1024'); 
insert into keyvalue VALUES ('10026SmartPBD4-1.0.0-Price', '10026SmartPBD4-1.0.0', 'Pre-Offer-1.0.0-Price', '5858'); 
insert into keyvalue VALUES ('10026SmartPBD4-1.0.0-SmartPack', '10026SmartPBD4-1.0.0', 'Pre-Offer-1.0.0-SmartPack', 'true'); 
insert into keyvalue VALUES ('10026SmartPBD4-1.0.0-Kept_with_DQ', '10026SmartPBD4-1.0.0', 'Pre-Offer-1.0.0-Kept_with_DQ', 'true'); 
insert into keyvalue VALUES ('10026SmartPBD4-1.0.0-Id', '10026SmartPBD4-1.0.0', 'Pre-Offer-1.0.0-Id', '10026SmartPBD4'); 
