insert into object VALUES ('(Bucket)-1.0.0', '(Bucket)'); 
insert into nestedkeyvalue VALUES ('(Bucket)-1.0.0-Name-eng', '(Bucket)-1.0.0-Name', null); 
insert into nestedkeyvalue VALUES ('(Bucket)-1.0.0-Name-hun', '(Bucket)-1.0.0-Name', null); 
insert into nestedkeyvalue VALUES ('(Bucket)-1.0.0-Name-def', '(Bucket)-1.0.0-Name', null); 
insert into nestedkeyvalue VALUES ('(Bucket)-1.0.0-Name-unLocalized', '(Bucket)-1.0.0-Name', null); 
insert into keyvalue VALUES ('(Bucket)-1.0.0-Name', '(Bucket)-1.0.0', 'Pre-Reward-1.0.0-Name', null); 
insert into keyvalue VALUES ('(Bucket)-1.0.0-Id', '(Bucket)-1.0.0', 'Pre-Reward-1.0.0-Id', '(Bucket)'); 
insert into nestedkeyvalue VALUES ('(Bucket)-1.0.0-Description-eng', '(Bucket)-1.0.0-Description', null); 
insert into nestedkeyvalue VALUES ('(Bucket)-1.0.0-Description-hun', '(Bucket)-1.0.0-Description', null); 
insert into nestedkeyvalue VALUES ('(Bucket)-1.0.0-Description-def', '(Bucket)-1.0.0-Description', null); 
insert into nestedkeyvalue VALUES ('(Bucket)-1.0.0-Description-unLocalized', '(Bucket)-1.0.0-Description', null); 
insert into keyvalue VALUES ('(Bucket)-1.0.0-Description', '(Bucket)-1.0.0', 'Pre-Reward-1.0.0-Description', null); 
insert into object VALUES ('203-1.0.0', '203'); 
insert into nestedkeyvalue VALUES ('203-1.0.0-Name-eng', '203-1.0.0-Name', null); 
insert into nestedkeyvalue VALUES ('203-1.0.0-Name-hun', '203-1.0.0-Name', null); 
insert into nestedkeyvalue VALUES ('203-1.0.0-Name-def', '203-1.0.0-Name', null); 
insert into nestedkeyvalue VALUES ('203-1.0.0-Name-unLocalized', '203-1.0.0-Name', null); 
insert into keyvalue VALUES ('203-1.0.0-Name', '203-1.0.0', 'Pre-Reward-1.0.0-Name', null); 
insert into keyvalue VALUES ('203-1.0.0-Id', '203-1.0.0', 'Pre-Reward-1.0.0-Id', '203'); 
insert into nestedkeyvalue VALUES ('203-1.0.0-Description-eng', '203-1.0.0-Description', null); 
insert into nestedkeyvalue VALUES ('203-1.0.0-Description-hun', '203-1.0.0-Description', null); 
insert into nestedkeyvalue VALUES ('203-1.0.0-Description-def', '203-1.0.0-Description', null); 
insert into nestedkeyvalue VALUES ('203-1.0.0-Description-unLocalized', '203-1.0.0-Description', null); 
insert into keyvalue VALUES ('203-1.0.0-Description', '203-1.0.0', 'Pre-Reward-1.0.0-Description', null); 
insert into object VALUES ('205-1.0.0', '205'); 
insert into nestedkeyvalue VALUES ('205-1.0.0-Name-eng', '205-1.0.0-Name', null); 
insert into nestedkeyvalue VALUES ('205-1.0.0-Name-hun', '205-1.0.0-Name', null); 
insert into nestedkeyvalue VALUES ('205-1.0.0-Name-def', '205-1.0.0-Name', null); 
insert into nestedkeyvalue VALUES ('205-1.0.0-Name-unLocalized', '205-1.0.0-Name', null); 
insert into keyvalue VALUES ('205-1.0.0-Name', '205-1.0.0', 'Pre-Reward-1.0.0-Name', null); 
insert into keyvalue VALUES ('205-1.0.0-Id', '205-1.0.0', 'Pre-Reward-1.0.0-Id', '205'); 
insert into nestedkeyvalue VALUES ('205-1.0.0-Description-eng', '205-1.0.0-Description', null); 
insert into nestedkeyvalue VALUES ('205-1.0.0-Description-hun', '205-1.0.0-Description', null); 
insert into nestedkeyvalue VALUES ('205-1.0.0-Description-def', '205-1.0.0-Description', null); 
insert into nestedkeyvalue VALUES ('205-1.0.0-Description-unLocalized', '205-1.0.0-Description', null); 
insert into keyvalue VALUES ('205-1.0.0-Description', '205-1.0.0', 'Pre-Reward-1.0.0-Description', null); 
insert into object VALUES ('221-1.0.0', '221'); 
insert into nestedkeyvalue VALUES ('221-1.0.0-Name-eng', '221-1.0.0-Name', null); 
insert into nestedkeyvalue VALUES ('221-1.0.0-Name-hun', '221-1.0.0-Name', null); 
insert into nestedkeyvalue VALUES ('221-1.0.0-Name-def', '221-1.0.0-Name', null); 
insert into nestedkeyvalue VALUES ('221-1.0.0-Name-unLocalized', '221-1.0.0-Name', null); 
insert into keyvalue VALUES ('221-1.0.0-Name', '221-1.0.0', 'Pre-Reward-1.0.0-Name', null); 
insert into keyvalue VALUES ('221-1.0.0-Id', '221-1.0.0', 'Pre-Reward-1.0.0-Id', '221'); 
insert into nestedkeyvalue VALUES ('221-1.0.0-Description-eng', '221-1.0.0-Description', null); 
insert into nestedkeyvalue VALUES ('221-1.0.0-Description-hun', '221-1.0.0-Description', null); 
insert into nestedkeyvalue VALUES ('221-1.0.0-Description-def', '221-1.0.0-Description', null); 
insert into nestedkeyvalue VALUES ('221-1.0.0-Description-unLocalized', '221-1.0.0-Description', null); 
insert into keyvalue VALUES ('221-1.0.0-Description', '221-1.0.0', 'Pre-Reward-1.0.0-Description', null); 
insert into object VALUES ('225-1.0.0', '225'); 
insert into nestedkeyvalue VALUES ('225-1.0.0-Name-eng', '225-1.0.0-Name', null); 
insert into nestedkeyvalue VALUES ('225-1.0.0-Name-hun', '225-1.0.0-Name', null); 
insert into nestedkeyvalue VALUES ('225-1.0.0-Name-def', '225-1.0.0-Name', null); 
insert into nestedkeyvalue VALUES ('225-1.0.0-Name-unLocalized', '225-1.0.0-Name', null); 
insert into keyvalue VALUES ('225-1.0.0-Name', '225-1.0.0', 'Pre-Reward-1.0.0-Name', null); 
insert into keyvalue VALUES ('225-1.0.0-Id', '225-1.0.0', 'Pre-Reward-1.0.0-Id', '225'); 
insert into nestedkeyvalue VALUES ('225-1.0.0-Description-eng', '225-1.0.0-Description', null); 
insert into nestedkeyvalue VALUES ('225-1.0.0-Description-hun', '225-1.0.0-Description', null); 
insert into nestedkeyvalue VALUES ('225-1.0.0-Description-def', '225-1.0.0-Description', null); 
insert into nestedkeyvalue VALUES ('225-1.0.0-Description-unLocalized', '225-1.0.0-Description', null); 
insert into keyvalue VALUES ('225-1.0.0-Description', '225-1.0.0', 'Pre-Reward-1.0.0-Description', null); 
insert into object VALUES ('228-1.0.0', '228'); 
insert into nestedkeyvalue VALUES ('228-1.0.0-Name-eng', '228-1.0.0-Name', null); 
insert into nestedkeyvalue VALUES ('228-1.0.0-Name-hun', '228-1.0.0-Name', null); 
insert into nestedkeyvalue VALUES ('228-1.0.0-Name-def', '228-1.0.0-Name', null); 
insert into nestedkeyvalue VALUES ('228-1.0.0-Name-unLocalized', '228-1.0.0-Name', null); 
insert into keyvalue VALUES ('228-1.0.0-Name', '228-1.0.0', 'Pre-Reward-1.0.0-Name', null); 
insert into keyvalue VALUES ('228-1.0.0-Id', '228-1.0.0', 'Pre-Reward-1.0.0-Id', '228'); 
insert into nestedkeyvalue VALUES ('228-1.0.0-Description-eng', '228-1.0.0-Description', null); 
insert into nestedkeyvalue VALUES ('228-1.0.0-Description-hun', '228-1.0.0-Description', null); 
insert into nestedkeyvalue VALUES ('228-1.0.0-Description-def', '228-1.0.0-Description', null); 
insert into nestedkeyvalue VALUES ('228-1.0.0-Description-unLocalized', '228-1.0.0-Description', null); 
insert into keyvalue VALUES ('228-1.0.0-Description', '228-1.0.0', 'Pre-Reward-1.0.0-Description', null); 
insert into object VALUES ('261-1.0.0', '261'); 
insert into nestedkeyvalue VALUES ('261-1.0.0-Name-eng', '261-1.0.0-Name', null); 
insert into nestedkeyvalue VALUES ('261-1.0.0-Name-hun', '261-1.0.0-Name', null); 
insert into nestedkeyvalue VALUES ('261-1.0.0-Name-def', '261-1.0.0-Name', null); 
insert into nestedkeyvalue VALUES ('261-1.0.0-Name-unLocalized', '261-1.0.0-Name', null); 
insert into keyvalue VALUES ('261-1.0.0-Name', '261-1.0.0', 'Pre-Reward-1.0.0-Name', null); 
insert into keyvalue VALUES ('261-1.0.0-Id', '261-1.0.0', 'Pre-Reward-1.0.0-Id', '261'); 
insert into nestedkeyvalue VALUES ('261-1.0.0-Description-eng', '261-1.0.0-Description', null); 
insert into nestedkeyvalue VALUES ('261-1.0.0-Description-hun', '261-1.0.0-Description', null); 
insert into nestedkeyvalue VALUES ('261-1.0.0-Description-def', '261-1.0.0-Description', null); 
insert into nestedkeyvalue VALUES ('261-1.0.0-Description-unLocalized', '261-1.0.0-Description', null); 
insert into keyvalue VALUES ('261-1.0.0-Description', '261-1.0.0', 'Pre-Reward-1.0.0-Description', null); 
