insert into object VALUES ('10007pria_100M-1.0.0', '10007pria_100M'); 
insert into keyvalue VALUES ('10007pria_100M-1.0.0-Data_usage_mb', '10007pria_100M-1.0.0', 'Pre-Addon-1.0.0-Data_usage_mb', '100'); 
insert into keyvalue VALUES ('10007pria_100M-1.0.0-Active', '10007pria_100M-1.0.0', 'Pre-Addon-1.0.0-Active', 'true'); 
insert into nestedkeyvalue VALUES ('10007pria_100M-1.0.0-Name-eng', '10007pria_100M-1.0.0-Name', 'PluszAdat 100'); 
insert into nestedkeyvalue VALUES ('10007pria_100M-1.0.0-Name-hun', '10007pria_100M-1.0.0-Name', 'PlusData 100'); 
insert into nestedkeyvalue VALUES ('10007pria_100M-1.0.0-Name-def', '10007pria_100M-1.0.0-Name', 'PluszAdat 100'); 
insert into nestedkeyvalue VALUES ('10007pria_100M-1.0.0-Name-unLocalized', '10007pria_100M-1.0.0-Name', null); 
insert into keyvalue VALUES ('10007pria_100M-1.0.0-Name', '10007pria_100M-1.0.0', 'Pre-Addon-1.0.0-Name', null); 
insert into nestedkeyvalue VALUES ('10007pria_100M-1.0.0-Description-eng', '10007pria_100M-1.0.0-Description', 'Ha ezt a kiegészítő adat opciót választod, akkor számlazárásig adatforgalmadat 465 Ft-ért 100 MB-tal növelheted'); 
insert into nestedkeyvalue VALUES ('10007pria_100M-1.0.0-Description-hun', '10007pria_100M-1.0.0-Description', 'If you select this extra option, you may expand your data traffic limit with 100 MB for 465 Ft.'); 
insert into nestedkeyvalue VALUES ('10007pria_100M-1.0.0-Description-def', '10007pria_100M-1.0.0-Description', 'Ha ezt a kiegészítő adat opciót választod, akkor számlazárásig adatforgalmadat 465 Ft-ért 100 MB-tal növelheted'); 
insert into nestedkeyvalue VALUES ('10007pria_100M-1.0.0-Description-unLocalized', '10007pria_100M-1.0.0-Description', null); 
insert into keyvalue VALUES ('10007pria_100M-1.0.0-Description', '10007pria_100M-1.0.0', 'Pre-Addon-1.0.0-Description', null); 
insert into keyvalue VALUES ('10007pria_100M-1.0.0-Discount_id', '10007pria_100M-1.0.0', 'Pre-Addon-1.0.0-Discount_id', '201'); 
insert into keyvalue VALUES ('10007pria_100M-1.0.0-Online_selfcare_id', '10007pria_100M-1.0.0', 'Pre-Addon-1.0.0-Online_selfcare_id', 'PluszAdat100'); 
insert into keyvalue VALUES ('10007pria_100M-1.0.0-Id', '10007pria_100M-1.0.0', 'Pre-Addon-1.0.0-Id', '10007pria_100M'); 
insert into keyvalue VALUES ('10007pria_100M-1.0.0-Price', '10007pria_100M-1.0.0', 'Pre-Addon-1.0.0-Price', '465'); 
insert into keyvalue VALUES ('10007pria_100M-1.0.0-Discount_counter_direction', '10007pria_100M-1.0.0', 'Pre-Addon-1.0.0-Discount_counter_direction', 'down'); 
insert into object VALUES ('10005pria_500M-1.0.0', '10005pria_500M'); 
insert into keyvalue VALUES ('10005pria_500M-1.0.0-Data_usage_mb', '10005pria_500M-1.0.0', 'Pre-Addon-1.0.0-Data_usage_mb', '500'); 
insert into keyvalue VALUES ('10005pria_500M-1.0.0-Active', '10005pria_500M-1.0.0', 'Pre-Addon-1.0.0-Active', 'true'); 
insert into nestedkeyvalue VALUES ('10005pria_500M-1.0.0-Name-eng', '10005pria_500M-1.0.0-Name', 'PluszAdat 500'); 
insert into nestedkeyvalue VALUES ('10005pria_500M-1.0.0-Name-hun', '10005pria_500M-1.0.0-Name', 'PlusData 500'); 
insert into nestedkeyvalue VALUES ('10005pria_500M-1.0.0-Name-def', '10005pria_500M-1.0.0-Name', 'PluszAdat 500'); 
insert into nestedkeyvalue VALUES ('10005pria_500M-1.0.0-Name-unLocalized', '10005pria_500M-1.0.0-Name', null); 
insert into keyvalue VALUES ('10005pria_500M-1.0.0-Name', '10005pria_500M-1.0.0', 'Pre-Addon-1.0.0-Name', null); 
insert into nestedkeyvalue VALUES ('10005pria_500M-1.0.0-Description-eng', '10005pria_500M-1.0.0-Description', 'Ha ezt a kiegészítő adat opciót választod, akkor számlazárásig adatforgalmadat 929 Ft-ért 500 MB-tal növelheted'); 
insert into nestedkeyvalue VALUES ('10005pria_500M-1.0.0-Description-hun', '10005pria_500M-1.0.0-Description', 'If you select this extra option, you may expand your data traffic limit with 500 MB for 929 Ft.'); 
insert into nestedkeyvalue VALUES ('10005pria_500M-1.0.0-Description-def', '10005pria_500M-1.0.0-Description', 'Ha ezt a kiegészítő adat opciót választod, akkor számlazárásig adatforgalmadat 929 Ft-ért 500 MB-tal növelheted'); 
insert into nestedkeyvalue VALUES ('10005pria_500M-1.0.0-Description-unLocalized', '10005pria_500M-1.0.0-Description', null); 
insert into keyvalue VALUES ('10005pria_500M-1.0.0-Description', '10005pria_500M-1.0.0', 'Pre-Addon-1.0.0-Description', null); 
insert into keyvalue VALUES ('10005pria_500M-1.0.0-Discount_id', '10005pria_500M-1.0.0', 'Pre-Addon-1.0.0-Discount_id', '194'); 
insert into keyvalue VALUES ('10005pria_500M-1.0.0-Online_selfcare_id', '10005pria_500M-1.0.0', 'Pre-Addon-1.0.0-Online_selfcare_id', 'PluszAdat500'); 
insert into keyvalue VALUES ('10005pria_500M-1.0.0-Id', '10005pria_500M-1.0.0', 'Pre-Addon-1.0.0-Id', '10005pria_500M'); 
insert into keyvalue VALUES ('10005pria_500M-1.0.0-Price', '10005pria_500M-1.0.0', 'Pre-Addon-1.0.0-Price', '929'); 
insert into keyvalue VALUES ('10005pria_500M-1.0.0-Discount_counter_direction', '10005pria_500M-1.0.0', 'Pre-Addon-1.0.0-Discount_counter_direction', 'down'); 
insert into object VALUES ('10008pria_1G-1.0.0', '10008pria_1G'); 
insert into keyvalue VALUES ('10008pria_1G-1.0.0-Data_usage_mb', '10008pria_1G-1.0.0', 'Pre-Addon-1.0.0-Data_usage_mb', '1024'); 
insert into keyvalue VALUES ('10008pria_1G-1.0.0-Active', '10008pria_1G-1.0.0', 'Pre-Addon-1.0.0-Active', 'true'); 
insert into nestedkeyvalue VALUES ('10008pria_1G-1.0.0-Name-eng', '10008pria_1G-1.0.0-Name', 'PluszAdat 1 GB'); 
insert into nestedkeyvalue VALUES ('10008pria_1G-1.0.0-Name-hun', '10008pria_1G-1.0.0-Name', 'PlusData 1 GB'); 
insert into nestedkeyvalue VALUES ('10008pria_1G-1.0.0-Name-def', '10008pria_1G-1.0.0-Name', 'PluszAdat 1 GB'); 
insert into nestedkeyvalue VALUES ('10008pria_1G-1.0.0-Name-unLocalized', '10008pria_1G-1.0.0-Name', null); 
insert into keyvalue VALUES ('10008pria_1G-1.0.0-Name', '10008pria_1G-1.0.0', 'Pre-Addon-1.0.0-Name', null); 
insert into nestedkeyvalue VALUES ('10008pria_1G-1.0.0-Description-eng', '10008pria_1G-1.0.0-Description', 'Ha ezt a kiegészítő adat opciót választod, akkor számlazárásig adatforgalmadat 1393 Ft-ért 1 GB-tal növelheted'); 
insert into nestedkeyvalue VALUES ('10008pria_1G-1.0.0-Description-hun', '10008pria_1G-1.0.0-Description', 'If you select this extra option, you may expand your data traffic limit with 1 GB for 1393 Ft.'); 
insert into nestedkeyvalue VALUES ('10008pria_1G-1.0.0-Description-def', '10008pria_1G-1.0.0-Description', 'Ha ezt a kiegészítő adat opciót választod, akkor számlazárásig adatforgalmadat 1393 Ft-ért 1 GB-tal növelheted'); 
insert into nestedkeyvalue VALUES ('10008pria_1G-1.0.0-Description-unLocalized', '10008pria_1G-1.0.0-Description', null); 
insert into keyvalue VALUES ('10008pria_1G-1.0.0-Description', '10008pria_1G-1.0.0', 'Pre-Addon-1.0.0-Description', null); 
insert into keyvalue VALUES ('10008pria_1G-1.0.0-Discount_id', '10008pria_1G-1.0.0', 'Pre-Addon-1.0.0-Discount_id', '202'); 
insert into keyvalue VALUES ('10008pria_1G-1.0.0-Online_selfcare_id', '10008pria_1G-1.0.0', 'Pre-Addon-1.0.0-Online_selfcare_id', 'PluszAdat1GB'); 
insert into keyvalue VALUES ('10008pria_1G-1.0.0-Id', '10008pria_1G-1.0.0', 'Pre-Addon-1.0.0-Id', '10008pria_1G'); 
insert into keyvalue VALUES ('10008pria_1G-1.0.0-Price', '10008pria_1G-1.0.0', 'Pre-Addon-1.0.0-Price', '1393'); 
insert into keyvalue VALUES ('10008pria_1G-1.0.0-Discount_counter_direction', '10008pria_1G-1.0.0', 'Pre-Addon-1.0.0-Discount_counter_direction', 'down'); 
insert into object VALUES ('10030pria_100w-1.0.0', '10030pria_100w'); 
insert into keyvalue VALUES ('10030pria_100w-1.0.0-Data_usage_mb', '10030pria_100w-1.0.0', 'Pre-Addon-1.0.0-Data_usage_mb', '100'); 
insert into keyvalue VALUES ('10030pria_100w-1.0.0-Active', '10030pria_100w-1.0.0', 'Pre-Addon-1.0.0-Active', 'true'); 
insert into nestedkeyvalue VALUES ('10030pria_100w-1.0.0-Name-eng', '10030pria_100w-1.0.0-Name', 'Heti PluszAdat 100'); 
insert into nestedkeyvalue VALUES ('10030pria_100w-1.0.0-Name-hun', '10030pria_100w-1.0.0-Name', 'Weekly PluszAdat 100'); 
insert into nestedkeyvalue VALUES ('10030pria_100w-1.0.0-Name-def', '10030pria_100w-1.0.0-Name', 'Heti PluszAdat 100'); 
insert into nestedkeyvalue VALUES ('10030pria_100w-1.0.0-Name-unLocalized', '10030pria_100w-1.0.0-Name', null); 
insert into keyvalue VALUES ('10030pria_100w-1.0.0-Name', '10030pria_100w-1.0.0', 'Pre-Addon-1.0.0-Name', null); 
insert into nestedkeyvalue VALUES ('10030pria_100w-1.0.0-Description-eng', '10030pria_100w-1.0.0-Description', 'Ha ezt a kiegészítő opciót választod akkor adatforgalmadat 100 MB-tal 278 Ft-ért 7 napig vagy tarifacsomagod aktív periódusának végéig megnövelheted.'); 
insert into nestedkeyvalue VALUES ('10030pria_100w-1.0.0-Description-hun', '10030pria_100w-1.0.0-Description', 'If you select this option, you can expand your data traffic limit with 100 MB for 278Ft for up to a week or tariff expiry.'); 
insert into nestedkeyvalue VALUES ('10030pria_100w-1.0.0-Description-def', '10030pria_100w-1.0.0-Description', 'Ha ezt a kiegészítő opciót választod akkor adatforgalmadat 100 MB-tal 278 Ft-ért 7 napig vagy tarifacsomagod aktív periódusának végéig megnövelheted.'); 
insert into nestedkeyvalue VALUES ('10030pria_100w-1.0.0-Description-unLocalized', '10030pria_100w-1.0.0-Description', null); 
insert into keyvalue VALUES ('10030pria_100w-1.0.0-Description', '10030pria_100w-1.0.0', 'Pre-Addon-1.0.0-Description', null); 
insert into keyvalue VALUES ('10030pria_100w-1.0.0-Period', '10030pria_100w-1.0.0', 'Pre-Addon-1.0.0-Period', '7'); 
insert into keyvalue VALUES ('10030pria_100w-1.0.0-Discount_id', '10030pria_100w-1.0.0', 'Pre-Addon-1.0.0-Discount_id', '272'); 
insert into keyvalue VALUES ('10030pria_100w-1.0.0-Online_selfcare_id', '10030pria_100w-1.0.0', 'Pre-Addon-1.0.0-Online_selfcare_id', null); 
insert into keyvalue VALUES ('10030pria_100w-1.0.0-Id', '10030pria_100w-1.0.0', 'Pre-Addon-1.0.0-Id', '10030pria_100w'); 
insert into keyvalue VALUES ('10030pria_100w-1.0.0-Price', '10030pria_100w-1.0.0', 'Pre-Addon-1.0.0-Price', '278'); 
insert into keyvalue VALUES ('10030pria_100w-1.0.0-Discount_counter_direction', '10030pria_100w-1.0.0', 'Pre-Addon-1.0.0-Discount_counter_direction', 'down'); 
