insert into object VALUES ('305-1.0.0', '305'); 
insert into nestedkeyvalue VALUES ('305-1.0.0-Name-eng', '305-1.0.0-Name', null); 
insert into nestedkeyvalue VALUES ('305-1.0.0-Name-hun', '305-1.0.0-Name', null); 
insert into nestedkeyvalue VALUES ('305-1.0.0-Name-def', '305-1.0.0-Name', null); 
insert into nestedkeyvalue VALUES ('305-1.0.0-Name-unLocalized', '305-1.0.0-Name', null); 
insert into keyvalue VALUES ('305-1.0.0-Name', '305-1.0.0', 'Pre-FreeDataOffer-1.0.0-Name', null); 
insert into keyvalue VALUES ('305-1.0.0-Id', '305-1.0.0', 'Pre-FreeDataOffer-1.0.0-Id', '305'); 
insert into nestedkeyvalue VALUES ('305-1.0.0-Description-eng', '305-1.0.0-Description', null); 
insert into nestedkeyvalue VALUES ('305-1.0.0-Description-hun', '305-1.0.0-Description', null); 
insert into nestedkeyvalue VALUES ('305-1.0.0-Description-def', '305-1.0.0-Description', null); 
insert into nestedkeyvalue VALUES ('305-1.0.0-Description-unLocalized', '305-1.0.0-Description', null); 
insert into keyvalue VALUES ('305-1.0.0-Description', '305-1.0.0', 'Pre-FreeDataOffer-1.0.0-Description', null); 
insert into object VALUES ('294-1.0.0', '294'); 
insert into nestedkeyvalue VALUES ('294-1.0.0-Name-eng', '294-1.0.0-Name', null); 
insert into nestedkeyvalue VALUES ('294-1.0.0-Name-hun', '294-1.0.0-Name', null); 
insert into nestedkeyvalue VALUES ('294-1.0.0-Name-def', '294-1.0.0-Name', null); 
insert into nestedkeyvalue VALUES ('294-1.0.0-Name-unLocalized', '294-1.0.0-Name', null); 
insert into keyvalue VALUES ('294-1.0.0-Name', '294-1.0.0', 'Pre-FreeDataOffer-1.0.0-Name', null); 
insert into keyvalue VALUES ('294-1.0.0-Id', '294-1.0.0', 'Pre-FreeDataOffer-1.0.0-Id', '294'); 
insert into nestedkeyvalue VALUES ('294-1.0.0-Description-eng', '294-1.0.0-Description', null); 
insert into nestedkeyvalue VALUES ('294-1.0.0-Description-hun', '294-1.0.0-Description', null); 
insert into nestedkeyvalue VALUES ('294-1.0.0-Description-def', '294-1.0.0-Description', null); 
insert into nestedkeyvalue VALUES ('294-1.0.0-Description-unLocalized', '294-1.0.0-Description', null); 
insert into keyvalue VALUES ('294-1.0.0-Description', '294-1.0.0', 'Pre-FreeDataOffer-1.0.0-Description', null); 
insert into object VALUES ('219-1.0.0', '219'); 
insert into nestedkeyvalue VALUES ('219-1.0.0-Name-eng', '219-1.0.0-Name', null); 
insert into nestedkeyvalue VALUES ('219-1.0.0-Name-hun', '219-1.0.0-Name', null); 
insert into nestedkeyvalue VALUES ('219-1.0.0-Name-def', '219-1.0.0-Name', null); 
insert into nestedkeyvalue VALUES ('219-1.0.0-Name-unLocalized', '219-1.0.0-Name', null); 
insert into keyvalue VALUES ('219-1.0.0-Name', '219-1.0.0', 'Pre-FreeDataOffer-1.0.0-Name', null); 
insert into keyvalue VALUES ('219-1.0.0-Id', '219-1.0.0', 'Pre-FreeDataOffer-1.0.0-Id', '219'); 
insert into nestedkeyvalue VALUES ('219-1.0.0-Description-eng', '219-1.0.0-Description', null); 
insert into nestedkeyvalue VALUES ('219-1.0.0-Description-hun', '219-1.0.0-Description', null); 
insert into nestedkeyvalue VALUES ('219-1.0.0-Description-def', '219-1.0.0-Description', null); 
insert into nestedkeyvalue VALUES ('219-1.0.0-Description-unLocalized', '219-1.0.0-Description', null); 
insert into keyvalue VALUES ('219-1.0.0-Description', '219-1.0.0', 'Pre-FreeDataOffer-1.0.0-Description', null); 
