insert into object VALUES ('monthly1gb-1.0.0', 'monthly1gb'); 
insert into keyvalue VALUES ('monthly1gb-1.0.0-Order', 'monthly1gb-1.0.0', 'Pre-DataQuotaGroup-1.0.0-Order', '1'); 
insert into nestedkeyvalue VALUES ('monthly1gb-1.0.0-Name-eng', 'monthly1gb-1.0.0-Name', 'Havi 1 GB'); 
insert into nestedkeyvalue VALUES ('monthly1gb-1.0.0-Name-hun', 'monthly1gb-1.0.0-Name', 'Monthly 1 GB'); 
insert into nestedkeyvalue VALUES ('monthly1gb-1.0.0-Name-def', 'monthly1gb-1.0.0-Name', 'Havi 1 GB'); 
insert into nestedkeyvalue VALUES ('monthly1gb-1.0.0-Name-unLocalized', 'monthly1gb-1.0.0-Name', null); 
insert into keyvalue VALUES ('monthly1gb-1.0.0-Name', 'monthly1gb-1.0.0', 'Pre-DataQuotaGroup-1.0.0-Name', null); 
insert into keyvalue VALUES ('monthly1gb-1.0.0-Id', 'monthly1gb-1.0.0', 'Pre-DataQuotaGroup-1.0.0-Id', 'monthly1gb'); 
insert into object VALUES ('monthly100mb-1.0.0', 'monthly100mb'); 
insert into keyvalue VALUES ('monthly100mb-1.0.0-Order', 'monthly100mb-1.0.0', 'Pre-DataQuotaGroup-1.0.0-Order', '2'); 
insert into nestedkeyvalue VALUES ('monthly100mb-1.0.0-Name-eng', 'monthly100mb-1.0.0-Name', 'Havi 100MB'); 
insert into nestedkeyvalue VALUES ('monthly100mb-1.0.0-Name-hun', 'monthly100mb-1.0.0-Name', 'Monthly 100MB'); 
insert into nestedkeyvalue VALUES ('monthly100mb-1.0.0-Name-def', 'monthly100mb-1.0.0-Name', 'Havi 100MB'); 
insert into nestedkeyvalue VALUES ('monthly100mb-1.0.0-Name-unLocalized', 'monthly100mb-1.0.0-Name', null); 
insert into keyvalue VALUES ('monthly100mb-1.0.0-Name', 'monthly100mb-1.0.0', 'Pre-DataQuotaGroup-1.0.0-Name', null); 
insert into keyvalue VALUES ('monthly100mb-1.0.0-Id', 'monthly100mb-1.0.0', 'Pre-DataQuotaGroup-1.0.0-Id', 'monthly100mb'); 
insert into object VALUES ('monthly500mb-1.0.0', 'monthly500mb'); 
insert into keyvalue VALUES ('monthly500mb-1.0.0-Order', 'monthly500mb-1.0.0', 'Pre-DataQuotaGroup-1.0.0-Order', '3'); 
insert into nestedkeyvalue VALUES ('monthly500mb-1.0.0-Name-eng', 'monthly500mb-1.0.0-Name', 'Havi 500MB'); 
insert into nestedkeyvalue VALUES ('monthly500mb-1.0.0-Name-hun', 'monthly500mb-1.0.0-Name', 'Monthly 500MB'); 
insert into nestedkeyvalue VALUES ('monthly500mb-1.0.0-Name-def', 'monthly500mb-1.0.0-Name', 'Havi 500MB'); 
insert into nestedkeyvalue VALUES ('monthly500mb-1.0.0-Name-unLocalized', 'monthly500mb-1.0.0-Name', null); 
insert into keyvalue VALUES ('monthly500mb-1.0.0-Name', 'monthly500mb-1.0.0', 'Pre-DataQuotaGroup-1.0.0-Name', null); 
insert into keyvalue VALUES ('monthly500mb-1.0.0-Id', 'monthly500mb-1.0.0', 'Pre-DataQuotaGroup-1.0.0-Id', 'monthly500mb'); 
insert into object VALUES ('weekly100mb-1.0.0', 'weekly100mb'); 
insert into keyvalue VALUES ('weekly100mb-1.0.0-Order', 'weekly100mb-1.0.0', 'Pre-DataQuotaGroup-1.0.0-Order', '4'); 
insert into nestedkeyvalue VALUES ('weekly100mb-1.0.0-Name-eng', 'weekly100mb-1.0.0-Name', 'Heti 100MB'); 
insert into nestedkeyvalue VALUES ('weekly100mb-1.0.0-Name-hun', 'weekly100mb-1.0.0-Name', 'Weekly 100MB'); 
insert into nestedkeyvalue VALUES ('weekly100mb-1.0.0-Name-def', 'weekly100mb-1.0.0-Name', 'Heti 100MB'); 
insert into nestedkeyvalue VALUES ('weekly100mb-1.0.0-Name-unLocalized', 'weekly100mb-1.0.0-Name', null); 
insert into keyvalue VALUES ('weekly100mb-1.0.0-Name', 'weekly100mb-1.0.0', 'Pre-DataQuotaGroup-1.0.0-Name', null); 
insert into keyvalue VALUES ('weekly100mb-1.0.0-Id', 'weekly100mb-1.0.0', 'Pre-DataQuotaGroup-1.0.0-Id', 'weekly100mb'); 
insert into object VALUES ('monthly3gb-1.0.0', 'monthly3gb'); 
insert into keyvalue VALUES ('monthly3gb-1.0.0-Order', 'monthly3gb-1.0.0', 'Pre-DataQuotaGroup-1.0.0-Order', '5'); 
insert into nestedkeyvalue VALUES ('monthly3gb-1.0.0-Name-eng', 'monthly3gb-1.0.0-Name', 'Havi 3GB'); 
insert into nestedkeyvalue VALUES ('monthly3gb-1.0.0-Name-hun', 'monthly3gb-1.0.0-Name', 'Monthly 3GB'); 
insert into nestedkeyvalue VALUES ('monthly3gb-1.0.0-Name-def', 'monthly3gb-1.0.0-Name', 'Havi 3GB'); 
insert into nestedkeyvalue VALUES ('monthly3gb-1.0.0-Name-unLocalized', 'monthly3gb-1.0.0-Name', null); 
insert into keyvalue VALUES ('monthly3gb-1.0.0-Name', 'monthly3gb-1.0.0', 'Pre-DataQuotaGroup-1.0.0-Name', null); 
insert into keyvalue VALUES ('monthly3gb-1.0.0-Id', 'monthly3gb-1.0.0', 'Pre-DataQuotaGroup-1.0.0-Id', 'monthly3gb'); 
insert into object VALUES ('weekly150mb-1.0.0', 'weekly150mb'); 
insert into keyvalue VALUES ('weekly150mb-1.0.0-Order', 'weekly150mb-1.0.0', 'Pre-DataQuotaGroup-1.0.0-Order', '6'); 
insert into nestedkeyvalue VALUES ('weekly150mb-1.0.0-Name-eng', 'weekly150mb-1.0.0-Name', 'Heti 150 MB'); 
insert into nestedkeyvalue VALUES ('weekly150mb-1.0.0-Name-hun', 'weekly150mb-1.0.0-Name', 'Weekly 150 MB'); 
insert into nestedkeyvalue VALUES ('weekly150mb-1.0.0-Name-def', 'weekly150mb-1.0.0-Name', 'Heti 150 MB'); 
insert into nestedkeyvalue VALUES ('weekly150mb-1.0.0-Name-unLocalized', 'weekly150mb-1.0.0-Name', null); 
insert into keyvalue VALUES ('weekly150mb-1.0.0-Name', 'weekly150mb-1.0.0', 'Pre-DataQuotaGroup-1.0.0-Name', null); 
insert into keyvalue VALUES ('weekly150mb-1.0.0-Id', 'weekly150mb-1.0.0', 'Pre-DataQuotaGroup-1.0.0-Id', 'weekly150mb'); 
insert into object VALUES ('monthly300mb-1.0.0', 'monthly300mb'); 
insert into keyvalue VALUES ('monthly300mb-1.0.0-Order', 'monthly300mb-1.0.0', 'Pre-DataQuotaGroup-1.0.0-Order', '7'); 
insert into nestedkeyvalue VALUES ('monthly300mb-1.0.0-Name-eng', 'monthly300mb-1.0.0-Name', 'Havi 300 MB'); 
insert into nestedkeyvalue VALUES ('monthly300mb-1.0.0-Name-hun', 'monthly300mb-1.0.0-Name', 'Monthly 300 MB'); 
insert into nestedkeyvalue VALUES ('monthly300mb-1.0.0-Name-def', 'monthly300mb-1.0.0-Name', 'Havi 300 MB'); 
insert into nestedkeyvalue VALUES ('monthly300mb-1.0.0-Name-unLocalized', 'monthly300mb-1.0.0-Name', null); 
insert into keyvalue VALUES ('monthly300mb-1.0.0-Name', 'monthly300mb-1.0.0', 'Pre-DataQuotaGroup-1.0.0-Name', null); 
insert into keyvalue VALUES ('monthly300mb-1.0.0-Id', 'monthly300mb-1.0.0', 'Pre-DataQuotaGroup-1.0.0-Id', 'monthly300mb'); 
insert into object VALUES ('monthly5gb-1.0.0', 'monthly5gb'); 
insert into keyvalue VALUES ('monthly5gb-1.0.0-Order', 'monthly5gb-1.0.0', 'Pre-DataQuotaGroup-1.0.0-Order', '8'); 
insert into nestedkeyvalue VALUES ('monthly5gb-1.0.0-Name-eng', 'monthly5gb-1.0.0-Name', 'Havi 5 GB'); 
insert into nestedkeyvalue VALUES ('monthly5gb-1.0.0-Name-hun', 'monthly5gb-1.0.0-Name', 'Monthly 5 GB'); 
insert into nestedkeyvalue VALUES ('monthly5gb-1.0.0-Name-def', 'monthly5gb-1.0.0-Name', 'Havi 5 GB'); 
insert into nestedkeyvalue VALUES ('monthly5gb-1.0.0-Name-unLocalized', 'monthly5gb-1.0.0-Name', null); 
insert into keyvalue VALUES ('monthly5gb-1.0.0-Name', 'monthly5gb-1.0.0', 'Pre-DataQuotaGroup-1.0.0-Name', null); 
insert into keyvalue VALUES ('monthly5gb-1.0.0-Id', 'monthly5gb-1.0.0', 'Pre-DataQuotaGroup-1.0.0-Id', 'monthly5gb'); 
insert into object VALUES ('cvm_offers-1.0.0', 'cvm_offers'); 
insert into keyvalue VALUES ('cvm_offers-1.0.0-Order', 'cvm_offers-1.0.0', 'Pre-DataQuotaGroup-1.0.0-Order', '999'); 
insert into nestedkeyvalue VALUES ('cvm_offers-1.0.0-Name-eng', 'cvm_offers-1.0.0-Name', 'CVM'); 
insert into nestedkeyvalue VALUES ('cvm_offers-1.0.0-Name-hun', 'cvm_offers-1.0.0-Name', 'CVM'); 
insert into nestedkeyvalue VALUES ('cvm_offers-1.0.0-Name-def', 'cvm_offers-1.0.0-Name', 'CVM'); 
insert into nestedkeyvalue VALUES ('cvm_offers-1.0.0-Name-unLocalized', 'cvm_offers-1.0.0-Name', null); 
insert into keyvalue VALUES ('cvm_offers-1.0.0-Name', 'cvm_offers-1.0.0', 'Pre-DataQuotaGroup-1.0.0-Name', null); 
insert into keyvalue VALUES ('cvm_offers-1.0.0-Id', 'cvm_offers-1.0.0', 'Pre-DataQuotaGroup-1.0.0-Id', 'cvm_offers'); 
